cam_pair,cond,dataset,frames,input,rot_chordal,rot_geodesic_deg,scene,state,t_rel_norm_student,t_rel_norm_teacher,tdir_1mc,tdir_angle_deg,view0_depth_finite_frac,view0_det,view0_orth_err,view1_depth_finite_frac,view1_det,view1_orth_err,view2_depth_finite_frac,view2_det,view2_orth_err,view3_depth_finite_frac,view3_det,view3_orth_err
01,clean,7scenes,31+114+281+198+531+364+781+448,probe0,0.0025002877227962017,2.026033639907837,office,theta0,0.46081897616386414,0.5828046202659607,0.368196964263916,35.323402404785156,1.0,1.0,2.061981141388003e-11,,,,,,,,,
02,clean,7scenes,31+114+281+198+531+364+781+448,probe0,0.00014629618090111762,0.489389568567276,office,theta0,0.4755411744117737,0.49935969710350037,2.6404857635498047e-05,0.2947505712509155,,,,1.0,0.9999999403953552,1.276595611443554e-07,,,,,,
03,clean,7scenes,31+114+281+198+531+364+781+448,probe0,9.847226465353742e-06,0.1251145452260971,office,theta0,0.8557814359664917,0.8964656591415405,8.52346420288086e-06,0.1678587943315506,,,,,,,1.0,1.0,2.0397591171672502e-08,,,
12,clean,7scenes,31+114+281+198+531+364+781+448,probe0,0.0033603173214942217,2.3488543033599854,office,theta0,0.11021123081445694,0.523118793964386,0.43187493085861206,38.365943908691406,,,,,,,,,,1.0,1.0000001192092896,2.2329660964715004e-07
13,clean,7scenes,31+114+281+198+531+364+781+448,probe0,0.0026334617286920547,2.079237222671509,office,theta0,0.514119565486908,0.4341537356376648,0.4127679467201233,37.47526550292969,,,,,,,,,,,,
23,clean,7scenes,31+114+281+198+531+364+781+448,probe0,0.0001609256723895669,0.5135811567306519,office,theta0,0.5269203782081604,0.5563672780990601,1.0132789611816406e-05,0.18238426744937897,,,,,,,,,,,,
01,m0,7scenes,31+114+281+198+531+364+781+448,probe0,0.759482741355896,35.89143371582031,office,theta0,0.18444260954856873,0.5828046202659607,1.3177558183670044,70.05474853515625,1.0,1.0,8.429370268459024e-08,,,,,,,,,
02,m0,7scenes,31+114+281+198+531+364+781+448,probe0,0.004201173782348633,2.6261448860168457,office,theta0,0.42199257016181946,0.49935969710350037,0.0005471110343933105,1.3402750492095947,,,,1.0,1.0000001192092896,2.775186089820636e-07,,,,,,
03,m0,7scenes,31+114+281+198+531+364+781+448,probe0,0.0009466385236009955,1.2464690208435059,office,theta0,0.7627882361412048,0.8964656591415405,7.766485214233398e-05,0.5051296949386597,,,,,,,1.0,0.9999999403953552,1.642584521732715e-07,,,
12,m0,7scenes,31+114+281+198+531+364+781+448,probe0,0.6573559641838074,33.31528091430664,office,theta0,0.45017120242118835,0.523118793964386,1.4033715724945068,72.64362335205078,,,,,,,,,,1.0,1.0,9.720169202864781e-08
13,m0,7scenes,31+114+281+198+531+364+781+448,probe0,0.7198865413665771,34.91236114501953,office,theta0,0.8300788998603821,0.4341537356376648,0.6975887417793274,49.367431640625,,,,,,,,,,,,
23,m0,7scenes,31+114+281+198+531+364+781+448,probe0,0.0023936782963573933,1.982285499572754,office,theta0,0.47733309864997864,0.5563672780990601,0.00048595666885375977,1.263000726699829,,,,,,,,,,,,
01,m1,7scenes,31+114+281+198+531+364+781+448,probe0,0.00810261256992817,3.6474409103393555,office,theta0,0.5023349523544312,0.5828046202659607,0.026325702667236328,9.306581497192383,1.0,1.0,4.4154282552270885e-13,,,,,,,,,
02,m1,7scenes,31+114+281+198+531+364+781+448,probe0,0.0008738489123061299,1.1974663734436035,office,theta0,0.46573832631111145,0.49935969710350037,0.00029158592224121094,0.9783881306648254,,,,1.0,1.0,1.475522424243536e-07,,,,,,
03,m1,7scenes,31+114+281+198+531+364+781+448,probe0,0.0004537910863291472,0.8632075786590576,office,theta0,0.8392812609672546,0.8964656591415405,7.748603820800781e-07,0.04845663905143738,,,,,,,1.0,1.0,8.559402431274066e-08,,,
12,m1,7scenes,31+114+281+198+531+364+781+448,probe0,0.013619042001664639,4.7294464111328125,office,theta0,0.35578465461730957,0.523118793964386,0.006593048572540283,4.653537273406982,,,,,,,,,,1.0,1.0000001192092896,1.485888247998446e-07
13,m1,7scenes,31+114+281+198+531+364+781+448,probe0,0.005466077476739883,2.9956517219543457,office,theta0,0.36318448185920715,0.4341537356376648,0.031617820262908936,10.201471328735352,,,,,,,,,,,,
23,m1,7scenes,31+114+281+198+531+364+781+448,probe0,0.0021756733767688274,1.8898946046829224,office,theta0,0.5119944214820862,0.5563672780990601,4.64320182800293e-05,0.39067068696022034,,,,,,,,,,,,
01,m2,7scenes,31+114+281+198+531+364+781+448,probe0,3.985304117202759,89.78951263427734,office,theta0,0.5681816935539246,0.5828046202659607,0.05561995506286621,13.544082641601562,1.0,0.9999999403953552,8.429369557916289e-08,,,,,,,,,
02,m2,7scenes,31+114+281+198+531+364+781+448,probe0,0.0023989183828234673,1.9844564199447632,office,theta0,0.4353051483631134,0.49935969710350037,0.00016576051712036133,0.7375442385673523,,,,1.0,0.9999997019767761,3.144517677355907e-07,,,,,,
03,m2,7scenes,31+114+281+198+531+364+781+448,probe0,8.341277134604752e-05,0.370094358921051,office,theta0,0.7924413084983826,0.8964656591415405,1.5974044799804688e-05,0.22899730503559113,,,,,,,1.0,1.0000001192092896,1.0547551454465065e-07,,,
12,m2,7scenes,31+114+281+198+531+364+781+448,probe0,4.1149749755859375,91.64713287353516,office,theta0,0.35348305106163025,0.523118793964386,1.2678272724151611,68.52555084228516,,,,,,,,,,1.0,1.0,1.3118393837885378e-07
13,m2,7scenes,31+114+281+198+531+364+781+448,probe0,4.0014801025390625,90.02120971679688,office,theta0,0.24982388317584991,0.4341537356376648,0.6312800049781799,46.81470489501953,,,,,,,,,,,,
23,m2,7scenes,31+114+281+198+531+364+781+448,probe0,0.0019083644729107618,1.7698988914489746,office,theta0,0.4939035177230835,0.5563672780990601,0.00012826919555664062,0.6489124894142151,,,,,,,,,,,,
01,m3,7scenes,31+114+281+198+531+364+781+448,probe0,0.03393750637769699,7.468921184539795,office,theta0,0.5036872029304504,0.5828046202659607,0.019638538360595703,8.03587532043457,1.0,1.0,4.949006482402041e-12,,,,,,,,,
02,m3,7scenes,31+114+281+198+531+364+781+448,probe0,0.002671780763193965,2.0940566062927246,office,theta0,0.4615287482738495,0.49935969710350037,0.0023322105407714844,2.767251968383789,,,,1.0,0.9999997019767761,3.8922311773603724e-07,,,,,,
03,m3,7scenes,31+114+281+198+531+364+781+448,probe0,0.0005428596050478518,0.9437755942344666,office,theta0,0.8213897347450256,0.8964656591415405,5.608797073364258e-05,0.4288719594478607,,,,,,,1.0,1.0,1.8213397368072037e-07,,,
12,m3,7scenes,31+114+281+198+531+364+781+448,probe0,0.05024198442697525,9.090725898742676,office,theta0,0.3669344186782837,0.523118793964386,0.02086055278778076,8.282544136047363,,,,,,,,,,1.0,1.0,1.8007455082624801e-07
13,m3,7scenes,31+114+281+198+531+364+781+448,probe0,0.042527712881565094,8.362408638000488,office,theta0,0.3503623902797699,0.4341537356376648,0.013371825218200684,6.629186630249023,,,,,,,,,,,,
23,m3,7scenes,31+114+281+198+531+364+781+448,probe0,0.001838158117607236,1.7368614673614502,office,theta0,0.49792608618736267,0.5563672780990601,0.00047272443771362305,1.2458409070968628,,,,,,,,,,,,
01,clean,7scenes,25+108+275+192+525+358+775+442,probe1,0.009999875910580158,4.052217483520508,office,theta0,0.5458297729492188,0.6542685627937317,0.07178115844726562,15.396976470947266,1.0,1.0,7.528625617890528e-13,,,,,,,,,
02,clean,7scenes,25+108+275+192+525+358+775+442,probe1,0.000901508959941566,1.2165966033935547,office,theta0,0.4356333911418915,0.46611151099205017,1.1324882507324219e-05,0.19281451404094696,,,,1.0,1.0000001192092896,2.562496206337528e-07,,,,,,
03,clean,7scenes,25+108+275+192+525+358+775+442,probe1,0.00022335305402521044,0.6052260398864746,office,theta0,0.8244947195053101,0.8960312604904175,0.00011432170867919922,0.6126170754432678,,,,,,,1.0,1.0000001192092896,8.757687197658015e-08,,,
12,clean,7scenes,25+108+275+192+525+358+775+442,probe1,0.015778733417391777,5.090775489807129,office,theta0,0.2985098659992218,0.5364242792129517,0.048211753368377686,12.605952262878418,,,,,,,,,,1.0,0.9999999403953552,8.385541150346398e-08
13,clean,7scenes,25+108+275+192+525+358+775+442,probe1,0.01238368172198534,4.509628772735596,office,theta0,0.29326897859573364,0.38629981875419617,0.16024303436279297,23.091676712036133,,,,,,,,,,,,
23,clean,7scenes,25+108+275+192+525+358+775+442,probe1,0.0002853977493941784,0.6841413974761963,office,theta0,0.5071836113929749,0.558761477470398,0.00012302398681640625,0.6355061531066895,,,,,,,,,,,,
01,m0,7scenes,25+108+275+192+525+358+775+442,probe1,0.04439587518572807,8.544403076171875,office,theta0,0.7028846144676208,0.6542685627937317,0.01509237289428711,7.04327917098999,1.0,1.0,2.0839245259973715e-11,,,,,,,,,
02,m0,7scenes,25+108+275+192+525+358+775+442,probe1,0.006304379552602768,3.217228412628174,office,theta0,0.43502798676490784,0.46611151099205017,0.00010514259338378906,0.5875081419944763,,,,1.0,1.0,2.3801565873782238e-07,,,,,,
03,m0,7scenes,25+108+275+192+525+358+775+442,probe1,0.0008940617553889751,1.211438536643982,office,theta0,0.8283110857009888,0.8960312604904175,0.00020647048950195312,0.8232948184013367,,,,,,,1.0,0.9999999403953552,7.110161703849371e-08,,,
12,m0,7scenes,25+108+275+192+525+358+775+442,probe1,0.0831746906042099,11.704690933227539,office,theta0,0.49971094727516174,0.5364242792129517,0.08443200588226318,16.707674026489258,,,,,,,,,,1.0,1.0,5.093774291253794e-08
13,m0,7scenes,25+108+275+192+525+358+775+442,probe1,0.055374424904584885,9.544766426086426,office,theta0,0.22996219992637634,0.38629981875419617,0.07913434505462646,16.171401977539062,,,,,,,,,,,,
23,m0,7scenes,25+108+275+192+525+358+775+442,probe1,0.003961823880672455,2.5502147674560547,office,theta0,0.5034895539283752,0.558761477470398,0.00017338991165161133,0.7543329000473022,,,,,,,,,,,,
01,m1,7scenes,25+108+275+192+525+358+775+442,probe1,0.012640432454645634,4.556124687194824,office,theta0,0.4128619134426117,0.6542685627937317,0.01853996515274048,7.807508945465088,1.0,1.0,2.135040755302242e-11,,,,,,,,,
02,m1,7scenes,25+108+275+192+525+358+775+442,probe1,0.00201026676222682,1.8166077136993408,office,theta0,0.4173116683959961,0.46611151099205017,0.0003470778465270996,1.0675289630889893,,,,1.0,1.0,2.1485219292571855e-07,,,,,,
03,m1,7scenes,25+108+275+192+525+358+775+442,probe1,0.0007926742546260357,1.1405527591705322,office,theta0,0.8097295761108398,0.8960312604904175,0.00012415647506713867,0.6385777592658997,,,,,,,1.0,0.9999999403953552,1.6065565944245463e-07,,,
12,m1,7scenes,25+108+275+192+525+358+775+442,probe1,0.023338694125413895,6.192389011383057,office,theta0,0.3610110878944397,0.5364242792129517,0.05418950319290161,13.367971420288086,,,,,,,,,,1.0,1.0,1.2520958136974514e-07
13,m1,7scenes,25+108+275+192+525+358+775+442,probe1,0.016044994816184044,5.133547782897949,office,theta0,0.4689878523349762,0.38629981875419617,0.051611900329589844,13.044755935668945,,,,,,,,,,,,
23,m1,7scenes,25+108+275+192+525+358+775+442,probe1,0.0021864725276827812,1.8944456577301025,office,theta0,0.4956788420677185,0.558761477470398,0.00046944618225097656,1.2414352893829346,,,,,,,,,,,,
01,m2,7scenes,25+108+275+192+525+358+775+442,probe1,0.020661482587456703,5.826048851013184,office,theta0,0.556373655796051,0.6542685627937317,0.03571450710296631,10.844097137451172,1.0,1.0,2.0767778122210423e-11,,,,,,,,,
02,m2,7scenes,25+108+275+192+525+358+775+442,probe1,0.001469705137424171,1.5531818866729736,office,theta0,0.44541019201278687,0.46611151099205017,0.0002697110176086426,0.9408683776855469,,,,1.0,0.9999998211860657,2.867227522074245e-07,,,,,,
03,m2,7scenes,25+108+275+192+525+358+775+442,probe1,0.0003551242407411337,0.7631016373634338,office,theta0,0.8231886029243469,0.8960312604904175,4.965066909790039e-05,0.40348300337791443,,,,,,,1.0,0.9999999403953552,7.236153720668881e-08,,,
12,m2,7scenes,25+108+275+192+525+358+775+442,probe1,0.03219073265790939,7.273918628692627,office,theta0,0.3388440012931824,0.5364242792129517,0.02145206928253174,8.399359703063965,,,,,,,,,,1.0,1.0000001192092896,1.410525527489881e-07
13,m2,7scenes,25+108+275+192+525+358+775+442,probe1,0.025226706638932228,6.438214302062988,office,theta0,0.2834564447402954,0.38629981875419617,0.06355077028274536,14.482367515563965,,,,,,,,,,,,
23,m2,7scenes,25+108+275+192+525+358+775+442,probe1,0.0008748788386583328,1.19844651222229,office,theta0,0.49244099855422974,0.558761477470398,0.00033026933670043945,1.0411745309829712,,,,,,,,,,,,
01,m3,7scenes,25+108+275+192+525+358+775+442,probe1,0.0014973937068134546,1.5679787397384644,office,theta0,0.44648507237434387,0.6542685627937317,0.08874374628067017,17.132095336914062,1.0,1.0,1.0939132412401964e-11,,,,,,,,,
02,m3,7scenes,25+108+275+192+525+358+775+442,probe1,0.001870418549515307,1.7521182298660278,office,theta0,0.4310699701309204,0.46611151099205017,7.522106170654297e-05,0.49692827463150024,,,,1.0,0.9999998211860657,2.0021178670504014e-07,,,,,,
03,m3,7scenes,25+108+275+192+525+358+775+442,probe1,0.00012063959729857743,0.44499388337135315,office,theta0,0.8156595826148987,0.8960312604904175,5.900859832763672e-05,0.44013041257858276,,,,,,,1.0,0.9999999403953552,1.3558972966620786e-07,,,
12,m3,7scenes,25+108+275+192+525+358+775+442,probe1,0.006301462184637785,3.2164981365203857,office,theta0,0.2364230453968048,0.5364242792129517,0.02343285083770752,8.779305458068848,,,,,,,,,,1.0,1.0000001192092896,1.3971192913686536e-07
13,m3,7scenes,25+108+275+192+525+358+775+442,probe1,0.002209786791354418,1.9047480821609497,office,theta0,0.38831737637519836,0.38629981875419617,0.22335600852966309,27.33685874938965,,,,,,,,,,,,
23,m3,7scenes,25+108+275+192+525+358+775+442,probe1,0.0011258433805778623,1.3591233491897583,office,theta0,0.49960386753082275,0.558761477470398,0.0002576112747192383,0.9196227788925171,,,,,,,,,,,,
01,clean,7scenes,68+151+318+235+568+401+818+485,pair5,5.669330130331218e-05,0.30646705627441406,office,theta0,0.1869036853313446,0.18269173800945282,0.0005934238433837891,1.3957765102386475,1.0,1.0,1.0379098622226302e-11,,,,,,,,,
02,clean,7scenes,68+151+318+235+568+401+818+485,pair5,0.007125098258256912,3.420279026031494,office,theta0,0.5199717283248901,0.6314061284065247,0.004651367664337158,3.908358573913574,,,,1.0,0.9999998211860657,3.450352039635618e-07,,,,,,
03,clean,7scenes,68+151+318+235+568+401+818+485,pair5,4.815025931748096e-06,0.09278742223978043,office,theta0,0.871138334274292,0.8831304311752319,8.285045623779297e-06,0.16551098227500916,,,,,,,1.0,1.0,1.093445192168474e-07,,,
12,clean,7scenes,68+151+318+235+568+401+818+485,pair5,0.007368400692939758,3.478402614593506,office,theta0,0.5074161887168884,0.6305487155914307,0.0005803108215332031,1.3802682161331177,,,,,,,,,,1.0,0.9999999403953552,1.4007773074808938e-07
13,clean,7scenes,68+151+318+235+568+401+818+485,pair5,3.715324783115648e-05,0.25022920966148376,office,theta0,0.7416474223136902,0.7557185888290405,0.00010579824447631836,0.5895031094551086,,,,,,,,,,,,
23,clean,7scenes,68+151+318+235+568+401+818+485,pair5,0.0074000488966703415,3.4858245849609375,office,theta0,0.5462825894355774,0.5864129662513733,0.010342121124267578,5.829277992248535,,,,,,,,,,,,
01,m0,7scenes,68+151+318+235+568+401+818+485,pair5,0.008153894916176796,3.65901780128479,office,theta0,0.21084031462669373,0.18269173800945282,0.014565825462341309,6.9191718101501465,1.0,1.0,2.6524561626967147e-12,,,,,,,,,
02,m0,7scenes,68+151+318+235+568+401+818+485,pair5,0.035367172211408615,7.624781131744385,office,theta0,0.4903873801231384,0.6314061284065247,0.05883389711380005,13.931780815124512,,,,1.0,1.0,1.4326828079447296e-07,,,,,,
03,m0,7scenes,68+151+318+235+568+401+818+485,pair5,0.0002880633110180497,0.68756502866745,office,theta0,0.8724409937858582,0.8831304311752319,2.5510787963867188e-05,0.28939101099967957,,,,,,,1.0,1.0000001192092896,1.2486883349538402e-07,,,
12,m0,7scenes,68+151+318+235+568+401+818+485,pair5,0.0713275671005249,10.836380004882812,office,theta0,0.48012682795524597,0.6305487155914307,0.017941832542419434,7.680355072021484,,,,,,,,,,1.0,1.0,2.1108833436755958e-07
13,m0,7scenes,68+151+318+235+568+401+818+485,pair5,0.0072920843958854675,3.460230588912964,office,theta0,0.7553996443748474,0.7557185888290405,0.007934927940368652,5.105494499206543,,,,,,,,,,,,
23,m0,7scenes,68+151+318+235+568+401+818+485,pair5,0.038457829505205154,7.95149564743042,office,theta0,0.47257331013679504,0.5864129662513733,0.04074960947036743,11.5857515335083,,,,,,,,,,,,
01,m1,7scenes,68+151+318+235+568+401+818+485,pair5,0.0820700153708458,11.626423835754395,office,theta0,0.06121222674846649,0.18269173800945282,0.13835453987121582,21.43657112121582,1.0,1.0,4.758606703125778e-12,,,,,,,,,
02,m1,7scenes,68+151+318+235+568+401+818+485,pair5,0.02821239084005356,6.808959007263184,office,theta0,0.44608765840530396,0.6314061284065247,0.015021920204162598,7.02679967880249,,,,1.0,0.9999999403953552,2.38762851267893e-07,,,,,,
03,m1,7scenes,68+151+318+235+568+401+818+485,pair5,0.00010918189218500629,0.42336153984069824,office,theta0,0.8639473915100098,0.8831304311752319,1.5020370483398438e-05,0.22205635905265808,,,,,,,1.0,1.0,4.819856513904597e-08,,,
12,m1,7scenes,68+151+318+235+568+401+818+485,pair5,0.020618511363863945,5.819990158081055,office,theta0,0.43682318925857544,0.6305487155914307,0.14930802583694458,22.27941131591797,,,,,,,,,,1.0,1.0,2.04115863766674e-07
13,m1,7scenes,68+151+318+235+568+401+818+485,pair5,0.07920075207948685,11.420701026916504,office,theta0,0.8291907906532288,0.7557185888290405,0.05074667930603027,12.93448257446289,,,,,,,,,,,,
23,m1,7scenes,68+151+318+235+568+401+818+485,pair5,0.025618966668844223,6.488152027130127,office,theta0,0.5441112518310547,0.5864129662513733,0.02807140350341797,9.6108980178833,,,,,,,,,,,,
01,m2,7scenes,68+151+318+235+568+401+818+485,pair5,0.0034893350675702095,2.3934285640716553,office,theta0,0.22381000220775604,0.18269173800945282,0.009951174259185791,5.717928886413574,1.0,1.0,7.0504773894142225e-12,,,,,,,,,
02,m2,7scenes,68+151+318+235+568+401+818+485,pair5,1.292875051498413,47.40737533569336,office,theta0,0.2972305119037628,0.6314061284065247,0.8784786462783813,55.891578674316406,,,,1.0,0.9999999403953552,2.0567540559568442e-07,,,,,,
03,m2,7scenes,68+151+318+235+568+401+818+485,pair5,0.00016646769654471427,0.5233933329582214,office,theta0,0.9871710538864136,0.8831304311752319,7.3909759521484375e-06,0.15576636791229248,,,,,,,1.0,0.9999998807907104,2.6493501081858994e-07,,,
12,m2,7scenes,68+151+318+235+568+401+818+485,pair5,1.4158406257629395,49.756324768066406,office,theta0,0.09671638906002045,0.6305487155914307,0.8296058177947998,54.18308639526367,,,,,,,,,,1.0,1.0,1.9495884373554873e-07
13,m2,7scenes,68+151+318+235+568+401+818+485,pair5,0.004495939705520868,2.7169973850250244,office,theta0,0.8547689914703369,0.7557185888290405,0.003731071949005127,3.5002858638763428,,,,,,,,,,,,
23,m2,7scenes,68+151+318+235+568+401+818+485,pair5,1.2794443368911743,47.14551544189453,office,theta0,0.7906705737113953,0.5864129662513733,0.030252814292907715,9.978252410888672,,,,,,,,,,,,
01,m3,7scenes,68+151+318+235+568+401+818+485,pair5,0.0029187151230871677,2.1887433528900146,office,theta0,0.16497670114040375,0.18269173800945282,0.006807267665863037,4.7286176681518555,1.0,1.0,3.796750240592228e-12,,,,,,,,,
02,m3,7scenes,68+151+318+235+568+401+818+485,pair5,0.03564813360571861,7.655090808868408,office,theta0,0.5132036805152893,0.6314061284065247,0.06389856338500977,14.522164344787598,,,,1.0,1.0000003576278687,4.816398586626747e-07,,,,,,
03,m3,7scenes,68+151+318+235+568+401+818+485,pair5,0.0004939063801430166,0.9009206295013428,office,theta0,0.8570231199264526,0.8831304311752319,0.00046318769454956055,1.2332112789154053,,,,,,,1.0,0.9999999403953552,9.757594199300001e-08,,,
12,m3,7scenes,68+151+318+235+568+401+818+485,pair5,0.038703802973032,7.976883411407471,office,theta0,0.4804386794567108,0.6305487155914307,0.0498773455619812,12.822752952575684,,,,,,,,,,1.0,0.9999998807907104,2.1692537188755523e-07
13,m3,7scenes,68+151+318+235+568+401+818+485,pair5,0.004594350233674049,2.7463767528533936,office,theta0,0.7484856843948364,0.7557185888290405,0.0006591081619262695,1.4710009098052979,,,,,,,,,,,,
23,m3,7scenes,68+151+318+235+568+401+818+485,pair5,0.043143339455127716,8.422869682312012,office,theta0,0.4464322328567505,0.5864129662513733,0.023073852062225342,8.711674690246582,,,,,,,,,,,,
01,clean,7scenes,80+163+330+246+580+413+830+496,pair8,0.0003249061992391944,0.7295416593551636,office,theta0,0.11530330777168274,0.12556582689285278,0.013085722923278809,6.557806491851807,1.0,1.0,4.1923894911199966e-12,,,,,,,,,
02,clean,7scenes,80+163+330+246+580+413+830+496,pair8,0.009062377735972404,3.8575243949890137,office,theta0,0.5443387627601624,0.6016248464584351,9.483098983764648e-05,0.5581307411193848,,,,1.0,1.0000001192092896,1.396651185814335e-07,,,,,,
03,clean,7scenes,80+163+330+246+580+413+830+496,pair8,0.001046187593601644,1.3104500770568848,office,theta0,0.8546114563941956,0.8871493935585022,7.104873657226562e-05,0.4829499423503876,,,,,,,1.0,1.0000001192092896,1.2235473434429878e-07,,,
12,clean,7scenes,80+163+330+246+580+413+830+496,pair8,0.011201983317732811,4.2888898849487305,office,theta0,0.6056807637214661,0.6644464731216431,0.0002466440200805664,0.8998339772224426,,,,,,,,,,1.0,0.9999999403953552,2.1450593123972794e-07
13,clean,7scenes,80+163+330+246+580+413+830+496,pair8,0.0023105370346456766,1.9474238157272339,office,theta0,0.831529438495636,0.8534370064735413,4.76837158203125e-06,0.1251145452260971,,,,,,,,,,,,
23,clean,7scenes,80+163+330+246+580+413+830+496,pair8,0.00449844915419817,2.717573642730713,office,theta0,0.6222249269485474,0.6400900483131409,0.0005211234092712402,1.3080586194992065,,,,,,,,,,,,
01,m0,7scenes,80+163+330+246+580+413+830+496,pair8,0.008204299956560135,3.670238494873047,office,theta0,0.15537412464618683,0.12556582689285278,0.031572937965393066,10.194199562072754,1.0,1.0,2.618520417857484e-12,,,,,,,,,
02,m0,7scenes,80+163+330+246+580+413+830+496,pair8,0.00760606536641717,3.5340209007263184,office,theta0,0.540960431098938,0.6016248464584351,0.006220638751983643,4.520127296447754,,,,1.0,0.9999998807907104,2.5623032229304954e-07,,,,,,
03,m0,7scenes,80+163+330+246+580+413+830+496,pair8,0.000398231262806803,0.8079403638839722,office,theta0,0.8328121900558472,0.8871493935585022,0.0004520416259765625,1.2182040214538574,,,,,,,1.0,1.0,1.2425911677382828e-07,,,
12,m0,7scenes,80+163+330+246+580+413+830+496,pair8,0.02475719153881073,6.37793493270874,office,theta0,0.6422238349914551,0.6644464731216431,0.003032684326171875,3.1556668281555176,,,,,,,,,,1.0,1.0000001192092896,2.4746572080402984e-07
13,m0,7scenes,80+163+330+246+580+413+830+496,pair8,0.01033097505569458,4.118655681610107,office,theta0,0.829816997051239,0.8534370064735413,0.0041550397872924805,3.6939029693603516,,,,,,,,,,,,
23,m0,7scenes,80+163+330+246+580+413+830+496,pair8,0.004681050777435303,2.7720582485198975,office,theta0,0.5666286945343018,0.6400900483131409,0.0015850663185119629,2.2812185287475586,,,,,,,,,,,,
01,m1,7scenes,80+163+330+246+580+413+830+496,pair8,0.005334855522960424,2.959359884262085,office,theta0,0.13748715817928314,0.12556582689285278,0.032787442207336426,10.388945579528809,1.0,1.0,7.70908656328546e-15,,,,,,,,,
02,m1,7scenes,80+163+330+246+580+413+830+496,pair8,0.020926253870129585,5.863341808319092,office,theta0,0.5011817812919617,0.6016248464584351,0.004322171211242676,3.7674880027770996,,,,1.0,1.0000001192092896,3.1359536478703376e-07,,,,,,
03,m1,7scenes,80+163+330+246+580+413+830+496,pair8,0.0009310838067904115,1.2360641956329346,office,theta0,0.8578641414642334,0.8871493935585022,0.00011980533599853516,0.6271376609802246,,,,,,,1.0,1.0,5.510898404281761e-08,,,
12,m1,7scenes,80+163+330+246+580+413+830+496,pair8,0.04604630544781685,8.702018737792969,office,theta0,0.5889500379562378,0.6644464731216431,0.001123189926147461,1.920302152633667,,,,,,,,,,1.0,0.9999999403953552,1.0622391499737205e-07
13,m1,7scenes,80+163+330+246+580+413+830+496,pair8,0.003768020309507847,2.4867968559265137,office,theta0,0.8581798076629639,0.8534370064735413,0.002612590789794922,2.9289071559906006,,,,,,,,,,,,
23,m1,7scenes,80+163+330+246+580+413+830+496,pair8,0.028758179396390915,6.874607086181641,office,theta0,0.5886845588684082,0.6400900483131409,0.002899646759033203,3.0856571197509766,,,,,,,,,,,,
01,m2,7scenes,80+163+330+246+580+413+830+496,pair8,0.0007307850755751133,1.0946792364120483,office,theta0,0.14720067381858826,0.12556582689285278,0.1265837550163269,20.494125366210938,1.0,0.9999999403953552,1.6469318964151825e-11,,,,,,,,,
02,m2,7scenes,80+163+330+246+580+413+830+496,pair8,0.025724906474351883,6.50155782699585,office,theta0,0.5865916013717651,0.6016248464584351,0.018055260181427002,7.704617500305176,,,,1.0,1.0000001192092896,2.704582300339098e-07,,,,,,
03,m2,7scenes,80+163+330+246+580+413+830+496,pair8,0.006630614399909973,3.2993059158325195,office,theta0,0.8097650408744812,0.8871493935585022,0.00010454654693603516,0.5858404636383057,,,,,,,1.0,1.0,1.2914610181269381e-07,,,
12,m2,7scenes,80+163+330+246+580+413+830+496,pair8,0.026933051645755768,6.652604579925537,office,theta0,0.6965921521186829,0.6644464731216431,0.021074891090393066,8.325060844421387,,,,,,,,,,1.0,1.0000001192092896,3.506335417569062e-07
13,m2,7scenes,80+163+330+246+580+413+830+496,pair8,0.010437537916004658,4.139808654785156,office,theta0,0.8472155928611755,0.8534370064735413,0.0012667179107666016,2.039320468902588,,,,,,,,,,,,
23,m2,7scenes,80+163+330+246+580+413+830+496,pair8,0.01518962625414133,4.994731903076172,office,theta0,0.47358402609825134,0.6400900483131409,0.018394649028778076,7.776828765869141,,,,,,,,,,,,
01,m3,7scenes,80+163+330+246+580+413+830+496,pair8,0.0003001244622282684,0.7010923624038696,office,theta0,0.11717865616083145,0.12556582689285278,0.03362548351287842,10.521247863769531,1.0,1.0,1.3184687716605303e-11,,,,,,,,,
02,m3,7scenes,80+163+330+246+580+413+830+496,pair8,0.006546721328049898,3.2785909175872803,office,theta0,0.5423691272735596,0.6016248464584351,0.0028743743896484375,3.0721776485443115,,,,1.0,0.9999998807907104,2.2634793594988878e-07,,,,,,
03,m3,7scenes,80+163+330+246+580+413+830+496,pair8,0.0007582427351735532,1.1155732870101929,office,theta0,0.8490471839904785,0.8871493935585022,1.3709068298339844e-05,0.21214210987091064,,,,,,,1.0,0.9999999403953552,8.998663503234638e-08,,,
12,m3,7scenes,80+163+330+246+580+413+830+496,pair8,0.00410807877779007,2.59706449508667,office,theta0,0.5871633887290955,0.6644464731216431,0.004512608051300049,3.849597215652466,,,,,,,,,,1.0,0.9999998807907104,2.0807470946238027e-07
13,m3,7scenes,80+163+330+246+580+413+830+496,pair8,0.00041838036850094795,0.8289794325828552,office,theta0,0.8194646239280701,0.8534370064735413,0.0009663105010986328,1.781141757965088,,,,,,,,,,,,
23,m3,7scenes,80+163+330+246+580+413+830+496,pair8,0.005063039716333151,2.883100986480713,office,theta0,0.5717789530754089,0.6400900483131409,0.00044149160385131836,1.203985333442688,,,,,,,,,,,,
01,clean,7scenes,28+111+278+195+528+361+778+445,pair9,4.09649133682251,91.38227081298828,office,theta0,0.9466595649719238,0.61585932970047,1.6639294624328613,80.3263931274414,1.0,1.0,5.884611808254503e-12,,,,,,,,,
02,clean,7scenes,28+111+278+195+528+361+778+445,pair9,0.0012565070064738393,1.4364044666290283,office,theta0,0.3696458041667938,0.478017121553421,5.602836608886719e-06,0.13562092185020447,,,,1.0,1.0,1.0358097313201142e-07,,,,,,
03,clean,7scenes,28+111+278+195+528+361+778+445,pair9,0.0001758138241712004,0.537412166595459,office,theta0,0.6842992901802063,0.8940241932868958,6.413459777832031e-05,0.4588492214679718,,,,,,,1.0,1.0,4.739924008845264e-08,,,
12,clean,7scenes,28+111+278+195+528+361+778+445,pair9,4.006021499633789,90.08625793457031,office,theta0,1.2934917211532593,0.5217263102531433,1.9648841619491577,88.99395751953125,,,,,,,,,,1.0,0.9999999403953552,1.6133554936459404e-07
13,clean,7scenes,28+111+278+195+528+361+778+445,pair9,4.059311866760254,90.84961700439453,office,theta0,1.5889091491699219,0.41380995512008667,1.441131591796875,73.77356719970703,,,,,,,,,,,,
23,clean,7scenes,28+111+278+195+528+361+778+445,pair9,0.0005590330110862851,0.9577706456184387,office,theta0,0.41698458790779114,0.5504730939865112,0.00014352798461914062,0.6864256858825684,,,,,,,,,,,,
01,m0,7scenes,28+111+278+195+528+361+778+445,pair9,0.06695939600467682,10.498350143432617,office,theta0,0.5976498126983643,0.61585932970047,0.32372498512268066,33.05603790283203,1.0,1.0,2.0744917936244e-11,,,,,,,,,
02,m0,7scenes,28+111+278+195+528+361+778+445,pair9,0.00465558422729373,2.764704465866089,office,theta0,0.459043949842453,0.478017121553421,0.0015851259231567383,2.281304121017456,,,,1.0,0.9999999403953552,2.1292181884291494e-07,,,,,,
03,m0,7scenes,28+111+278+195+528+361+778+445,pair9,0.00040042761247605085,0.8108415007591248,office,theta0,0.822159469127655,0.8940241932868958,4.285573959350586e-05,0.3753441870212555,,,,,,,1.0,1.0000001192092896,6.639924521323337e-08,,,
12,m0,7scenes,28+111+278+195+528+361+778+445,pair9,0.10084404051303864,12.892826080322266,office,theta0,0.1543346792459488,0.5217263102531433,0.9438360333442688,58.12404251098633,,,,,,,,,,1.0,1.0,2.082068135678128e-07
13,m0,7scenes,28+111+278+195+528+361+778+445,pair9,0.07687237858772278,11.251025199890137,office,theta0,0.3808322250843048,0.41380995512008667,0.5668936967849731,44.2293701171875,,,,,,,,,,,,
23,m0,7scenes,28+111+278+195+528+361+778+445,pair9,0.00249727675691247,2.0246808528900146,office,theta0,0.47369518876075745,0.5504730939865112,0.0004107952117919922,1.1612955331802368,,,,,,,,,,,,
01,m1,7scenes,28+111+278+195+528+361+778+445,pair9,0.0054086679592728615,2.9796640872955322,office,theta0,0.3843473196029663,0.61585932970047,0.11617028713226318,19.624340057373047,1.0,1.0,3.12317186001998e-12,,,,,,,,,
02,m1,7scenes,28+111+278+195+528+361+778+445,pair9,0.0024357575457543135,1.9995863437652588,office,theta0,0.4212029278278351,0.478017121553421,0.00020676851272583008,0.8237700462341309,,,,1.0,1.0000001192092896,1.7315325351319188e-07,,,,,,
03,m1,7scenes,28+111+278+195+528+361+778+445,pair9,0.00032227259362116456,0.7273927330970764,office,theta0,0.7871540784835815,0.8940241932868958,6.22868537902832e-05,0.45197466015815735,,,,,,,1.0,0.9999998807907104,9.543050083493654e-08,,,
12,m1,7scenes,28+111+278+195+528+361+778+445,pair9,0.007076880428940058,3.408581495285034,office,theta0,0.19979093968868256,0.5217263102531433,0.046692490577697754,12.40494155883789,,,,,,,,,,1.0,1.0,1.7927601447809138e-07
13,m1,7scenes,28+111+278+195+528+361+778+445,pair9,0.004917787853628397,2.8413825035095215,office,theta0,0.4173078238964081,0.41380995512008667,0.24286329746246338,28.529855728149414,,,,,,,,,,,,
23,m1,7scenes,28+111+278+195+528+361+778+445,pair9,0.0010958467610180378,1.341442584991455,office,theta0,0.47841569781303406,0.5504730939865112,5.0067901611328125e-05,0.4054182171821594,,,,,,,,,,,,
01,m2,7scenes,28+111+278+195+528+361+778+445,pair9,4.223787307739258,93.20719146728516,office,theta0,0.4990718364715576,0.61585932970047,0.027114033699035645,9.445208549499512,1.0,1.0,2.06785422118827e-11,,,,,,,,,
02,m2,7scenes,28+111+278+195+528+361+778+445,pair9,0.0016125051770359278,1.6270244121551514,office,theta0,0.4274914860725403,0.478017121553421,9.208917617797852e-05,0.5496522188186646,,,,1.0,0.9999997615814209,2.811390231727273e-07,,,,,,
03,m2,7scenes,28+111+278+195+528+361+778+445,pair9,0.0004239890549797565,0.8346253037452698,office,theta0,0.8153190612792969,0.8940241932868958,4.172325134277344e-06,0.1170339286327362,,,,,,,1.0,1.0000001192092896,1.3443118973555102e-07,,,
12,m2,7scenes,28+111+278+195+528+361+778+445,pair9,4.326282501220703,94.6788558959961,office,theta0,0.35641565918922424,0.5217263102531433,0.9374018311500549,57.9067268371582,,,,,,,,,,1.0,1.0,9.85650459028875e-08
13,m2,7scenes,28+111+278+195+528+361+778+445,pair9,4.213607311248779,93.06116485595703,office,theta0,0.3712243437767029,0.41380995512008667,0.7130646705627441,49.949119567871094,,,,,,,,,,,,
23,m2,7scenes,28+111+278+195+528+361+778+445,pair9,0.002227477729320526,1.9123362302780151,office,theta0,0.5009030103683472,0.5504730939865112,5.435943603515625e-05,0.4224361479282379,,,,,,,,,,,,
01,m3,7scenes,28+111+278+195+528+361+778+445,pair9,0.015156996436417103,4.989394664764404,office,theta0,0.5367155075073242,0.61585932970047,0.2061295509338379,26.241905212402344,1.0,1.0,2.0619859986137357e-11,,,,,,,,,
02,m3,7scenes,28+111+278+195+528+361+778+445,pair9,0.0015822533750906587,1.6115553379058838,office,theta0,0.4660290777683258,0.478017121553421,5.698204040527344e-05,0.4325065016746521,,,,1.0,1.0000001192092896,2.400475693775661e-07,,,,,,
03,m3,7scenes,28+111+278+195+528+361+778+445,pair9,2.9313707273104228e-05,0.22028695046901703,office,theta0,0.834169328212738,0.8940241932868958,1.8358230590820312e-05,0.2454925775527954,,,,,,,1.0,1.0,8.695405995240435e-08,,,
12,m3,7scenes,28+111+278+195+528+361+778+445,pair9,0.02604212611913681,6.5414886474609375,office,theta0,0.18943369388580322,0.5217263102531433,0.17248749732971191,23.97028923034668,,,,,,,,,,1.0,0.9999998211860657,1.270453111601455e-07
13,m3,7scenes,28+111+278+195+528+361+778+445,pair9,0.01612015813589096,5.145594120025635,office,theta0,0.3608933985233307,0.41380995512008667,0.3883759379386902,36.31125259399414,,,,,,,,,,,,
23,m3,7scenes,28+111+278+195+528+361+778+445,pair9,0.0013651879271492362,1.497240424156189,office,theta0,0.5045747756958008,0.5504730939865112,0.0014654994010925293,2.1935665607452393,,,,,,,,,,,,
01,clean,7scenes,31+114+281+198+531+364+781+448,probe0,0.0021103518083691597,1.8610944747924805,office,theta_base,0.47715798020362854,0.5828046202659607,0.2868077754974365,31.063486099243164,1.0,1.0,3.2270486196445125e-13,,,,,,,,,
02,clean,7scenes,31+114+281+198+531+364+781+448,probe0,5.572673035203479e-05,0.3013159930706024,office,theta_base,0.48240649700164795,0.49935969710350037,7.808208465576172e-06,0.16071255505084991,,,,1.0,1.0000003576278687,3.6314611406851327e-07,,,,,,
03,clean,7scenes,31+114+281+198+531+364+781+448,probe0,1.8671151337912306e-05,0.17471297085285187,office,theta_base,0.8667675852775574,0.8964656591415405,2.5033950805664062e-06,0.09065409004688263,,,,,,,1.0,1.0,1.5347966098033794e-07,,,
12,clean,7scenes,31+114+281+198+531+364+781+448,probe0,0.0024561691097915173,2.0077908039093018,office,theta_base,0.14174377918243408,0.523118793964386,0.20179450511932373,25.959623336791992,,,,,,,,,,1.0,1.0,1.1539336952637314e-07
13,clean,7scenes,31+114+281+198+531+364+781+448,probe0,0.0019800232257694006,1.8027654886245728,office,theta_base,0.47622644901275635,0.4341537356376648,0.37271708250045776,35.546749114990234,,,,,,,,,,,,
23,clean,7scenes,31+114+281+198+531+364+781+448,probe0,0.00013882202620152384,0.4764232635498047,office,theta_base,0.5367366671562195,0.5563672780990601,0.0,0.0,,,,,,,,,,,,
01,m0,7scenes,31+114+281+198+531+364+781+448,probe0,0.005821613594889641,3.0914885997772217,office,theta_base,0.32140684127807617,0.5828046202659607,0.407105028629303,37.20780944824219,1.0,1.0,4.8350394868390545e-12,,,,,,,,,
02,m0,7scenes,31+114+281+198+531+364+781+448,probe0,0.0034653819166123867,2.385072708129883,office,theta_base,0.4425577223300934,0.49935969710350037,0.0005199909210205078,1.3065615892410278,,,,1.0,1.0000004768371582,4.89953947635513e-07,,,,,,
03,m0,7scenes,31+114+281+198+531+364+781+448,probe0,0.0007264565210789442,1.09217369556427,office,theta_base,0.7934019565582275,0.8964656591415405,4.601478576660156e-05,0.38866209983825684,,,,,,,1.0,1.0,1.2355238254713186e-07,,,
12,m0,7scenes,31+114+281+198+531+364+781+448,probe0,0.014334682375192642,4.8520379066467285,office,theta_base,0.16971954703330994,0.523118793964386,0.46014440059661865,39.652591705322266,,,,,,,,,,1.0,1.0,1.7727300871683838e-07
13,m0,7scenes,31+114+281+198+531+364+781+448,probe0,0.00708860345184803,3.4113376140594482,office,theta_base,0.5616805553436279,0.4341537356376648,0.2952802777290344,31.53072166442871,,,,,,,,,,,,
23,m0,7scenes,31+114+281+198+531+364+781+448,probe0,0.0019157566130161285,1.7732130289077759,office,theta_base,0.4978194534778595,0.5563672780990601,0.0007446408271789551,1.5634794235229492,,,,,,,,,,,,
01,m1,7scenes,31+114+281+198+531+364+781+448,probe0,0.007826228626072407,3.584847927093506,office,theta_base,0.5085143446922302,0.5828046202659607,0.01328730583190918,6.608179569244385,1.0,1.0,1.2707526003685743e-12,,,,,,,,,
02,m1,7scenes,31+114+281+198+531+364+781+448,probe0,0.0006271192687563598,1.0145213603973389,office,theta_base,0.4692842364311218,0.49935969710350037,0.00021946430206298828,0.8488062024116516,,,,1.0,0.9999997615814209,2.5853844931589265e-07,,,,,,
03,m1,7scenes,31+114+281+198+531+364+781+448,probe0,0.0005355431931093335,0.9375348091125488,office,theta_base,0.8438659906387329,0.8964656591415405,1.3113021850585938e-06,0.0656106099486351,,,,,,,1.0,1.0,1.6422812620930927e-07,,,
12,m1,7scenes,31+114+281+198+531+364+781+448,probe0,0.012055412866175175,4.449462413787842,office,theta_base,0.3919973373413086,0.523118793964386,0.003365933895111084,3.32460618019104,,,,,,,,,,1.0,0.9999999403953552,1.4385700808361435e-07
13,m1,7scenes,31+114+281+198+531+364+781+448,probe0,0.004810614977031946,2.81048846244812,office,theta_base,0.37835246324539185,0.4341537356376648,0.014839649200439453,6.9839863777160645,,,,,,,,,,,,
23,m1,7scenes,31+114+281+198+531+364+781+448,probe0,0.001961827976629138,1.7944964170455933,office,theta_base,0.5172694325447083,0.5563672780990601,4.6372413635253906e-05,0.39016950130462646,,,,,,,,,,,,
01,m2,7scenes,31+114+281+198+531+364+781+448,probe0,3.964202642440796,89.48724365234375,office,theta_base,0.5814717411994934,0.5828046202659607,0.02576303482055664,9.20637035369873,1.0,1.0,1.0121310040078768e-11,,,,,,,,,
02,m2,7scenes,31+114+281+198+531+364+781+448,probe0,0.001420882297679782,1.527262568473816,office,theta_base,0.4432278275489807,0.49935969710350037,0.00016605854034423828,0.7383397817611694,,,,1.0,1.0000001192092896,1.5383369600385777e-07,,,,,,
03,m2,7scenes,31+114+281+198+531+364+781+448,probe0,1.133462501456961e-05,0.1370561122894287,office,theta_base,0.8051555156707764,0.8964656591415405,6.198883056640625e-06,0.14265252649784088,,,,,,,1.0,0.9999999403953552,7.109835564733658e-08,,,
12,m2,7scenes,31+114+281+198+531+364+781+448,probe0,4.06125545501709,90.87745666503906,office,theta_base,0.41238170862197876,0.523118793964386,1.1904716491699219,66.12364959716797,,,,,,,,,,1.0,1.0,2.2152093492877611e-07
13,m2,7scenes,31+114+281+198+531+364+781+448,probe0,3.9609153270721436,89.44014739990234,office,theta_base,0.2745790481567383,0.4341537356376648,0.8350129127502441,54.37388229370117,,,,,,,,,,,,
23,m2,7scenes,31+114+281+198+531+364+781+448,probe0,0.0015101005556061864,1.5747039318084717,office,theta_base,0.5047070384025574,0.5563672780990601,0.0001150369644165039,0.6145305037498474,,,,,,,,,,,,
01,m3,7scenes,31+114+281+198+531+364+781+448,probe0,0.02032230608165264,5.778010845184326,office,theta_base,0.5151194930076599,0.5828046202659607,0.013841390609741211,6.7447099685668945,1.0,1.0,4.7443186532158954e-12,,,,,,,,,
02,m3,7scenes,31+114+281+198+531+364+781+448,probe0,0.0019641704857349396,1.7955865859985352,office,theta_base,0.4682466387748718,0.49935969710350037,0.0018895864486694336,2.4908077716827393,,,,1.0,1.0,2.0380052490054368e-07,,,,,,
03,m3,7scenes,31+114+281+198+531+364+781+448,probe0,0.0002552781079430133,0.6471007466316223,office,theta_base,0.8333020210266113,0.8964656591415405,3.2067298889160156e-05,0.3244549334049225,,,,,,,1.0,1.0,1.3443469981666567e-07,,,
12,m3,7scenes,31+114+281+198+531+364+781+448,probe0,0.03060891479253769,7.092626094818115,office,theta_base,0.3905945122241974,0.523118793964386,0.011970937252044678,6.271980285644531,,,,,,,,,,1.0,1.0000001192092896,1.3415099431313138e-07
13,m3,7scenes,31+114+281+198+531+364+781+448,probe0,0.024834396317601204,6.387887954711914,office,theta_base,0.36132046580314636,0.4341537356376648,0.009398221969604492,5.5566840171813965,,,,,,,,,,,,
23,m3,7scenes,31+114+281+198+531+364+781+448,probe0,0.0014594250824302435,1.5476281642913818,office,theta_base,0.5082873702049255,0.5563672780990601,0.00038230419158935547,1.1202993392944336,,,,,,,,,,,,
01,clean,7scenes,25+108+275+192+525+358+775+442,probe1,0.008739098906517029,3.788065195083618,office,theta_base,0.6115750074386597,0.6542685627937317,0.06638574600219727,14.803646087646484,1.0,1.0,1.0020756793793772e-11,,,,,,,,,
02,clean,7scenes,25+108+275+192+525+358+775+442,probe1,0.000759477901738137,1.1166253089904785,office,theta_base,0.4527294933795929,0.46611151099205017,9.018182754516602e-05,0.543926477432251,,,,1.0,1.0000001192092896,8.453066868696624e-08,,,,,,
03,clean,7scenes,25+108+275+192+525+358+775+442,probe1,0.0001326309284195304,0.4673002064228058,office,theta_base,0.8557747006416321,0.8960312604904175,8.45193862915039e-05,0.5267473459243774,,,,,,,1.0,0.9999999403953552,1.311385346980387e-07,,,
12,clean,7scenes,25+108+275+192+525+358+775+442,probe1,0.013751368969678879,4.752337455749512,office,theta_base,0.34728145599365234,0.5364242792129517,0.0740090012550354,15.635549545288086,,,,,,,,,,1.0,0.9999998807907104,3.88805432294248e-08
13,clean,7scenes,25+108+275+192+525+358+775+442,probe1,0.01039866916835308,4.132233142852783,office,theta_base,0.2594120502471924,0.38629981875419617,0.14452612400054932,21.915250778198242,,,,,,,,,,,,
23,clean,7scenes,25+108+275+192+525+358+775+442,probe1,0.0003785720909945667,0.7883269190788269,office,theta_base,0.5299398303031921,0.558761477470398,0.00016069412231445312,0.7263158559799194,,,,,,,,,,,,
01,m0,7scenes,25+108+275+192+525+358+775+442,probe1,0.023126330226659775,6.164083957672119,office,theta_base,0.6926849484443665,0.6542685627937317,0.02163320779800415,8.434799194335938,1.0,1.0,4.1698137998036344e-11,,,,,,,,,
02,m0,7scenes,25+108+275+192+525+358+775+442,probe1,0.0061914874240756035,3.1882543563842773,office,theta_base,0.4425225257873535,0.46611151099205017,4.482269287109375e-05,0.3835945427417755,,,,1.0,1.0000001192092896,1.5306426348615787e-07,,,,,,
03,m0,7scenes,25+108+275+192+525+358+775+442,probe1,0.0007731501245871186,1.1263961791992188,office,theta_base,0.8358966708183289,0.8960312604904175,0.0001760721206665039,0.7602757215499878,,,,,,,1.0,1.0000001192092896,6.947755082364893e-08,,,
12,m0,7scenes,25+108+275+192+525+358+775+442,probe1,0.05113295465707779,9.171126365661621,office,theta_base,0.4759564995765686,0.5364242792129517,0.06906217336654663,15.100824356079102,,,,,,,,,,1.0,1.0,1.467497980911503e-07
13,m0,7scenes,25+108+275+192+525+358+775+442,probe1,0.030044279992580414,7.026827335357666,office,theta_base,0.21353796124458313,0.38629981875419617,0.028533875942230225,9.68994140625,,,,,,,,,,,,
23,m0,7scenes,25+108+275+192+525+358+775+442,probe1,0.004052803851664066,2.5793676376342773,office,theta_base,0.5104613304138184,0.558761477470398,0.0004578828811645508,1.226049780845642,,,,,,,,,,,,
01,m1,7scenes,25+108+275+192+525+358+775+442,probe1,0.010047471150755882,4.0619683265686035,office,theta_base,0.5562671422958374,0.6542685627937317,0.046587586402893066,12.390944480895996,1.0,1.0,2.2202220530814776e-12,,,,,,,,,
02,m1,7scenes,25+108+275+192+525+358+775+442,probe1,0.0019926305394619703,1.8084019422531128,office,theta_base,0.44682347774505615,0.46611151099205017,0.00019603967666625977,0.8021066784858704,,,,1.0,0.9999998807907104,2.613987817312591e-07,,,,,,
03,m1,7scenes,25+108+275+192+525+358+775+442,probe1,0.0006865227478556335,1.0616470575332642,office,theta_base,0.8588284254074097,0.8960312604904175,9.554624557495117e-05,0.5602303147315979,,,,,,,1.0,1.0,1.312049988655417e-07,,,
12,m1,7scenes,25+108+275+192+525+358+775+442,probe1,0.020701400935649872,5.831765651702881,office,theta_base,0.3296985626220703,0.5364242792129517,0.02438420057296753,8.956114768981934,,,,,,,,,,1.0,1.0000001192092896,1.31778762124668e-07
13,m1,7scenes,25+108+275+192+525+358+775+442,probe1,0.011532995849847794,4.351992130279541,office,theta_base,0.3235901892185211,0.38629981875419617,0.10688459873199463,18.81627082824707,,,,,,,,,,,,
23,m1,7scenes,25+108+275+192+525+358+775+442,probe1,0.0022505340166389942,1.9217283725738525,office,theta_base,0.5265849828720093,0.558761477470398,0.0004748702049255371,1.2486650943756104,,,,,,,,,,,,
01,m2,7scenes,25+108+275+192+525+358+775+442,probe1,0.013755980879068375,4.752996921539307,office,theta_base,0.5992056727409363,0.6542685627937317,0.024463176727294922,8.970625877380371,1.0,1.0,1.0726434931246365e-12,,,,,,,,,
02,m2,7scenes,25+108+275+192+525+358+775+442,probe1,0.0010029112454503775,1.2829844951629639,office,theta_base,0.45705217123031616,0.46611151099205017,0.00015401840209960938,0.7110690474510193,,,,1.0,1.000000238418579,2.9138101353964885e-07,,,,,,
03,m2,7scenes,25+108+275+192+525+358+775+442,probe1,0.00025119591737166047,0.6416347026824951,office,theta_base,0.840987503528595,0.8960312604904175,3.1888484954833984e-05,0.3238513171672821,,,,,,,1.0,1.0000001192092896,3.407630799756589e-08,,,
12,m2,7scenes,25+108+275+192+525+358+775+442,probe1,0.021181728690862656,5.899003982543945,office,theta_base,0.38939812779426575,0.5364242792129517,0.02097499370574951,8.305272102355957,,,,,,,,,,1.0,1.0,1.5645414919163159e-07
13,m2,7scenes,25+108+275+192+525+358+775+442,probe1,0.016799157485365868,5.252923965454102,office,theta_base,0.2744313180446625,0.38629981875419617,0.029267489910125732,9.814018249511719,,,,,,,,,,,,
23,m2,7scenes,25+108+275+192+525+358+775+442,probe1,0.0007331127417273819,1.0968222618103027,office,theta_base,0.5047067999839783,0.558761477470398,0.0004304647445678711,1.1887738704681396,,,,,,,,,,,,
01,m3,7scenes,25+108+275+192+525+358+775+442,probe1,0.00022080051712691784,0.6019843220710754,office,theta_base,0.5025607347488403,0.6542685627937317,0.07073473930358887,15.283661842346191,1.0,1.0,9.888731326845868e-12,,,,,,,,,
02,m3,7scenes,25+108+275+192+525+358+775+442,probe1,0.0011725964723154902,1.3873389959335327,office,theta_base,0.44334104657173157,0.46611151099205017,3.796815872192383e-05,0.35277023911476135,,,,1.0,1.0,1.5146299858770362e-07,,,,,,
03,m3,7scenes,25+108+275+192+525+358+775+442,probe1,2.07784596568672e-05,0.18557488918304443,office,theta_base,0.8403226137161255,0.8960312604904175,3.5881996154785156e-05,0.34321129322052,,,,,,,1.0,1.0,1.3660948638971604e-07,,,
12,m3,7scenes,25+108+275+192+525+358+775+442,probe1,0.0020217704586684704,1.821771502494812,office,theta_base,0.2779402732849121,0.5364242792129517,0.01623845100402832,7.306161403656006,,,,,,,,,,1.0,0.9999999403953552,8.59077857739976e-08
13,m3,7scenes,25+108+275+192+525+358+775+442,probe1,0.0003251255548093468,0.7306137084960938,office,theta_base,0.3566634953022003,0.38629981875419617,0.20348691940307617,26.070165634155273,,,,,,,,,,,,
23,m3,7scenes,25+108+275+192+525+358+775+442,probe1,0.0009034655522555113,1.217882752418518,office,theta_base,0.5173472762107849,0.558761477470398,0.0002142190933227539,0.8386014699935913,,,,,,,,,,,,
01,clean,7scenes,68+151+318+235+568+401+818+485,pair5,0.0003427264164201915,0.7496490478515625,office,theta_base,0.20278102159500122,0.18269173800945282,0.0002626180648803711,0.9285166263580322,1.0,1.0,2.370821366916992e-13,,,,,,,,,
02,clean,7scenes,68+151+318+235+568+401+818+485,pair5,0.006705159787088633,3.3180041313171387,office,theta_base,0.5220783352851868,0.6314061284065247,0.0035877227783203125,3.4323930740356445,,,,1.0,1.000000238418579,3.54762960341759e-07,,,,,,
03,clean,7scenes,68+151+318+235+568+401+818+485,pair5,0.00010177573130931705,0.40926113724708557,office,theta_base,0.8780199885368347,0.8831304311752319,1.1205673217773438e-05,0.19179700314998627,,,,,,,1.0,0.9999998807907104,1.544761261129679e-07,,,
12,clean,7scenes,68+151+318+235+568+401+818+485,pair5,0.009374089539051056,3.9232606887817383,office,theta_base,0.512584924697876,0.6305487155914307,0.0006200671195983887,1.4268360137939453,,,,,,,,,,1.0,0.9999998807907104,2.097967239933496e-07
13,clean,7scenes,68+151+318+235+568+401+818+485,pair5,0.00011621147859841585,0.43700727820396423,office,theta_base,0.7370187640190125,0.7557185888290405,0.0004235506057739258,1.1791877746582031,,,,,,,,,,,,
23,clean,7scenes,68+151+318+235+568+401+818+485,pair5,0.00841426756232977,3.7171003818511963,office,theta_base,0.5577691197395325,0.5864129662513733,0.010500133037567139,5.8736958503723145,,,,,,,,,,,,
01,m0,7scenes,68+151+318+235+568+401+818+485,pair5,0.010847155004739761,4.220486164093018,office,theta_base,0.23792043328285217,0.18269173800945282,0.006002366542816162,4.440119743347168,1.0,1.0,6.023254377901521e-12,,,,,,,,,
02,m0,7scenes,68+151+318+235+568+401+818+485,pair5,0.05140857771039009,9.195819854736328,office,theta_base,0.48034098744392395,0.6314061284065247,0.06406599283218384,14.541271209716797,,,,1.0,1.000000238418579,3.125736611764296e-07,,,,,,
03,m0,7scenes,68+151+318+235+568+401+818+485,pair5,0.0004953006282448769,0.9013549089431763,office,theta_base,0.8900421261787415,0.8831304311752319,2.3245811462402344e-05,0.276245653629303,,,,,,,1.0,1.0,1.4475087084520055e-07,,,
12,m0,7scenes,68+151+318+235+568+401+818+485,pair5,0.10252854228019714,13.000532150268555,office,theta_base,0.4558195471763611,0.6305487155914307,0.016767263412475586,7.4243364334106445,,,,,,,,,,1.0,1.000000238418579,2.7025762960875e-07
13,m0,7scenes,68+151+318+235+568+401+818+485,pair5,0.009479016996920109,3.945162057876587,office,theta_base,0.7446032166481018,0.7557185888290405,0.011371850967407227,6.112856864929199,,,,,,,,,,,,
23,m0,7scenes,68+151+318+235+568+401+818+485,pair5,0.0574108362197876,9.719035148620605,office,theta_base,0.4904824495315552,0.5864129662513733,0.042683959007263184,11.858518600463867,,,,,,,,,,,,
01,m1,7scenes,68+151+318+235+568+401+818+485,pair5,0.03443329036235809,7.523317813873291,office,theta_base,0.12833474576473236,0.18269173800945282,0.003503084182739258,3.3916523456573486,1.0,1.0,6.4183849207699595e-12,,,,,,,,,
02,m1,7scenes,68+151+318+235+568+401+818+485,pair5,0.027373861521482468,6.7069196701049805,office,theta_base,0.4438450336456299,0.6314061284065247,0.012975931167602539,6.53020715713501,,,,1.0,0.9999999403953552,2.1102863456690102e-07,,,,,,
03,m1,7scenes,68+151+318+235+568+401+818+485,pair5,5.1768514822470024e-05,0.2907401919364929,office,theta_base,0.8835754990577698,0.8831304311752319,1.609325408935547e-05,0.22985020279884338,,,,,,,1.0,0.9999999403953552,1.2713179842194222e-07,,,
12,m1,7scenes,68+151+318+235+568+401+818+485,pair5,0.00537060247734189,2.969529390335083,office,theta_base,0.4182296097278595,0.6305487155914307,0.040961384773254395,11.61592960357666,,,,,,,,,,1.0,1.0000003576278687,2.504304745798436e-07
13,m1,7scenes,68+151+318+235+568+401+818+485,pair5,0.03652423620223999,7.74871301651001,office,theta_base,0.7853198647499084,0.7557185888290405,0.018805623054504395,7.863346099853516,,,,,,,,,,,,
23,m1,7scenes,68+151+318+235+568+401+818+485,pair5,0.028740327805280685,6.872495651245117,office,theta_base,0.570173978805542,0.5864129662513733,0.030282914638519287,9.983237266540527,,,,,,,,,,,,
01,m2,7scenes,68+151+318+235+568+401+818+485,pair5,0.005006951279938221,2.867032527923584,office,theta_base,0.2436096966266632,0.18269173800945282,0.005430698394775391,4.223269462585449,1.0,1.0,1.2141383384789428e-11,,,,,,,,,
02,m2,7scenes,68+151+318+235+568+401+818+485,pair5,1.7141132354736328,55.1470947265625,office,theta_base,0.2994617223739624,0.6314061284065247,1.0093092918395996,60.30747604370117,,,,1.0,1.0000001192092896,2.17227665189057e-07,,,,,,
03,m2,7scenes,68+151+318+235+568+401+818+485,pair5,3.296879003755748e-05,0.23239004611968994,office,theta_base,1.0150609016418457,0.8831304311752319,3.2186508178710938e-06,0.10279207676649094,,,,,,,1.0,0.9999999403953552,2.511193315513083e-07,,,
12,m2,7scenes,68+151+318+235+568+401+818+485,pair5,1.8780183792114258,57.96107482910156,office,theta_base,0.07991030812263489,0.6305487155914307,1.3341344594955444,70.5531234741211,,,,,,,,,,1.0,1.0000001192092896,1.918957508451058e-07
13,m2,7scenes,68+151+318+235+568+401+818+485,pair5,0.0052225482650101185,2.928105115890503,office,theta_base,0.8643546104431152,0.7557185888290405,0.0049419403076171875,4.02866268157959,,,,,,,,,,,,
23,m2,7scenes,68+151+318+235+568+401+818+485,pair5,1.713273048400879,55.132415771484375,office,theta_base,0.8497740030288696,0.5864129662513733,0.008715152740478516,5.350790977478027,,,,,,,,,,,,
01,m3,7scenes,68+151+318+235+568+401+818+485,pair5,0.0015887771733105183,1.6149518489837646,office,theta_base,0.2057824283838272,0.18269173800945282,0.0048947930335998535,4.009366989135742,1.0,1.0,1.0365867886275026e-11,,,,,,,,,
02,m3,7scenes,68+151+318+235+568+401+818+485,pair5,0.04299532622098923,8.408309936523438,office,theta_base,0.5118172764778137,0.6314061284065247,0.06343972682952881,14.469650268554688,,,,1.0,1.0000001192092896,1.8433230764003383e-07,,,,,,
03,m3,7scenes,68+151+318+235+568+401+818+485,pair5,0.00044429380795918405,0.854092001914978,office,theta_base,0.8727084994316101,0.8831304311752319,0.0003637075424194336,1.092711091041565,,,,,,,1.0,1.0000001192092896,1.276675192229959e-07,,,
12,m3,7scenes,68+151+318+235+568+401+818+485,pair5,0.05684305354952812,9.670769691467285,office,theta_base,0.4745371341705322,0.6305487155914307,0.025299906730651855,9.123069763183594,,,,,,,,,,1.0,0.9999999403953552,7.943706492596903e-08
13,m3,7scenes,68+151+318+235+568+401+818+485,pair5,0.0010752815287560225,1.3285431861877441,office,theta_base,0.736961841583252,0.7557185888290405,0.0004748702049255371,1.2486650943756104,,,,,,,,,,,,
23,m3,7scenes,68+151+318+235+568+401+818+485,pair5,0.05190924555063248,9.240630149841309,office,theta_base,0.4592021107673645,0.5864129662513733,0.02323991060256958,8.74300479888916,,,,,,,,,,,,
01,clean,7scenes,80+163+330+246+580+413+830+496,pair8,0.0004989727167412639,0.9048217535018921,office,theta_base,0.12576866149902344,0.12556582689285278,0.007672905921936035,5.020437240600586,1.0,1.0,1.3075161613140818e-12,,,,,,,,,
02,clean,7scenes,80+163+330+246+580+413+830+496,pair8,0.007954238913953304,3.613896608352661,office,theta_base,0.5496529936790466,0.6016248464584351,0.0004019737243652344,1.1487585306167603,,,,1.0,1.0000001192092896,1.5963883015501779e-07,,,,,,
03,clean,7scenes,80+163+330+246+580+413+830+496,pair8,0.0007483658846467733,1.1078283786773682,office,theta_base,0.8597115874290466,0.8871493935585022,5.4955482482910156e-05,0.4247458279132843,,,,,,,1.0,1.0000001192092896,8.666936679446735e-08,,,
12,clean,7scenes,80+163+330+246+580+413+830+496,pair8,0.0108670424669981,4.224196910858154,office,theta_base,0.611863911151886,0.6644464731216431,0.001304328441619873,2.069424867630005,,,,,,,,,,1.0,1.0,1.6382820433591405e-07
13,clean,7scenes,80+163+330+246+580+413+830+496,pair8,0.002305195899680257,1.9450105428695679,office,theta_base,0.8255273103713989,0.8534370064735413,0.00010955333709716797,0.5997046232223511,,,,,,,,,,,,
23,clean,7scenes,80+163+330+246+580+413+830+496,pair8,0.004201963543891907,2.626293897628784,office,theta_base,0.6350345015525818,0.6400900483131409,0.0003573894500732422,1.0831782817840576,,,,,,,,,,,,
01,m0,7scenes,80+163+330+246+580+413+830+496,pair8,0.01170408632606268,4.384097099304199,office,theta_base,0.16751815378665924,0.12556582689285278,0.0049950480461120605,4.050283908843994,1.0,1.0,1.091293982263819e-11,,,,,,,,,
02,m0,7scenes,80+163+330+246+580+413+830+496,pair8,0.006604316178709269,3.2930097579956055,office,theta_base,0.5388377904891968,0.6016248464584351,0.004273593425750732,3.746274709701538,,,,1.0,0.9999998807907104,3.1626214536117914e-07,,,,,,
03,m0,7scenes,80+163+330+246+580+413+830+496,pair8,0.00018919873400591314,0.5567265748977661,office,theta_base,0.8518813252449036,0.8871493935585022,0.00025260448455810547,0.910642147064209,,,,,,,1.0,0.9999998807907104,1.0041433995411353e-07,,,
12,m0,7scenes,80+163+330+246+580+413+830+496,pair8,0.02622907981276512,6.56506872177124,office,theta_base,0.6229142546653748,0.6644464731216431,0.007141768932342529,4.843470573425293,,,,,,,,,,1.0,0.9999998807907104,1.7490363291017275e-07
13,m0,7scenes,80+163+330+246+580+413+830+496,pair8,0.01271104346960783,4.568832874298096,office,theta_base,0.8149086236953735,0.8534370064735413,0.007271230220794678,4.8871989250183105,,,,,,,,,,,,
23,m0,7scenes,80+163+330+246+580+413+830+496,pair8,0.0054456936195492744,2.99015736579895,office,theta_base,0.587012529373169,0.6400900483131409,0.0011412501335144043,1.9357311725616455,,,,,,,,,,,,
01,m1,7scenes,80+163+330+246+580+413+830+496,pair8,0.0054185218177735806,2.982684850692749,office,theta_base,0.1421554535627365,0.12556582689285278,0.0034818053245544434,3.381361484527588,1.0,0.9999999403953552,8.429371689544496e-08,,,,,,,,,
02,m1,7scenes,80+163+330+246+580+413+830+496,pair8,0.015566874295473099,5.056483745574951,office,theta_base,0.5145449638366699,0.6016248464584351,0.0032028555870056152,3.2430477142333984,,,,1.0,0.9999998807907104,1.7307529276422429e-07,,,,,,
03,m1,7scenes,80+163+330+246+580+413+830+496,pair8,0.001114153303205967,1.3521945476531982,office,theta_base,0.8685353994369507,0.8871493935585022,0.00011777877807617188,0.6218108534812927,,,,,,,1.0,1.0,1.6369423860851384e-07,,,
12,m1,7scenes,80+163+330+246+580+413+830+496,pair8,0.037763696163892746,7.8792805671691895,office,theta_base,0.5893098711967468,0.6644464731216431,0.0008733272552490234,1.6932728290557861,,,,,,,,,,1.0,1.0,2.0362774932891625e-07
13,m1,7scenes,80+163+330+246+580+413+830+496,pair8,0.00296420999802649,2.2058451175689697,office,theta_base,0.8440517783164978,0.8534370064735413,0.0028487443923950195,3.0584468841552734,,,,,,,,,,,,
23,m1,7scenes,80+163+330+246+580+413+830+496,pair8,0.024152230471372604,6.299428462982178,office,theta_base,0.5986725687980652,0.6400900483131409,0.0022524595260620117,2.719517707824707,,,,,,,,,,,,
01,m2,7scenes,80+163+330+246+580+413+830+496,pair8,0.0012969364179298282,1.458844542503357,office,theta_base,0.1523936688899994,0.12556582689285278,0.10634136199951172,18.767961502075195,1.0,1.0,9.591121299945549e-12,,,,,,,,,
02,m2,7scenes,80+163+330+246+580+413+830+496,pair8,0.023010265082120895,6.14860725402832,office,theta_base,0.5958069562911987,0.6016248464584351,0.014211833477020264,6.834489822387695,,,,1.0,1.0000001192092896,1.3895984807277273e-07,,,,,,
03,m2,7scenes,80+163+330+246+580+413+830+496,pair8,0.00579355051741004,3.0841338634490967,office,theta_base,0.8100444674491882,0.8871493935585022,4.279613494873047e-05,0.3748224973678589,,,,,,,1.0,1.0000001192092896,1.8493881270842394e-07,,,
12,m2,7scenes,80+163+330+246+580+413+830+496,pair8,0.024060554802417755,6.287466049194336,office,theta_base,0.7065969705581665,0.6644464731216431,0.016799330711364746,7.4314422607421875,,,,,,,,,,1.0,0.9999998211860657,2.0318061899615714e-07
13,m2,7scenes,80+163+330+246+580+413+830+496,pair8,0.009879806078970432,4.027787208557129,office,theta_base,0.8410512804985046,0.8534370064735413,0.0015144944190979004,2.2298481464385986,,,,,,,,,,,,
23,m2,7scenes,80+163+330+246+580+413+830+496,pair8,0.013432426378130913,4.696861267089844,office,theta_base,0.4907316565513611,0.6400900483131409,0.021332144737243652,8.375807762145996,,,,,,,,,,,,
01,m3,7scenes,80+163+330+246+580+413+830+496,pair8,0.00012489854998420924,0.45197466015815735,office,theta_base,0.13882221281528473,0.12556582689285278,0.021609067916870117,8.430095672607422,1.0,1.0,7.889994213527984e-12,,,,,,,,,
02,m3,7scenes,80+163+330+246+580+413+830+496,pair8,0.005368046462535858,2.968738079071045,office,theta_base,0.5446074604988098,0.6016248464584351,0.0023503899574279785,2.7779834270477295,,,,1.0,1.0000001192092896,1.7684276087948092e-07,,,,,,
03,m3,7scenes,80+163+330+246+580+413+830+496,pair8,0.00047600342077203095,0.8829307556152344,office,theta_base,0.858476996421814,0.8871493935585022,2.384185791015625e-05,0.2797648310661316,,,,,,,1.0,1.0,1.5543562881248363e-07,,,
12,m3,7scenes,80+163+330+246+580+413+830+496,pair8,0.004188976250588894,2.6222658157348633,office,theta_base,0.5895036458969116,0.6644464731216431,0.0007167458534240723,1.533910870552063,,,,,,,,,,1.0,1.000000238418579,2.5640184730946203e-07
13,m3,7scenes,80+163+330+246+580+413+830+496,pair8,0.0007942104712128639,1.1408958435058594,office,theta_base,0.8083935379981995,0.8534370064735413,0.0007165670394897461,1.5337833166122437,,,,,,,,,,,,
23,m3,7scenes,80+163+330+246+580+413+830+496,pair8,0.005232150666415691,2.9306447505950928,office,theta_base,0.5830113887786865,0.6400900483131409,0.0008823275566101074,1.7020338773727417,,,,,,,,,,,,
01,clean,7scenes,28+111+278+195+528+361+778+445,pair9,0.006479188334196806,3.2615880966186523,office,theta_base,0.27479588985443115,0.61585932970047,0.6209778189659119,46.40858459472656,1.0,1.0,3.0022358297326912e-12,,,,,,,,,
02,clean,7scenes,28+111+278+195+528+361+778+445,pair9,0.0007473272853530943,1.1078283786773682,office,theta_base,0.43238598108291626,0.478017121553421,2.1517276763916016e-05,0.2654082179069519,,,,1.0,0.9999998807907104,2.8799883011743077e-07,,,,,,
03,clean,7scenes,28+111+278+195+528+361+778+445,pair9,9.855999087449163e-05,0.40251192450523376,office,theta_base,0.799584150314331,0.8940241932868958,5.2094459533691406e-05,0.4135417640209198,,,,,,,1.0,1.0,9.450994298276783e-08,,,
12,clean,7scenes,28+111+278+195+528+361+778+445,pair9,0.007697712630033493,3.555232048034668,office,theta_base,0.21535076200962067,0.5217263102531433,0.9863119721412659,59.546165466308594,,,,,,,,,,1.0,1.0,4.462504321622873e-08
13,clean,7scenes,28+111+278+195+528+361+778+445,pair9,0.006833534222096205,3.3497157096862793,office,theta_base,0.6510842442512512,0.41380995512008667,0.38145262002944946,35.9749641418457,,,,,,,,,,,,
23,clean,7scenes,28+111+278+195+528+361+778+445,pair9,0.0003066225035581738,0.7099673748016357,office,theta_base,0.48843255639076233,0.5504730939865112,0.00013560056686401367,0.6673463582992554,,,,,,,,,,,,
01,m0,7scenes,28+111+278+195+528+361+778+445,pair9,0.01835339143872261,5.490764617919922,office,theta_base,0.5070013403892517,0.61585932970047,0.24024343490600586,28.372316360473633,1.0,1.0,3.162371753351323e-11,,,,,,,,,
02,m0,7scenes,28+111+278+195+528+361+778+445,pair9,0.0038760281167924404,2.522588014602661,office,theta_base,0.47133195400238037,0.478017121553421,0.0011696219444274902,1.9596459865570068,,,,1.0,1.0,1.954641817292213e-07,,,,,,
03,m0,7scenes,28+111+278+195+528+361+778+445,pair9,0.0002616318524815142,0.6555128693580627,office,theta_base,0.8458766937255859,0.8940241932868958,3.600120544433594e-05,0.3437809646129608,,,,,,,1.0,0.9999999403953552,6.8375300088519e-08,,,
12,m0,7scenes,28+111+278+195+528+361+778+445,pair9,0.035352922976017,7.623236656188965,office,theta_base,0.147177055478096,0.5217263102531433,0.239862322807312,28.349332809448242,,,,,,,,,,1.0,0.9999999403953552,1.2746677668928896e-07
13,m0,7scenes,28+111+278+195+528+361+778+445,pair9,0.021674899384379387,5.96726131439209,office,theta_base,0.418112576007843,0.41380995512008667,0.35774552822113037,34.80220413208008,,,,,,,,,,,,
23,m0,7scenes,28+111+278+195+528+361+778+445,pair9,0.0022855361457914114,1.9371460676193237,office,theta_base,0.4917301535606384,0.5504730939865112,0.0003859400749206543,1.1257011890411377,,,,,,,,,,,,
01,m1,7scenes,28+111+278+195+528+361+778+445,pair9,0.007148719392716885,3.425884246826172,office,theta_base,0.5041878819465637,0.61585932970047,0.0905381441116333,17.305755615234375,1.0,1.0,6.2225693348016975e-12,,,,,,,,,
02,m1,7scenes,28+111+278+195+528+361+778+445,pair9,0.0021187704987823963,1.865086317062378,office,theta_base,0.45397067070007324,0.478017121553421,0.0001590251922607422,0.7225343585014343,,,,1.0,1.0000001192092896,9.550068114094756e-08,,,,,,
03,m1,7scenes,28+111+278+195+528+361+778+445,pair9,0.00027459111879579723,0.6714387536048889,office,theta_base,0.8454344868659973,0.8940241932868958,5.1021575927734375e-05,0.40926113724708557,,,,,,,1.0,1.0000001192092896,7.934294643519024e-08,,,
12,m1,7scenes,28+111+278+195+528+361+778+445,pair9,0.0169054102152586,5.269534587860107,office,theta_base,0.25911176204681396,0.5217263102531433,0.02165752649307251,8.439547538757324,,,,,,,,,,1.0,1.0,1.3866508652427e-07
13,m1,7scenes,28+111+278+195+528+361+778+445,pair9,0.010165153071284294,4.085619926452637,office,theta_base,0.35038435459136963,0.41380995512008667,0.169561505317688,23.763118743896484,,,,,,,,,,,,
23,m1,7scenes,28+111+278+195+528+361+778+445,pair9,0.000892327749170363,1.2104690074920654,office,theta_base,0.5166279673576355,0.5504730939865112,0.0001285076141357422,0.6495152711868286,,,,,,,,,,,,
01,m2,7scenes,28+111+278+195+528+361+778+445,pair9,0.006227648817002773,3.1975741386413574,office,theta_base,0.5663421154022217,0.61585932970047,0.1358482837677002,21.23925018310547,1.0,0.9999999403953552,8.429369557916289e-08,,,,,,,,,
02,m2,7scenes,28+111+278+195+528+361+778+445,pair9,0.0011448814766481519,1.3711644411087036,office,theta_base,0.4471208155155182,0.478017121553421,4.8279762268066406e-05,0.3981127440929413,,,,1.0,1.0,2.746672578268772e-07,,,,,,
03,m2,7scenes,28+111+278+195+528+361+778+445,pair9,0.0005576517432928085,0.9569531679153442,office,theta_base,0.8531227707862854,0.8940241932868958,4.76837158203125e-07,0.03956468030810356,,,,,,,1.0,1.0,1.231829003245366e-07,,,
12,m2,7scenes,28+111+278+195+528+361+778+445,pair9,0.010431401431560516,4.138578414916992,office,theta_base,0.2613610327243805,0.5217263102531433,0.15699267387390137,22.85309410095215,,,,,,,,,,1.0,1.0000001192092896,1.9250292382366752e-07
13,m2,7scenes,28+111+278+195+528+361+778+445,pair9,0.003697152016684413,2.4633891582489014,office,theta_base,0.328976571559906,0.41380995512008667,0.31468087434768677,32.57795715332031,,,,,,,,,,,,
23,m2,7scenes,28+111+278+195+528+361+778+445,pair9,0.0020123329013586044,1.8174693584442139,office,theta_base,0.5268819332122803,0.5504730939865112,2.6106834411621094e-05,0.2927522361278534,,,,,,,,,,,,
01,m3,7scenes,28+111+278+195+528+361+778+445,pair9,0.00842744018882513,3.7199440002441406,office,theta_base,0.5501274466514587,0.61585932970047,0.1960906982421875,25.583803176879883,1.0,0.9999999403953552,8.429371689544496e-08,,,,,,,,,
02,m3,7scenes,28+111+278+195+528+361+778+445,pair9,0.0011230314848944545,1.357970952987671,office,theta_base,0.47575199604034424,0.478017121553421,0.00010484457015991211,0.5868416428565979,,,,1.0,0.9999998211860657,3.661416201339307e-07,,,,,,
03,m3,7scenes,28+111+278+195+528+361+778+445,pair9,6.892035162309185e-05,0.3380412757396698,office,theta_base,0.8498837947845459,0.8940241932868958,1.1205673217773438e-05,0.19179700314998627,,,,,,,1.0,1.0,1.4410363746719668e-07,,,
12,m3,7scenes,28+111+278+195+528+361+778+445,pair9,0.015614889562129974,5.064304351806641,office,theta_base,0.21479059755802155,0.5217263102531433,0.178208589553833,24.370574951171875,,,,,,,,,,1.0,0.9999999403953552,1.343526605523948e-07
13,m3,7scenes,28+111+278+195+528+361+778+445,pair9,0.00860494002699852,3.7589025497436523,office,theta_base,0.3701675236225128,0.41380995512008667,0.3845553398132324,36.12601089477539,,,,,,,,,,,,
23,m3,7scenes,28+111+278+195+528+361+778+445,pair9,0.0012292206520214677,1.4205131530761719,office,theta_base,0.5164743661880493,0.5504730939865112,0.0015502572059631348,2.2560267448425293,,,,,,,,,,,,
01,clean,7scenes,31+114+281+198+531+364+781+448,probe0,0.001069484744220972,1.32529878616333,office,theta_rel,0.4645845293998718,0.5828046202659607,0.28349488973617554,30.879064559936523,1.0,1.0,1.52516725377555e-12,,,,,,,,,
02,clean,7scenes,31+114+281+198+531+364+781+448,probe0,9.646671060181689e-06,0.1251145452260971,office,theta_rel,0.48157134652137756,0.49935969710350037,5.960464477539062e-07,0.044234659522771835,,,,1.0,1.0,1.7544419961268432e-07,,,,,,
03,clean,7scenes,31+114+281+198+531+364+781+448,probe0,1.963765316759236e-05,0.1769387125968933,office,theta_rel,0.8635141253471375,0.8964656591415405,2.8014183044433594e-06,0.09691329300403595,,,,,,,1.0,1.0000001192092896,1.0874888545231443e-07,,,
12,clean,7scenes,31+114+281+198+531+364+781+448,probe0,0.0008859988884069026,1.2059340476989746,office,theta_rel,0.14338426291942596,0.523118793964386,0.1804165244102478,24.52341651916504,,,,,,,,,,1.0,1.0000001192092896,1.7633985294196464e-07
13,clean,7scenes,31+114+281+198+531+364+781+448,probe0,0.001170925097540021,1.386492371559143,office,theta_rel,0.48069140315055847,0.4341537356376648,0.3673964738845825,35.28371810913086,,,,,,,,,,,,
23,clean,7scenes,31+114+281+198+531+364+781+448,probe0,3.58414399670437e-05,0.24228337407112122,office,theta_rel,0.535172164440155,0.5563672780990601,8.702278137207031e-06,0.16902045905590057,,,,,,,,,,,,
01,m0,7scenes,31+114+281+198+531+364+781+448,probe0,0.004905323032289743,2.8377978801727295,office,theta_rel,0.27588972449302673,0.5828046202659607,0.43339502811431885,38.43605041503906,1.0,0.9999999403953552,5.509164999195626e-11,,,,,,,,,
02,m0,7scenes,31+114+281+198+531+364+781+448,probe0,0.0022164052352309227,1.90741765499115,office,theta_rel,0.4407236576080322,0.49935969710350037,0.0005819797515869141,1.382251501083374,,,,1.0,1.0,1.71985334418423e-07,,,,,,
03,m0,7scenes,31+114+281+198+531+364+781+448,probe0,0.0007011342095211148,1.0726492404937744,office,theta_rel,0.78673255443573,0.8964656591415405,5.036592483520508e-05,0.40638232231140137,,,,,,,1.0,1.0000001192092896,9.307017023729713e-08,,,
12,m0,7scenes,31+114+281+198+531+364+781+448,probe0,0.0041250851936638355,2.602184534072876,office,theta_rel,0.20654702186584473,0.523118793964386,0.5605675578117371,43.96894836425781,,,,,,,,,,1.0,1.0000001192092896,6.046408174142925e-08
13,m0,7scenes,31+114+281+198+531+364+781+448,probe0,0.0032724603079259396,2.3176488876342773,office,theta_rel,0.5933666229248047,0.4341537356376648,0.2978471517562866,31.671058654785156,,,,,,,,,,,,
23,m0,7scenes,31+114+281+198+531+364+781+448,probe0,0.0011800399515777826,1.3912827968597412,office,theta_rel,0.4936729967594147,0.5563672780990601,0.000624537467956543,1.4319015741348267,,,,,,,,,,,,
01,m1,7scenes,31+114+281+198+531+364+781+448,probe0,0.0051230317912995815,2.9000256061553955,office,theta_rel,0.5134245753288269,0.5828046202659607,0.01166236400604248,6.190521240234375,1.0,1.0,1.352998117189197e-12,,,,,,,,,
02,m1,7scenes,31+114+281+198+531+364+781+448,probe0,0.00029285639175213873,0.6932334899902344,office,theta_rel,0.4688204228878021,0.49935969710350037,0.00011670589447021484,0.6189721822738647,,,,1.0,1.000000238418579,2.8546932639983424e-07,,,,,,
03,m1,7scenes,31+114+281+198+531+364+781+448,probe0,0.0005567425396293402,0.9557254314422607,office,theta_rel,0.8421878218650818,0.8964656591415405,2.384185791015625e-07,0.02797645516693592,,,,,,,1.0,0.9999999403953552,7.27261024735526e-08,,,
12,m1,7scenes,31+114+281+198+531+364+781+448,probe0,0.007045836187899113,3.401106119155884,office,theta_rel,0.4006112515926361,0.523118793964386,0.0031194686889648438,3.2005116939544678,,,,,,,,,,1.0,1.0,4.49052173223663e-08
13,m1,7scenes,31+114+281+198+531+364+781+448,probe0,0.002845288719981909,2.1610264778137207,office,theta_rel,0.3752124011516571,0.4341537356376648,0.012833833694458008,6.494315147399902,,,,,,,,,,,,
23,m1,7scenes,31+114+281+198+531+364+781+448,probe0,0.0013180560199543834,1.4708677530288696,office,theta_rel,0.5176572203636169,0.5563672780990601,3.218650817871094e-05,0.3250574469566345,,,,,,,,,,,,
01,m2,7scenes,31+114+281+198+531+364+781+448,probe0,3.9329466819763184,89.03949737548828,office,theta_rel,0.5807689428329468,0.5828046202659607,0.02810227870941162,9.616195678710938,1.0,1.0,4.588747459267906e-13,,,,,,,,,
02,m2,7scenes,31+114+281+198+531+364+781+448,probe0,0.0009537729201838374,1.2508571147918701,office,theta_rel,0.4402698278427124,0.49935969710350037,0.00016003847122192383,0.7246976494789124,,,,1.0,1.0,1.7898928206250275e-07,,,,,,
03,m2,7scenes,31+114+281+198+531+364+781+448,probe0,3.4207753287773812e-06,0.07401874661445618,office,theta_rel,0.8034679293632507,0.8964656591415405,2.205371856689453e-06,0.08392937481403351,,,,,,,1.0,1.0,3.230794121122926e-08,,,
12,m2,7scenes,31+114+281+198+531+364+781+448,probe0,4.011565208435059,90.16565704345703,office,theta_rel,0.40598782896995544,0.523118793964386,1.197403907775879,66.34065246582031,,,,,,,,,,1.0,1.0,1.6238348621300247e-07
13,m2,7scenes,31+114+281+198+531+364+781+448,probe0,3.933232545852661,89.04358673095703,office,theta_rel,0.2694427967071533,0.4341537356376648,0.8056741952896118,53.33302688598633,,,,,,,,,,,,
23,m2,7scenes,31+114+281+198+531+364+781+448,probe0,0.0009488670621067286,1.2480380535125732,office,theta_rel,0.5043398141860962,0.5563672780990601,7.128715515136719e-05,0.4837595820426941,,,,,,,,,,,,
01,m3,7scenes,31+114+281+198+531+364+781+448,probe0,0.01963898167014122,5.679961204528809,office,theta_rel,0.5184259414672852,0.5828046202659607,0.013161540031433105,6.5767974853515625,1.0,1.0,3.20774786941036e-12,,,,,,,,,
02,m3,7scenes,31+114+281+198+531+364+781+448,probe0,0.0014828336425125599,1.559970736503601,office,theta_rel,0.4682965874671936,0.49935969710350037,0.0022336840629577637,2.708193778991699,,,,1.0,1.0000001192092896,1.4358313649154297e-07,,,,,,
03,m3,7scenes,31+114+281+198+531+364+781+448,probe0,0.00031156674958765507,0.7154583930969238,office,theta_rel,0.829933226108551,0.8964656591415405,4.3272972106933594e-05,0.3769049048423767,,,,,,,1.0,0.9999999403953552,8.018139396881452e-08,,,
12,m3,7scenes,31+114+281+198+531+364+781+448,probe0,0.026178445667028427,6.55867338180542,office,theta_rel,0.39606398344039917,0.523118793964386,0.01436316967010498,6.870811462402344,,,,,,,,,,1.0,0.9999999403953552,1.799141244873681e-07
13,m3,7scenes,31+114+281+198+531+364+781+448,probe0,0.024623284116387367,6.360695838928223,office,theta_rel,0.35621583461761475,0.4341537356376648,0.008458137512207031,5.271244525909424,,,,,,,,,,,,
23,m3,7scenes,31+114+281+198+531+364+781+448,probe0,0.0011628507636487484,1.3816852569580078,office,theta_rel,0.5068036317825317,0.5563672780990601,0.00047659873962402344,1.2508571147918701,,,,,,,,,,,,
01,clean,7scenes,25+108+275+192+525+358+775+442,probe1,0.007176016457378864,3.4323930740356445,office,theta_rel,0.6092076301574707,0.6542685627937317,0.06532478332519531,14.684218406677246,1.0,1.0,8.07122597923371e-12,,,,,,,,,
02,clean,7scenes,25+108+275+192+525+358+775+442,probe1,0.0003518564044497907,0.7600182890892029,office,theta_rel,0.44992485642433167,0.46611151099205017,7.647275924682617e-05,0.5012410283088684,,,,1.0,1.0000001192092896,1.3743635918217478e-07,,,,,,
03,clean,7scenes,25+108+275+192+525+358+775+442,probe1,0.00013130990555509925,0.4647810459136963,office,theta_rel,0.8499216437339783,0.8960312604904175,8.094310760498047e-05,0.5154826641082764,,,,,,,1.0,0.9999998807907104,1.260328161833968e-07,,,
12,clean,7scenes,25+108+275+192+525+358+775+442,probe1,0.009885367006063461,4.028953552246094,office,theta_rel,0.3463681936264038,0.5364242792129517,0.07210445404052734,15.431821823120117,,,,,,,,,,1.0,0.9999999403953552,1.615338618421447e-07
13,clean,7scenes,25+108+275+192+525+358+775+442,probe1,0.008705446496605873,3.7808218002319336,office,theta_rel,0.254467636346817,0.38629981875419617,0.14424121379852295,21.89337158203125,,,,,,,,,,,,
23,clean,7scenes,25+108+275+192+525+358+775+442,probe1,0.00010882243077503517,0.4224361479282379,office,theta_rel,0.5258505940437317,0.558761477470398,0.00010854005813598633,0.5967608690261841,,,,,,,,,,,,
01,m0,7scenes,25+108+275+192+525+358+775+442,probe1,0.020048800855875015,5.739004611968994,office,theta_rel,0.6972766518592834,0.6542685627937317,0.018413782119750977,7.78086519241333,1.0,1.0,5.7334020343857706e-12,,,,,,,,,
02,m0,7scenes,25+108+275+192+525+358+775+442,probe1,0.004410458728671074,2.69093656539917,office,theta_rel,0.4421199858188629,0.46611151099205017,3.361701965332031e-05,0.3322024345397949,,,,1.0,0.9999999403953552,2.995385273152351e-07,,,,,,
03,m0,7scenes,25+108+275+192+525+358+775+442,probe1,0.0007254932424984872,1.0914568901062012,office,theta_rel,0.8342283368110657,0.8960312604904175,0.00016617774963378906,0.738604724407196,,,,,,,1.0,0.9999999403953552,1.2799860371615068e-07,,,
12,m0,7scenes,25+108+275+192+525+358+775+442,probe1,0.04157954454421997,8.268522262573242,office,theta_rel,0.4883155822753906,0.5364242792129517,0.06299948692321777,14.419087409973145,,,,,,,,,,1.0,0.9999999403953552,2.2058193849261443e-07
13,m0,7scenes,25+108+275+192+525+358+775+442,probe1,0.026078976690769196,6.54628324508667,office,theta_rel,0.22101931273937225,0.38629981875419617,0.03807610273361206,11.198004722595215,,,,,,,,,,,,
23,m0,7scenes,25+108+275+192+525+358+775+442,probe1,0.0028846398927271366,2.176008701324463,office,theta_rel,0.5092227458953857,0.558761477470398,0.0002931356430053711,0.980984628200531,,,,,,,,,,,,
01,m1,7scenes,25+108+275+192+525+358+775+442,probe1,0.007393558043986559,3.4842512607574463,office,theta_rel,0.5393041372299194,0.6542685627937317,0.031203031539916992,10.134149551391602,1.0,1.0,2.424144912582804e-11,,,,,,,,,
02,m1,7scenes,25+108+275+192+525+358+775+442,probe1,0.001374624902382493,1.5019383430480957,office,theta_rel,0.44130948185920715,0.46611151099205017,0.00026547908782958984,0.933560848236084,,,,1.0,1.0,2.2638603525138024e-07,,,,,,
03,m1,7scenes,25+108+275+192+525+358+775+442,probe1,0.0007438041502609849,1.1049985885620117,office,theta_rel,0.8505517244338989,0.8960312604904175,9.328126907348633e-05,0.5532007217407227,,,,,,,1.0,1.0000001192092896,1.2507328506217164e-07,,,
12,m1,7scenes,25+108+275+192+525+358+775+442,probe1,0.014951758086681366,4.955510139465332,office,theta_rel,0.34472891688346863,0.5364242792129517,0.01077568531036377,5.950319290161133,,,,,,,,,,1.0,1.0,8.930103234661146e-08
13,m1,7scenes,25+108+275+192+525+358+775+442,probe1,0.00920986756682396,3.8888697624206543,office,theta_rel,0.3423013687133789,0.38629981875419617,0.07739913463592529,15.991947174072266,,,,,,,,,,,,
23,m1,7scenes,25+108+275+192+525+358+775+442,probe1,0.0017067951848730445,1.673743724822998,office,theta_rel,0.5209636688232422,0.558761477470398,0.00042062997817993164,1.1750316619873047,,,,,,,,,,,,
01,m2,7scenes,25+108+275+192+525+358+775+442,probe1,0.010835003107786179,4.218258857727051,office,theta_rel,0.5925007462501526,0.6542685627937317,0.02229928970336914,8.563918113708496,1.0,1.0,5.549224274536968e-12,,,,,,,,,
02,m2,7scenes,25+108+275+192+525+358+775+442,probe1,0.0006161142373457551,1.0056098699569702,office,theta_rel,0.4555146098136902,0.46611151099205017,0.00014013051986694336,0.6783969402313232,,,,1.0,0.9999998211860657,3.262752557020576e-07,,,,,,
03,m2,7scenes,25+108+275+192+525+358+775+442,probe1,0.0002970790665131062,0.6988559365272522,office,theta_rel,0.8362658619880676,0.8960312604904175,4.309415817260742e-05,0.376385360956192,,,,,,,1.0,0.9999999403953552,8.952213192969793e-08,,,
12,m2,7scenes,25+108+275+192+525+358+775+442,probe1,0.01552269421517849,5.049427032470703,office,theta_rel,0.390745609998703,0.5364242792129517,0.01624244451522827,7.307074069976807,,,,,,,,,,1.0,1.0,5.543972747545922e-08
13,m2,7scenes,25+108+275+192+525+358+775+442,probe1,0.013864082284271717,4.771836280822754,office,theta_rel,0.2790319323539734,0.38629981875419617,0.029233098030090332,9.808225631713867,,,,,,,,,,,,
23,m2,7scenes,25+108+275+192+525+358+775+442,probe1,0.00043461634777486324,0.8444147706031799,office,theta_rel,0.5012550950050354,0.558761477470398,0.00033724308013916016,1.0522047281265259,,,,,,,,,,,,
01,m3,7scenes,25+108+275+192+525+358+775+442,probe1,0.00036379159428179264,0.771770715713501,office,theta_rel,0.4873245358467102,0.6542685627937317,0.05542612075805664,13.520352363586426,1.0,1.0,1.5062368019513883e-11,,,,,,,,,
02,m3,7scenes,25+108+275+192+525+358+775+442,probe1,0.0007419745088554919,1.1035809516906738,office,theta_rel,0.441017210483551,0.46611151099205017,3.6716461181640625e-05,0.34717920422554016,,,,1.0,1.000000238418579,3.1271795819520776e-07,,,,,,
03,m3,7scenes,25+108+275+192+525+358+775+442,probe1,6.79247677908279e-05,0.333378404378891,office,theta_rel,0.8319116830825806,0.8960312604904175,3.933906555175781e-05,0.35936465859413147,,,,,,,1.0,0.9999998807907104,3.413644478200695e-08,,,
12,m3,7scenes,25+108+275+192+525+358+775+442,probe1,0.0003871731460094452,0.7967216372489929,office,theta_rel,0.29101207852363586,0.5364242792129517,0.012639999389648438,6.445033073425293,,,,,,,,,,1.0,1.0000001192092896,1.2560509787817864e-07
13,m3,7scenes,25+108+275+192+525+358+775+442,probe1,0.00019997864728793502,0.5719823241233826,office,theta_rel,0.3646368384361267,0.38629981875419617,0.17698019742965698,24.285154342651367,,,,,,,,,,,,
23,m3,7scenes,25+108+275+192+525+358+775+442,probe1,0.00038634869270026684,0.7962302565574646,office,theta_rel,0.5118292570114136,0.558761477470398,0.00021588802337646484,0.8418618440628052,,,,,,,,,,,,
01,clean,7scenes,68+151+318+235+568+401+818+485,pair5,0.00016978807980194688,0.5286014080047607,office,theta_rel,0.2066918909549713,0.18269173800945282,9.506940841674805e-05,0.558831512928009,1.0,1.0,1.933637061232729e-12,,,,,,,,,
02,clean,7scenes,68+151+318+235+568+401+818+485,pair5,0.004850111436098814,2.821610450744629,office,theta_rel,0.5226219296455383,0.6314061284065247,0.003509342670440674,3.3946526050567627,,,,1.0,0.9999997019767761,3.641663681719365e-07,,,,,,
03,clean,7scenes,68+151+318+235+568+401+818+485,pair5,1.734731631586328e-05,0.1678587943315506,office,theta_rel,0.8754025101661682,0.8831304311752319,1.6450881958007812e-05,0.23239004611968994,,,,,,,1.0,1.0,1.7302413368724956e-07,,,
12,clean,7scenes,68+151+318+235+568+401+818+485,pair5,0.004870941396802664,2.8279857635498047,office,theta_rel,0.5128064155578613,0.6305487155914307,0.0005346536636352539,1.3248558044433594,,,,,,,,,,1.0,1.0,1.4912365031705122e-07
13,clean,7scenes,68+151+318+235+568+401+818+485,pair5,0.00013294823293108493,0.46813690662384033,office,theta_rel,0.7302428483963013,0.7557185888290405,0.0002339482307434082,0.8762568235397339,,,,,,,,,,,,
23,clean,7scenes,68+151+318+235+568+401+818+485,pair5,0.005276689305901527,2.9433085918426514,office,theta_rel,0.5565853714942932,0.5864129662513733,0.010771214962005615,5.949100017547607,,,,,,,,,,,,
01,m0,7scenes,68+151+318+235+568+401+818+485,pair5,0.007111542858183384,3.416957378387451,office,theta_rel,0.23318053781986237,0.18269173800945282,0.006721138954162598,4.698570728302002,1.0,1.0,1.7521679636714471e-12,,,,,,,,,
02,m0,7scenes,68+151+318+235+568+401+818+485,pair5,0.02957908809185028,6.972179412841797,office,theta_rel,0.5003589391708374,0.6314061284065247,0.049255967140197754,12.742288589477539,,,,1.0,1.0000001192092896,1.814066337146869e-07,,,,,,
03,m0,7scenes,68+151+318+235+568+401+818+485,pair5,0.00036967662163078785,0.7788375020027161,office,theta_rel,0.8801999092102051,0.8831304311752319,2.384185791015625e-05,0.2797648310661316,,,,,,,1.0,1.0000001192092896,1.3242370755506272e-07,,,
12,m0,7scenes,68+151+318+235+568+401+818+485,pair5,0.059479162096977234,9.89300537109375,office,theta_rel,0.48284727334976196,0.6305487155914307,0.013659417629241943,6.700190544128418,,,,,,,,,,1.0,1.0,1.3572827128882636e-07
13,m0,7scenes,68+151+318+235+568+401+818+485,pair5,0.00672919861972332,3.323899507522583,office,theta_rel,0.7381971478462219,0.7557185888290405,0.008967578411102295,5.427803039550781,,,,,,,,,,,,
23,m0,7scenes,68+151+318+235+568+401+818+485,pair5,0.03332947939634323,7.401572227478027,office,theta_rel,0.4831016957759857,0.5864129662513733,0.03363847732543945,10.523285865783691,,,,,,,,,,,,
01,m1,7scenes,68+151+318+235+568+401+818+485,pair5,0.04691537469625473,8.783980369567871,office,theta_rel,0.12681792676448822,0.18269173800945282,0.0014823675155639648,2.206111192703247,1.0,1.0,6.9559353936543555e-12,,,,,,,,,
02,m1,7scenes,68+151+318+235+568+401+818+485,pair5,0.018406562507152557,5.498682498931885,office,theta_rel,0.4637649357318878,0.6314061284065247,0.013584613800048828,6.681783676147461,,,,1.0,1.0,2.4016316046981956e-07,,,,,,
03,m1,7scenes,68+151+318+235+568+401+818+485,pair5,4.22622833866626e-05,0.2654082179069519,office,theta_rel,0.8746282458305359,0.8831304311752319,1.2755393981933594e-05,0.20463022589683533,,,,,,,1.0,1.0,5.7007415676935125e-08,,,
12,m1,7scenes,68+151+318+235+568+401+818+485,pair5,0.011485710740089417,4.342981815338135,office,theta_rel,0.4389844536781311,0.6305487155914307,0.052043795585632324,13.09946060180664,,,,,,,,,,1.0,0.9999998807907104,2.759203994173731e-07
13,m1,7scenes,68+151+318+235+568+401+818+485,pair5,0.04605305939912796,8.702741622924805,office,theta_rel,0.7788696885108948,0.7557185888290405,0.022442102432250977,8.591349601745605,,,,,,,,,,,,
23,m1,7scenes,68+151+318+235+568+401+818+485,pair5,0.01752759888768196,5.3658576011657715,office,theta_rel,0.5491151213645935,0.5864129662513733,0.02717125415802002,9.455192565917969,,,,,,,,,,,,
01,m2,7scenes,68+151+318+235+568+401+818+485,pair5,0.0031664830166846514,2.2798452377319336,office,theta_rel,0.2349865734577179,0.18269173800945282,0.005575060844421387,4.279059886932373,1.0,1.0,2.0930894170656522e-11,,,,,,,,,
02,m2,7scenes,68+151+318+235+568+401+818+485,pair5,0.8369653224945068,37.743526458740234,office,theta_rel,0.2560824155807495,0.6314061284065247,0.554143488407135,43.70322036743164,,,,1.0,1.0000001192092896,1.9481595359138737e-07,,,,,,
03,m2,7scenes,68+151+318+235+568+401+818+485,pair5,7.760641165077686e-05,0.3560827076435089,office,theta_rel,0.9715480208396912,0.8831304311752319,3.993511199951172e-06,0.11534988880157471,,,,,,,1.0,1.0,7.543064128867627e-08,,,
12,m2,7scenes,68+151+318+235+568+401+818+485,pair5,0.9332911968231201,39.943572998046875,office,theta_rel,0.10985665768384933,0.6305487155914307,0.09583890438079834,17.809152603149414,,,,,,,,,,1.0,1.000000238418579,1.9109161542019137e-07
13,m2,7scenes,68+151+318+235+568+401+818+485,pair5,0.003865530015900731,2.5190160274505615,office,theta_rel,0.824361264705658,0.7557185888290405,0.004130303859710693,3.6829135417938232,,,,,,,,,,,,
23,m2,7scenes,68+151+318+235+568+401+818+485,pair5,0.8287986516952515,37.55201721191406,office,theta_rel,0.740803062915802,0.5864129662513733,0.04032540321350098,11.525093078613281,,,,,,,,,,,,
01,m3,7scenes,68+151+318+235+568+401+818+485,pair5,0.0010781728196889162,1.330309510231018,office,theta_rel,0.2184528410434723,0.18269173800945282,0.007953763008117676,5.1115546226501465,1.0,1.0,1.2581422015323085e-11,,,,,,,,,
02,m3,7scenes,68+151+318+235+568+401+818+485,pair5,0.03004343807697296,7.0267720222473145,office,theta_rel,0.5148178339004517,0.6314061284065247,0.050693631172180176,12.927691459655762,,,,1.0,0.9999999403953552,2.0200538131120993e-07,,,,,,
03,m3,7scenes,68+151+318+235+568+401+818+485,pair5,0.000305781199131161,0.7088640928268433,office,theta_rel,0.8695343136787415,0.8831304311752319,0.00038051605224609375,1.1176762580871582,,,,,,,1.0,0.9999999403953552,9.494272745769194e-08,,,
12,m3,7scenes,68+151+318+235+568+401+818+485,pair5,0.03901982307434082,8.009498596191406,office,theta_rel,0.4805646538734436,0.6305487155914307,0.013469457626342773,6.6533708572387695,,,,,,,,,,1.0,1.0000001192092896,1.344979239092936e-07
13,m3,7scenes,68+151+318+235+568+401+818+485,pair5,0.000972860143519938,1.2639299631118774,office,theta_rel,0.7224669456481934,0.7557185888290405,0.0007478594779968262,1.5669801235198975,,,,,,,,,,,,
23,m3,7scenes,68+151+318+235+568+401+818+485,pair5,0.03589186817407608,7.681248664855957,office,theta_rel,0.4696859121322632,0.5864129662513733,0.020039916038513184,8.117715835571289,,,,,,,,,,,,
01,clean,7scenes,80+163+330+246+580+413+830+496,pair8,0.0002801793161779642,0.6772422194480896,office,theta_rel,0.12868747115135193,0.12556582689285278,0.004847049713134766,3.989781618118286,1.0,1.0,5.747803275002461e-12,,,,,,,,,
02,clean,7scenes,80+163+330+246+580+413+830+496,pair8,0.006031797733157873,3.1469695568084717,office,theta_rel,0.550901472568512,0.6016248464584351,0.0004329681396484375,1.192225694656372,,,,1.0,0.9999999403953552,9.90388926425112e-08,,,,,,
03,clean,7scenes,80+163+330+246+580+413+830+496,pair8,0.001016237074509263,1.2914975881576538,office,theta_rel,0.858555018901825,0.8871493935585022,5.459785461425781e-05,0.42336153984069824,,,,,,,1.0,1.0,1.3693124856217764e-07,,,
12,clean,7scenes,80+163+330+246+580+413+830+496,pair8,0.006268113851547241,3.207843542098999,office,theta_rel,0.6146994829177856,0.6644464731216431,0.0011430978775024414,1.9372470378875732,,,,,,,,,,1.0,0.9999998807907104,2.118644175652662e-07
13,clean,7scenes,80+163+330+246+580+413+830+496,pair8,0.0015398027608171105,1.589547038078308,office,theta_rel,0.8224932551383972,0.8534370064735413,4.094839096069336e-05,0.36690840125083923,,,,,,,,,,,,
23,clean,7scenes,80+163+330+246+580+413+830+496,pair8,0.0025563682429492474,2.0485129356384277,office,theta_rel,0.6346362829208374,0.6400900483131409,0.0004050731658935547,1.1531789302825928,,,,,,,,,,,,
01,m0,7scenes,80+163+330+246+580+413+830+496,pair8,0.008209289982914925,3.6714119911193848,office,theta_rel,0.16850073635578156,0.12556582689285278,0.0021744966506958008,2.672030210494995,1.0,0.9999999403953552,8.429370268459024e-08,,,,,,,,,
02,m0,7scenes,80+163+330+246+580+413+830+496,pair8,0.004763282835483551,2.796383857727051,office,theta_rel,0.5413880944252014,0.6016248464584351,0.004061639308929443,3.6521620750427246,,,,1.0,1.0,1.5358466498582857e-07,,,,,,
03,m0,7scenes,80+163+330+246+580+413+830+496,pair8,0.00029935300699435174,0.7010923624038696,office,theta_rel,0.8496124148368835,0.8871493935585022,0.00030112266540527344,0.9942596554756165,,,,,,,1.0,0.9999998807907104,1.3056695991053857e-07,,,
12,m0,7scenes,80+163+330+246+580+413+830+496,pair8,0.017523057758808136,5.364981174468994,office,theta_rel,0.6269555687904358,0.6644464731216431,0.005749821662902832,4.345641613006592,,,,,,,,,,1.0,0.9999997615814209,2.1272227002100408e-07
13,m0,7scenes,80+163+330+246+580+413+830+496,pair8,0.009898397140204906,4.031674385070801,office,theta_rel,0.811926007270813,0.8534370064735413,0.00588381290435791,4.39600944519043,,,,,,,,,,,,
23,m0,7scenes,80+163+330+246+580+413+830+496,pair8,0.0035601062700152397,2.417513370513916,office,theta_rel,0.5869393348693848,0.6400900483131409,0.0009123086929321289,1.730653166770935,,,,,,,,,,,,
01,m1,7scenes,80+163+330+246+580+413+830+496,pair8,0.004766023252159357,2.797083616256714,office,theta_rel,0.14916303753852844,0.12556582689285278,0.00202333927154541,2.577469825744629,1.0,1.0,8.811697031763099e-13,,,,,,,,,
02,m1,7scenes,80+163+330+246+580+413+830+496,pair8,0.013065052218735218,4.63210391998291,office,theta_rel,0.5107932090759277,0.6016248464584351,0.0022492408752441406,2.717573642730713,,,,1.0,1.0,1.2714708930161578e-07,,,,,,
03,m1,7scenes,80+163+330+246+580+413+830+496,pair8,0.0009435467654839158,1.2442692518234253,office,theta_rel,0.8672956228256226,0.8871493935585022,0.00013589859008789062,0.6679324507713318,,,,,,,1.0,1.0,2.1148991891095648e-07,,,
12,m1,7scenes,80+163+330+246+580+413+830+496,pair8,0.03193720430135727,7.245109558105469,office,theta_rel,0.5871394276618958,0.6644464731216431,0.0026078224182128906,2.9262325763702393,,,,,,,,,,1.0,0.9999998211860657,1.5644056361452385e-07
13,m1,7scenes,80+163+330+246+580+413+830+496,pair8,0.0031038299202919006,2.2570674419403076,office,theta_rel,0.8343207836151123,0.8534370064735413,0.003166019916534424,3.2242794036865234,,,,,,,,,,,,
23,m1,7scenes,80+163+330+246+580+413+830+496,pair8,0.02009449154138565,5.745558738708496,office,theta_rel,0.6073614358901978,0.6400900483131409,0.003008723258972168,3.1431727409362793,,,,,,,,,,,,
01,m2,7scenes,80+163+330+246+580+413+830+496,pair8,0.0012234465684741735,1.416650652885437,office,theta_rel,0.15319710969924927,0.12556582689285278,0.06907880306243896,15.102646827697754,1.0,1.0,1.6595128049523566e-12,,,,,,,,,
02,m2,7scenes,80+163+330+246+580+413+830+496,pair8,0.018950877711176872,5.57949161529541,office,theta_rel,0.5910274386405945,0.6016248464584351,0.013868927955627441,6.751423358917236,,,,1.0,1.0,1.7934924301243882e-07,,,,,,
03,m2,7scenes,80+163+330+246+580+413+830+496,pair8,0.006433891132473946,3.250042676925659,office,theta_rel,0.81163489818573,0.8871493935585022,5.751848220825195e-05,0.4343124032020569,,,,,,,1.0,1.0,1.6059166796367208e-07,,,
12,m2,7scenes,80+163+330+246+580+413+830+496,pair8,0.01536178681999445,5.02297306060791,office,theta_rel,0.6947533488273621,0.6644464731216431,0.015183210372924805,7.064469814300537,,,,,,,,,,1.0,0.9999999403953552,1.0458649768452233e-07
13,m2,7scenes,80+163+330+246+580+413+830+496,pair8,0.008339048363268375,3.7003109455108643,office,theta_rel,0.8303908109664917,0.8534370064735413,0.0013076066970825195,2.071976661682129,,,,,,,,,,,,
23,m2,7scenes,80+163+330+246+580+413+830+496,pair8,0.010382233187556267,4.129008769989014,office,theta_rel,0.4912918210029602,0.6400900483131409,0.01711297035217285,7.500591278076172,,,,,,,,,,,,
01,m3,7scenes,80+163+330+246+580+413+830+496,pair8,0.0004864149959757924,0.8935053944587708,office,theta_rel,0.1405715048313141,0.12556582689285278,0.0185854434967041,7.817106246948242,1.0,1.0,1.4790745017645435e-11,,,,,,,,,
02,m3,7scenes,80+163+330+246+580+413+830+496,pair8,0.003718605265021324,2.4706881046295166,office,theta_rel,0.5432443618774414,0.6016248464584351,0.002244412899017334,2.714691162109375,,,,1.0,0.9999998211860657,1.30303178025315e-07,,,,,,
03,m3,7scenes,80+163+330+246+580+413+830+496,pair8,0.000548698240891099,0.9487385749816895,office,theta_rel,0.8567922711372375,0.8871493935585022,1.9609928131103516e-05,0.2533377707004547,,,,,,,1.0,1.0000001192092896,1.2707495500308141e-07,,,
12,m3,7scenes,80+163+330+246+580+413+830+496,pair8,0.0015326956054195762,1.5860960483551025,office,theta_rel,0.5884161591529846,0.6644464731216431,0.0007176399230957031,1.5349313020706177,,,,,,,,,,1.0,0.9999999403953552,1.4801594261371065e-07
13,m3,7scenes,80+163+330+246+580+413+830+496,pair8,0.0007111344602890313,1.0799216032028198,office,theta_rel,0.8039404153823853,0.8534370064735413,0.0005771517753601074,1.3765770196914673,,,,,,,,,,,,
23,m3,7scenes,80+163+330+246+580+413+830+496,pair8,0.0036070009227842093,2.4334912300109863,office,theta_rel,0.5835604667663574,0.6400900483131409,0.0011087656021118164,1.9079304933547974,,,,,,,,,,,,
01,clean,7scenes,28+111+278+195+528+361+778+445,pair9,3.795372486114502,87.06764221191406,office,theta_rel,0.8218430280685425,0.61585932970047,1.6813709735870361,80.83289337158203,1.0,1.0,2.5835410200070186e-12,,,,,,,,,
02,clean,7scenes,28+111+278+195+528+361+778+445,pair9,0.0005183340981602669,0.9223847389221191,office,theta_rel,0.3899632692337036,0.478017121553421,3.62396240234375e-05,0.3449174463748932,,,,1.0,0.9999998807907104,6.648313188861721e-08,,,,,,
03,clean,7scenes,28+111+278+195+528+361+778+445,pair9,8.934844663599506e-05,0.3835945427417755,office,theta_rel,0.7169318795204163,0.8940241932868958,3.802776336669922e-05,0.3533244729042053,,,,,,,1.0,0.9999998211860657,7.32036866679664e-08,,,
12,clean,7scenes,28+111+278+195+528+361+778+445,pair9,3.7379963397979736,86.244384765625,office,theta_rel,1.1780186891555786,0.5217263102531433,1.9523797035217285,88.63565063476562,,,,,,,,,,1.0,0.9999998211860657,1.40924768743389e-07
13,clean,7scenes,28+111+278+195+528+361+778+445,pair9,3.76878023147583,86.6861801147461,office,theta_rel,1.496464490890503,0.41380995512008667,1.4215202331542969,73.18754577636719,,,,,,,,,,,,
23,clean,7scenes,28+111+278+195+528+361+778+445,pair9,0.000231078258366324,0.6167553663253784,office,theta_rel,0.4380365014076233,0.5504730939865112,0.00018727779388427734,0.7840958833694458,,,,,,,,,,,,
01,m0,7scenes,28+111+278+195+528+361+778+445,pair9,0.016252726316452026,5.166721820831299,office,theta_rel,0.5008069276809692,0.61585932970047,0.22272789478302002,27.297651290893555,1.0,1.0,2.0581239837391685e-11,,,,,,,,,
02,m0,7scenes,28+111+278+195+528+361+778+445,pair9,0.0032732784748077393,2.3179867267608643,office,theta_rel,0.4715464115142822,0.478017121553421,0.0012535452842712402,2.0287368297576904,,,,1.0,0.9999999403953552,1.2059851428602997e-07,,,,,,
03,m0,7scenes,28+111+278+195+528+361+778+445,pair9,0.00035798107273876667,0.7666831016540527,office,theta_rel,0.8411246538162231,0.8940241932868958,3.987550735473633e-05,0.36153605580329895,,,,,,,1.0,1.0,1.3953993516224728e-07,,,
12,m0,7scenes,28+111+278+195+528+361+778+445,pair9,0.029840270057320595,7.0028910636901855,office,theta_rel,0.15058214962482452,0.5217263102531433,0.17929816246032715,24.446109771728516,,,,,,,,,,1.0,1.0,4.979262513415961e-08
13,m0,7scenes,28+111+278+195+528+361+778+445,pair9,0.02030588872730732,5.775636196136475,office,theta_rel,0.40803036093711853,0.41380995512008667,0.3397955894470215,33.89076232910156,,,,,,,,,,,,
23,m0,7scenes,28+111+278+195+528+361+778+445,pair9,0.0016052158316597342,1.6234121322631836,office,theta_rel,0.48648741841316223,0.5504730939865112,0.0003592967987060547,1.0860649347305298,,,,,,,,,,,,
01,m1,7scenes,28+111+278+195+528+361+778+445,pair9,0.006230840925127268,3.1984314918518066,office,theta_rel,0.4905031621456146,0.61585932970047,0.07431018352508545,15.6675386428833,1.0,1.0,5.420335621314498e-12,,,,,,,,,
02,m1,7scenes,28+111+278+195+528+361+778+445,pair9,0.0013068446423858404,1.4644677639007568,office,theta_rel,0.4504321813583374,0.478017121553421,0.0001837611198425293,0.7768250703811646,,,,1.0,1.0,1.386523678092999e-07,,,,,,
03,m1,7scenes,28+111+278+195+528+361+778+445,pair9,0.0002711314591579139,0.6673463582992554,office,theta_rel,0.8381613492965698,0.8940241932868958,5.042552947998047e-05,0.4068635404109955,,,,,,,1.0,1.0,1.8048503136469662e-07,,,
12,m1,7scenes,28+111+278+195+528+361+778+445,pair9,0.013160400092601776,4.648988723754883,office,theta_rel,0.27058905363082886,0.5217263102531433,0.009153306484222412,5.483765125274658,,,,,,,,,,1.0,0.9999999403953552,6.028495391774413e-08
13,m1,7scenes,28+111+278+195+528+361+778+445,pair9,0.009047426283359528,3.8543753623962402,office,theta_rel,0.3558456599712372,0.41380995512008667,0.14176040887832642,21.701976776123047,,,,,,,,,,,,
23,m1,7scenes,28+111+278+195+528+361+778+445,pair9,0.0004227102326694876,0.8327475786209106,office,theta_rel,0.5119713544845581,0.5504730939865112,5.447864532470703e-05,0.42289912700653076,,,,,,,,,,,,
01,m2,7scenes,28+111+278+195+528+361+778+445,pair9,4.814850330352783,101.75415802001953,office,theta_rel,0.5088710784912109,0.61585932970047,0.026841402053833008,9.397496223449707,1.0,1.0,5.35694275397014e-12,,,,,,,,,
02,m2,7scenes,28+111+278+195+528+361+778+445,pair9,0.0008019280503503978,1.1470537185668945,office,theta_rel,0.4343207776546478,0.478017121553421,8.314847946166992e-05,0.522645115852356,,,,1.0,0.9999998807907104,1.2700215279437543e-07,,,,,,
03,m2,7scenes,28+111+278+195+528+361+778+445,pair9,0.0006153242429718375,1.005220651626587,office,theta_rel,0.8273047208786011,0.8940241932868958,1.1920928955078125e-07,0.01978234015405178,,,,,,,1.0,1.0,6.559430687502754e-08,,,
12,m2,7scenes,28+111+278+195+528+361+778+445,pair9,4.881781578063965,102.7352066040039,office,theta_rel,0.3582391142845154,0.5217263102531433,1.086921215057373,62.83597946166992,,,,,,,,,,1.0,0.9999999403953552,1.5220672366922372e-07
13,m2,7scenes,28+111+278+195+528+361+778+445,pair9,4.797248363494873,101.49673461914062,office,theta_rel,0.36736372113227844,0.41380995512008667,0.8474143743515015,54.809783935546875,,,,,,,,,,,,
23,m2,7scenes,28+111+278+195+528+361+778+445,pair9,0.0016333695966750383,1.6375747919082642,office,theta_rel,0.5095994472503662,0.5504730939865112,6.973743438720703e-05,0.47847241163253784,,,,,,,,,,,,
01,m3,7scenes,28+111+278+195+528+361+778+445,pair9,0.004338652826845646,2.6688783168792725,office,theta_rel,0.5250061750411987,0.61585932970047,0.18547344207763672,24.870145797729492,1.0,1.0,2.0631175587371153e-11,,,,,,,,,
02,m3,7scenes,28+111+278+195+528+361+778+445,pair9,0.0007350129308179021,1.0986050367355347,office,theta_rel,0.4794929623603821,0.478017121553421,0.0001412034034729004,0.6807004809379578,,,,1.0,1.0,1.78893515112577e-07,,,,,,
03,m3,7scenes,28+111+278+195+528+361+778+445,pair9,7.317002746276557e-05,0.3460501730442047,office,theta_rel,0.8518630266189575,0.8940241932868958,1.4483928680419922e-05,0.21850323677062988,,,,,,,1.0,1.0,7.860214878974148e-08,,,
12,m3,7scenes,28+111+278+195+528+361+778+445,pair9,0.008470343425869942,3.729301691055298,office,theta_rel,0.2141621857881546,0.5217263102531433,0.11923253536224365,19.883899688720703,,,,,,,,,,1.0,1.0,3.986724550486542e-08
13,m3,7scenes,28+111+278+195+528+361+778+445,pair9,0.004788438323885202,2.8037941455841064,office,theta_rel,0.38763394951820374,0.41380995512008667,0.3513920307159424,34.48200988769531,,,,,,,,,,,,
23,m3,7scenes,28+111+278+195+528+361+778+445,pair9,0.0007304526516236365,1.0950366258621216,office,theta_rel,0.5170455574989319,0.5504730939865112,0.0015464425086975098,2.253248691558838,,,,,,,,,,,,
01,clean,7scenes,13+97+263+180+513+347+763+430,probe0,1.071951919584535e-05,0.1312212347984314,chess,theta0,0.6085734963417053,0.6271636486053467,2.384185791015625e-06,0.08846932649612427,1.0,1.0,2.1359964144651578e-11,,,,,,,,,
02,clean,7scenes,13+97+263+180+513+347+763+430,probe0,1.224178595293779e-05,0.14265252649784088,chess,theta0,0.7283828854560852,0.7511938214302063,5.066394805908203e-06,0.12820425629615784,,,,1.0,0.9999998807907104,1.4085776456340682e-07,,,,,,
03,clean,7scenes,13+97+263+180+513+347+763+430,probe0,2.4786506401142105e-05,0.20174118876457214,chess,theta0,0.7997533679008484,0.823618471622467,2.9802322387695312e-06,0.09891171753406525,,,,,,,1.0,1.0,8.515971927636201e-08,,,
12,clean,7scenes,13+97+263+180+513+347+763+430,probe0,1.5360627685367945e-06,0.05595291033387184,chess,theta0,0.2546948194503784,0.2622179090976715,9.775161743164062e-06,0.17913678288459778,,,,,,,,,,1.0,1.0,1.1610807604256479e-07
13,clean,7scenes,13+97+263+180+513+347+763+430,probe0,3.08061353280209e-05,0.22555352747440338,chess,theta0,0.3850344717502594,0.3941551446914673,6.318092346191406e-06,0.14401766657829285,,,,,,,,,,,,
23,clean,7scenes,13+97+263+180+513+347+763+430,probe0,2.6249272195855156e-05,0.20935674011707306,chess,theta0,0.6125807166099548,0.62777179479599,3.5762786865234375e-07,0.03426402062177658,,,,,,,,,,,,
01,m0,7scenes,13+97+263+180+513+347+763+430,probe0,0.00021140392345841974,0.5895031094551086,chess,theta0,0.6091610193252563,0.6271636486053467,2.3365020751953125e-05,0.2769530415534973,1.0,1.0,2.1245715256523745e-11,,,,,,,,,
02,m0,7scenes,13+97+263+180+513+347+763+430,probe0,5.633158707496477e-06,0.09691329300403595,chess,theta0,0.7312273979187012,0.7511938214302063,8.046627044677734e-06,0.16312941908836365,,,,1.0,1.0000001192092896,1.4133576087260735e-07,,,,,,
03,m0,7scenes,13+97+263+180+513+347+763+430,probe0,0.0005143996677361429,0.9185582399368286,chess,theta0,0.8119756579399109,0.823618471622467,1.3232231140136719e-05,0.2084200084209442,,,,,,,1.0,1.0,1.6435132010883535e-07,,,
12,m0,7scenes,13+97+263+180+513+347+763+430,probe0,0.0002213053376181051,0.6032831072807312,chess,theta0,0.25894197821617126,0.2622179090976715,3.5762786865234375e-05,0.3426406979560852,,,,,,,,,,1.0,1.0,1.3295687040226767e-07
13,m0,7scenes,13+97+263+180+513+347+763+430,probe0,0.0003291330940555781,0.7348863482475281,chess,theta0,0.3922072649002075,0.3941551446914673,7.641315460205078e-05,0.5008504390716553,,,,,,,,,,,,
23,m0,7scenes,13+97+263+180+513+347+763+430,probe0,0.0004462948418222368,0.8559229373931885,chess,theta0,0.621105968952179,0.62777179479599,7.587671279907227e-05,0.49889323115348816,,,,,,,,,,,,
01,m1,7scenes,13+97+263+180+513+347+763+430,probe0,0.00045782755478285253,0.8668270111083984,chess,theta0,0.606755793094635,0.6271636486053467,1.3232231140136719e-05,0.2084200084209442,1.0,1.0,1.1754477599601465e-12,,,,,,,,,
02,m1,7scenes,13+97+263+180+513+347+763+430,probe0,0.00011324963270453736,0.4306930601596832,chess,theta0,0.7301465272903442,0.7511938214302063,1.895427703857422e-05,0.24944600462913513,,,,1.0,1.0,1.2998228271499102e-07,,,,,,
03,m1,7scenes,13+97+263+180+513+347+763+430,probe0,0.0002756220637820661,0.6720213890075684,chess,theta0,0.8005643486976624,0.823618471622467,3.463029861450195e-05,0.3368816077709198,,,,,,,1.0,1.0000001192092896,1.694377118610646e-07,,,
12,m1,7scenes,13+97+263+180+513+347+763+430,probe0,0.0005549598135985434,0.9544960856437683,chess,theta0,0.25853583216667175,0.2622179090976715,0.00028699636459350586,0.9707583785057068,,,,,,,,,,1.0,1.0,2.3304400187385e-08
13,m1,7scenes,13+97+263+180+513+347+763+430,probe0,0.000762084499001503,1.1183762550354004,chess,theta0,0.38887134194374084,0.3941551446914673,7.975101470947266e-05,0.5116726160049438,,,,,,,,,,,,
23,m1,7scenes,13+97+263+180+513+347+763+430,probe0,0.0002627525245770812,0.6567057967185974,chess,theta0,0.6201765537261963,0.62777179479599,2.6524066925048828e-05,0.2947505712509155,,,,,,,,,,,,
01,m2,7scenes,13+97+263+180+513+347+763+430,probe0,0.0005846384447067976,0.9795874357223511,chess,theta0,0.609377384185791,0.6271636486053467,2.9742717742919922e-05,0.31278666853904724,1.0,1.0,2.0592102675798252e-11,,,,,,,,,
02,m2,7scenes,13+97+263+180+513+347+763+430,probe0,0.00021588837262243032,0.595447838306427,chess,theta0,0.7188324332237244,0.7511938214302063,3.337860107421875e-05,0.33102232217788696,,,,1.0,0.9999998807907104,1.243453198185307e-07,,,,,,
03,m2,7scenes,13+97+263+180+513+347+763+430,probe0,0.0005548510234802961,0.9540860652923584,chess,theta0,0.8037282228469849,0.823618471622467,2.574920654296875e-05,0.2907401919364929,,,,,,,1.0,0.9999998807907104,8.926920713747677e-08,,,
12,m2,7scenes,13+97+263+180+513+347+763+430,probe0,0.0009152970742434263,1.2258901596069336,chess,theta0,0.24831096827983856,0.2622179090976715,0.0005552768707275391,1.3501670360565186,,,,,,,,,,1.0,1.0,1.3817708577334997e-07
13,m2,7scenes,13+97+263+180+513+347+763+430,probe0,0.001295977272093296,1.4585762023925781,chess,theta0,0.3876798152923584,0.3941551446914673,4.6372413635253906e-05,0.39016950130462646,,,,,,,,,,,,
23,m2,7scenes,13+97+263+180+513+347+763+430,probe0,0.0001372065453324467,0.474777489900589,chess,theta0,0.6114339232444763,0.62777179479599,6.717443466186523e-05,0.46980592608451843,,,,,,,,,,,,
01,m3,7scenes,13+97+263+180+513+347+763+430,probe0,0.0001470687857363373,0.49098628759384155,chess,theta0,0.6215445399284363,0.6271636486053467,2.0205974578857422e-05,0.2579303979873657,1.0,1.0,2.116892425241268e-11,,,,,,,,,
02,m3,7scenes,13+97+263+180+513+347+763+430,probe0,7.28106388123706e-05,0.3460501730442047,chess,theta0,0.7300186157226562,0.7511938214302063,0.00014978647232055664,0.7010923624038696,,,,1.0,1.000000238418579,2.2554661427420797e-07,,,,,,
03,m3,7scenes,13+97+263+180+513+347+763+430,probe0,7.866875967010856e-05,0.35827404260635376,chess,theta0,0.805378258228302,0.823618471622467,1.5974044799804688e-05,0.22899730503559113,,,,,,,1.0,1.0,1.026662985736948e-07,,,
12,m3,7scenes,13+97+263+180+513+347+763+430,probe0,0.00030907278414815664,0.7116191387176514,chess,theta0,0.2453932911157608,0.2622179090976715,0.0004494190216064453,1.2146649360656738,,,,,,,,,,1.0,1.0000001192092896,1.2077498467988335e-07
13,m3,7scenes,13+97+263+180+513+347+763+430,probe0,0.00033332151360809803,0.7391343712806702,chess,theta0,0.37751302123069763,0.3941551446914673,6.92605972290039e-05,0.4768337607383728,,,,,,,,,,,,
23,m3,7scenes,13+97+263+180+513+347+763+430,probe0,0.00018143032502848655,0.5460806488990784,chess,theta0,0.5993386507034302,0.62777179479599,1.6927719116210938e-05,0.23573395609855652,,,,,,,,,,,,
01,clean,7scenes,46+129+296+213+546+379+796+463,probe1,6.227401900105178e-05,0.32020559906959534,chess,theta0,0.6223055124282837,0.6379273533821106,5.960464477539062e-07,0.044234659522771835,1.0,1.0,5.164233624066483e-12,,,,,,,,,
02,clean,7scenes,46+129+296+213+546+379+796+463,probe1,1.7921427570399828e-05,0.17017419636249542,chess,theta0,0.7486301064491272,0.7677819132804871,2.384185791015625e-06,0.08846932649612427,,,,1.0,1.0,1.7354170722683193e-07,,,,,,
03,clean,7scenes,46+129+296+213+546+379+796+463,probe1,5.0060530156770255e-06,0.09278742223978043,chess,theta0,0.8213637471199036,0.8415749669075012,1.1920928955078125e-07,0.01978234015405178,,,,,,,1.0,0.9999998807907104,1.4354419874962332e-07,,,
12,clean,7scenes,46+129+296+213+546+379+796+463,probe1,2.3082708139554597e-05,0.19382666051387787,chess,theta0,0.13302746415138245,0.13631032407283783,0.00012177228927612305,0.6324195861816406,,,,,,,,,,1.0,0.9999999403953552,8.863844414008781e-08
13,clean,7scenes,46+129+296+213+546+379+796+463,probe1,9.063025208888575e-05,0.3856295645236969,chess,theta0,0.5173199772834778,0.5294864773750305,1.2040138244628906e-05,0.1988101601600647,,,,,,,,,,,,
23,clean,7scenes,46+129+296+213+546+379+796+463,probe1,2.8247415684745647e-05,0.2167048156261444,chess,theta0,0.548359751701355,0.5614218711853027,7.152557373046875e-07,0.04845663905143738,,,,,,,,,,,,
01,m0,7scenes,46+129+296+213+546+379+796+463,probe1,0.0002341328072361648,0.620550811290741,chess,theta0,0.6204739809036255,0.6379273533821106,4.1484832763671875e-05,0.36903542280197144,1.0,0.9999999403953552,8.429370268459024e-08,,,,,,,,,
02,m0,7scenes,46+129+296+213+546+379+796+463,probe1,0.0003301261458545923,0.7359507083892822,chess,theta0,0.749828577041626,0.7677819132804871,9.179115295410156e-06,0.17358940839767456,,,,1.0,1.0,1.0415199369617767e-07,,,,,,
03,m0,7scenes,46+129+296+213+546+379+796+463,probe1,0.0012768818996846676,1.4478031396865845,chess,theta0,0.8219296932220459,0.8415749669075012,0.00011879205703735352,0.6243232488632202,,,,,,,1.0,1.0,1.9764986802783824e-07,,,
12,m0,7scenes,46+129+296+213+546+379+796+463,probe1,0.000791379134170711,1.1391793489456177,chess,theta0,0.13709500432014465,0.13631032407283783,0.00038737058639526367,1.1277852058410645,,,,,,,,,,1.0,1.0,8.97847769465443e-08
13,m0,7scenes,46+129+296+213+546+379+796+463,probe1,0.0014645704068243504,1.5506597757339478,chess,theta0,0.5063983201980591,0.5294864773750305,0.0005199909210205078,1.3065615892410278,,,,,,,,,,,,
23,m0,7scenes,46+129+296+213+546+379+796+463,probe1,0.000467499514343217,0.8758100867271423,chess,theta0,0.5390322208404541,0.5614218711853027,0.0002574324607849121,0.919409990310669,,,,,,,,,,,,
01,m1,7scenes,46+129+296+213+546+379+796+463,probe1,0.0002829717705026269,0.6818494200706482,chess,theta0,0.6199927926063538,0.6379273533821106,1.1324882507324219e-06,0.06255725771188736,1.0,1.0,5.179211226558067e-12,,,,,,,,,
02,m1,7scenes,46+129+296+213+546+379+796+463,probe1,0.00010623845446389169,0.41684067249298096,chess,theta0,0.7482627630233765,0.7677819132804871,4.291534423828125e-06,0.11869406700134277,,,,1.0,1.0000001192092896,1.8984512450970215e-07,,,,,,
03,m1,7scenes,46+129+296+213+546+379+796+463,probe1,0.00016449234681203961,0.5203939080238342,chess,theta0,0.8159372806549072,0.8415749669075012,1.6033649444580078e-05,0.22899730503559113,,,,,,,1.0,0.9999999403953552,1.8137190238576295e-07,,,
12,m1,7scenes,46+129+296+213+546+379+796+463,probe1,0.0004914430319331586,0.8978747129440308,chess,theta0,0.13368938863277435,0.13631032407283783,0.0004031658172607422,1.1504606008529663,,,,,,,,,,1.0,0.9999999403953552,7.429152759641511e-08
13,m1,7scenes,46+129+296+213+546+379+796+463,probe1,0.0005678278394043446,0.965908408164978,chess,theta0,0.5120170712471008,0.5294864773750305,0.00016105175018310547,0.7271236181259155,,,,,,,,,,,,
23,m1,7scenes,46+129+296+213+546+379+796+463,probe1,0.00020054884953424335,0.5740312337875366,chess,theta0,0.5425283312797546,0.5614218711853027,2.9742717742919922e-05,0.31278666853904724,,,,,,,,,,,,
01,m2,7scenes,46+129+296+213+546+379+796+463,probe1,0.0003096388536505401,0.7132670879364014,chess,theta0,0.6234503388404846,0.6379273533821106,3.993511199951172e-06,0.11534988880157471,1.0,1.0,1.1767036130205799e-11,,,,,,,,,
02,m2,7scenes,46+129+296+213+546+379+796+463,probe1,1.0578751243883744e-05,0.1312212347984314,chess,theta0,0.7455615997314453,0.7677819132804871,6.139278411865234e-06,0.14265252649784088,,,,1.0,0.9999998807907104,1.1886906037261724e-07,,,,,,
03,m2,7scenes,46+129+296+213+546+379+796+463,probe1,9.384166332893074e-05,0.39266902208328247,chess,theta0,0.8215523958206177,0.8415749669075012,8.404254913330078e-06,0.16551098227500916,,,,,,,1.0,0.9999998807907104,1.5669279207486397e-07,,,
12,m2,7scenes,46+129+296+213+546+379+796+463,probe1,0.0003540609322953969,0.7625885605812073,chess,theta0,0.12758411467075348,0.13631032407283783,0.00013941526412963867,0.6766641139984131,,,,,,,,,,1.0,0.9999999403953552,6.301853971990568e-08
13,m2,7scenes,46+129+296+213+546+379+796+463,probe1,0.00014514304348267615,0.489389568567276,chess,theta0,0.5154115557670593,0.5294864773750305,7.12275505065918e-05,0.4837595820426941,,,,,,,,,,,,
23,m2,7scenes,46+129+296+213+546+379+796+463,probe1,8.594356040703133e-05,0.3753441870212555,chess,theta0,0.5417898297309875,0.5614218711853027,4.488229751586914e-05,0.3835945427417755,,,,,,,,,,,,
01,m3,7scenes,46+129+296+213+546+379+796+463,probe1,0.0002514401276130229,0.6428533792495728,chess,theta0,0.6180061101913452,0.6379273533821106,5.960464477539062e-07,0.044234659522771835,1.0,1.0,2.121359858608951e-11,,,,,,,,,
02,m3,7scenes,46+129+296+213+546+379+796+463,probe1,2.651299837452825e-05,0.2074790596961975,chess,theta0,0.7415717840194702,0.7677819132804871,3.2782554626464844e-06,0.10467831790447235,,,,1.0,1.0,9.791386901270016e-08,,,,,,
03,m3,7scenes,46+129+296+213+546+379+796+463,probe1,5.406755371950567e-05,0.29870715737342834,chess,theta0,0.8231605887413025,0.8415749669075012,4.649162292480469e-06,0.12354069948196411,,,,,,,1.0,0.9999999403953552,1.473040498467526e-07,,,
12,m3,7scenes,46+129+296+213+546+379+796+463,probe1,0.00030305335531011224,0.7049888968467712,chess,theta0,0.13035732507705688,0.13631032407283783,0.00015664100646972656,0.7170975208282471,,,,,,,,,,1.0,1.0000001192092896,1.306449490812156e-07
13,m3,7scenes,46+129+296+213+546+379+796+463,probe1,0.0001870169216999784,0.5539076924324036,chess,theta0,0.5168896913528442,0.5294864773750305,0.0001798868179321289,0.7684676051139832,,,,,,,,,,,,
23,m3,7scenes,46+129+296+213+546+379+796+463,probe1,9.923108154907823e-05,0.40348300337791443,chess,theta0,0.5473374128341675,0.5614218711853027,0.0001240372657775879,0.63796466588974,,,,,,,,,,,,
01,clean,7scenes,17+100+267+184+517+350+767+850,pair5,3.2124593417393044e-05,0.23069991171360016,chess,theta0,0.6147307753562927,0.6202791929244995,9.5367431640625e-06,0.1769387125968933,1.0,0.9999999403953552,8.429369557916289e-08,,,,,,,,,
02,clean,7scenes,17+100+267+184+517+350+767+850,pair5,0.00013179011875763535,0.4647810459136963,chess,theta0,0.733989953994751,0.7480438351631165,2.6226043701171875e-06,0.09278742223978043,,,,1.0,1.0000001192092896,2.0696464275715698e-07,,,,,,
03,clean,7scenes,17+100+267+184+517+350+767+850,pair5,2.2375144908437505e-05,0.19382666051387787,chess,theta0,0.8038129806518555,0.8103898763656616,8.940696716308594e-07,0.05595291033387184,,,,,,,1.0,1.0,7.545110491946616e-08,,,
12,clean,7scenes,17+100+267+184+517+350+767+850,pair5,0.00013901630882173777,0.4780632555484772,chess,theta0,0.2386205494403839,0.24541252851486206,0.0002560615539550781,0.9168524742126465,,,,,,,,,,1.0,1.0,1.3519138519768603e-07
13,clean,7scenes,17+100+267+184+517+350+767+850,pair5,6.837762612121878e-06,0.10835235565900803,chess,theta0,0.3855239748954773,0.3882521986961365,7.212162017822266e-05,0.4865826964378357,,,,,,,,,,,,
23,clean,7scenes,17+100+267+184+517+350+767+850,pair5,9.782648703549057e-05,0.4015384912490845,chess,theta0,0.5940433144569397,0.6012246608734131,1.1682510375976562e-05,0.19583527743816376,,,,,,,,,,,,
01,m0,7scenes,17+100+267+184+517+350+767+850,pair5,0.0005115445237606764,0.9164255857467651,chess,theta0,0.6090067028999329,0.6202791929244995,5.167722702026367e-05,0.4121198058128357,1.0,1.0,5.171950107768497e-12,,,,,,,,,
02,m0,7scenes,17+100+267+184+517+350+767+850,pair5,4.796176654053852e-05,0.2797648310661316,chess,theta0,0.730714738368988,0.7480438351631165,3.820657730102539e-05,0.35387784242630005,,,,1.0,1.0,7.668445789477119e-08,,,,,,
03,m0,7scenes,17+100+267+184+517+350+767+850,pair5,1.6221474652411416e-05,0.16312941908836365,chess,theta0,0.7984074950218201,0.8103898763656616,1.621246337890625e-05,0.23069991171360016,,,,,,,1.0,0.9999999403953552,1.344446474149663e-07,,,
12,m0,7scenes,17+100+267+184+517+350+767+850,pair5,0.0007908121915534139,1.1391793489456177,chess,theta0,0.23958832025527954,0.24541252851486206,0.00010132789611816406,0.5767518281936646,,,,,,,,,,1.0,1.0,1.3324766712230485e-07
13,m0,7scenes,17+100+267+184+517+350+767+850,pair5,0.0006931553361937404,1.0667954683303833,chess,theta0,0.3762289583683014,0.3882521986961365,0.00016689300537109375,0.7401925921440125,,,,,,,,,,,,
23,m0,7scenes,17+100+267+184+517+350+767+850,pair5,1.101609905163059e-05,0.1370561122894287,chess,theta0,0.5835427641868591,0.6012246608734131,4.8041343688964844e-05,0.39712852239608765,,,,,,,,,,,,
01,m1,7scenes,17+100+267+184+517+350+767+850,pair5,0.00039786018896847963,0.8079403638839722,chess,theta0,0.6170758008956909,0.6202791929244995,4.0531158447265625e-06,0.11534988880157471,1.0,1.0,7.685523224776336e-12,,,,,,,,,
02,m1,7scenes,17+100+267+184+517+350+767+850,pair5,7.97815082478337e-05,0.36153605580329895,chess,theta0,0.7452318668365479,0.7480438351631165,2.1696090698242188e-05,0.2668786346912384,,,,1.0,1.0,1.2081265765573335e-07,,,,,,
03,m1,7scenes,17+100+267+184+517+350+767+850,pair5,0.00020586157916113734,0.5814822316169739,chess,theta0,0.8085732460021973,0.8103898763656616,1.2218952178955078e-05,0.19979195296764374,,,,,,,1.0,1.0,1.7128314766523545e-07,,,
12,m1,7scenes,17+100+267+184+517+350+767+850,pair5,0.0005379434442147613,0.9396197199821472,chess,theta0,0.24866065382957458,0.24541252851486206,0.00010204315185546875,0.5787838101387024,,,,,,,,,,1.0,1.0,1.1551508549700884e-07
13,m1,7scenes,17+100+267+184+517+350+767+850,pair5,4.352907126303762e-05,0.2668786346912384,chess,theta0,0.38953647017478943,0.3882521986961365,0.00014543533325195312,0.6909716129302979,,,,,,,,,,,,
23,m1,7scenes,17+100+267+184+517+350+767+850,pair5,0.0003207199042662978,0.7252374887466431,chess,theta0,0.6064602732658386,0.6012246608734131,5.960464477539062e-07,0.044234659522771835,,,,,,,,,,,,
01,m2,7scenes,17+100+267+184+517+350+767+850,pair5,0.0003826773609034717,0.7922884821891785,chess,theta0,0.6176475286483765,0.6202791929244995,8.493661880493164e-05,0.5278605818748474,1.0,1.0,6.285073156364618e-12,,,,,,,,,
02,m2,7scenes,17+100+267+184+517+350+767+850,pair5,0.00028046220541000366,0.6783969402313232,chess,theta0,0.7309586405754089,0.7480438351631165,2.5331974029541016e-05,0.2880355417728424,,,,1.0,1.0,1.7051027612069447e-07,,,,,,
03,m2,7scenes,17+100+267+184+517+350+767+850,pair5,0.00025018572341650724,0.6404136419296265,chess,theta0,0.8102297782897949,0.8103898763656616,1.7523765563964844e-05,0.23984834551811218,,,,,,,1.0,0.9999998807907104,1.3211190719175647e-07,,,
12,m2,7scenes,17+100+267+184+517+350+767+850,pair5,0.00039137076237238944,0.8011302947998047,chess,theta0,0.23829534649848938,0.24541252851486206,0.0006891489028930664,1.504151701927185,,,,,,,,,,1.0,1.0,6.565033316974223e-08
13,m2,7scenes,17+100+267+184+517+350+767+850,pair5,0.0005975302192382514,0.9903156757354736,chess,theta0,0.386120468378067,0.3882521986961365,0.0001131296157836914,0.6094145774841309,,,,,,,,,,,,
23,m2,7scenes,17+100+267+184+517+350+767+850,pair5,4.927917325403541e-05,0.2853052616119385,chess,theta0,0.5957654118537903,0.6012246608734131,8.761882781982422e-05,0.5363187193870544,,,,,,,,,,,,
01,m3,7scenes,17+100+267+184+517+350+767+850,pair5,0.0007394163403660059,1.1021615266799927,chess,theta0,0.6104993224143982,0.6202791929244995,5.21540641784668e-05,0.41401463747024536,1.0,1.0,2.146415857551265e-11,,,,,,,,,
02,m3,7scenes,17+100+267+184+517+350+767+850,pair5,0.00010849349200725555,0.4224361479282379,chess,theta0,0.7294632196426392,0.7480438351631165,5.245208740234375e-06,0.1312212347984314,,,,1.0,0.9999999403953552,1.608653974471963e-07,,,,,,
03,m3,7scenes,17+100+267+184+517+350+767+850,pair5,1.3181283065932803e-05,0.14803752303123474,chess,theta0,0.7990506887435913,0.8103898763656616,1.9073486328125e-06,0.07912936806678772,,,,,,,1.0,0.9999998807907104,1.933006643639601e-07,,,
12,m3,7scenes,17+100+267+184+517+350+767+850,pair5,0.0007048448314890265,1.0759278535842896,chess,theta0,0.24250014126300812,0.24541252851486206,0.0002620816230773926,0.9274623394012451,,,,,,,,,,1.0,0.9999998211860657,1.303764634030813e-07
13,m3,7scenes,17+100+267+184+517+350+767+850,pair5,0.0009098317241296172,1.2226935625076294,chess,theta0,0.37757718563079834,0.3882521986961365,0.00017893314361572266,0.7664278149604797,,,,,,,,,,,,
23,m3,7scenes,17+100+267+184+517+350+767+850,pair5,0.00016317432164214551,0.5181329250335693,chess,theta0,0.5902371406555176,0.6012246608734131,2.1517276763916016e-05,0.2654082179069519,,,,,,,,,,,,
01,clean,7scenes,32+116+282+199+532+366+782+449,pair8,0.00019182612595614046,0.5616256594657898,chess,theta0,0.6234765648841858,0.6321853399276733,1.1146068572998047e-05,0.19179700314998627,1.0,1.0,6.191572428371206e-12,,,,,,,,,
02,clean,7scenes,32+116+282+199+532+366+782+449,pair8,0.0003226612170692533,0.7273927330970764,chess,theta0,0.7694688439369202,0.7796522378921509,6.318092346191406e-06,0.14401766657829285,,,,1.0,0.9999998211860657,2.3122956349652668e-07,,,,,,
03,clean,7scenes,32+116+282+199+532+366+782+449,pair8,0.00012427335605025291,0.45197466015815735,chess,theta0,0.8138405084609985,0.8290724754333496,5.9604644775390625e-06,0.13988231122493744,,,,,,,1.0,1.0000001192092896,1.8016052649727499e-07,,,
12,clean,7scenes,32+116+282+199+532+366+782+449,pair8,0.00014290963008534163,0.4845678210258484,chess,theta0,0.1830512136220932,0.1884666234254837,0.00016808509826660156,0.7428314089775085,,,,,,,,,,1.0,1.0,6.0644187449554465e-09
13,clean,7scenes,32+116+282+199+532+366+782+449,pair8,0.0005334532470442355,0.9358635544776917,chess,theta0,0.4406980872154236,0.44770774245262146,7.152557373046875e-07,0.04845663905143738,,,,,,,,,,,,
23,clean,7scenes,32+116+282+199+532+366+782+449,pair8,0.00047486176481470466,0.882487416267395,chess,theta0,0.5582887530326843,0.5713932514190674,2.4497509002685547e-05,0.28393030166625977,,,,,,,,,,,,
01,m0,7scenes,32+116+282+199+532+366+782+449,pair8,0.0008739330805838108,1.1974663734436035,chess,theta0,0.6209805011749268,0.6321853399276733,2.1755695343017578e-05,0.2668786346912384,1.0,1.0,5.173830981697325e-12,,,,,,,,,
02,m0,7scenes,32+116+282+199+532+366+782+449,pair8,0.0009167777607217431,1.226528525352478,chess,theta0,0.7672381401062012,0.7796522378921509,5.7220458984375e-06,0.1370561122894287,,,,1.0,1.0,8.013125807337929e-08,,,,,,
03,m0,7scenes,32+116+282+199+532+366+782+449,pair8,0.0004158100637141615,0.826615571975708,chess,theta0,0.8106837868690491,0.8290724754333496,1.8358230590820312e-05,0.2454925775527954,,,,,,,1.0,1.0,9.819390811571793e-08,,,
12,m0,7scenes,32+116+282+199+532+366+782+449,pair8,0.0006446045590564609,1.0290759801864624,chess,theta0,0.18448828160762787,0.1884666234254837,6.836652755737305e-05,0.4739525318145752,,,,,,,,,,1.0,1.0,6.457899104361786e-08
13,m0,7scenes,32+116+282+199+532+366+782+449,pair8,0.0021188778337091208,1.865086317062378,chess,theta0,0.44120097160339355,0.44770774245262146,3.5881996154785156e-05,0.34321129322052,,,,,,,,,,,,
23,m0,7scenes,32+116+282+199+532+366+782+449,pair8,0.0025543812662363052,2.047748565673828,chess,theta0,0.5625788569450378,0.5713932514190674,3.3020973205566406e-05,0.3292442262172699,,,,,,,,,,,,
01,m1,7scenes,32+116+282+199+532+366+782+449,pair8,0.0009948699735105038,1.2777880430221558,chess,theta0,0.6179409027099609,0.6321853399276733,1.4722347259521484e-05,0.22028695046901703,1.0,1.0,1.661357683369058e-12,,,,,,,,,
02,m1,7scenes,32+116+282+199+532+366+782+449,pair8,0.0004906809190288186,0.8970025777816772,chess,theta0,0.7628871202468872,0.7796522378921509,6.973743438720703e-06,0.15065786242485046,,,,1.0,1.0,8.093760328620192e-08,,,,,,
03,m1,7scenes,32+116+282+199+532+366+782+449,pair8,0.0005228400113992393,0.9261955618858337,chess,theta0,0.8145132660865784,0.8290724754333496,2.3543834686279297e-05,0.2783624827861786,,,,,,,1.0,1.0,1.2579795338751865e-07,,,
12,m1,7scenes,32+116+282+199+532+366+782+449,pair8,0.0016928203403949738,1.6669484376907349,chess,theta0,0.18501797318458557,0.1884666234254837,0.00010955333709716797,0.5997046232223511,,,,,,,,,,1.0,1.0000001192092896,7.75255131202357e-08
13,m1,7scenes,32+116+282+199+532+366+782+449,pair8,0.002716111484915018,2.1117398738861084,chess,theta0,0.4357905983924866,0.44770774245262146,0.00023597478866577148,0.8802672624588013,,,,,,,,,,,,
23,m1,7scenes,32+116+282+199+532+366+782+449,pair8,0.0009512009564787149,1.2492917776107788,chess,theta0,0.5542083382606506,0.5713932514190674,0.00028020143508911133,0.9589958190917969,,,,,,,,,,,,
01,m2,7scenes,32+116+282+199+532+366+782+449,pair8,0.0005510839982889593,0.9512103796005249,chess,theta0,0.6246069669723511,0.6321853399276733,5.602836608886719e-06,0.13562092185020447,1.0,1.0,1.0374112159594606e-11,,,,,,,,,
02,m2,7scenes,32+116+282+199+532+366+782+449,pair8,0.0002762045187409967,0.6726034283638,chess,theta0,0.7689381241798401,0.7796522378921509,7.867813110351562e-06,0.16071255505084991,,,,1.0,0.9999998807907104,2.258031628343815e-07,,,,,,
03,m2,7scenes,32+116+282+199+532+366+782+449,pair8,0.0015095830895006657,1.574206829071045,chess,theta0,0.8161542415618896,0.8290724754333496,4.124641418457031e-05,0.3679734468460083,,,,,,,1.0,1.000000238418579,2.809606201026327e-07,,,
12,m2,7scenes,32+116+282+199+532+366+782+449,pair8,0.0003647624980658293,0.7743019461631775,chess,theta0,0.18344330787658691,0.1884666234254837,0.000133514404296875,0.6620473861694336,,,,,,,,,,1.0,1.0,4.424566313332434e-08
13,m2,7scenes,32+116+282+199+532+366+782+449,pair8,0.0032276632264256477,2.3020577430725098,chess,theta0,0.4463743567466736,0.44770774245262146,6.449222564697266e-05,0.46012675762176514,,,,,,,,,,,,
23,m2,7scenes,32+116+282+199+532+366+782+449,pair8,0.0029902872629463673,2.215407133102417,chess,theta0,0.5668982267379761,0.5713932514190674,4.965066909790039e-05,0.40348300337791443,,,,,,,,,,,,
01,m3,7scenes,32+116+282+199+532+366+782+449,pair8,0.00040082805207930505,0.8118062019348145,chess,theta0,0.625525176525116,0.6321853399276733,1.5139579772949219e-05,0.22293581068515778,1.0,1.0,1.0301177445770637e-11,,,,,,,,,
02,m3,7scenes,32+116+282+199+532+366+782+449,pair8,0.0004637518140953034,0.8722279667854309,chess,theta0,0.7715089321136475,0.7796522378921509,2.1457672119140625e-05,0.2654082179069519,,,,1.0,0.9999998807907104,1.5015748999758216e-07,,,,,,
03,m3,7scenes,32+116+282+199+532+366+782+449,pair8,0.0006085288478061557,0.9993636012077332,chess,theta0,0.8152564764022827,0.8290724754333496,2.8848648071289062e-05,0.3077413737773895,,,,,,,1.0,1.0000001192092896,1.3509971097391826e-07,,,
12,m3,7scenes,32+116+282+199+532+366+782+449,pair8,0.0004214729415252805,0.8318071365356445,chess,theta0,0.18174125254154205,0.1884666234254837,0.00036025047302246094,1.0875054597854614,,,,,,,,,,1.0,1.0,2.7043782324653876e-08
13,m3,7scenes,32+116+282+199+532+366+782+449,pair8,0.001885849516838789,1.7596969604492188,chess,theta0,0.44706010818481445,0.44770774245262146,5.900859832763672e-05,0.44013041257858276,,,,,,,,,,,,
23,m3,7scenes,32+116+282+199+532+366+782+449,pair8,0.001964419614523649,1.7955865859985352,chess,theta0,0.5646577477455139,0.5713932514190674,1.6093254089355469e-06,0.07401874661445618,,,,,,,,,,,,
01,clean,7scenes,19+102+269+186+519+352+769+436,pair9,2.5857707441900857e-05,0.20558422803878784,chess,theta0,0.6159361600875854,0.632117748260498,1.8477439880371094e-06,0.07912936806678772,1.0,1.0,2.8707893267448936e-12,,,,,,,,,
02,clean,7scenes,19+102+269+186+519+352+769+436,pair9,4.0214617911260575e-05,0.2564086616039276,chess,theta0,0.7429831624031067,0.7608985900878906,6.198883056640625e-06,0.14265252649784088,,,,1.0,0.9999999403953552,2.0988315441172745e-07,,,,,,
03,clean,7scenes,19+102+269+186+519+352+769+436,pair9,5.262253762339242e-05,0.2947505712509155,chess,theta0,0.8091472387313843,0.8287801742553711,3.159046173095703e-06,0.10087055712938309,,,,,,,1.0,1.0000001192092896,1.2345832089977193e-07,,,
12,clean,7scenes,19+102+269+186+519+352+769+436,pair9,1.4550650121236686e-05,0.15576636791229248,chess,theta0,0.23512710630893707,0.23953579366207123,6.318092346191406e-06,0.14401766657829285,,,,,,,,,,1.0,1.0,8.014415442403333e-08
13,clean,7scenes,19+102+269+186+519+352+769+436,pair9,4.6282362745841965e-05,0.2769530415534973,chess,theta0,0.39160120487213135,0.39845383167266846,4.887580871582031e-06,0.1266688108444214,,,,,,,,,,,,
23,clean,7scenes,19+102+269+186+519+352+769+436,pair9,0.0001082906819647178,0.4215087890625,chess,theta0,0.5920045971870422,0.602563738822937,4.351139068603516e-06,0.11869406700134277,,,,,,,,,,,,
01,m0,7scenes,19+102+269+186+519+352+769+436,pair9,0.0003623488009907305,0.7712634801864624,chess,theta0,0.618198812007904,0.632117748260498,7.927417755126953e-06,0.16071255505084991,1.0,1.0,4.855713270704443e-13,,,,,,,,,
02,m0,7scenes,19+102+269+186+519+352+769+436,pair9,7.202088454505429e-05,0.3437809646129608,chess,theta0,0.7398556470870972,0.7608985900878906,9.59634780883789e-06,0.1769387125968933,,,,1.0,1.0,6.338674296557656e-08,,,,,,
03,m0,7scenes,19+102+269+186+519+352+769+436,pair9,0.0006558989407494664,1.0377861261367798,chess,theta0,0.8118956685066223,0.8287801742553711,7.784366607666016e-05,0.5055169463157654,,,,,,,1.0,0.9999999403953552,1.05518658699566e-07,,,
12,m0,7scenes,19+102+269+186+519+352+769+436,pair9,0.00038024867535568774,0.789814829826355,chess,theta0,0.23239277303218842,0.23953579366207123,0.00020676851272583008,0.8237700462341309,,,,,,,,,,1.0,0.9999998807907104,1.394768531781665e-07
13,m0,7scenes,19+102+269+186+519+352+769+436,pair9,0.0008300872286781669,1.1673458814620972,chess,theta0,0.39824795722961426,0.39845383167266846,0.00029206275939941406,0.9791879057884216,,,,,,,,,,,,
23,m0,7scenes,19+102+269+186+519+352+769+436,pair9,0.0004271336947567761,0.837433934211731,chess,theta0,0.5997120141983032,0.602563738822937,6.854534149169922e-06,0.15065786242485046,,,,,,,,,,,,
01,m1,7scenes,19+102+269+186+519+352+769+436,pair9,0.0003104449715465307,0.7132670879364014,chess,theta0,0.6183485388755798,0.632117748260498,1.817941665649414e-05,0.24389328062534332,1.0,1.0,2.7127764010842492e-12,,,,,,,,,
02,m1,7scenes,19+102+269+186+519+352+769+436,pair9,1.485342909290921e-05,0.15576636791229248,chess,theta0,0.74825119972229,0.7608985900878906,6.020069122314453e-06,0.13988231122493744,,,,1.0,1.0,1.428251295010341e-07,,,,,,
03,m1,7scenes,19+102+269+186+519+352+769+436,pair9,8.62570886965841e-05,0.376385360956192,chess,theta0,0.8132590055465698,0.8287801742553711,7.092952728271484e-06,0.1532333940267563,,,,,,,1.0,1.0,1.4242220913729398e-07,,,
12,m1,7scenes,19+102+269+186+519+352+769+436,pair9,0.00023595252423547208,0.6224399209022522,chess,theta0,0.24206817150115967,0.23953579366207123,8.976459503173828e-05,0.5428462028503418,,,,,,,,,,1.0,0.9999999403953552,7.140036473174405e-08
13,m1,7scenes,19+102+269+186+519+352+769+436,pair9,0.00010617094812914729,0.41684067249298096,chess,theta0,0.389283686876297,0.39845383167266846,6.759166717529297e-05,0.47105371952056885,,,,,,,,,,,,
23,m1,7scenes,19+102+269+186+519+352+769+436,pair9,3.766798909055069e-05,0.2486603558063507,chess,theta0,0.5956819653511047,0.602563738822937,1.806020736694336e-05,0.24389328062534332,,,,,,,,,,,,
01,m2,7scenes,19+102+269+186+519+352+769+436,pair9,0.0004996355273760855,0.9056863784790039,chess,theta0,0.6173458695411682,0.632117748260498,1.3709068298339844e-05,0.21214210987091064,1.0,0.9999999403953552,8.429369557916289e-08,,,,,,,,,
02,m2,7scenes,19+102+269+186+519+352+769+436,pair9,3.341295450809412e-05,0.23406797647476196,chess,theta0,0.7407425045967102,0.7608985900878906,1.1920928955078125e-07,0.01978234015405178,,,,1.0,1.0,1.6583062745212374e-07,,,,,,
03,m2,7scenes,19+102+269+186+519+352+769+436,pair9,0.00037905824137851596,0.7893192172050476,chess,theta0,0.818092942237854,0.8287801742553711,1.7881393432617188e-07,0.02797645516693592,,,,,,,1.0,1.0,1.1646194053582803e-07,,,
12,m2,7scenes,19+102+269+186+519+352+769+436,pair9,0.00033637596061453223,0.7433580756187439,chess,theta0,0.23527786135673523,0.23953579366207123,9.059906005859375e-05,0.5453635454177856,,,,,,,,,,1.0,1.0,4.9071008589862686e-08
13,m2,7scenes,19+102+269+186+519+352+769+436,pair9,4.4165139115648344e-05,0.26979541778564453,chess,theta0,0.39160099625587463,0.39845383167266846,0.0001450181007385254,0.6898379325866699,,,,,,,,,,,,
23,m2,7scenes,19+102+269+186+519+352+769+436,pair9,0.00021174614084884524,0.5895031094551086,chess,theta0,0.5915684700012207,0.602563738822937,0.00013577938079833984,0.6676394939422607,,,,,,,,,,,,
01,m3,7scenes,19+102+269+186+519+352+769+436,pair9,0.00015439861454069614,0.5035777688026428,chess,theta0,0.6123544573783875,0.632117748260498,9.715557098388672e-06,0.17913678288459778,1.0,1.0,3.665021411358715e-12,,,,,,,,,
02,m3,7scenes,19+102+269+186+519+352+769+436,pair9,2.330187999177724e-05,0.19782350957393646,chess,theta0,0.7393069267272949,0.7608985900878906,1.4662742614746094e-05,0.2193969041109085,,,,1.0,1.0,6.807928798480134e-08,,,,,,
03,m3,7scenes,19+102+269+186+519+352+769+436,pair9,0.0009489117655903101,1.2480380535125732,chess,theta0,0.8123471140861511,0.8287801742553711,3.1054019927978516e-05,0.3189810812473297,,,,,,,1.0,0.9999999403953552,1.7656606132732122e-07,,,
12,m3,7scenes,19+102+269+186+519+352+769+436,pair9,0.00017205660697072744,0.5322902798652649,chess,theta0,0.23431296646595,0.23953579366207123,4.589557647705078e-06,0.12194657325744629,,,,,,,,,,1.0,1.0,6.809675312524632e-08
13,m3,7scenes,19+102+269+186+519+352+769+436,pair9,0.0008468411979265511,1.1790218353271484,chess,theta0,0.39900368452072144,0.39845383167266846,7.3909759521484375e-06,0.15576636791229248,,,,,,,,,,,,
23,m3,7scenes,19+102+269+186+519+352+769+436,pair9,0.0009215830359607935,1.2303518056869507,chess,theta0,0.5977645516395569,0.602563738822937,3.0219554901123047e-05,0.3152790367603302,,,,,,,,,,,,
01,clean,7scenes,13+97+263+180+513+347+763+430,probe0,0.00011660237214528024,0.43700727820396423,chess,theta_base,0.6197575330734253,0.6271636486053467,1.3768672943115234e-05,0.21306245028972626,1.0,1.0,1.3338201203250133e-11,,,,,,,,,
02,clean,7scenes,13+97+263+180+513+347+763+430,probe0,0.00022672147315461189,0.6103770732879639,chess,theta_base,0.7438295483589172,0.7511938214302063,3.5762786865234375e-07,0.03426402062177658,,,,1.0,1.0,1.2871984722551133e-07,,,,,,
03,clean,7scenes,13+97+263+180+513+347+763+430,probe0,7.822516636224464e-05,0.35827404260635376,chess,theta_base,0.8077320456504822,0.823618471622467,6.258487701416016e-06,0.14265252649784088,,,,,,,1.0,1.0,1.8027266435183265e-07,,,
12,clean,7scenes,13+97+263+180+513+347+763+430,probe0,8.93695541890338e-05,0.3825729787349701,chess,theta_base,0.25731950998306274,0.2622179090976715,4.76837158203125e-06,0.1251145452260971,,,,,,,,,,1.0,1.0,6.748476266693615e-08
13,clean,7scenes,13+97+263+180+513+347+763+430,probe0,0.00031444980413652956,0.7181881666183472,chess,theta_base,0.390192449092865,0.3941551446914673,0.00011658668518066406,0.6186559796333313,,,,,,,,,,,,
23,clean,7scenes,13+97+263+180+513+347+763+430,probe0,0.0005220996681600809,0.9257727861404419,chess,theta_base,0.6205350160598755,0.62777179479599,4.172325134277344e-06,0.1170339286327362,,,,,,,,,,,,
01,m0,7scenes,13+97+263+180+513+347+763+430,probe0,4.004483707831241e-05,0.25487783551216125,chess,theta_base,0.6167640686035156,0.6271636486053467,3.814697265625e-06,0.11190583556890488,1.0,1.0,4.276130664837563e-12,,,,,,,,,
02,m0,7scenes,13+97+263+180+513+347+763+430,probe0,2.926087108789943e-05,0.22028695046901703,chess,theta_base,0.7392065525054932,0.7511938214302063,1.6093254089355469e-06,0.07401874661445618,,,,1.0,1.0000001192092896,1.097587727372229e-07,,,,,,
03,m0,7scenes,13+97+263+180+513+347+763+430,probe0,0.0002471539191901684,0.6367365717887878,chess,theta_base,0.8129703998565674,0.823618471622467,3.0994415283203125e-06,0.10087055712938309,,,,,,,1.0,1.0,1.4470400344634982e-07,,,
12,m0,7scenes,13+97+263+180+513+347+763+430,probe0,0.0001373051491100341,0.474777489900589,chess,theta_base,0.25594189763069153,0.2622179090976715,7.903575897216797e-05,0.5093729496002197,,,,,,,,,,1.0,1.0000001192092896,6.170353827883446e-08
13,m0,7scenes,13+97+263+180+513+347+763+430,probe0,0.00011659163283184171,0.43700727820396423,chess,theta_base,0.3924996852874756,0.3941551446914673,4.172325134277344e-06,0.1170339286327362,,,,,,,,,,,,
23,m0,7scenes,13+97+263+180+513+347+763+430,probe0,0.0004149695159867406,0.8256680965423584,chess,theta_base,0.6194073557853699,0.62777179479599,9.059906005859375e-06,0.17245851457118988,,,,,,,,,,,,
01,m1,7scenes,13+97+263+180+513+347+763+430,probe0,0.0001686143659753725,0.5256317257881165,chess,theta_base,0.6151309013366699,0.6271636486053467,2.396106719970703e-05,0.2804633677005768,1.0,1.0,5.085203091947932e-12,,,,,,,,,
02,m1,7scenes,13+97+263+180+513+347+763+430,probe0,6.896381819387898e-05,0.33571794629096985,chess,theta_base,0.7365930676460266,0.7511938214302063,3.7550926208496094e-06,0.11190583556890488,,,,1.0,1.0000001192092896,1.7775690253074572e-07,,,,,,
03,m1,7scenes,13+97+263+180+513+347+763+430,probe0,0.00014052665210328996,0.47969770431518555,chess,theta_base,0.8060978651046753,0.823618471622467,1.1444091796875e-05,0.19382666051387787,,,,,,,1.0,1.0000001192092896,2.0838625403030164e-07,,,
12,m1,7scenes,13+97+263+180+513+347+763+430,probe0,0.0002222893963335082,0.6032831072807312,chess,theta_base,0.25475460290908813,0.2622179090976715,6.186962127685547e-05,0.4506739675998688,,,,,,,,,,1.0,0.9999998807907104,1.4085146915476798e-07
13,m1,7scenes,13+97+263+180+513+347+763+430,probe0,0.0002968657645396888,0.6977351307868958,chess,theta_base,0.3913589119911194,0.3941551446914673,0.00010246038436889648,0.5801345705986023,,,,,,,,,,,,
23,m1,7scenes,13+97+263+180+513+347+763+430,probe0,0.0001374364655930549,0.474777489900589,chess,theta_base,0.6193810105323792,0.62777179479599,3.039836883544922e-06,0.10087055712938309,,,,,,,,,,,,
01,m2,7scenes,13+97+263+180+513+347+763+430,probe0,0.00010029633995145559,0.4054182171821594,chess,theta_base,0.6143088340759277,0.6271636486053467,6.4373016357421875e-06,0.1453699767589569,1.0,0.9999999403953552,5.960464477539063e-08,,,,,,,,,
02,m2,7scenes,13+97+263+180+513+347+763+430,probe0,5.070580664323643e-05,0.28939101099967957,chess,theta_base,0.7300961017608643,0.7511938214302063,3.5762786865234375e-07,0.03426402062177658,,,,1.0,1.0,9.759862962255283e-08,,,,,,
03,m2,7scenes,13+97+263+180+513+347+763+430,probe0,0.0002929713227786124,0.6932334899902344,chess,theta_base,0.8080953359603882,0.823618471622467,7.867813110351562e-06,0.16071255505084991,,,,,,,1.0,1.0,1.4970288475524285e-07,,,
12,m2,7scenes,13+97+263+180+513+347+763+430,probe0,0.00013061119534540921,0.463094025850296,chess,theta_base,0.2527535855770111,0.2622179090976715,0.00012540817260742188,0.6416347026824951,,,,,,,,,,1.0,1.0,1.706813748114655e-07
13,m2,7scenes,13+97+263+180+513+347+763+430,probe0,0.00028959073824808,0.6892704367637634,chess,theta_base,0.39056864380836487,0.3941551446914673,3.8743019104003906e-05,0.3566318154335022,,,,,,,,,,,,
23,m2,7scenes,13+97+263+180+513+347+763+430,probe0,0.00010775504051707685,0.4215087890625,chess,theta_base,0.6171002984046936,0.62777179479599,8.225440979003906e-06,0.16432452201843262,,,,,,,,,,,,
01,m3,7scenes,13+97+263+180+513+347+763+430,probe0,0.00011832528980448842,0.4405747354030609,chess,theta_base,0.6214438080787659,0.6271636486053467,2.1398067474365234e-05,0.2654082179069519,1.0,1.0,6.056319942077115e-12,,,,,,,,,
02,m3,7scenes,13+97+263+180+513+347+763+430,probe0,0.00039245953666977584,0.8030819296836853,chess,theta_base,0.7454938888549805,0.7511938214302063,9.655952453613281e-06,0.17804114520549774,,,,1.0,0.9999999403953552,1.4719321939082874e-07,,,,,,
03,m3,7scenes,13+97+263+180+513+347+763+430,probe0,2.2384465410141274e-05,0.18974563479423523,chess,theta_base,0.8062941431999207,0.823618471622467,1.3470649719238281e-05,0.21028929948806763,,,,,,,1.0,1.0000001192092896,1.3064808968010766e-07,,,
12,m3,7scenes,13+97+263+180+513+347+763+430,probe0,9.833990770857781e-05,0.4015384912490845,chess,theta_base,0.25566720962524414,0.2622179090976715,0.0001341104507446289,0.6635236144065857,,,,,,,,,,1.0,1.0,7.823118863825584e-08
13,m3,7scenes,13+97+263+180+513+347+763+430,probe0,0.00021244310482870787,0.5908293128013611,chess,theta_base,0.39010089635849,0.3941551446914673,0.00027430057525634766,0.9489448666572571,,,,,,,,,,,,
23,m3,7scenes,13+97+263+180+513+347+763+430,probe0,0.0005430242163129151,0.9441900849342346,chess,theta_base,0.6196429133415222,0.62777179479599,2.5153160095214844e-05,0.2873553931713104,,,,,,,,,,,,
01,clean,7scenes,46+129+296+213+546+379+796+463,probe1,0.00016368247452192008,0.5188876986503601,chess,theta_base,0.63209468126297,0.6379273533821106,1.8477439880371094e-06,0.07912936806678772,1.0,1.0,5.270613806507285e-12,,,,,,,,,
02,clean,7scenes,46+129+296+213+546+379+796+463,probe1,0.00012444172170944512,0.45197466015815735,chess,theta_base,0.7612501382827759,0.7677819132804871,7.3909759521484375e-06,0.15576636791229248,,,,1.0,0.9999999403953552,1.2670848548168578e-07,,,,,,
03,clean,7scenes,46+129+296+213+546+379+796+463,probe1,3.284692866145633e-05,0.23239004611968994,chess,theta_base,0.828530490398407,0.8415749669075012,4.76837158203125e-07,0.03956468030810356,,,,,,,1.0,0.9999998807907104,6.639935179464374e-08,,,
12,clean,7scenes,46+129+296+213+546+379+796+463,probe1,5.242476618150249e-05,0.29341986775398254,chess,theta_base,0.13600881397724152,0.13631032407283783,0.0002620220184326172,0.9274623394012451,,,,,,,,,,1.0,1.0000001192092896,4.9272863122951094e-08
13,clean,7scenes,46+129+296+213+546+379+796+463,probe1,0.00028050964465364814,0.6789735555648804,chess,theta_base,0.5225914716720581,0.5294864773750305,3.0994415283203125e-06,0.10087055712938309,,,,,,,,,,,,
23,clean,7scenes,46+129+296+213+546+379+796+463,probe1,0.00024570681853219867,0.634890079498291,chess,theta_base,0.5547665953636169,0.5614218711853027,3.5762786865234375e-06,0.10835235565900803,,,,,,,,,,,,
01,m0,7scenes,46+129+296+213+546+379+796+463,probe1,0.00019638135563582182,0.567862331867218,chess,theta_base,0.6325591206550598,0.6379273533821106,1.1622905731201172e-05,0.19583527743816376,1.0,1.0,1.419842975830532e-12,,,,,,,,,
02,m0,7scenes,46+129+296+213+546+379+796+463,probe1,0.0003038145659957081,0.7055438160896301,chess,theta_base,0.761602520942688,0.7677819132804871,6.616115570068359e-06,0.14803752303123474,,,,1.0,0.9999998807907104,1.762869175081505e-07,,,,,,
03,m0,7scenes,46+129+296+213+546+379+796+463,probe1,0.0006790039478801191,1.0557323694229126,chess,theta_base,0.8261668682098389,0.8415749669075012,6.031990051269531e-05,0.44499388337135315,,,,,,,1.0,0.9999998807907104,1.3901181716846622e-07,,,
12,m0,7scenes,46+129+296+213+546+379+796+463,probe1,0.00016768659406807274,0.5248866677284241,chess,theta_base,0.13575567305088043,0.13631032407283783,0.00018537044525146484,0.7800927758216858,,,,,,,,,,1.0,1.0,7.225354181628063e-08
13,m0,7scenes,46+129+296+213+546+379+796+463,probe1,0.00023695651907473803,0.6243232488632202,chess,theta_base,0.517315685749054,0.5294864773750305,0.00014591217041015625,0.6921035051345825,,,,,,,,,,,,
23,m0,7scenes,46+129+296+213+546+379+796+463,probe1,0.00018214754527434707,0.5467968583106995,chess,theta_base,0.5481311082839966,0.5614218711853027,3.331899642944336e-05,0.33102232217788696,,,,,,,,,,,,
01,m1,7scenes,46+129+296+213+546+379+796+463,probe1,0.00010011099220719188,0.4054182171821594,chess,theta_base,0.6323649287223816,0.6379273533821106,8.64267349243164e-06,0.1678587943315506,1.0,1.0,2.2572052733871306e-12,,,,,,,,,
02,m1,7scenes,46+129+296+213+546+379+796+463,probe1,8.11545251053758e-05,0.36476898193359375,chess,theta_base,0.7595807909965515,0.7677819132804871,1.913309097290039e-05,0.25022920966148376,,,,1.0,1.0,2.0411150103427644e-07,,,,,,
03,m1,7scenes,46+129+296+213+546+379+796+463,probe1,0.0002800322836264968,0.6783969402313232,chess,theta_base,0.8281844258308411,0.8415749669075012,2.300739288330078e-05,0.2748253345489502,,,,,,,1.0,1.0000001192092896,3.39560308759701e-08,,,
12,m1,7scenes,46+129+296+213+546+379+796+463,probe1,9.498021245235577e-05,0.3946572542190552,chess,theta_base,0.13314802944660187,0.13631032407283783,0.00040787458419799805,1.157244324684143,,,,,,,,,,1.0,1.0000001192092896,1.700835667861611e-07
13,m1,7scenes,46+129+296+213+546+379+796+463,probe1,0.00026072515174746513,0.6543177962303162,chess,theta_base,0.5225452184677124,0.5294864773750305,4.673004150390625e-05,0.39167115092277527,,,,,,,,,,,,
23,m1,7scenes,46+129+296+213+546+379+796+463,probe1,0.00034239375963807106,0.7496490478515625,chess,theta_base,0.5567241907119751,0.5614218711853027,2.8371810913085938e-05,0.305187463760376,,,,,,,,,,,,
01,m2,7scenes,46+129+296+213+546+379+796+463,probe1,8.257831359514967e-05,0.36690840125083923,chess,theta_base,0.6351155042648315,0.6379273533821106,5.424022674560547e-06,0.13417038321495056,1.0,1.0,3.284753328711143e-12,,,,,,,,,
02,m2,7scenes,46+129+296+213+546+379+796+463,probe1,0.00013520036009140313,0.47063812613487244,chess,theta_base,0.7657907605171204,0.7677819132804871,3.2186508178710938e-06,0.10279207676649094,,,,1.0,1.0000001192092896,1.514147527359455e-07,,,,,,
03,m2,7scenes,46+129+296+213+546+379+796+463,probe1,0.0001238837285200134,0.4511079490184784,chess,theta_base,0.8335261344909668,0.8415749669075012,9.834766387939453e-06,0.17913678288459778,,,,,,,1.0,0.9999998807907104,1.6928781576552865e-07,,,
12,m2,7scenes,46+129+296+213+546+379+796+463,probe1,5.509140464710072e-05,0.3000144064426422,chess,theta_base,0.1369127631187439,0.13631032407283783,5.662441253662109e-06,0.1370561122894287,,,,,,,,,,1.0,1.0000001192092896,6.426197529663114e-08
13,m2,7scenes,46+129+296+213+546+379+796+463,probe1,8.474582864437252e-05,0.37325313687324524,chess,theta_base,0.5254127383232117,0.5294864773750305,2.187490463256836e-05,0.26834094524383545,,,,,,,,,,,,
23,m2,7scenes,46+129+296+213+546+379+796+463,probe1,0.0002599427243694663,0.6525209546089172,chess,theta_base,0.5584650635719299,0.5614218711853027,1.3947486877441406e-05,0.2139788568019867,,,,,,,,,,,,
01,m3,7scenes,46+129+296+213+546+379+796+463,probe1,0.00013799816952086985,0.4764232635498047,chess,theta_base,0.6305242776870728,0.6379273533821106,7.152557373046875e-06,0.1532333940267563,1.0,1.0,1.4059551049425134e-12,,,,,,,,,
02,m3,7scenes,46+129+296+213+546+379+796+463,probe1,0.00013384218618739396,0.46813690662384033,chess,theta_base,0.7572680711746216,0.7677819132804871,7.927417755126953e-06,0.16071255505084991,,,,1.0,1.0,1.6253328283255541e-07,,,,,,
03,m3,7scenes,46+129+296+213+546+379+796+463,probe1,3.599873889470473e-05,0.24389328062534332,chess,theta_base,0.8284479379653931,0.8415749669075012,5.900859832763672e-06,0.13988231122493744,,,,,,,1.0,1.0000001192092896,4.2939991118373655e-08,,,
12,m3,7scenes,46+129+296+213+546+379+796+463,probe1,9.543391934130341e-05,0.3946572542190552,chess,theta_base,0.1342235803604126,0.13631032407283783,0.0007529258728027344,1.5722166299819946,,,,,,,,,,1.0,1.0,6.579534073125615e-08
13,m3,7scenes,46+129+296+213+546+379+796+463,probe1,0.00013046327512711287,0.463094025850296,chess,theta_base,0.5224922895431519,0.5294864773750305,2.7477741241455078e-05,0.3000144064426422,,,,,,,,,,,,
23,m3,7scenes,46+129+296+213+546+379+796+463,probe1,0.00017956909141503274,0.5424855947494507,chess,theta_base,0.5531820058822632,0.5614218711853027,2.4139881134033203e-05,0.2811601758003235,,,,,,,,,,,,
01,clean,7scenes,17+100+267+184+517+350+767+850,pair5,7.026526873232797e-05,0.33919697999954224,chess,theta_base,0.623818039894104,0.6202791929244995,3.159046173095703e-06,0.10087055712938309,1.0,1.0,2.064334467255513e-11,,,,,,,,,
02,clean,7scenes,17+100+267+184+517+350+767+850,pair5,8.084259661700344e-07,0.02797645516693592,chess,theta_base,0.7463427782058716,0.7480438351631165,2.980232238769531e-07,0.02797645516693592,,,,1.0,1.0,1.23047357192263e-07,,,,,,
03,clean,7scenes,17+100+267+184+517+350+767+850,pair5,5.0156813813373446e-05,0.2866736650466919,chess,theta_base,0.8112643361091614,0.8103898763656616,3.5762786865234375e-06,0.10835235565900803,,,,,,,1.0,1.0,1.7588273237834073e-07,,,
12,clean,7scenes,17+100+267+184+517+350+767+850,pair5,5.788247653981671e-05,0.3077413737773895,chess,theta_base,0.24129155278205872,0.24541252851486206,0.00018197298049926758,0.7727842330932617,,,,,,,,,,1.0,0.9999999403953552,1.1574493186117252e-07
13,clean,7scenes,17+100+267+184+517+350+767+850,pair5,0.00010486281098565087,0.4159008264541626,chess,theta_base,0.3907710611820221,0.3882521986961365,5.7697296142578125e-05,0.43521255254745483,,,,,,,,,,,,
23,clean,7scenes,17+100+267+184+517+350+767+850,pair5,4.3502746848389506e-05,0.2668786346912384,chess,theta_base,0.6021365523338318,0.6012246608734131,6.079673767089844e-06,0.14127421379089355,,,,,,,,,,,,
01,m0,7scenes,17+100+267+184+517+350+767+850,pair5,0.0002885562425944954,0.688133955001831,chess,theta_base,0.6191787719726562,0.6202791929244995,1.1026859283447266e-05,0.18974563479423523,1.0,1.0,2.730516117030457e-12,,,,,,,,,
02,m0,7scenes,17+100+267+184+517+350+767+850,pair5,1.7601554645807482e-05,0.17017419636249542,chess,theta_base,0.7409169673919678,0.7480438351631165,9.298324584960938e-06,0.17471297085285187,,,,1.0,1.0,1.7152571274436923e-07,,,,,,
03,m0,7scenes,17+100+267+184+517+350+767+850,pair5,4.889873889624141e-05,0.2825486361980438,chess,theta_base,0.8092055916786194,0.8103898763656616,4.351139068603516e-06,0.11869406700134277,,,,,,,1.0,1.0,1.6615169684541797e-08,,,
12,m0,7scenes,17+100+267+184+517+350+767+850,pair5,0.00037567346589639783,0.7853426337242126,chess,theta_base,0.24036920070648193,0.24541252851486206,5.364418029785156e-05,0.419647753238678,,,,,,,,,,1.0,1.0,1.0705195307991744e-07
13,m0,7scenes,17+100+267+184+517+350+767+850,pair5,0.0004311255179345608,0.8416293859481812,chess,theta_base,0.38579073548316956,0.3882521986961365,9.995698928833008e-05,0.5726661682128906,,,,,,,,,,,,
23,m0,7scenes,17+100+267+184+517+350+767+850,pair5,1.5130302926991135e-05,0.15825878083705902,chess,theta_base,0.5949253439903259,0.6012246608734131,3.319978713989258e-05,0.32983800768852234,,,,,,,,,,,,
01,m1,7scenes,17+100+267+184+517+350+767+850,pair5,4.662781793740578e-05,0.2769530415534973,chess,theta_base,0.623551607131958,0.6202791929244995,4.231929779052734e-06,0.11869406700134277,1.0,1.0,5.372020103061592e-12,,,,,,,,,
02,m1,7scenes,17+100+267+184+517+350+767+850,pair5,2.3869397409725934e-05,0.19583527743816376,chess,theta_base,0.7519173622131348,0.7480438351631165,3.7550926208496094e-06,0.11190583556890488,,,,1.0,1.0,1.1034535418730229e-07,,,,,,
03,m1,7scenes,17+100+267+184+517+350+767+850,pair5,0.00026535571669228375,0.6602716445922852,chess,theta_base,0.8127197027206421,0.8103898763656616,1.6391277313232422e-05,0.23239004611968994,,,,,,,1.0,1.0000001192092896,1.8771203258438618e-07,,,
12,m1,7scenes,17+100+267+184+517+350+767+850,pair5,0.00012601466733030975,0.45456477999687195,chess,theta_base,0.24619919061660767,0.24541252851486206,0.00010609626770019531,0.5901665687561035,,,,,,,,,,1.0,1.0,1.7951953168449108e-07
13,m1,7scenes,17+100+267+184+517+350+767+850,pair5,9.950093954103068e-05,0.40445172786712646,chess,theta_base,0.3908882141113281,0.3882521986961365,8.809566497802734e-05,0.5377761125564575,,,,,,,,,,,,
23,m1,7scenes,17+100+267+184+517+350+767+850,pair5,0.0003969825920648873,0.80697101354599,chess,theta_base,0.6053847670555115,0.6012246608734131,3.421306610107422e-05,0.3351345956325531,,,,,,,,,,,,
01,m2,7scenes,17+100+267+184+517+350+767+850,pair5,3.216744516976178e-05,0.23069991171360016,chess,theta_base,0.6248173713684082,0.6202791929244995,1.1801719665527344e-05,0.19683189690113068,1.0,1.0,2.139971359838011e-11,,,,,,,,,
02,m2,7scenes,17+100+267+184+517+350+767+850,pair5,1.2289683581911959e-05,0.14265252649784088,chess,theta_base,0.7472155690193176,0.7480438351631165,3.7550926208496094e-06,0.11190583556890488,,,,1.0,0.9999999403953552,1.578416828351692e-07,,,,,,
03,m2,7scenes,17+100+267+184+517+350+767+850,pair5,0.0001984202244784683,0.5706123113632202,chess,theta_base,0.813776433467865,0.8103898763656616,8.58306884765625e-06,0.1678587943315506,,,,,,,1.0,1.0,9.017706759095745e-08,,,
12,m2,7scenes,17+100+267+184+517+350+767+850,pair5,4.700930276158033e-06,0.08846932649612427,chess,theta_base,0.24293944239616394,0.24541252851486206,0.0001914501190185547,0.7927823066711426,,,,,,,,,,1.0,1.0,1.5660913277315558e-07
13,m2,7scenes,17+100+267+184+517+350+767+850,pair5,0.00010309407662134618,0.4121198058128357,chess,theta_base,0.3929498493671417,0.3882521986961365,8.678436279296875e-05,0.5337586998939514,,,,,,,,,,,,
23,m2,7scenes,17+100+267+184+517+350+767+850,pair5,0.0001321203599218279,0.46646201610565186,chess,theta_base,0.6061011552810669,0.6012246608734131,4.0531158447265625e-06,0.11534988880157471,,,,,,,,,,,,
01,m3,7scenes,17+100+267+184+517+350+767+850,pair5,4.301384251448326e-05,0.2654082179069519,chess,theta_base,0.6189892292022705,0.6202791929244995,8.940696716308594e-07,0.05595291033387184,1.0,1.0,3.1812998416147487e-12,,,,,,,,,
02,m3,7scenes,17+100+267+184+517+350+767+850,pair5,1.0880440640903544e-05,0.13417038321495056,chess,theta_base,0.7464978098869324,0.7480438351631165,1.6689300537109375e-06,0.07401874661445618,,,,1.0,1.0,1.269923046720578e-07,,,,,,
03,m3,7scenes,17+100+267+184+517+350+767+850,pair5,3.995158112957142e-05,0.2564086616039276,chess,theta_base,0.8069178462028503,0.8103898763656616,2.8014183044433594e-06,0.09691329300403595,,,,,,,1.0,1.0,7.18685200240543e-08,,,
12,m3,7scenes,17+100+267+184+517+350+767+850,pair5,9.678155038272962e-05,0.3986039161682129,chess,theta_base,0.2456393539905548,0.24541252851486206,6.890296936035156e-05,0.4756011366844177,,,,,,,,,,1.0,1.0,6.855074019540552e-08
13,m3,7scenes,17+100+267+184+517+350+767+850,pair5,0.00012466289626900107,0.4528396725654602,chess,theta_base,0.38713112473487854,0.3882521986961365,4.595518112182617e-05,0.38866209983825684,,,,,,,,,,,,
23,m3,7scenes,17+100+267+184+517+350+767+850,pair5,2.755598870862741e-05,0.21306245028972626,chess,theta_base,0.6013191938400269,0.6012246608734131,3.7550926208496094e-06,0.11190583556890488,,,,,,,,,,,,
01,clean,7scenes,32+116+282+199+532+366+782+449,pair8,0.00031251710606738925,0.7165516018867493,chess,theta_base,0.6320077776908875,0.6321853399276733,2.3603439331054688e-05,0.2783624827861786,1.0,1.0,2.22891149981308e-12,,,,,,,,,
02,clean,7scenes,32+116+282+199+532+366+782+449,pair8,0.0005733433645218611,0.9699517488479614,chess,theta_base,0.7801735401153564,0.7796522378921509,5.602836608886719e-06,0.13562092185020447,,,,1.0,0.9999999403953552,2.1055862475805043e-07,,,,,,
03,clean,7scenes,32+116+282+199+532+366+782+449,pair8,7.018281030468643e-05,0.33919697999954224,chess,theta_base,0.8217580318450928,0.8290724754333496,1.1324882507324219e-06,0.06255725771188736,,,,,,,1.0,0.9999998807907104,1.4367506651069561e-07,,,
12,clean,7scenes,32+116+282+199+532+366+782+449,pair8,0.00015112542314454913,0.49889323115348816,chess,theta_base,0.18516194820404053,0.1884666234254837,0.00016951560974121094,0.7459858059883118,,,,,,,,,,1.0,0.9999999403953552,4.09378984045361e-08
13,clean,7scenes,32+116+282+199+532+366+782+449,pair8,0.0006606271490454674,1.0415502786636353,chess,theta_base,0.4470398724079132,0.44770774245262146,8.463859558105469e-06,0.16668902337551117,,,,,,,,,,,,
23,clean,7scenes,32+116+282+199+532+366+782+449,pair8,0.0009013517992570996,1.2162748575210571,chess,theta_base,0.566524088382721,0.5713932514190674,1.138448715209961e-05,0.19382666051387787,,,,,,,,,,,,
01,m0,7scenes,32+116+282+199+532+366+782+449,pair8,0.00039109602221287787,0.8016186356544495,chess,theta_base,0.6339177489280701,0.6321853399276733,1.7344951629638672e-05,0.2390310913324356,1.0,1.0,1.1591974775904124e-11,,,,,,,,,
02,m0,7scenes,32+116+282+199+532+366+782+449,pair8,0.0008996227406896651,1.21498703956604,chess,theta_base,0.7854196429252625,0.7796522378921509,2.3126602172851562e-05,0.2755363881587982,,,,1.0,0.9999999403953552,1.3866240067272884e-07,,,,,,
03,m0,7scenes,32+116+282+199+532+366+782+449,pair8,0.0002962778671644628,0.6977351307868958,chess,theta_base,0.8237709999084473,0.8290724754333496,1.2099742889404297e-05,0.19979195296764374,,,,,,,1.0,1.0000001192092896,6.223415027761803e-08,,,
12,m0,7scenes,32+116+282+199+532+366+782+449,pair8,0.00032850264688022435,0.7348863482475281,chess,theta_base,0.18965430557727814,0.1884666234254837,0.00039690732955932617,1.1415817737579346,,,,,,,,,,1.0,1.0000001192092896,1.3204917159725937e-08
13,m0,7scenes,32+116+282+199+532+366+782+449,pair8,0.0012707333080470562,1.444555640220642,chess,theta_base,0.4498315751552582,0.44770774245262146,6.759166717529297e-05,0.47105371952056885,,,,,,,,,,,,
23,m0,7scenes,32+116+282+199+532+366+782+449,pair8,0.002203491050750017,1.9016631841659546,chess,theta_base,0.5731150507926941,0.5713932514190674,5.9604644775390625e-06,0.13988231122493744,,,,,,,,,,,,
01,m1,7scenes,32+116+282+199+532+366+782+449,pair8,0.00020700145978480577,0.5834977030754089,chess,theta_base,0.627853274345398,0.6321853399276733,6.794929504394531e-06,0.14935344457626343,1.0,1.0,7.494731831675372e-13,,,,,,,,,
02,m1,7scenes,32+116+282+199+532+366+782+449,pair8,0.0010362077737227082,1.3041632175445557,chess,theta_base,0.7808981537818909,0.7796522378921509,6.616115570068359e-06,0.14803752303123474,,,,1.0,1.0,1.986224020811278e-07,,,,,,
03,m1,7scenes,32+116+282+199+532+366+782+449,pair8,0.0003043749020434916,0.7066522836685181,chess,theta_base,0.820672333240509,0.8290724754333496,1.1324882507324219e-05,0.19281451404094696,,,,,,,1.0,0.9999998807907104,1.4170885265230027e-07,,,
12,m1,7scenes,32+116+282+199+532+366+782+449,pair8,0.0008880650857463479,1.207879662513733,chess,theta_base,0.19000260531902313,0.1884666234254837,0.0005852580070495605,1.3862100839614868,,,,,,,,,,1.0,1.0,1.2084194622730138e-07
13,m1,7scenes,32+116+282+199+532+366+782+449,pair8,0.0008918773382902145,1.2101457118988037,chess,theta_base,0.4424213171005249,0.44770774245262146,4.76837158203125e-06,0.1251145452260971,,,,,,,,,,,,
23,m1,7scenes,32+116+282+199+532+366+782+449,pair8,0.0013008606620132923,1.4612571001052856,chess,theta_base,0.5629901885986328,0.5713932514190674,4.303455352783203e-05,0.3758651614189148,,,,,,,,,,,,
01,m2,7scenes,32+116+282+199+532+366+782+449,pair8,0.00022886053193360567,0.6129363179206848,chess,theta_base,0.633219838142395,0.6321853399276733,1.2695789337158203e-05,0.20367176830768585,1.0,1.0,1.04730625213878e-11,,,,,,,,,
02,m2,7scenes,32+116+282+199+532+366+782+449,pair8,0.0006512930267490447,1.0336295366287231,chess,theta_base,0.7825666666030884,0.7796522378921509,1.1920928955078125e-05,0.19782350957393646,,,,1.0,0.9999999403953552,1.5136357944811607e-07,,,,,,
03,m2,7scenes,32+116+282+199+532+366+782+449,pair8,0.0006743962876498699,1.0520187616348267,chess,theta_base,0.8231173753738403,0.8290724754333496,6.258487701416016e-06,0.14265252649784088,,,,,,,1.0,1.0,7.951399538796977e-08,,,
12,m2,7scenes,32+116+282+199+532+366+782+449,pair8,0.00034144666278734803,0.7491268515586853,chess,theta_base,0.18711860477924347,0.1884666234254837,0.00023674964904785156,0.881600022315979,,,,,,,,,,1.0,1.0,1.7652887152053154e-07
13,m2,7scenes,32+116+282+199+532+366+782+449,pair8,0.0015941374003887177,1.6178574562072754,chess,theta_base,0.44773873686790466,0.44770774245262146,5.805492401123047e-05,0.4365592896938324,,,,,,,,,,,,
23,m2,7scenes,32+116+282+199+532+366+782+449,pair8,0.002580345142632723,2.057854413986206,chess,theta_base,0.5691744685173035,0.5713932514190674,1.436471939086914e-05,0.2167048156261444,,,,,,,,,,,,
01,m3,7scenes,32+116+282+199+532+366+782+449,pair8,0.0003050184459425509,0.7077590227127075,chess,theta_base,0.6335942149162292,0.6321853399276733,1.7762184143066406e-05,0.2414744347333908,1.0,1.0,3.090925519005916e-12,,,,,,,,,
02,m3,7scenes,32+116+282+199+532+366+782+449,pair8,0.0011387922568246722,1.3671625852584839,chess,theta_base,0.7864236831665039,0.7796522378921509,7.808208465576172e-06,0.16071255505084991,,,,1.0,0.9999998807907104,1.3092298445371853e-07,,,,,,
03,m3,7scenes,32+116+282+199+532+366+782+449,pair8,0.0003296446520835161,0.7354187369346619,chess,theta_base,0.8222891688346863,0.8290724754333496,2.1159648895263672e-05,0.2639295756816864,,,,,,,1.0,1.0,1.5286970267425204e-07,,,
12,m3,7scenes,32+116+282+199+532+366+782+449,pair8,0.0004287514602765441,0.8388347029685974,chess,theta_base,0.18923752009868622,0.1884666234254837,0.0004228353500366211,1.1781917810440063,,,,,,,,,,1.0,0.9999999403953552,6.385018735954873e-08
13,m3,7scenes,32+116+282+199+532+366+782+449,pair8,0.0011874788906425238,1.3963371515274048,chess,theta_base,0.45089054107666016,0.44770774245262146,0.0001024007797241211,0.5797972083091736,,,,,,,,,,,,
23,m3,7scenes,32+116+282+199+532+366+782+449,pair8,0.002672117669135332,2.094430446624756,chess,theta_base,0.5733900666236877,0.5713932514190674,6.556510925292969e-06,0.14670981466770172,,,,,,,,,,,,
01,clean,7scenes,19+102+269+186+519+352+769+436,pair9,0.00012213803711347282,0.44762441515922546,chess,theta_base,0.6257480382919312,0.632117748260498,1.621246337890625e-05,0.23069991171360016,1.0,1.0,9.917977897289099e-12,,,,,,,,,
02,clean,7scenes,19+102+269+186+519+352+769+436,pair9,0.00020736017904710025,0.5834977030754089,chess,theta_base,0.7552191019058228,0.7608985900878906,8.344650268554688e-07,0.05233915522694588,,,,1.0,1.0,9.20487295275052e-08,,,,,,
03,clean,7scenes,19+102+269+186+519+352+769+436,pair9,0.00011648669897112995,0.43700727820396423,chess,theta_base,0.8178609013557434,0.8287801742553711,4.708766937255859e-06,0.1251145452260971,,,,,,,1.0,1.0,8.725126576791808e-08,,,
12,clean,7scenes,19+102+269+186+519+352+769+436,pair9,6.0289425164228305e-05,0.3140353262424469,chess,theta_base,0.23602919280529022,0.23953579366207123,4.649162292480469e-06,0.12354069948196411,,,,,,,,,,1.0,0.9999999403953552,1.208231878990773e-07
13,clean,7scenes,19+102+269+186+519+352+769+436,pair9,0.00034391123335808516,0.7517343759536743,chess,theta_base,0.39681529998779297,0.39845383167266846,4.76837158203125e-06,0.1251145452260971,,,,,,,,,,,,
23,clean,7scenes,19+102+269+186+519+352+769+436,pair9,0.00055033212993294,0.9507988691329956,chess,theta_base,0.5977995991706848,0.602563738822937,7.68899917602539e-06,0.15825878083705902,,,,,,,,,,,,
01,m0,7scenes,19+102+269+186+519+352+769+436,pair9,0.00022435392020270228,0.6071627736091614,chess,theta_base,0.6285614967346191,0.632117748260498,2.2232532501220703e-05,0.26979541778564453,1.0,1.0,4.175264647909849e-11,,,,,,,,,
02,m0,7scenes,19+102+269+186+519+352+769+436,pair9,0.00019247637828812003,0.5623220205307007,chess,theta_base,0.7599045038223267,0.7608985900878906,1.2516975402832031e-06,0.06255725771188736,,,,1.0,0.9999999403953552,1.4081565780088567e-07,,,,,,
03,m0,7scenes,19+102+269+186+519+352+769+436,pair9,0.0006028333446010947,0.9946531653404236,chess,theta_base,0.8205429911613464,0.8287801742553711,6.22868537902832e-05,0.45197466015815735,,,,,,,1.0,0.9999998211860657,1.3799662212932162e-07,,,
12,m0,7scenes,19+102+269+186+519+352+769+436,pair9,0.00030908381449989974,0.7127181887626648,chess,theta_base,0.23761621117591858,0.23953579366207123,8.255243301391602e-05,0.5203939080238342,,,,,,,,,,1.0,0.9999999403953552,9.482300100671637e-08
13,m0,7scenes,19+102+269+186+519+352+769+436,pair9,0.0009136824519373477,1.224932074546814,chess,theta_base,0.4042383134365082,0.39845383167266846,0.00034624338150024414,1.0660614967346191,,,,,,,,,,,,
23,m0,7scenes,19+102+269+186+519+352+769+436,pair9,0.001393794664181769,1.5125846862792969,chess,theta_base,0.6076555252075195,0.602563738822937,2.8133392333984375e-05,0.30390244722366333,,,,,,,,,,,,
01,m1,7scenes,19+102+269+186+519+352+769+436,pair9,2.421283716103062e-05,0.19782350957393646,chess,theta_base,0.6257019639015198,0.632117748260498,1.7881393432617188e-07,0.02797645516693592,1.0,1.0,2.1075712355878018e-11,,,,,,,,,
02,m1,7scenes,19+102+269+186+519+352+769+436,pair9,0.0001522856327937916,0.5004596710205078,chess,theta_base,0.7564740180969238,0.7608985900878906,1.7881393432617188e-07,0.02797645516693592,,,,1.0,1.0,1.937059010970188e-07,,,,,,
03,m1,7scenes,19+102+269+186+519+352+769+436,pair9,0.00016536597104277462,0.5203939080238342,chess,theta_base,0.8173602223396301,0.8287801742553711,1.2159347534179688e-05,0.19979195296764374,,,,,,,1.0,0.9999998807907104,2.2917112119102967e-07,,,
12,m1,7scenes,19+102+269+186+519+352+769+436,pair9,0.00029086717404425144,0.6909716129302979,chess,theta_base,0.23935486376285553,0.23953579366207123,8.749961853027344e-05,0.5359537601470947,,,,,,,,,,1.0,1.0,6.410518693655831e-08
13,m1,7scenes,19+102+269+186+519+352+769+436,pair9,6.461206066887826e-05,0.32625916600227356,chess,theta_base,0.3937930762767792,0.39845383167266846,0.0001062154769897461,0.5904980301856995,,,,,,,,,,,,
23,m1,7scenes,19+102+269+186+519+352+769+436,pair9,0.0005980200949124992,0.9911057353019714,chess,theta_base,0.5975822806358337,0.602563738822937,1.9490718841552734e-05,0.2533377707004547,,,,,,,,,,,,
01,m2,7scenes,19+102+269+186+519+352+769+436,pair9,0.00012834891094826162,0.4588492214679718,chess,theta_base,0.6230741143226624,0.632117748260498,1.704692840576172e-05,0.23656253516674042,1.0,1.0,5.15686625346401e-12,,,,,,,,,
02,m2,7scenes,19+102+269+186+519+352+769+436,pair9,0.00016684777801856399,0.5233933329582214,chess,theta_base,0.7537701725959778,0.7608985900878906,1.233816146850586e-05,0.20174118876457214,,,,1.0,1.0,9.82548797878735e-08,,,,,,
03,m2,7scenes,19+102+269+186+519+352+769+436,pair9,0.0003448312636464834,0.7527747750282288,chess,theta_base,0.8205202221870422,0.8287801742553711,4.5299530029296875e-06,0.12194657325744629,,,,,,,1.0,1.0,1.4569847905931965e-07,,,
12,m2,7scenes,19+102+269+186+519+352+769+436,pair9,0.00014874506450723857,0.49416425824165344,chess,theta_base,0.23726564645767212,0.23953579366207123,9.149312973022461e-05,0.5482264161109924,,,,,,,,,,1.0,1.0,9.448326920846739e-08
13,m2,7scenes,19+102+269+186+519+352+769+436,pair9,0.00016642059199512005,0.5233933329582214,chess,theta_base,0.39757516980171204,0.39845383167266846,1.1801719665527344e-05,0.19683189690113068,,,,,,,,,,,,
23,m2,7scenes,19+102+269+186+519+352+769+436,pair9,0.0006208277773112059,1.0098817348480225,chess,theta_base,0.597956657409668,0.602563738822937,2.1338462829589844e-05,0.2646699547767639,,,,,,,,,,,,
01,m3,7scenes,19+102+269+186+519+352+769+436,pair9,0.00028963279328309,0.6898379325866699,chess,theta_base,0.6192789673805237,0.632117748260498,3.987550735473633e-05,0.36153605580329895,1.0,1.0,5.786082116904234e-12,,,,,,,,,
02,m3,7scenes,19+102+269+186+519+352+769+436,pair9,4.207521487842314e-05,0.2624426484107971,chess,theta_base,0.7462908029556274,0.7608985900878906,3.337860107421875e-06,0.10467831790447235,,,,1.0,1.0,4.1169588627099074e-08,,,,,,
03,m3,7scenes,19+102+269+186+519+352+769+436,pair9,0.0005850819288752973,0.9799869060516357,chess,theta_base,0.8169835209846497,0.8287801742553711,1.0728836059570312e-05,0.18767184019088745,,,,,,,1.0,1.0000001192092896,1.5011120524377475e-07,,,
12,m3,7scenes,19+102+269+186+519+352+769+436,pair9,0.00021398172248154879,0.5921525359153748,chess,theta_base,0.23166309297084808,0.23953579366207123,5.2809715270996094e-05,0.41637101769447327,,,,,,,,,,1.0,0.9999999403953552,6.042636613301511e-08
13,m3,7scenes,19+102+269+186+519+352+769+436,pair9,0.0007969505386427045,1.1439789533615112,chess,theta_base,0.40187156200408936,0.39845383167266846,1.4901161193847656e-06,0.06852804869413376,,,,,,,,,,,,
23,m3,7scenes,19+102+269+186+519+352+769+436,pair9,0.000865903974045068,1.192225694656372,chess,theta_base,0.598031222820282,0.602563738822937,3.325939178466797e-05,0.3304307162761688,,,,,,,,,,,,
01,clean,7scenes,13+97+263+180+513+347+763+430,probe0,0.0002483265125192702,0.63796466588974,chess,theta_rel,0.617759108543396,0.6271636486053467,1.3589859008789062e-05,0.2112177163362503,1.0,1.0,5.820858985788879e-12,,,,,,,,,
02,clean,7scenes,13+97+263+180+513+347+763+430,probe0,0.00012627163960132748,0.45456477999687195,chess,theta_rel,0.7409862279891968,0.7511938214302063,7.152557373046875e-07,0.04845663905143738,,,,1.0,1.0,1.0579953624301197e-07,,,,,,
03,clean,7scenes,13+97+263+180+513+347+763+430,probe0,9.440179383091163e-06,0.12194657325744629,chess,theta_rel,0.8048527240753174,0.823618471622467,4.470348358154297e-06,0.12194657325744629,,,,,,,1.0,1.0,6.757021253633866e-08,,,
12,clean,7scenes,13+97+263+180+513+347+763+430,probe0,0.0001059274363797158,0.41684067249298096,chess,theta_rel,0.25650423765182495,0.2622179090976715,9.5367431640625e-07,0.05595291033387184,,,,,,,,,,1.0,0.9999999403953552,1.3170252088912093e-07
13,clean,7scenes,13+97+263+180+513+347+763+430,probe0,0.00025328644551336765,0.6452838182449341,chess,theta_rel,0.38861602544784546,0.3941551446914673,0.00012940168380737305,0.6519209742546082,,,,,,,,,,,,
23,clean,7scenes,13+97+263+180+513+347+763+430,probe0,0.00014715423458255827,0.49178269505500793,chess,theta_rel,0.6183631420135498,0.62777179479599,1.3828277587890625e-05,0.21306245028972626,,,,,,,,,,,,
01,m0,7scenes,13+97+263+180+513+347+763+430,probe0,7.846418156987056e-05,0.35827404260635376,chess,theta_rel,0.614190936088562,0.6271636486053467,5.602836608886719e-06,0.13562092185020447,1.0,1.0,4.216097523185303e-12,,,,,,,,,
02,m0,7scenes,13+97+263+180+513+347+763+430,probe0,1.9933551811845973e-05,0.18130823969841003,chess,theta_rel,0.735906720161438,0.7511938214302063,1.1920928955078125e-06,0.06255725771188736,,,,1.0,1.0000001192092896,9.292222102885717e-08,,,,,,
03,m0,7scenes,13+97+263+180+513+347+763+430,probe0,8.797169721219689e-05,0.37949180603027344,chess,theta_rel,0.8099932670593262,0.823618471622467,3.4570693969726562e-06,0.10653118044137955,,,,,,,1.0,1.0000001192092896,1.2190731979444536e-07,,,
12,m0,7scenes,13+97+263+180+513+347+763+430,probe0,0.00010029858094640076,0.4054182171821594,chess,theta_rel,0.25499147176742554,0.2622179090976715,0.00012314319610595703,0.6358140110969543,,,,,,,,,,1.0,1.0,1.2612231614639313e-07
13,m0,7scenes,13+97+263+180+513+347+763+430,probe0,7.720863504800946e-05,0.3560827076435089,chess,theta_rel,0.3913450539112091,0.3941551446914673,1.7881393432617188e-06,0.07661668211221695,,,,,,,,,,,,
23,m0,7scenes,13+97+263+180+513+347+763+430,probe0,0.00011303444625809789,0.4306930601596832,chess,theta_rel,0.6173791885375977,0.62777179479599,1.3709068298339844e-06,0.06852804869413376,,,,,,,,,,,,
01,m1,7scenes,13+97+263+180+513+347+763+430,probe0,3.000162723765243e-05,0.22028695046901703,chess,theta_rel,0.612790584564209,0.6271636486053467,1.9550323486328125e-05,0.2533377707004547,1.0,1.0,9.881712635662065e-12,,,,,,,,,
02,m1,7scenes,13+97+263+180+513+347+763+430,probe0,6.554747960763052e-05,0.3286494016647339,chess,theta_rel,0.7327050566673279,0.7511938214302063,3.933906555175781e-06,0.1136409118771553,,,,1.0,1.0,1.5682913101500162e-07,,,,,,
03,m1,7scenes,13+97+263+180+513+347+763+430,probe0,4.8650919779902324e-05,0.2825486361980438,chess,theta_rel,0.8035314679145813,0.823618471622467,1.1146068572998047e-05,0.19179700314998627,,,,,,,1.0,0.9999999403953552,2.1779837311441952e-07,,,
12,m1,7scenes,13+97+263+180+513+347+763+430,probe0,5.330954081728123e-05,0.29739415645599365,chess,theta_rel,0.25338777899742126,0.2622179090976715,2.4080276489257812e-05,0.2811601758003235,,,,,,,,,,1.0,1.0000001192092896,7.055274409140111e-08
13,m1,7scenes,13+97+263+180+513+347+763+430,probe0,4.155592614552006e-05,0.26094722747802734,chess,theta_rel,0.39017441868782043,0.3941551446914673,7.468461990356445e-05,0.4949555993080139,,,,,,,,,,,,
23,m1,7scenes,13+97+263+180+513+347+763+430,probe0,1.2711202543869149e-06,0.05595291033387184,chess,theta_rel,0.6171070337295532,0.62777179479599,1.0192394256591797e-05,0.1834539771080017,,,,,,,,,,,,
01,m2,7scenes,13+97+263+180+513+347+763+430,probe0,2.5302533686044626e-05,0.20367176830768585,chess,theta_rel,0.6116030216217041,0.6271636486053467,9.894371032714844e-06,0.18022578954696655,1.0,0.9999999403953552,8.429369557916289e-08,,,,,,,,,
02,m2,7scenes,13+97+263+180+513+347+763+430,probe0,0.00014426890993490815,0.48698464035987854,chess,theta_rel,0.7274901270866394,0.7511938214302063,1.0132789611816406e-06,0.05595291033387184,,,,1.0,1.0,1.6033961003358854e-07,,,,,,
03,m2,7scenes,13+97+263+180+513+347+763+430,probe0,8.797205373411998e-05,0.38052162528038025,chess,theta_rel,0.8057396411895752,0.823618471622467,6.020069122314453e-06,0.13988231122493744,,,,,,,1.0,0.9999999403953552,1.0452526311155452e-07,,,
12,m2,7scenes,13+97+263+180+513+347+763+430,probe0,8.505919686285779e-05,0.37325313687324524,chess,theta_rel,0.25214576721191406,0.2622179090976715,0.00012671947479248047,0.6449805498123169,,,,,,,,,,1.0,0.9999999403953552,1.470192074748411e-07
13,m2,7scenes,13+97+263+180+513+347+763+430,probe0,3.223051317036152e-05,0.22899730503559113,chess,theta_rel,0.389458030462265,0.3941551446914673,7.62939453125e-06,0.15825878083705902,,,,,,,,,,,,
23,m2,7scenes,13+97+263+180+513+347+763+430,probe0,1.4548084436682984e-05,0.15576636791229248,chess,theta_rel,0.6150052547454834,0.62777179479599,1.5497207641601562e-06,0.07132625579833984,,,,,,,,,,,,
01,m3,7scenes,13+97+263+180+513+347+763+430,probe0,0.00023924116976559162,0.6268256306648254,chess,theta_rel,0.6190832257270813,0.6271636486053467,1.919269561767578e-05,0.251010000705719,1.0,1.0,1.1061868435136013e-11,,,,,,,,,
02,m3,7scenes,13+97+263+180+513+347+763+430,probe0,0.00021428917534649372,0.5928131341934204,chess,theta_rel,0.7416254878044128,0.7511938214302063,8.463859558105469e-06,0.16668902337551117,,,,1.0,0.9999999403953552,3.434452722217429e-08,,,,,,
03,m3,7scenes,13+97+263+180+513+347+763+430,probe0,3.622778422140982e-06,0.07401874661445618,chess,theta_rel,0.8036067485809326,0.823618471622467,1.33514404296875e-05,0.20935674011707306,,,,,,,1.0,1.0,1.3947541788184026e-07,,,
12,m3,7scenes,13+97+263+180+513+347+763+430,probe0,2.8896525691379793e-05,0.2167048156261444,chess,theta_rel,0.25446847081184387,0.2622179090976715,8.678436279296875e-05,0.5337586998939514,,,,,,,,,,1.0,1.0,1.3168131829388585e-07
13,m3,7scenes,13+97+263+180+513+347+763+430,probe0,0.00023255230917129666,0.6173895597457886,chess,theta_rel,0.3887263536453247,0.3941551446914673,0.00029271841049194336,0.9803861379623413,,,,,,,,,,,,
23,m3,7scenes,13+97+263+180+513+347+763+430,probe0,0.00019134249305352569,0.5602303147315979,chess,theta_rel,0.6174406409263611,0.62777179479599,4.297494888305664e-05,0.3753441870212555,,,,,,,,,,,,
01,clean,7scenes,46+129+296+213+546+379+796+463,probe1,0.00012862450967077166,0.4588492214679718,chess,theta_rel,0.6298065185546875,0.6379273533821106,1.9669532775878906e-06,0.07912936806678772,1.0,1.0,1.0302052613764268e-11,,,,,,,,,
02,clean,7scenes,46+129+296+213+546+379+796+463,probe1,4.993289985577576e-05,0.2853052616119385,chess,theta_rel,0.7582895159721375,0.7677819132804871,7.033348083496094e-06,0.15195108950138092,,,,1.0,1.000000238418579,2.4805260068205826e-07,,,,,,
03,clean,7scenes,46+129+296+213+546+379+796+463,probe1,9.496918210061267e-06,0.12820425629615784,chess,theta_rel,0.8260998129844666,0.8415749669075012,5.960464477539062e-07,0.044234659522771835,,,,,,,1.0,1.0000001192092896,1.6857764251199114e-07,,,
12,clean,7scenes,46+129+296+213+546+379+796+463,probe1,0.00014091316552367061,0.4805127680301666,chess,theta_rel,0.13539832830429077,0.13631032407283783,0.0002745985984802246,0.949563205242157,,,,,,,,,,1.0,1.0,9.964306713072801e-08
13,clean,7scenes,46+129+296+213+546+379+796+463,probe1,0.00012457824777811766,0.4528396725654602,chess,theta_rel,0.5210874676704407,0.5294864773750305,5.9604644775390625e-06,0.13988231122493744,,,,,,,,,,,,
23,clean,7scenes,46+129+296+213+546+379+796+463,probe1,2.1419895347207785e-05,0.18767184019088745,chess,theta_rel,0.5530527234077454,0.5614218711853027,9.000301361083984e-06,0.17245851457118988,,,,,,,,,,,,
01,m0,7scenes,46+129+296+213+546+379+796+463,probe1,7.863213249947876e-05,0.35936465859413147,chess,theta_rel,0.6309835910797119,0.6379273533821106,1.3530254364013672e-05,0.2112177163362503,1.0,1.0,1.041021348985316e-11,,,,,,,,,
02,m0,7scenes,46+129+296+213+546+379+796+463,probe1,0.0002096024836646393,0.5861743688583374,chess,theta_rel,0.7600488066673279,0.7677819132804871,6.258487701416016e-06,0.14265252649784088,,,,1.0,0.9999998807907104,8.953343666462388e-08,,,,,,
03,m0,7scenes,46+129+296+213+546+379+796+463,probe1,0.0012268431019037962,1.4194107055664062,chess,theta_rel,0.8229028582572937,0.8415749669075012,7.152557373046875e-05,0.4845678210258484,,,,,,,1.0,1.0,1.0684223639145785e-07,,,
12,m0,7scenes,46+129+296+213+546+379+796+463,probe1,7.421936606988311e-05,0.3483045995235443,chess,theta_rel,0.1357652246952057,0.13631032407283783,0.00015306472778320312,0.7088640928268433,,,,,,,,,,1.0,0.9999999403953552,8.631383963120243e-08
13,m0,7scenes,46+129+296+213+546+379+796+463,probe1,0.0007027556421235204,1.0741075277328491,chess,theta_rel,0.5147963762283325,0.5294864773750305,6.747245788574219e-05,0.47063812613487244,,,,,,,,,,,,
23,m0,7scenes,46+129+296+213+546+379+796+463,probe1,0.0005254673887975514,0.9287273287773132,chess,theta_rel,0.5458216667175293,0.5614218711853027,2.473592758178711e-05,0.2853052616119385,,,,,,,,,,,,
01,m1,7scenes,46+129+296+213+546+379+796+463,probe1,6.691444286843762e-05,0.3322024345397949,chess,theta_rel,0.6302287578582764,0.6379273533821106,1.043081283569336e-05,0.18557488918304443,1.0,1.0,1.119407431332542e-11,,,,,,,,,
02,m1,7scenes,46+129+296+213+546+379+796+463,probe1,4.973370596417226e-05,0.2853052616119385,chess,theta_rel,0.756467342376709,0.7677819132804871,2.086162567138672e-05,0.2616960108280182,,,,1.0,0.9999999403953552,1.4443156715060468e-07,,,,,,
03,m1,7scenes,46+129+296+213+546+379+796+463,probe1,0.0002514912630431354,0.6428533792495728,chess,theta_rel,0.8244129419326782,0.8415749669075012,2.002716064453125e-05,0.2564086616039276,,,,,,,1.0,1.0,1.5898376659606583e-07,,,
12,m1,7scenes,46+129+296+213+546+379+796+463,probe1,5.003125261282548e-05,0.2866736650466919,chess,theta_rel,0.1321561634540558,0.13631032407283783,0.000408172607421875,1.157582402229309,,,,,,,,,,1.0,0.9999999403953552,1.5214348536574107e-07
13,m1,7scenes,46+129+296+213+546+379+796+463,probe1,0.00021156820002943277,0.5895031094551086,chess,theta_rel,0.5200014114379883,0.5294864773750305,1.633167266845703e-05,0.2315465360879898,,,,,,,,,,,,
23,m1,7scenes,46+129+296+213+546+379+796+463,probe1,0.0002688657841645181,0.6644077301025391,chess,theta_rel,0.5541806817054749,0.5614218711853027,3.159046173095703e-05,0.3220336139202118,,,,,,,,,,,,
01,m2,7scenes,46+129+296+213+546+379+796+463,probe1,6.207358092069626e-05,0.3189810812473297,chess,theta_rel,0.6338188052177429,0.6379273533821106,4.112720489501953e-06,0.11534988880157471,1.0,1.0,1.6133554561759134e-11,,,,,,,,,
02,m2,7scenes,46+129+296+213+546+379+796+463,probe1,5.5052529205568135e-05,0.3013159930706024,chess,theta_rel,0.7630628943443298,0.7677819132804871,2.086162567138672e-06,0.08392937481403351,,,,1.0,1.0,1.2984639852220425e-07,,,,,,
03,m2,7scenes,46+129+296+213+546+379+796+463,probe1,0.00013372192915994674,0.46897220611572266,chess,theta_rel,0.830451250076294,0.8415749669075012,9.894371032714844e-06,0.18022578954696655,,,,,,,1.0,1.0,8.6543167299169e-08,,,
12,m2,7scenes,46+129+296+213+546+379+796+463,probe1,5.959426562185399e-05,0.31278666853904724,chess,theta_rel,0.13548283278942108,0.13631032407283783,3.159046173095703e-06,0.10087055712938309,,,,,,,,,,1.0,1.0,9.059434091795993e-08
13,m2,7scenes,46+129+296+213+546+379+796+463,probe1,0.00013689692423213273,0.474777489900589,chess,theta_rel,0.5243142247200012,0.5294864773750305,2.467632293701172e-05,0.284618616104126,,,,,,,,,,,,
23,m2,7scenes,46+129+296+213+546+379+796+463,probe1,0.00012579275062307715,0.45456477999687195,chess,theta_rel,0.5570290684700012,0.5614218711853027,2.5391578674316406e-05,0.28871405124664307,,,,,,,,,,,,
01,m3,7scenes,46+129+296+213+546+379+796+463,probe1,0.00011211087985429913,0.4288719594478607,chess,theta_rel,0.6281286478042603,0.6379273533821106,7.033348083496094e-06,0.15195108950138092,1.0,1.0,7.828312650892677e-12,,,,,,,,,
02,m3,7scenes,46+129+296+213+546+379+796+463,probe1,4.624394205166027e-05,0.27411243319511414,chess,theta_rel,0.7542735934257507,0.7677819132804871,9.417533874511719e-06,0.17582936584949493,,,,1.0,1.0000001192092896,1.257107982155503e-07,,,,,,
03,m3,7scenes,46+129+296+213+546+379+796+463,probe1,7.53047497710213e-05,0.3516591489315033,chess,theta_rel,0.8252385854721069,0.8415749669075012,5.662441253662109e-06,0.1370561122894287,,,,,,,1.0,1.0,1.5146200382787356e-07,,,
12,m3,7scenes,46+129+296+213+546+379+796+463,probe1,0.00018235718016512692,0.5467968583106995,chess,theta_rel,0.13366544246673584,0.13631032407283783,0.0007085204124450684,1.525210976600647,,,,,,,,,,1.0,1.0,2.710593349775081e-08
13,m3,7scenes,46+129+296+213+546+379+796+463,probe1,0.00012690151925198734,0.4571402966976166,chess,theta_rel,0.5204673409461975,0.5294864773750305,4.231929779052734e-06,0.11869406700134277,,,,,,,,,,,,
23,m3,7scenes,46+129+296+213+546+379+796+463,probe1,7.224241562653333e-05,0.3449174463748932,chess,theta_rel,0.5514019131660461,0.5614218711853027,6.794929504394531e-06,0.14935344457626343,,,,,,,,,,,,
01,clean,7scenes,17+100+267+184+517+350+767+850,pair5,4.103398532606661e-05,0.2594431936740875,chess,theta_rel,0.6221261024475098,0.6202791929244995,3.3974647521972656e-06,0.10467831790447235,1.0,0.9999999403953552,8.429371689544496e-08,,,,,,,,,
02,clean,7scenes,17+100+267+184+517+350+767+850,pair5,2.5698485842440277e-05,0.20558422803878784,chess,theta_rel,0.7433140277862549,0.7480438351631165,5.960464477539063e-08,0.0,,,,1.0,1.0000001192092896,1.7064895985186013e-07,,,,,,
03,clean,7scenes,17+100+267+184+517+350+767+850,pair5,2.5766616090550087e-05,0.20558422803878784,chess,theta_rel,0.8086368441581726,0.8103898763656616,2.562999725341797e-06,0.09278742223978043,,,,,,,1.0,0.9999998807907104,6.753348458232722e-08,,,
12,clean,7scenes,17+100+267+184+517+350+767+850,pair5,0.00011874899792019278,0.44146209955215454,chess,theta_rel,0.24020496010780334,0.24541252851486206,0.0002834200859069824,0.9646921753883362,,,,,,,,,,1.0,1.0000001192092896,1.8240477572817326e-07
13,clean,7scenes,17+100+267+184+517+350+767+850,pair5,4.4077074562665075e-05,0.26834094524383545,chess,theta_rel,0.3891654908657074,0.3882521986961365,3.337860107421875e-05,0.33102232217788696,,,,,,,,,,,,
23,clean,7scenes,17+100+267+184+517+350+767+850,pair5,6.0017053328920156e-05,0.3140353262424469,chess,theta_rel,0.5999351143836975,0.6012246608734131,2.9206275939941406e-06,0.09691329300403595,,,,,,,,,,,,
01,m0,7scenes,17+100+267+184+517+350+767+850,pair5,8.596354746259749e-05,0.3753441870212555,chess,theta_rel,0.6168667674064636,0.6202791929244995,1.3709068298339844e-05,0.21214210987091064,1.0,1.0,3.140964051351336e-12,,,,,,,,,
02,m0,7scenes,17+100+267+184+517+350+767+850,pair5,6.538617162732407e-05,0.32745644450187683,chess,theta_rel,0.7382221221923828,0.7480438351631165,7.62939453125e-06,0.15825878083705902,,,,1.0,1.0,1.2334936627667048e-07,,,,,,
03,m0,7scenes,17+100+267+184+517+350+767+850,pair5,4.7703186282888055e-05,0.2797648310661316,chess,theta_rel,0.8062795996665955,0.8103898763656616,5.781650543212891e-06,0.1370561122894287,,,,,,,1.0,1.0,1.7485528758243163e-07,,,
12,m0,7scenes,17+100+267+184+517+350+767+850,pair5,0.0001346239005215466,0.46980592608451843,chess,theta_rel,0.23982013761997223,0.24541252851486206,5.5789947509765625e-05,0.42795848846435547,,,,,,,,,,1.0,0.9999999403953552,8.16807457226787e-08
13,m0,7scenes,17+100+267+184+517+350+767+850,pair5,0.00024897768162190914,0.6398022770881653,chess,theta_rel,0.3839779496192932,0.3882521986961365,5.1021575927734375e-05,0.40926113724708557,,,,,,,,,,,,
23,m0,7scenes,17+100+267+184+517+350+767+850,pair5,0.00014868703146930784,0.4933716654777527,chess,theta_rel,0.592538595199585,0.6012246608734131,1.6629695892333984e-05,0.23406797647476196,,,,,,,,,,,,
01,m1,7scenes,17+100+267+184+517+350+767+850,pair5,1.3439442227536347e-05,0.14803752303123474,chess,theta_rel,0.6214481592178345,0.6202791929244995,2.3245811462402344e-06,0.08846932649612427,1.0,1.0,1.0720666542007873e-11,,,,,,,,,
02,m1,7scenes,17+100+267+184+517+350+767+850,pair5,2.2060014089220203e-05,0.18974563479423523,chess,theta_rel,0.7493352890014648,0.7480438351631165,4.708766937255859e-06,0.1251145452260971,,,,1.0,1.0,1.4990314411988948e-07,,,,,,
03,m1,7scenes,17+100+267+184+517+350+767+850,pair5,0.00021872922661714256,0.5987250208854675,chess,theta_rel,0.8098344802856445,0.8103898763656616,1.0669231414794922e-05,0.18767184019088745,,,,,,,1.0,1.0,1.88486808383459e-07,,,
12,m1,7scenes,17+100+267+184+517+350+767+850,pair5,6.629415111092385e-06,0.10467831790447235,chess,theta_rel,0.24535250663757324,0.24541252851486206,6.592273712158203e-05,0.46520188450813293,,,,,,,,,,1.0,0.9999998807907104,6.00880483148103e-08
13,m1,7scenes,17+100+267+184+517+350+767+850,pair5,0.00027938210405409336,0.6772422194480896,chess,theta_rel,0.3891461491584778,0.3882521986961365,3.8743019104003906e-05,0.3566318154335022,,,,,,,,,,,,
23,m1,7scenes,17+100+267+184+517+350+767+850,pair5,0.00035775022115558386,0.766172468662262,chess,theta_rel,0.602843165397644,0.6012246608734131,3.6656856536865234e-05,0.34717920422554016,,,,,,,,,,,,
01,m2,7scenes,17+100+267+184+517+350+767+850,pair5,0.0001471666619181633,0.49257782101631165,chess,theta_rel,0.6227546334266663,0.6202791929244995,1.5139579772949219e-05,0.22293581068515778,1.0,0.9999999403953552,8.429369557916289e-08,,,,,,,,,
02,m2,7scenes,17+100+267+184+517+350+767+850,pair5,5.153487290954217e-05,0.2907401919364929,chess,theta_rel,0.7440265417098999,0.7480438351631165,2.9206275939941406e-06,0.09691329300403595,,,,1.0,0.9999998807907104,1.6497193655595765e-07,,,,,,
03,m2,7scenes,17+100+267+184+517+350+767+850,pair5,5.1265251386212185e-05,0.2907401919364929,chess,theta_rel,0.8109133243560791,0.8103898763656616,5.9604644775390625e-06,0.13988231122493744,,,,,,,1.0,0.9999999403953552,1.4068804432554316e-07,,,
12,m2,7scenes,17+100+267+184+517+350+767+850,pair5,0.0001261408906430006,0.45456477999687195,chess,theta_rel,0.24121089279651642,0.24541252851486206,0.0002849698066711426,0.9671232104301453,,,,,,,,,,1.0,1.0000001192092896,6.079815761950158e-08
13,m2,7scenes,17+100+267+184+517+350+767+850,pair5,8.645747584523633e-05,0.3774237036705017,chess,theta_rel,0.391452819108963,0.3882521986961365,5.7816505432128906e-05,0.4356619119644165,,,,,,,,,,,,
23,m2,7scenes,17+100+267+184+517+350+767+850,pair5,9.22769231692655e-06,0.12194657325744629,chess,theta_rel,0.6030494570732117,0.6012246608734131,2.980232238769531e-07,0.02797645516693592,,,,,,,,,,,,
01,m3,7scenes,17+100+267+184+517+350+767+850,pair5,4.056583566125482e-05,0.2594431936740875,chess,theta_rel,0.6173582673072815,0.6202791929244995,4.76837158203125e-07,0.03956468030810356,1.0,0.9999999403953552,5.960464477539063e-08,,,,,,,,,
02,m3,7scenes,17+100+267+184+517+350+767+850,pair5,1.5822182831470855e-05,0.16312941908836365,chess,theta_rel,0.7427499294281006,0.7480438351631165,1.3709068298339844e-06,0.06852804869413376,,,,1.0,0.9999998807907104,8.634852832756224e-08,,,,,,
03,m3,7scenes,17+100+267+184+517+350+767+850,pair5,5.080287519376725e-05,0.2880355417728424,chess,theta_rel,0.8040213584899902,0.8103898763656616,1.430511474609375e-06,0.06852804869413376,,,,,,,1.0,0.9999998807907104,2.103946457054917e-07,,,
12,m3,7scenes,17+100+267+184+517+350+767+850,pair5,3.161465429002419e-05,0.22728195786476135,chess,theta_rel,0.243715301156044,0.24541252851486206,5.3048133850097656e-05,0.41730988025665283,,,,,,,,,,1.0,1.0,9.140420331732457e-08
13,m3,7scenes,17+100+267+184+517+350+767+850,pair5,0.00010942322114715353,0.4242849349975586,chess,theta_rel,0.38529425859451294,0.3882521986961365,3.2782554626464844e-05,0.32805344462394714,,,,,,,,,,,,
23,m3,7scenes,17+100+267+184+517+350+767+850,pair5,8.340279600815848e-05,0.370094358921051,chess,theta_rel,0.5982632040977478,0.6012246608734131,9.059906005859375e-06,0.17245851457118988,,,,,,,,,,,,
01,clean,7scenes,32+116+282+199+532+366+782+449,pair8,0.00021509756334125996,0.5941319465637207,chess,theta_rel,0.6293907761573792,0.6321853399276733,2.2590160369873047e-05,0.27268099784851074,1.0,1.0,2.45902569140366e-11,,,,,,,,,
02,clean,7scenes,32+116+282+199+532+366+782+449,pair8,0.00036591500975191593,0.7748072743415833,chess,theta_rel,0.7772388458251953,0.7796522378921509,4.5299530029296875e-06,0.12194657325744629,,,,1.0,1.0,1.580520176958089e-07,,,,,,
03,clean,7scenes,32+116+282+199+532+366+782+449,pair8,3.549102621036582e-05,0.24228337407112122,chess,theta_rel,0.8190157413482666,0.8290724754333496,1.3113021850585938e-06,0.0656106099486351,,,,,,,1.0,1.0,1.877419606444164e-07,,,
12,clean,7scenes,32+116+282+199+532+366+782+449,pair8,7.87229000707157e-05,0.36045199632644653,chess,theta_rel,0.18496108055114746,0.1884666234254837,0.0002015233039855957,0.8132511377334595,,,,,,,,,,1.0,0.9999998807907104,6.172173527829727e-08
13,clean,7scenes,32+116+282+199+532+366+782+449,pair8,0.00024536135606467724,0.634890079498291,chess,theta_rel,0.4451153874397278,0.44770774245262146,2.0265579223632812e-05,0.2579303979873657,,,,,,,,,,,,
23,clean,7scenes,32+116+282+199+532+366+782+449,pair8,0.00032555049983784556,0.7311491370201111,chess,theta_rel,0.5643501877784729,0.5713932514190674,6.377696990966797e-06,0.1453699767589569,,,,,,,,,,,,
01,m0,7scenes,32+116+282+199+532+366+782+449,pair8,0.00030269494163803756,0.7049888968467712,chess,theta_rel,0.6321575045585632,0.6321853399276733,1.6868114471435547e-05,0.23573395609855652,1.0,1.0,2.0747658799336044e-11,,,,,,,,,
02,m0,7scenes,32+116+282+199+532+366+782+449,pair8,0.0005857012001797557,0.9795874357223511,chess,theta_rel,0.7824833393096924,0.7796522378921509,1.537799835205078e-05,0.22468432784080505,,,,1.0,1.0,1.0251893911572552e-07,,,,,,
03,m0,7scenes,32+116+282+199+532+366+782+449,pair8,0.00011872574395965785,0.44146209955215454,chess,theta_rel,0.8207352757453918,0.8290724754333496,1.3172626495361328e-05,0.2074790596961975,,,,,,,1.0,1.000000238418579,2.1075211975585262e-07,,,
12,m0,7scenes,32+116+282+199+532+366+782+449,pair8,0.00023804165539331734,0.6249497532844543,chess,theta_rel,0.1883990466594696,0.1884666234254837,0.0003675222396850586,1.0984268188476562,,,,,,,,,,1.0,1.0,7.085650821636591e-08
13,m0,7scenes,32+116+282+199+532+366+782+449,pair8,0.0007741381996311247,1.127437949180603,chess,theta_rel,0.4486456513404846,0.44770774245262146,8.893013000488281e-05,0.5403171181678772,,,,,,,,,,,,
23,m0,7scenes,32+116+282+199+532+366+782+449,pair8,0.0012061139568686485,1.4066697359085083,chess,theta_rel,0.5714241862297058,0.5713932514190674,2.0325183868408203e-05,0.2579303979873657,,,,,,,,,,,,
01,m1,7scenes,32+116+282+199+532+366+782+449,pair8,5.202193642617203e-05,0.29341986775398254,chess,theta_rel,0.6252734661102295,0.6321853399276733,6.079673767089844e-06,0.14127421379089355,1.0,0.9999999403953552,8.429370268459024e-08,,,,,,,,,
02,m1,7scenes,32+116+282+199+532+366+782+449,pair8,0.0007204937865026295,1.0871455669403076,chess,theta_rel,0.778089165687561,0.7796522378921509,5.0067901611328125e-06,0.12820425629615784,,,,1.0,0.9999999403953552,1.8176628202581924e-07,,,,,,
03,m1,7scenes,32+116+282+199+532+366+782+449,pair8,0.0003220901417080313,0.7273927330970764,chess,theta_rel,0.8179324865341187,0.8290724754333496,1.1861324310302734e-05,0.19782350957393646,,,,,,,1.0,1.0000001192092896,1.751756286694217e-07,,,
12,m1,7scenes,32+116+282+199+532+366+782+449,pair8,0.000563525827601552,0.9618481397628784,chess,theta_rel,0.18967482447624207,0.1884666234254837,0.0006511211395263672,1.4620604515075684,,,,,,,,,,1.0,1.0,1.2114601588564256e-07
13,m1,7scenes,32+116+282+199+532+366+782+449,pair8,0.0004351719398982823,0.8453412055969238,chess,theta_rel,0.44100096821784973,0.44770774245262146,4.887580871582031e-06,0.1266688108444214,,,,,,,,,,,,
23,m1,7scenes,32+116+282+199+532+366+782+449,pair8,0.0006319599924609065,1.0179872512817383,chess,theta_rel,0.5610648989677429,0.5713932514190674,1.9669532775878906e-05,0.2541089653968811,,,,,,,,,,,,
01,m2,7scenes,32+116+282+199+532+366+782+449,pair8,9.371023770654574e-05,0.39266902208328247,chess,theta_rel,0.6307966113090515,0.6321853399276733,1.2934207916259766e-05,0.20558422803878784,1.0,1.0,3.3780749465056603e-12,,,,,,,,,
02,m2,7scenes,32+116+282+199+532+366+782+449,pair8,0.0004498260095715523,0.858661949634552,chess,theta_rel,0.7796503305435181,0.7796522378921509,1.537799835205078e-05,0.22468432784080505,,,,1.0,0.9999998807907104,1.590827309883025e-07,,,,,,
03,m2,7scenes,32+116+282+199+532+366+782+449,pair8,0.0003708893491420895,0.7803435325622559,chess,theta_rel,0.8208322525024414,0.8290724754333496,5.185604095458984e-06,0.1312212347984314,,,,,,,1.0,1.0,9.395798628020202e-08,,,
12,m2,7scenes,32+116+282+199+532+366+782+449,pair8,0.00020882263197563589,0.5855063796043396,chess,theta_rel,0.18682493269443512,0.1884666234254837,0.0002739429473876953,0.9483258724212646,,,,,,,,,,1.0,1.0,1.8227810016924195e-07
13,m2,7scenes,32+116+282+199+532+366+782+449,pair8,0.0008316065650433302,1.1686862707138062,chess,theta_rel,0.4462991952896118,0.44770774245262146,6.496906280517578e-05,0.4618246257305145,,,,,,,,,,,,
23,m2,7scenes,32+116+282+199+532+366+782+449,pair8,0.0015564999775961041,1.5983866453170776,chess,theta_rel,0.5675262808799744,0.5713932514190674,1.4901161193847656e-05,0.22117342054843903,,,,,,,,,,,,
01,m3,7scenes,32+116+282+199+532+366+782+449,pair8,0.00034834453254006803,0.7558876872062683,chess,theta_rel,0.6318617463111877,0.6321853399276733,1.9788742065429688e-05,0.25487783551216125,1.0,1.0,1.2275774147196827e-11,,,,,,,,,
02,m3,7scenes,32+116+282+199+532+366+782+449,pair8,0.0007765359478071332,1.1288256645202637,chess,theta_rel,0.7840055227279663,0.7796522378921509,6.616115570068359e-06,0.14803752303123474,,,,1.0,1.0000001192092896,1.7304535049333936e-07,,,,,,
03,m3,7scenes,32+116+282+199+532+366+782+449,pair8,0.00014983006985858083,0.49574559926986694,chess,theta_rel,0.8193265199661255,0.8290724754333496,2.2113323211669922e-05,0.26979541778564453,,,,,,,1.0,1.0000001192092896,3.961635997029589e-08,,,
12,m3,7scenes,32+116+282+199+532+366+782+449,pair8,0.000262895249761641,0.6567057967185974,chess,theta_rel,0.18858963251113892,0.1884666234254837,0.00038808584213256836,1.1288256645202637,,,,,,,,,,1.0,1.0000001192092896,6.381177541925354e-08
13,m3,7scenes,32+116+282+199+532+366+782+449,pair8,0.0008852439932525158,1.2056094408035278,chess,theta_rel,0.44947531819343567,0.44770774245262146,0.00015270709991455078,0.7080354690551758,,,,,,,,,,,,
23,m3,7scenes,32+116+282+199+532+366+782+449,pair8,0.0015901144361123443,1.615436315536499,chess,theta_rel,0.5720464587211609,0.5713932514190674,3.439188003540039e-05,0.33571794629096985,,,,,,,,,,,,
01,clean,7scenes,19+102+269+186+519+352+769+436,pair9,0.00014212247333489358,0.4829499423503876,chess,theta_rel,0.6231389045715332,0.632117748260498,1.1265277862548828e-05,0.19179700314998627,1.0,0.9999999403953552,8.429369557916289e-08,,,,,,,,,
02,clean,7scenes,19+102+269+186+519+352+769+436,pair9,9.825527376960963e-05,0.40251192450523376,chess,theta_rel,0.7519598007202148,0.7608985900878906,9.5367431640625e-07,0.05595291033387184,,,,1.0,1.0000001192092896,1.4820905391843553e-07,,,,,,
03,clean,7scenes,19+102+269+186+519+352+769+436,pair9,3.768990791286342e-05,0.2486603558063507,chess,theta_rel,0.8139761090278625,0.8287801742553711,2.2649765014648438e-06,0.08622923493385315,,,,,,,1.0,1.0,1.8760562170427875e-07,,,
12,clean,7scenes,19+102+269+186+519+352+769+436,pair9,6.486236088676378e-05,0.3250574469566345,chess,theta_rel,0.23546750843524933,0.23953579366207123,7.033348083496094e-06,0.15195108950138092,,,,,,,,,,1.0,1.0,1.7062045287730143e-07
13,clean,7scenes,19+102+269+186+519+352+769+436,pair9,0.00024258659686893225,0.6311807632446289,chess,theta_rel,0.39423203468322754,0.39845383167266846,1.71661376953125e-05,0.2373882383108139,,,,,,,,,,,,
23,clean,7scenes,19+102+269+186+519+352+769+436,pair9,0.00014913467748556286,0.4949555993080139,chess,theta_rel,0.5949280858039856,0.602563738822937,1.6093254089355469e-06,0.07401874661445618,,,,,,,,,,,,
01,m0,7scenes,19+102+269+186+519+352+769+436,pair9,0.00038203701842576265,0.7917943596839905,chess,theta_rel,0.6257540583610535,0.632117748260498,2.276897430419922e-05,0.27339765429496765,1.0,0.9999999403953552,5.960464477539063e-08,,,,,,,,,
02,m0,7scenes,19+102+269+186+519+352+769+436,pair9,6.080069942981936e-05,0.3165178596973419,chess,theta_rel,0.7563550472259521,0.7608985900878906,2.86102294921875e-06,0.09691329300403595,,,,1.0,1.0000001192092896,1.7675139929451689e-07,,,,,,
03,m0,7scenes,19+102+269+186+519+352+769+436,pair9,0.0002550017670728266,0.6471007466316223,chess,theta_rel,0.8163518309593201,0.8287801742553711,5.918741226196289e-05,0.4405747354030609,,,,,,,1.0,0.9999999403953552,1.9697503716997744e-07,,,
12,m0,7scenes,19+102+269+186+519+352+769+436,pair9,0.00033301670919172466,0.7396636605262756,chess,theta_rel,0.23679199814796448,0.23953579366207123,7.56382942199707e-05,0.4981082081794739,,,,,,,,,,1.0,0.9999998807907104,2.0997470073780278e-07
13,m0,7scenes,19+102+269+186+519+352+769+436,pair9,0.0006616273894906044,1.0423016548156738,chess,theta_rel,0.4020691215991974,0.39845383167266846,0.00041091442108154297,1.161463975906372,,,,,,,,,,,,
23,m0,7scenes,19+102+269+186+519+352+769+436,pair9,0.000475148088298738,0.8838168382644653,chess,theta_rel,0.6050295233726501,0.602563738822937,7.474422454833984e-05,0.49535071849823,,,,,,,,,,,,
01,m1,7scenes,19+102+269+186+519+352+769+436,pair9,4.682516373577528e-05,0.2769530415534973,chess,theta_rel,0.6231314539909363,0.632117748260498,2.384185791015625e-07,0.02797645516693592,1.0,0.9999999403953552,5.960464477539063e-08,,,,,,,,,
02,m1,7scenes,19+102+269+186+519+352+769+436,pair9,4.637503661797382e-05,0.2755363881587982,chess,theta_rel,0.7527910470962524,0.7608985900878906,4.172325134277344e-07,0.03956468030810356,,,,1.0,0.9999999403953552,8.84377797660818e-08,,,,,,
03,m1,7scenes,19+102+269+186+519+352+769+436,pair9,5.935153967584483e-05,0.31278666853904724,chess,theta_rel,0.8142651319503784,0.8287801742553711,9.715557098388672e-06,0.17913678288459778,,,,,,,1.0,1.0,7.047054850772838e-08,,,
12,m1,7scenes,19+102+269+186+519+352+769+436,pair9,0.00011444832489360124,0.4334104061126709,chess,theta_rel,0.23809948563575745,0.23953579366207123,5.2809715270996094e-05,0.41637101769447327,,,,,,,,,,1.0,0.9999999403953552,6.764068416487135e-08
13,m1,7scenes,19+102+269+186+519+352+769+436,pair9,0.00014644603652413934,0.49098628759384155,chess,theta_rel,0.3924882411956787,0.39845383167266846,5.930662155151367e-05,0.44146209955215454,,,,,,,,,,,,
23,m1,7scenes,19+102+269+186+519+352+769+436,pair9,0.000181920564500615,0.5467968583106995,chess,theta_rel,0.5953540802001953,0.602563738822937,2.7120113372802734e-05,0.29870715737342834,,,,,,,,,,,,
01,m2,7scenes,19+102+269+186+519+352+769+436,pair9,2.0205961845931597e-05,0.18130823969841003,chess,theta_rel,0.6210343837738037,0.632117748260498,1.6450881958007812e-05,0.23239004611968994,1.0,1.0,1.2926948574076835e-11,,,,,,,,,
02,m2,7scenes,19+102+269+186+519+352+769+436,pair9,7.581474346807227e-05,0.35387784242630005,chess,theta_rel,0.7502298951148987,0.7608985900878906,1.2636184692382812e-05,0.20367176830768585,,,,1.0,1.000000238418579,2.008541457598767e-07,,,,,,
03,m2,7scenes,19+102+269+186+519+352+769+436,pair9,0.00019328358757775277,0.5630174875259399,chess,theta_rel,0.817509114742279,0.8287801742553711,4.470348358154297e-06,0.12194657325744629,,,,,,,1.0,1.0,1.8716718841460533e-07,,,
12,m2,7scenes,19+102+269+186+519+352+769+436,pair9,3.28680471284315e-05,0.23239004611968994,chess,theta_rel,0.2359774112701416,0.23953579366207123,3.7729740142822266e-05,0.3516591489315033,,,,,,,,,,1.0,1.0000001192092896,6.006521857671032e-08
13,m2,7scenes,19+102+269+186+519+352+769+436,pair9,0.00010194361675530672,0.40926113724708557,chess,theta_rel,0.3955165445804596,0.39845383167266846,1.2755393981933594e-05,0.20463022589683533,,,,,,,,,,,,
23,m2,7scenes,19+102+269+186+519+352+769+436,pair9,0.00015794634236954153,0.5097569823265076,chess,theta_rel,0.5951096415519714,0.602563738822937,1.3470649719238281e-05,0.21028929948806763,,,,,,,,,,,,
01,m3,7scenes,19+102+269+186+519+352+769+436,pair9,0.0001725266338326037,0.5322902798652649,chess,theta_rel,0.6171870827674866,0.632117748260498,3.898143768310547e-05,0.3577274680137634,1.0,1.0,1.1121723333951117e-11,,,,,,,,,
02,m3,7scenes,19+102+269+186+519+352+769+436,pair9,6.755306458217092e-06,0.10467831790447235,chess,theta_rel,0.7443315982818604,0.7608985900878906,6.079673767089844e-06,0.14127421379089355,,,,1.0,0.9999999403953552,1.3709207280498958e-07,,,,,,
03,m3,7scenes,19+102+269+186+519+352+769+436,pair9,0.000309246446704492,0.7127181887626648,chess,theta_rel,0.8139008283615112,0.8287801742553711,1.1563301086425781e-05,0.19483356177806854,,,,,,,1.0,1.0,7.239168553496711e-08,,,
12,m3,7scenes,19+102+269+186+519+352+769+436,pair9,0.00012285023694857955,0.44849780201911926,chess,theta_rel,0.23182415962219238,0.23953579366207123,8.761882781982422e-05,0.5363187193870544,,,,,,,,,,1.0,1.0,1.0218754908919436e-07
13,m3,7scenes,19+102+269+186+519+352+769+436,pair9,0.0004072010051459074,0.817570686340332,chess,theta_rel,0.40037235617637634,0.39845383167266846,5.304813385009766e-06,0.1312212347984314,,,,,,,,,,,,
23,m3,7scenes,19+102+269+186+519+352+769+436,pair9,0.0003463688772171736,0.7543329000473022,chess,theta_rel,0.5967903733253479,0.602563738822937,7.867813110351562e-06,0.16071255505084991,,,,,,,,,,,,
