cond,cosine,dataset,group,probe,scene,state,value
clean,"cos(g_maskdistill,g_rkd_sh_d)",7scenes,lora_early,probe0,office,theta0,0.7700307369232178
clean,"cos(g_maskdistill,g_rkd_sh_a)",7scenes,lora_early,probe0,office,theta0,0.6742218732833862
clean,"cos(g_maskdistill,g_couple)",7scenes,lora_early,probe0,office,theta0,-0.7066895961761475
clean,"cos(g_maskdistill,g_rel_rot)",7scenes,lora_early,probe0,office,theta0,0.3844457268714905
clean,"cos(g_maskdistill,g_rel_tdir)",7scenes,lora_early,probe0,office,theta0,0.7144520282745361
clean,"cos(g_rkd_sh_d,g_rkd_sh_a)",7scenes,lora_early,probe0,office,theta0,0.8865820169448853
clean,"cos(g_rkd_sh_d,g_couple)",7scenes,lora_early,probe0,office,theta0,-0.9138262867927551
clean,"cos(g_rkd_sh_d,g_rel_rot)",7scenes,lora_early,probe0,office,theta0,0.12154150009155273
clean,"cos(g_rkd_sh_d,g_rel_tdir)",7scenes,lora_early,probe0,office,theta0,0.9175999760627747
clean,"cos(g_rkd_sh_a,g_couple)",7scenes,lora_early,probe0,office,theta0,-0.6549605131149292
clean,"cos(g_rkd_sh_a,g_rel_rot)",7scenes,lora_early,probe0,office,theta0,0.15110677480697632
clean,"cos(g_rkd_sh_a,g_rel_tdir)",7scenes,lora_early,probe0,office,theta0,0.638654351234436
clean,"cos(g_couple,g_rel_rot)",7scenes,lora_early,probe0,office,theta0,-0.07512442022562027
clean,"cos(g_couple,g_rel_tdir)",7scenes,lora_early,probe0,office,theta0,-0.9777615070343018
clean,"cos(g_rel_rot,g_rel_tdir)",7scenes,lora_early,probe0,office,theta0,0.03230634331703186
clean,"cos(g_maskdistill,g_rkd_sh_d)",7scenes,lora_late,probe0,office,theta0,0.7956298589706421
clean,"cos(g_maskdistill,g_rkd_sh_a)",7scenes,lora_late,probe0,office,theta0,0.6374657154083252
clean,"cos(g_maskdistill,g_couple)",7scenes,lora_late,probe0,office,theta0,-0.6770457029342651
clean,"cos(g_maskdistill,g_rel_rot)",7scenes,lora_late,probe0,office,theta0,0.20570288598537445
clean,"cos(g_maskdistill,g_rel_tdir)",7scenes,lora_late,probe0,office,theta0,0.7743843793869019
clean,"cos(g_rkd_sh_d,g_rkd_sh_a)",7scenes,lora_late,probe0,office,theta0,0.8701165318489075
clean,"cos(g_rkd_sh_d,g_couple)",7scenes,lora_late,probe0,office,theta0,-0.7759872674942017
clean,"cos(g_rkd_sh_d,g_rel_rot)",7scenes,lora_late,probe0,office,theta0,0.09306924045085907
clean,"cos(g_rkd_sh_d,g_rel_tdir)",7scenes,lora_late,probe0,office,theta0,0.8661518096923828
clean,"cos(g_rkd_sh_a,g_couple)",7scenes,lora_late,probe0,office,theta0,-0.5221487283706665
clean,"cos(g_rkd_sh_a,g_rel_rot)",7scenes,lora_late,probe0,office,theta0,0.045157644897699356
clean,"cos(g_rkd_sh_a,g_rel_tdir)",7scenes,lora_late,probe0,office,theta0,0.5560071468353271
clean,"cos(g_couple,g_rel_rot)",7scenes,lora_late,probe0,office,theta0,-0.13490962982177734
clean,"cos(g_couple,g_rel_tdir)",7scenes,lora_late,probe0,office,theta0,-0.8598416447639465
clean,"cos(g_rel_rot,g_rel_tdir)",7scenes,lora_late,probe0,office,theta0,0.08901463449001312
clean,"cos(g_maskdistill,g_rkd_sh_d)",7scenes,cam_token,probe0,office,theta0,0.08651980012655258
clean,"cos(g_maskdistill,g_rkd_sh_a)",7scenes,cam_token,probe0,office,theta0,0.3424431383609772
clean,"cos(g_maskdistill,g_couple)",7scenes,cam_token,probe0,office,theta0,0.18314418196678162
clean,"cos(g_maskdistill,g_rel_rot)",7scenes,cam_token,probe0,office,theta0,0.555785596370697
clean,"cos(g_maskdistill,g_rel_tdir)",7scenes,cam_token,probe0,office,theta0,-0.1458805501461029
clean,"cos(g_rkd_sh_d,g_rkd_sh_a)",7scenes,cam_token,probe0,office,theta0,0.7891417145729065
clean,"cos(g_rkd_sh_d,g_couple)",7scenes,cam_token,probe0,office,theta0,-0.7613527178764343
clean,"cos(g_rkd_sh_d,g_rel_rot)",7scenes,cam_token,probe0,office,theta0,-0.15855643153190613
clean,"cos(g_rkd_sh_d,g_rel_tdir)",7scenes,cam_token,probe0,office,theta0,0.8896623253822327
clean,"cos(g_rkd_sh_a,g_couple)",7scenes,cam_token,probe0,office,theta0,-0.34382644295692444
clean,"cos(g_rkd_sh_a,g_rel_rot)",7scenes,cam_token,probe0,office,theta0,0.029376400634646416
clean,"cos(g_rkd_sh_a,g_rel_tdir)",7scenes,cam_token,probe0,office,theta0,0.45631134510040283
clean,"cos(g_couple,g_rel_rot)",7scenes,cam_token,probe0,office,theta0,0.2296866774559021
clean,"cos(g_couple,g_rel_tdir)",7scenes,cam_token,probe0,office,theta0,-0.867881178855896
clean,"cos(g_rel_rot,g_rel_tdir)",7scenes,cam_token,probe0,office,theta0,-0.30593496561050415
clean,"cos(g_maskdistill,g_rkd_sh_d)",7scenes,ALL,probe0,office,theta0,0.7712691426277161
clean,"cos(g_maskdistill,g_rkd_sh_a)",7scenes,ALL,probe0,office,theta0,0.663148045539856
clean,"cos(g_maskdistill,g_couple)",7scenes,ALL,probe0,office,theta0,-0.6932674050331116
clean,"cos(g_maskdistill,g_rel_rot)",7scenes,ALL,probe0,office,theta0,0.3449459373950958
clean,"cos(g_maskdistill,g_rel_tdir)",7scenes,ALL,probe0,office,theta0,0.720867931842804
clean,"cos(g_rkd_sh_d,g_rkd_sh_a)",7scenes,ALL,probe0,office,theta0,0.8813271522521973
clean,"cos(g_rkd_sh_d,g_couple)",7scenes,ALL,probe0,office,theta0,-0.8826780319213867
clean,"cos(g_rkd_sh_d,g_rel_rot)",7scenes,ALL,probe0,office,theta0,0.11364772170782089
clean,"cos(g_rkd_sh_d,g_rel_tdir)",7scenes,ALL,probe0,office,theta0,0.9068477749824524
clean,"cos(g_rkd_sh_a,g_couple)",7scenes,ALL,probe0,office,theta0,-0.6212812066078186
clean,"cos(g_rkd_sh_a,g_rel_rot)",7scenes,ALL,probe0,office,theta0,0.12588395178318024
clean,"cos(g_rkd_sh_a,g_rel_tdir)",7scenes,ALL,probe0,office,theta0,0.6179860830307007
clean,"cos(g_couple,g_rel_rot)",7scenes,ALL,probe0,office,theta0,-0.08527406305074692
clean,"cos(g_couple,g_rel_tdir)",7scenes,ALL,probe0,office,theta0,-0.9516624212265015
clean,"cos(g_rel_rot,g_rel_tdir)",7scenes,ALL,probe0,office,theta0,0.04105447977781296
clean,"cos(g_rel_rot,g_base)",7scenes,lora_early,probe0,office,theta0,0.2543005049228668
clean,"cos(g_rel_tdir,g_base)",7scenes,lora_early,probe0,office,theta0,0.7739766836166382
clean,"cos(g_rel_rot,g_base)",7scenes,lora_late,probe0,office,theta0,0.11483758687973022
clean,"cos(g_rel_tdir,g_base)",7scenes,lora_late,probe0,office,theta0,0.744560956954956
clean,"cos(g_rel_rot,g_base)",7scenes,cam_token,probe0,office,theta0,0.29913243651390076
clean,"cos(g_rel_tdir,g_base)",7scenes,cam_token,probe0,office,theta0,0.2863204777240753
clean,"cos(g_rel_rot,g_base)",7scenes,ALL,probe0,office,theta0,0.22283712029457092
clean,"cos(g_rel_tdir,g_base)",7scenes,ALL,probe0,office,theta0,0.7639251947402954
clean,loss[maskdistill],7scenes,-,probe0,office,theta0,0.04079622030258179
clean,loss[rkd_sh_d],7scenes,-,probe0,office,theta0,0.03186865895986557
clean,loss[rkd_sh_a],7scenes,-,probe0,office,theta0,0.03172861039638519
clean,loss[couple],7scenes,-,probe0,office,theta0,0.005480649881064892
clean,loss[rel_rot],7scenes,-,probe0,office,theta0,0.0014685227070003748
clean,loss[rel_tdir],7scenes,-,probe0,office,theta0,0.2021474838256836
m0,"cos(g_maskdistill,g_rkd_sh_d)",7scenes,lora_early,probe0,office,theta0,0.8731125593185425
m0,"cos(g_maskdistill,g_rkd_sh_a)",7scenes,lora_early,probe0,office,theta0,0.8988087177276611
m0,"cos(g_maskdistill,g_couple)",7scenes,lora_early,probe0,office,theta0,0.9009292125701904
m0,"cos(g_maskdistill,g_rel_rot)",7scenes,lora_early,probe0,office,theta0,0.9121876955032349
m0,"cos(g_maskdistill,g_rel_tdir)",7scenes,lora_early,probe0,office,theta0,0.915014386177063
m0,"cos(g_rkd_sh_d,g_rkd_sh_a)",7scenes,lora_early,probe0,office,theta0,0.9932166934013367
m0,"cos(g_rkd_sh_d,g_couple)",7scenes,lora_early,probe0,office,theta0,0.9909356832504272
m0,"cos(g_rkd_sh_d,g_rel_rot)",7scenes,lora_early,probe0,office,theta0,0.9839727878570557
m0,"cos(g_rkd_sh_d,g_rel_tdir)",7scenes,lora_early,probe0,office,theta0,0.9588750600814819
m0,"cos(g_rkd_sh_a,g_couple)",7scenes,lora_early,probe0,office,theta0,0.9987688064575195
m0,"cos(g_rkd_sh_a,g_rel_rot)",7scenes,lora_early,probe0,office,theta0,0.9900509715080261
m0,"cos(g_rkd_sh_a,g_rel_tdir)",7scenes,lora_early,probe0,office,theta0,0.982406735420227
m0,"cos(g_couple,g_rel_rot)",7scenes,lora_early,probe0,office,theta0,0.9907488822937012
m0,"cos(g_couple,g_rel_tdir)",7scenes,lora_early,probe0,office,theta0,0.9803453683853149
m0,"cos(g_rel_rot,g_rel_tdir)",7scenes,lora_early,probe0,office,theta0,0.9804694056510925
m0,"cos(g_maskdistill,g_rkd_sh_d)",7scenes,lora_late,probe0,office,theta0,0.9020766019821167
m0,"cos(g_maskdistill,g_rkd_sh_a)",7scenes,lora_late,probe0,office,theta0,0.9222338199615479
m0,"cos(g_maskdistill,g_couple)",7scenes,lora_late,probe0,office,theta0,0.9262627363204956
m0,"cos(g_maskdistill,g_rel_rot)",7scenes,lora_late,probe0,office,theta0,0.9387773275375366
m0,"cos(g_maskdistill,g_rel_tdir)",7scenes,lora_late,probe0,office,theta0,0.9255110025405884
m0,"cos(g_rkd_sh_d,g_rkd_sh_a)",7scenes,lora_late,probe0,office,theta0,0.9924678206443787
m0,"cos(g_rkd_sh_d,g_couple)",7scenes,lora_late,probe0,office,theta0,0.9882798194885254
m0,"cos(g_rkd_sh_d,g_rel_rot)",7scenes,lora_late,probe0,office,theta0,0.9794255495071411
m0,"cos(g_rkd_sh_d,g_rel_tdir)",7scenes,lora_late,probe0,office,theta0,0.9605515003204346
m0,"cos(g_rkd_sh_a,g_couple)",7scenes,lora_late,probe0,office,theta0,0.9978138208389282
m0,"cos(g_rkd_sh_a,g_rel_rot)",7scenes,lora_late,probe0,office,theta0,0.9866804480552673
m0,"cos(g_rkd_sh_a,g_rel_tdir)",7scenes,lora_late,probe0,office,theta0,0.9840872287750244
m0,"cos(g_couple,g_rel_rot)",7scenes,lora_late,probe0,office,theta0,0.9880557656288147
m0,"cos(g_couple,g_rel_tdir)",7scenes,lora_late,probe0,office,theta0,0.9818599224090576
m0,"cos(g_rel_rot,g_rel_tdir)",7scenes,lora_late,probe0,office,theta0,0.9794570207595825
m0,"cos(g_maskdistill,g_rkd_sh_d)",7scenes,cam_token,probe0,office,theta0,0.8037457466125488
m0,"cos(g_maskdistill,g_rkd_sh_a)",7scenes,cam_token,probe0,office,theta0,0.815796971321106
m0,"cos(g_maskdistill,g_couple)",7scenes,cam_token,probe0,office,theta0,0.8159382343292236
m0,"cos(g_maskdistill,g_rel_rot)",7scenes,cam_token,probe0,office,theta0,0.8253916501998901
m0,"cos(g_maskdistill,g_rel_tdir)",7scenes,cam_token,probe0,office,theta0,0.8113992810249329
m0,"cos(g_rkd_sh_d,g_rkd_sh_a)",7scenes,cam_token,probe0,office,theta0,0.9947188496589661
m0,"cos(g_rkd_sh_d,g_couple)",7scenes,cam_token,probe0,office,theta0,0.9921128749847412
m0,"cos(g_rkd_sh_d,g_rel_rot)",7scenes,cam_token,probe0,office,theta0,0.9876284003257751
m0,"cos(g_rkd_sh_d,g_rel_tdir)",7scenes,cam_token,probe0,office,theta0,0.9699013233184814
m0,"cos(g_rkd_sh_a,g_couple)",7scenes,cam_token,probe0,office,theta0,0.9984496831893921
m0,"cos(g_rkd_sh_a,g_rel_rot)",7scenes,cam_token,probe0,office,theta0,0.9917668104171753
m0,"cos(g_rkd_sh_a,g_rel_tdir)",7scenes,cam_token,probe0,office,theta0,0.9878674745559692
m0,"cos(g_couple,g_rel_rot)",7scenes,cam_token,probe0,office,theta0,0.9933364987373352
m0,"cos(g_couple,g_rel_tdir)",7scenes,cam_token,probe0,office,theta0,0.9867516756057739
m0,"cos(g_rel_rot,g_rel_tdir)",7scenes,cam_token,probe0,office,theta0,0.9836056232452393
m0,"cos(g_maskdistill,g_rkd_sh_d)",7scenes,ALL,probe0,office,theta0,0.8772410154342651
m0,"cos(g_maskdistill,g_rkd_sh_a)",7scenes,ALL,probe0,office,theta0,0.9020340442657471
m0,"cos(g_maskdistill,g_couple)",7scenes,ALL,probe0,office,theta0,0.9044489860534668
m0,"cos(g_maskdistill,g_rel_rot)",7scenes,ALL,probe0,office,theta0,0.9159122109413147
m0,"cos(g_maskdistill,g_rel_tdir)",7scenes,ALL,probe0,office,theta0,0.9161499738693237
m0,"cos(g_rkd_sh_d,g_rkd_sh_a)",7scenes,ALL,probe0,office,theta0,0.9931092262268066
m0,"cos(g_rkd_sh_d,g_couple)",7scenes,ALL,probe0,office,theta0,0.9905344843864441
m0,"cos(g_rkd_sh_d,g_rel_rot)",7scenes,ALL,probe0,office,theta0,0.9832913875579834
m0,"cos(g_rkd_sh_d,g_rel_tdir)",7scenes,ALL,probe0,office,theta0,0.9591816663742065
m0,"cos(g_rkd_sh_a,g_couple)",7scenes,ALL,probe0,office,theta0,0.9986208081245422
m0,"cos(g_rkd_sh_a,g_rel_rot)",7scenes,ALL,probe0,office,theta0,0.989541232585907
m0,"cos(g_rkd_sh_a,g_rel_tdir)",7scenes,ALL,probe0,office,theta0,0.9826886653900146
m0,"cos(g_couple,g_rel_rot)",7scenes,ALL,probe0,office,theta0,0.9903465509414673
m0,"cos(g_couple,g_rel_tdir)",7scenes,ALL,probe0,office,theta0,0.9806064367294312
m0,"cos(g_rel_rot,g_rel_tdir)",7scenes,ALL,probe0,office,theta0,0.980329155921936
m0,"cos(g_rel_rot,g_base)",7scenes,lora_early,probe0,office,theta0,0.9918929934501648
m0,"cos(g_rel_tdir,g_base)",7scenes,lora_early,probe0,office,theta0,0.9831094741821289
m0,"cos(g_rel_rot,g_base)",7scenes,lora_late,probe0,office,theta0,0.9898395538330078
m0,"cos(g_rel_tdir,g_base)",7scenes,lora_late,probe0,office,theta0,0.9833937883377075
m0,"cos(g_rel_rot,g_base)",7scenes,cam_token,probe0,office,theta0,0.9920703768730164
m0,"cos(g_rel_tdir,g_base)",7scenes,cam_token,probe0,office,theta0,0.984819769859314
m0,"cos(g_rel_rot,g_base)",7scenes,ALL,probe0,office,theta0,0.9915766716003418
m0,"cos(g_rel_tdir,g_base)",7scenes,ALL,probe0,office,theta0,0.9831591248512268
m0,loss[maskdistill],7scenes,-,probe0,office,theta0,0.270358681678772
m0,loss[rkd_sh_d],7scenes,-,probe0,office,theta0,0.044058941304683685
m0,loss[rkd_sh_a],7scenes,-,probe0,office,theta0,0.0830489844083786
m0,loss[couple],7scenes,-,probe0,office,theta0,0.00444527855142951
m0,loss[rel_rot],7scenes,-,probe0,office,theta0,0.357377827167511
m0,loss[rel_tdir],7scenes,-,probe0,office,theta0,0.5699711441993713
clean,"cos(g_maskdistill,g_rkd_sh_d)",7scenes,lora_early,probe1,office,theta0,-0.3941742181777954
clean,"cos(g_maskdistill,g_rkd_sh_a)",7scenes,lora_early,probe1,office,theta0,-0.7250606417655945
clean,"cos(g_maskdistill,g_couple)",7scenes,lora_early,probe1,office,theta0,0.6912177205085754
clean,"cos(g_maskdistill,g_rel_rot)",7scenes,lora_early,probe1,office,theta0,0.5775014758110046
clean,"cos(g_maskdistill,g_rel_tdir)",7scenes,lora_early,probe1,office,theta0,-0.6506614685058594
clean,"cos(g_rkd_sh_d,g_rkd_sh_a)",7scenes,lora_early,probe1,office,theta0,0.8263922929763794
clean,"cos(g_rkd_sh_d,g_couple)",7scenes,lora_early,probe1,office,theta0,0.032201606780290604
clean,"cos(g_rkd_sh_d,g_rel_rot)",7scenes,lora_early,probe1,office,theta0,-0.634581446647644
clean,"cos(g_rkd_sh_d,g_rel_tdir)",7scenes,lora_early,probe1,office,theta0,0.9089595079421997
clean,"cos(g_rkd_sh_a,g_couple)",7scenes,lora_early,probe1,office,theta0,-0.5288199186325073
clean,"cos(g_rkd_sh_a,g_rel_rot)",7scenes,lora_early,probe1,office,theta0,-0.8108687400817871
clean,"cos(g_rkd_sh_a,g_rel_tdir)",7scenes,lora_early,probe1,office,theta0,0.9835556745529175
clean,"cos(g_couple,g_rel_rot)",7scenes,lora_early,probe1,office,theta0,0.5429672002792358
clean,"cos(g_couple,g_rel_tdir)",7scenes,lora_early,probe1,office,theta0,-0.38334619998931885
clean,"cos(g_rel_rot,g_rel_tdir)",7scenes,lora_early,probe1,office,theta0,-0.8125811815261841
clean,"cos(g_maskdistill,g_rkd_sh_d)",7scenes,lora_late,probe1,office,theta0,0.2895839512348175
clean,"cos(g_maskdistill,g_rkd_sh_a)",7scenes,lora_late,probe1,office,theta0,-0.2410406917333603
clean,"cos(g_maskdistill,g_couple)",7scenes,lora_late,probe1,office,theta0,0.5777595639228821
clean,"cos(g_maskdistill,g_rel_rot)",7scenes,lora_late,probe1,office,theta0,-0.18742233514785767
clean,"cos(g_maskdistill,g_rel_tdir)",7scenes,lora_late,probe1,office,theta0,-0.03269379958510399
clean,"cos(g_rkd_sh_d,g_rkd_sh_a)",7scenes,lora_late,probe1,office,theta0,0.6073090434074402
clean,"cos(g_rkd_sh_d,g_couple)",7scenes,lora_late,probe1,office,theta0,0.660872757434845
clean,"cos(g_rkd_sh_d,g_rel_rot)",7scenes,lora_late,probe1,office,theta0,-0.045648373663425446
clean,"cos(g_rkd_sh_d,g_rel_tdir)",7scenes,lora_late,probe1,office,theta0,0.8433725237846375
clean,"cos(g_rkd_sh_a,g_couple)",7scenes,lora_late,probe1,office,theta0,-0.13439345359802246
clean,"cos(g_rkd_sh_a,g_rel_rot)",7scenes,lora_late,probe1,office,theta0,0.346968412399292
clean,"cos(g_rkd_sh_a,g_rel_tdir)",7scenes,lora_late,probe1,office,theta0,0.9301819801330566
clean,"cos(g_couple,g_rel_rot)",7scenes,lora_late,probe1,office,theta0,-0.36213281750679016
clean,"cos(g_couple,g_rel_tdir)",7scenes,lora_late,probe1,office,theta0,0.20256783068180084
clean,"cos(g_rel_rot,g_rel_tdir)",7scenes,lora_late,probe1,office,theta0,0.19898223876953125
clean,"cos(g_maskdistill,g_rkd_sh_d)",7scenes,cam_token,probe1,office,theta0,-0.6130577921867371
clean,"cos(g_maskdistill,g_rkd_sh_a)",7scenes,cam_token,probe1,office,theta0,-0.8030946254730225
clean,"cos(g_maskdistill,g_couple)",7scenes,cam_token,probe1,office,theta0,0.4563632607460022
clean,"cos(g_maskdistill,g_rel_rot)",7scenes,cam_token,probe1,office,theta0,0.04083063825964928
clean,"cos(g_maskdistill,g_rel_tdir)",7scenes,cam_token,probe1,office,theta0,-0.7525206804275513
clean,"cos(g_rkd_sh_d,g_rkd_sh_a)",7scenes,cam_token,probe1,office,theta0,0.8192083835601807
clean,"cos(g_rkd_sh_d,g_couple)",7scenes,cam_token,probe1,office,theta0,0.03838011994957924
clean,"cos(g_rkd_sh_d,g_rel_rot)",7scenes,cam_token,probe1,office,theta0,-0.2965891361236572
clean,"cos(g_rkd_sh_d,g_rel_tdir)",7scenes,cam_token,probe1,office,theta0,0.9067791104316711
clean,"cos(g_rkd_sh_a,g_couple)",7scenes,cam_token,probe1,office,theta0,-0.47532135248184204
clean,"cos(g_rkd_sh_a,g_rel_rot)",7scenes,cam_token,probe1,office,theta0,-0.33081871271133423
clean,"cos(g_rkd_sh_a,g_rel_tdir)",7scenes,cam_token,probe1,office,theta0,0.9806344509124756
clean,"cos(g_couple,g_rel_rot)",7scenes,cam_token,probe1,office,theta0,0.19634923338890076
clean,"cos(g_couple,g_rel_tdir)",7scenes,cam_token,probe1,office,theta0,-0.32811856269836426
clean,"cos(g_rel_rot,g_rel_tdir)",7scenes,cam_token,probe1,office,theta0,-0.3823523223400116
clean,"cos(g_maskdistill,g_rkd_sh_d)",7scenes,ALL,probe1,office,theta0,-0.30436083674430847
clean,"cos(g_maskdistill,g_rkd_sh_a)",7scenes,ALL,probe1,office,theta0,-0.6754872798919678
clean,"cos(g_maskdistill,g_couple)",7scenes,ALL,probe1,office,theta0,0.6674710512161255
clean,"cos(g_maskdistill,g_rel_rot)",7scenes,ALL,probe1,office,theta0,0.5283510088920593
clean,"cos(g_maskdistill,g_rel_tdir)",7scenes,ALL,probe1,office,theta0,-0.5893615484237671
clean,"cos(g_rkd_sh_d,g_rkd_sh_a)",7scenes,ALL,probe1,office,theta0,0.7989966869354248
clean,"cos(g_rkd_sh_d,g_couple)",7scenes,ALL,probe1,office,theta0,0.1379518210887909
clean,"cos(g_rkd_sh_d,g_rel_rot)",7scenes,ALL,probe1,office,theta0,-0.5862066149711609
clean,"cos(g_rkd_sh_d,g_rel_tdir)",7scenes,ALL,probe1,office,theta0,0.896504819393158
clean,"cos(g_rkd_sh_a,g_couple)",7scenes,ALL,probe1,office,theta0,-0.471064954996109
clean,"cos(g_rkd_sh_a,g_rel_rot)",7scenes,ALL,probe1,office,theta0,-0.7662340402603149
clean,"cos(g_rkd_sh_a,g_rel_tdir)",7scenes,ALL,probe1,office,theta0,0.9795976877212524
clean,"cos(g_couple,g_rel_rot)",7scenes,ALL,probe1,office,theta0,0.46715080738067627
clean,"cos(g_couple,g_rel_tdir)",7scenes,ALL,probe1,office,theta0,-0.3055739402770996
clean,"cos(g_rel_rot,g_rel_tdir)",7scenes,ALL,probe1,office,theta0,-0.7731262445449829
clean,"cos(g_rel_rot,g_base)",7scenes,lora_early,probe1,office,theta0,-0.7159966230392456
clean,"cos(g_rel_tdir,g_base)",7scenes,lora_early,probe1,office,theta0,0.9558767080307007
clean,"cos(g_rel_rot,g_base)",7scenes,lora_late,probe1,office,theta0,0.12241939455270767
clean,"cos(g_rel_tdir,g_base)",7scenes,lora_late,probe1,office,theta0,0.9308374524116516
clean,"cos(g_rel_rot,g_base)",7scenes,cam_token,probe1,office,theta0,-0.442086786031723
clean,"cos(g_rel_tdir,g_base)",7scenes,cam_token,probe1,office,theta0,0.8605483770370483
clean,"cos(g_rel_rot,g_base)",7scenes,ALL,probe1,office,theta0,-0.6595660448074341
clean,"cos(g_rel_tdir,g_base)",7scenes,ALL,probe1,office,theta0,0.9484964609146118
clean,loss[maskdistill],7scenes,-,probe1,office,theta0,0.059260472655296326
clean,loss[rkd_sh_d],7scenes,-,probe1,office,theta0,0.010853080078959465
clean,loss[rkd_sh_a],7scenes,-,probe1,office,theta0,0.030961250886321068
clean,loss[couple],7scenes,-,probe1,office,theta0,0.00978897325694561
clean,loss[rel_rot],7scenes,-,probe1,office,theta0,0.006595425307750702
clean,loss[rel_tdir],7scenes,-,probe1,office,theta0,0.04674743860960007
m0,"cos(g_maskdistill,g_rkd_sh_d)",7scenes,lora_early,probe1,office,theta0,-0.5080876350402832
m0,"cos(g_maskdistill,g_rkd_sh_a)",7scenes,lora_early,probe1,office,theta0,-0.1327522248029709
m0,"cos(g_maskdistill,g_couple)",7scenes,lora_early,probe1,office,theta0,-0.4994947910308838
m0,"cos(g_maskdistill,g_rel_rot)",7scenes,lora_early,probe1,office,theta0,0.8528662919998169
m0,"cos(g_maskdistill,g_rel_tdir)",7scenes,lora_early,probe1,office,theta0,0.4407123625278473
m0,"cos(g_rkd_sh_d,g_rkd_sh_a)",7scenes,lora_early,probe1,office,theta0,0.6852817535400391
m0,"cos(g_rkd_sh_d,g_couple)",7scenes,lora_early,probe1,office,theta0,0.40960198640823364
m0,"cos(g_rkd_sh_d,g_rel_rot)",7scenes,lora_early,probe1,office,theta0,-0.4394957423210144
m0,"cos(g_rkd_sh_d,g_rel_tdir)",7scenes,lora_early,probe1,office,theta0,0.1246829703450203
m0,"cos(g_rkd_sh_a,g_couple)",7scenes,lora_early,probe1,office,theta0,-0.33746060729026794
m0,"cos(g_rkd_sh_a,g_rel_rot)",7scenes,lora_early,probe1,office,theta0,0.02700752392411232
m0,"cos(g_rkd_sh_a,g_rel_tdir)",7scenes,lora_early,probe1,office,theta0,0.7277431488037109
m0,"cos(g_couple,g_rel_rot)",7scenes,lora_early,probe1,office,theta0,-0.5858335494995117
m0,"cos(g_couple,g_rel_tdir)",7scenes,lora_early,probe1,office,theta0,-0.7401906847953796
m0,"cos(g_rel_rot,g_rel_tdir)",7scenes,lora_early,probe1,office,theta0,0.6577494740486145
m0,"cos(g_maskdistill,g_rkd_sh_d)",7scenes,lora_late,probe1,office,theta0,-0.37447744607925415
m0,"cos(g_maskdistill,g_rkd_sh_a)",7scenes,lora_late,probe1,office,theta0,0.0831867977976799
m0,"cos(g_maskdistill,g_couple)",7scenes,lora_late,probe1,office,theta0,-0.611914873123169
m0,"cos(g_maskdistill,g_rel_rot)",7scenes,lora_late,probe1,office,theta0,0.8158178329467773
m0,"cos(g_maskdistill,g_rel_tdir)",7scenes,lora_late,probe1,office,theta0,0.5424357652664185
m0,"cos(g_rkd_sh_d,g_rkd_sh_a)",7scenes,lora_late,probe1,office,theta0,0.7183492183685303
m0,"cos(g_rkd_sh_d,g_couple)",7scenes,lora_late,probe1,office,theta0,0.3689737617969513
m0,"cos(g_rkd_sh_d,g_rel_rot)",7scenes,lora_late,probe1,office,theta0,-0.3046291172504425
m0,"cos(g_rkd_sh_d,g_rel_tdir)",7scenes,lora_late,probe1,office,theta0,0.24640899896621704
m0,"cos(g_rkd_sh_a,g_couple)",7scenes,lora_late,probe1,office,theta0,-0.3323962986469269
m0,"cos(g_rkd_sh_a,g_rel_rot)",7scenes,lora_late,probe1,office,theta0,0.19907481968402863
m0,"cos(g_rkd_sh_a,g_rel_tdir)",7scenes,lora_late,probe1,office,theta0,0.7791357040405273
m0,"cos(g_couple,g_rel_rot)",7scenes,lora_late,probe1,office,theta0,-0.6590965986251831
m0,"cos(g_couple,g_rel_tdir)",7scenes,lora_late,probe1,office,theta0,-0.6974037885665894
m0,"cos(g_rel_rot,g_rel_tdir)",7scenes,lora_late,probe1,office,theta0,0.7144254446029663
m0,"cos(g_maskdistill,g_rkd_sh_d)",7scenes,cam_token,probe1,office,theta0,-0.6684654951095581
m0,"cos(g_maskdistill,g_rkd_sh_a)",7scenes,cam_token,probe1,office,theta0,-0.09260905534029007
m0,"cos(g_maskdistill,g_couple)",7scenes,cam_token,probe1,office,theta0,-0.7430020570755005
m0,"cos(g_maskdistill,g_rel_rot)",7scenes,cam_token,probe1,office,theta0,0.9149414896965027
m0,"cos(g_maskdistill,g_rel_tdir)",7scenes,cam_token,probe1,office,theta0,0.6559398174285889
m0,"cos(g_rkd_sh_d,g_rkd_sh_a)",7scenes,cam_token,probe1,office,theta0,0.643195629119873
m0,"cos(g_rkd_sh_d,g_couple)",7scenes,cam_token,probe1,office,theta0,0.592030942440033
m0,"cos(g_rkd_sh_d,g_rel_rot)",7scenes,cam_token,probe1,office,theta0,-0.6033900380134583
m0,"cos(g_rkd_sh_d,g_rel_tdir)",7scenes,cam_token,probe1,office,theta0,-0.11718912422657013
m0,"cos(g_rkd_sh_a,g_couple)",7scenes,cam_token,probe1,office,theta0,-0.19529736042022705
m0,"cos(g_rkd_sh_a,g_rel_rot)",7scenes,cam_token,probe1,office,theta0,0.024385562166571617
m0,"cos(g_rkd_sh_a,g_rel_tdir)",7scenes,cam_token,probe1,office,theta0,0.6156856417655945
m0,"cos(g_couple,g_rel_rot)",7scenes,cam_token,probe1,office,theta0,-0.7630578875541687
m0,"cos(g_couple,g_rel_tdir)",7scenes,cam_token,probe1,office,theta0,-0.7654999494552612
m0,"cos(g_rel_rot,g_rel_tdir)",7scenes,cam_token,probe1,office,theta0,0.7706592082977295
m0,"cos(g_maskdistill,g_rkd_sh_d)",7scenes,ALL,probe1,office,theta0,-0.48854926228523254
m0,"cos(g_maskdistill,g_rkd_sh_a)",7scenes,ALL,probe1,office,theta0,-0.10015447437763214
m0,"cos(g_maskdistill,g_couple)",7scenes,ALL,probe1,office,theta0,-0.5162250995635986
m0,"cos(g_maskdistill,g_rel_rot)",7scenes,ALL,probe1,office,theta0,0.8479675650596619
m0,"cos(g_maskdistill,g_rel_tdir)",7scenes,ALL,probe1,office,theta0,0.45590877532958984
m0,"cos(g_rkd_sh_d,g_rkd_sh_a)",7scenes,ALL,probe1,office,theta0,0.690700113773346
m0,"cos(g_rkd_sh_d,g_couple)",7scenes,ALL,probe1,office,theta0,0.40390992164611816
m0,"cos(g_rkd_sh_d,g_rel_rot)",7scenes,ALL,probe1,office,theta0,-0.4190709888935089
m0,"cos(g_rkd_sh_d,g_rel_tdir)",7scenes,ALL,probe1,office,theta0,0.14387238025665283
m0,"cos(g_rkd_sh_a,g_couple)",7scenes,ALL,probe1,office,theta0,-0.33586764335632324
m0,"cos(g_rkd_sh_a,g_rel_rot)",7scenes,ALL,probe1,office,theta0,0.05411126837134361
m0,"cos(g_rkd_sh_a,g_rel_tdir)",7scenes,ALL,probe1,office,theta0,0.7359426021575928
m0,"cos(g_couple,g_rel_rot)",7scenes,ALL,probe1,office,theta0,-0.5975277423858643
m0,"cos(g_couple,g_rel_tdir)",7scenes,ALL,probe1,office,theta0,-0.7334127426147461
m0,"cos(g_rel_rot,g_rel_tdir)",7scenes,ALL,probe1,office,theta0,0.6666823625564575
m0,"cos(g_rel_rot,g_base)",7scenes,lora_early,probe1,office,theta0,0.5812572240829468
m0,"cos(g_rel_tdir,g_base)",7scenes,lora_early,probe1,office,theta0,0.6847881078720093
m0,"cos(g_rel_rot,g_base)",7scenes,lora_late,probe1,office,theta0,0.5223656892776489
m0,"cos(g_rel_tdir,g_base)",7scenes,lora_late,probe1,office,theta0,0.7753363847732544
m0,"cos(g_rel_rot,g_base)",7scenes,cam_token,probe1,office,theta0,0.7104663848876953
m0,"cos(g_rel_tdir,g_base)",7scenes,cam_token,probe1,office,theta0,0.827857494354248
m0,"cos(g_rel_rot,g_base)",7scenes,ALL,probe1,office,theta0,0.57179194688797
m0,"cos(g_rel_tdir,g_base)",7scenes,ALL,probe1,office,theta0,0.7008916139602661
m0,loss[maskdistill],7scenes,-,probe1,office,theta0,0.22002005577087402
m0,loss[rkd_sh_d],7scenes,-,probe1,office,theta0,0.007661893963813782
m0,loss[rkd_sh_a],7scenes,-,probe1,office,theta0,0.0067915706895291805
m0,loss[couple],7scenes,-,probe1,office,theta0,0.0008117551915347576
m0,loss[rel_rot],7scenes,-,probe1,office,theta0,0.03235087916254997
m0,loss[rel_tdir],7scenes,-,probe1,office,theta0,0.029857289046049118
clean,"cos(g_maskdistill,g_rkd_sh_d)",7scenes,lora_early,probe0,office,theta_base,0.6077412962913513
clean,"cos(g_maskdistill,g_rkd_sh_a)",7scenes,lora_early,probe0,office,theta_base,0.3770514130592346
clean,"cos(g_maskdistill,g_couple)",7scenes,lora_early,probe0,office,theta_base,-0.7320992946624756
clean,"cos(g_maskdistill,g_rel_rot)",7scenes,lora_early,probe0,office,theta_base,0.2532740831375122
clean,"cos(g_maskdistill,g_rel_tdir)",7scenes,lora_early,probe0,office,theta_base,0.7733391523361206
clean,"cos(g_rkd_sh_d,g_rkd_sh_a)",7scenes,lora_early,probe0,office,theta_base,-0.09981834888458252
clean,"cos(g_rkd_sh_d,g_couple)",7scenes,lora_early,probe0,office,theta_base,-0.7492929697036743
clean,"cos(g_rkd_sh_d,g_rel_rot)",7scenes,lora_early,probe0,office,theta_base,0.052056457847356796
clean,"cos(g_rkd_sh_d,g_rel_tdir)",7scenes,lora_early,probe0,office,theta_base,0.7788075804710388
clean,"cos(g_rkd_sh_a,g_couple)",7scenes,lora_early,probe0,office,theta_base,-0.3227206766605377
clean,"cos(g_rkd_sh_a,g_rel_rot)",7scenes,lora_early,probe0,office,theta_base,0.2518072724342346
clean,"cos(g_rkd_sh_a,g_rel_tdir)",7scenes,lora_early,probe0,office,theta_base,0.34113845229148865
clean,"cos(g_couple,g_rel_rot)",7scenes,lora_early,probe0,office,theta_base,-0.17077749967575073
clean,"cos(g_couple,g_rel_tdir)",7scenes,lora_early,probe0,office,theta_base,-0.9257651567459106
clean,"cos(g_rel_rot,g_rel_tdir)",7scenes,lora_early,probe0,office,theta_base,0.059761688113212585
clean,"cos(g_maskdistill,g_rkd_sh_d)",7scenes,lora_late,probe0,office,theta_base,0.6739951372146606
clean,"cos(g_maskdistill,g_rkd_sh_a)",7scenes,lora_late,probe0,office,theta_base,0.2359136939048767
clean,"cos(g_maskdistill,g_couple)",7scenes,lora_late,probe0,office,theta_base,-0.4618159532546997
clean,"cos(g_maskdistill,g_rel_rot)",7scenes,lora_late,probe0,office,theta_base,0.06207961216568947
clean,"cos(g_maskdistill,g_rel_tdir)",7scenes,lora_late,probe0,office,theta_base,0.7270539999008179
clean,"cos(g_rkd_sh_d,g_rkd_sh_a)",7scenes,lora_late,probe0,office,theta_base,0.21792533993721008
clean,"cos(g_rkd_sh_d,g_couple)",7scenes,lora_late,probe0,office,theta_base,-0.5325645208358765
clean,"cos(g_rkd_sh_d,g_rel_rot)",7scenes,lora_late,probe0,office,theta_base,-0.03376555070281029
clean,"cos(g_rkd_sh_d,g_rel_tdir)",7scenes,lora_late,probe0,office,theta_base,0.8484349250793457
clean,"cos(g_rkd_sh_a,g_couple)",7scenes,lora_late,probe0,office,theta_base,-0.17438240349292755
clean,"cos(g_rkd_sh_a,g_rel_rot)",7scenes,lora_late,probe0,office,theta_base,-0.036595821380615234
clean,"cos(g_rkd_sh_a,g_rel_tdir)",7scenes,lora_late,probe0,office,theta_base,0.29180607199668884
clean,"cos(g_couple,g_rel_rot)",7scenes,lora_late,probe0,office,theta_base,-0.09908409416675568
clean,"cos(g_couple,g_rel_tdir)",7scenes,lora_late,probe0,office,theta_base,-0.6167556643486023
clean,"cos(g_rel_rot,g_rel_tdir)",7scenes,lora_late,probe0,office,theta_base,-0.019697166979312897
clean,"cos(g_maskdistill,g_rkd_sh_d)",7scenes,cam_token,probe0,office,theta_base,0.006030447781085968
clean,"cos(g_maskdistill,g_rkd_sh_a)",7scenes,cam_token,probe0,office,theta_base,0.45289623737335205
clean,"cos(g_maskdistill,g_couple)",7scenes,cam_token,probe0,office,theta_base,-0.03690015524625778
clean,"cos(g_maskdistill,g_rel_rot)",7scenes,cam_token,probe0,office,theta_base,0.26837730407714844
clean,"cos(g_maskdistill,g_rel_tdir)",7scenes,cam_token,probe0,office,theta_base,0.045613184571266174
clean,"cos(g_rkd_sh_d,g_rkd_sh_a)",7scenes,cam_token,probe0,office,theta_base,0.2090257704257965
clean,"cos(g_rkd_sh_d,g_couple)",7scenes,cam_token,probe0,office,theta_base,-0.582664966583252
clean,"cos(g_rkd_sh_d,g_rel_rot)",7scenes,cam_token,probe0,office,theta_base,-0.03668138012290001
clean,"cos(g_rkd_sh_d,g_rel_tdir)",7scenes,cam_token,probe0,office,theta_base,0.9341462850570679
clean,"cos(g_rkd_sh_a,g_couple)",7scenes,cam_token,probe0,office,theta_base,-0.37835001945495605
clean,"cos(g_rkd_sh_a,g_rel_rot)",7scenes,cam_token,probe0,office,theta_base,0.0660417303442955
clean,"cos(g_rkd_sh_a,g_rel_tdir)",7scenes,cam_token,probe0,office,theta_base,0.3469335436820984
clean,"cos(g_couple,g_rel_rot)",7scenes,cam_token,probe0,office,theta_base,-0.06880644708871841
clean,"cos(g_couple,g_rel_tdir)",7scenes,cam_token,probe0,office,theta_base,-0.6282784938812256
clean,"cos(g_rel_rot,g_rel_tdir)",7scenes,cam_token,probe0,office,theta_base,-0.05783040076494217
clean,"cos(g_maskdistill,g_rkd_sh_d)",7scenes,ALL,probe0,office,theta_base,0.6264642477035522
clean,"cos(g_maskdistill,g_rkd_sh_a)",7scenes,ALL,probe0,office,theta_base,0.3315958082675934
clean,"cos(g_maskdistill,g_couple)",7scenes,ALL,probe0,office,theta_base,-0.6108441352844238
clean,"cos(g_maskdistill,g_rel_rot)",7scenes,ALL,probe0,office,theta_base,0.1777181327342987
clean,"cos(g_maskdistill,g_rel_tdir)",7scenes,ALL,probe0,office,theta_base,0.7534008026123047
clean,"cos(g_rkd_sh_d,g_rkd_sh_a)",7scenes,ALL,probe0,office,theta_base,-0.005093674175441265
clean,"cos(g_rkd_sh_d,g_couple)",7scenes,ALL,probe0,office,theta_base,-0.653984785079956
clean,"cos(g_rkd_sh_d,g_rel_rot)",7scenes,ALL,probe0,office,theta_base,0.01960202306509018
clean,"cos(g_rkd_sh_d,g_rel_tdir)",7scenes,ALL,probe0,office,theta_base,0.801767110824585
clean,"cos(g_rkd_sh_a,g_couple)",7scenes,ALL,probe0,office,theta_base,-0.261865496635437
clean,"cos(g_rkd_sh_a,g_rel_rot)",7scenes,ALL,probe0,office,theta_base,0.1477278769016266
clean,"cos(g_rkd_sh_a,g_rel_tdir)",7scenes,ALL,probe0,office,theta_base,0.3253880739212036
clean,"cos(g_couple,g_rel_rot)",7scenes,ALL,probe0,office,theta_base,-0.13743355870246887
clean,"cos(g_couple,g_rel_tdir)",7scenes,ALL,probe0,office,theta_base,-0.7910361289978027
clean,"cos(g_rel_rot,g_rel_tdir)",7scenes,ALL,probe0,office,theta_base,0.028666233643889427
clean,"cos(g_rel_rot,g_base)",7scenes,lora_early,probe0,office,theta_base,0.1742912232875824
clean,"cos(g_rel_tdir,g_base)",7scenes,lora_early,probe0,office,theta_base,0.8722169995307922
clean,"cos(g_rel_rot,g_base)",7scenes,lora_late,probe0,office,theta_base,-0.03983832523226738
clean,"cos(g_rel_tdir,g_base)",7scenes,lora_late,probe0,office,theta_base,0.8265742659568787
clean,"cos(g_rel_rot,g_base)",7scenes,cam_token,probe0,office,theta_base,0.07039439678192139
clean,"cos(g_rel_tdir,g_base)",7scenes,cam_token,probe0,office,theta_base,0.7895503640174866
clean,"cos(g_rel_rot,g_base)",7scenes,ALL,probe0,office,theta_base,0.08833391219377518
clean,"cos(g_rel_tdir,g_base)",7scenes,ALL,probe0,office,theta_base,0.8554604053497314
clean,loss[maskdistill],7scenes,-,probe0,office,theta_base,0.03657449781894684
clean,loss[rkd_sh_d],7scenes,-,probe0,office,theta_base,0.026841487735509872
clean,loss[rkd_sh_a],7scenes,-,probe0,office,theta_base,0.03013448789715767
clean,loss[couple],7scenes,-,probe0,office,theta_base,0.005755584221333265
clean,loss[rel_rot],7scenes,-,probe0,office,theta_base,0.0011266273213550448
clean,loss[rel_tdir],7scenes,-,probe0,office,theta_base,0.1435549557209015
m0,"cos(g_maskdistill,g_rkd_sh_d)",7scenes,lora_early,probe0,office,theta_base,0.5967724919319153
m0,"cos(g_maskdistill,g_rkd_sh_a)",7scenes,lora_early,probe0,office,theta_base,0.5894855260848999
m0,"cos(g_maskdistill,g_couple)",7scenes,lora_early,probe0,office,theta_base,-0.37953683733940125
m0,"cos(g_maskdistill,g_rel_rot)",7scenes,lora_early,probe0,office,theta_base,-0.06896985322237015
m0,"cos(g_maskdistill,g_rel_tdir)",7scenes,lora_early,probe0,office,theta_base,0.19936902821063995
m0,"cos(g_rkd_sh_d,g_rkd_sh_a)",7scenes,lora_early,probe0,office,theta_base,0.9568947553634644
m0,"cos(g_rkd_sh_d,g_couple)",7scenes,lora_early,probe0,office,theta_base,-0.6825366616249084
m0,"cos(g_rkd_sh_d,g_rel_rot)",7scenes,lora_early,probe0,office,theta_base,0.2053244411945343
m0,"cos(g_rkd_sh_d,g_rel_tdir)",7scenes,lora_early,probe0,office,theta_base,0.6627920866012573
m0,"cos(g_rkd_sh_a,g_couple)",7scenes,lora_early,probe0,office,theta_base,-0.7870039343833923
m0,"cos(g_rkd_sh_a,g_rel_rot)",7scenes,lora_early,probe0,office,theta_base,0.15368887782096863
m0,"cos(g_rkd_sh_a,g_rel_tdir)",7scenes,lora_early,probe0,office,theta_base,0.765750527381897
m0,"cos(g_couple,g_rel_rot)",7scenes,lora_early,probe0,office,theta_base,0.13790225982666016
m0,"cos(g_couple,g_rel_tdir)",7scenes,lora_early,probe0,office,theta_base,-0.668677806854248
m0,"cos(g_rel_rot,g_rel_tdir)",7scenes,lora_early,probe0,office,theta_base,0.3657705783843994
m0,"cos(g_maskdistill,g_rkd_sh_d)",7scenes,lora_late,probe0,office,theta_base,0.6655407547950745
m0,"cos(g_maskdistill,g_rkd_sh_a)",7scenes,lora_late,probe0,office,theta_base,0.6644554138183594
m0,"cos(g_maskdistill,g_couple)",7scenes,lora_late,probe0,office,theta_base,-0.4558735489845276
m0,"cos(g_maskdistill,g_rel_rot)",7scenes,lora_late,probe0,office,theta_base,0.04367800056934357
m0,"cos(g_maskdistill,g_rel_tdir)",7scenes,lora_late,probe0,office,theta_base,0.34141457080841064
m0,"cos(g_rkd_sh_d,g_rkd_sh_a)",7scenes,lora_late,probe0,office,theta_base,0.9548077583312988
m0,"cos(g_rkd_sh_d,g_couple)",7scenes,lora_late,probe0,office,theta_base,-0.6806025505065918
m0,"cos(g_rkd_sh_d,g_rel_rot)",7scenes,lora_late,probe0,office,theta_base,0.2808285057544708
m0,"cos(g_rkd_sh_d,g_rel_tdir)",7scenes,lora_late,probe0,office,theta_base,0.6762349605560303
m0,"cos(g_rkd_sh_a,g_couple)",7scenes,lora_late,probe0,office,theta_base,-0.7589116096496582
m0,"cos(g_rkd_sh_a,g_rel_rot)",7scenes,lora_late,probe0,office,theta_base,0.24988457560539246
m0,"cos(g_rkd_sh_a,g_rel_tdir)",7scenes,lora_late,probe0,office,theta_base,0.7735155820846558
m0,"cos(g_couple,g_rel_rot)",7scenes,lora_late,probe0,office,theta_base,-0.0031706448644399643
m0,"cos(g_couple,g_rel_tdir)",7scenes,lora_late,probe0,office,theta_base,-0.669040322303772
m0,"cos(g_rel_rot,g_rel_tdir)",7scenes,lora_late,probe0,office,theta_base,0.3739350438117981
m0,"cos(g_maskdistill,g_rkd_sh_d)",7scenes,cam_token,probe0,office,theta_base,0.3574996590614319
m0,"cos(g_maskdistill,g_rkd_sh_a)",7scenes,cam_token,probe0,office,theta_base,0.41552498936653137
m0,"cos(g_maskdistill,g_couple)",7scenes,cam_token,probe0,office,theta_base,-0.30944281816482544
m0,"cos(g_maskdistill,g_rel_rot)",7scenes,cam_token,probe0,office,theta_base,-0.32255589962005615
m0,"cos(g_maskdistill,g_rel_tdir)",7scenes,cam_token,probe0,office,theta_base,-0.049200620502233505
m0,"cos(g_rkd_sh_d,g_rkd_sh_a)",7scenes,cam_token,probe0,office,theta_base,0.9562786817550659
m0,"cos(g_rkd_sh_d,g_couple)",7scenes,cam_token,probe0,office,theta_base,-0.7132483720779419
m0,"cos(g_rkd_sh_d,g_rel_rot)",7scenes,cam_token,probe0,office,theta_base,0.4045364558696747
m0,"cos(g_rkd_sh_d,g_rel_tdir)",7scenes,cam_token,probe0,office,theta_base,0.7333030700683594
m0,"cos(g_rkd_sh_a,g_couple)",7scenes,cam_token,probe0,office,theta_base,-0.7668629288673401
m0,"cos(g_rkd_sh_a,g_rel_rot)",7scenes,cam_token,probe0,office,theta_base,0.33012211322784424
m0,"cos(g_rkd_sh_a,g_rel_tdir)",7scenes,cam_token,probe0,office,theta_base,0.7862284183502197
m0,"cos(g_couple,g_rel_rot)",7scenes,cam_token,probe0,office,theta_base,-0.1160474643111229
m0,"cos(g_couple,g_rel_tdir)",7scenes,cam_token,probe0,office,theta_base,-0.6356889009475708
m0,"cos(g_rel_rot,g_rel_tdir)",7scenes,cam_token,probe0,office,theta_base,0.6064104437828064
m0,"cos(g_maskdistill,g_rkd_sh_d)",7scenes,ALL,probe0,office,theta_base,0.6126916408538818
m0,"cos(g_maskdistill,g_rkd_sh_a)",7scenes,ALL,probe0,office,theta_base,0.607073187828064
m0,"cos(g_maskdistill,g_couple)",7scenes,ALL,probe0,office,theta_base,-0.3980482816696167
m0,"cos(g_maskdistill,g_rel_rot)",7scenes,ALL,probe0,office,theta_base,-0.04660077393054962
m0,"cos(g_maskdistill,g_rel_tdir)",7scenes,ALL,probe0,office,theta_base,0.23032772541046143
m0,"cos(g_rkd_sh_d,g_rkd_sh_a)",7scenes,ALL,probe0,office,theta_base,0.9563503265380859
m0,"cos(g_rkd_sh_d,g_couple)",7scenes,ALL,probe0,office,theta_base,-0.6821186542510986
m0,"cos(g_rkd_sh_d,g_rel_rot)",7scenes,ALL,probe0,office,theta_base,0.22147372364997864
m0,"cos(g_rkd_sh_d,g_rel_tdir)",7scenes,ALL,probe0,office,theta_base,0.6653559803962708
m0,"cos(g_rkd_sh_a,g_couple)",7scenes,ALL,probe0,office,theta_base,-0.7796505689620972
m0,"cos(g_rkd_sh_a,g_rel_rot)",7scenes,ALL,probe0,office,theta_base,0.1743079274892807
m0,"cos(g_rkd_sh_a,g_rel_tdir)",7scenes,ALL,probe0,office,theta_base,0.7668184041976929
m0,"cos(g_couple,g_rel_rot)",7scenes,ALL,probe0,office,theta_base,0.10551849007606506
m0,"cos(g_couple,g_rel_tdir)",7scenes,ALL,probe0,office,theta_base,-0.6675683259963989
m0,"cos(g_rel_rot,g_rel_tdir)",7scenes,ALL,probe0,office,theta_base,0.36804550886154175
m0,"cos(g_rel_rot,g_base)",7scenes,lora_early,probe0,office,theta_base,0.1381344348192215
m0,"cos(g_rel_tdir,g_base)",7scenes,lora_early,probe0,office,theta_base,0.6373599767684937
m0,"cos(g_rel_rot,g_base)",7scenes,lora_late,probe0,office,theta_base,0.2355479896068573
m0,"cos(g_rel_tdir,g_base)",7scenes,lora_late,probe0,office,theta_base,0.6783310770988464
m0,"cos(g_rel_rot,g_base)",7scenes,cam_token,probe0,office,theta_base,0.2145858258008957
m0,"cos(g_rel_tdir,g_base)",7scenes,cam_token,probe0,office,theta_base,0.6343847513198853
m0,"cos(g_rel_rot,g_base)",7scenes,ALL,probe0,office,theta_base,0.15872782468795776
m0,"cos(g_rel_tdir,g_base)",7scenes,ALL,probe0,office,theta_base,0.6461672782897949
m0,loss[maskdistill],7scenes,-,probe0,office,theta_base,0.24026523530483246
m0,loss[rkd_sh_d],7scenes,-,probe0,office,theta_base,0.03776431456208229
m0,loss[rkd_sh_a],7scenes,-,probe0,office,theta_base,0.05123618245124817
m0,loss[couple],7scenes,-,probe0,office,theta_base,0.006930421106517315
m0,loss[rel_rot],7scenes,-,probe0,office,theta_base,0.005558749660849571
m0,loss[rel_tdir],7scenes,-,probe0,office,theta_base,0.1939733922481537
clean,"cos(g_maskdistill,g_rkd_sh_d)",7scenes,lora_early,probe1,office,theta_base,0.6628868579864502
clean,"cos(g_maskdistill,g_rkd_sh_a)",7scenes,lora_early,probe1,office,theta_base,0.6625300049781799
clean,"cos(g_maskdistill,g_couple)",7scenes,lora_early,probe1,office,theta_base,0.3170798718929291
clean,"cos(g_maskdistill,g_rel_rot)",7scenes,lora_early,probe1,office,theta_base,0.20818758010864258
clean,"cos(g_maskdistill,g_rel_tdir)",7scenes,lora_early,probe1,office,theta_base,0.6108416318893433
clean,"cos(g_rkd_sh_d,g_rkd_sh_a)",7scenes,lora_early,probe1,office,theta_base,0.9992340207099915
clean,"cos(g_rkd_sh_d,g_couple)",7scenes,lora_early,probe1,office,theta_base,0.559817373752594
clean,"cos(g_rkd_sh_d,g_rel_rot)",7scenes,lora_early,probe1,office,theta_base,-0.01096123456954956
clean,"cos(g_rkd_sh_d,g_rel_tdir)",7scenes,lora_early,probe1,office,theta_base,0.9800879955291748
clean,"cos(g_rkd_sh_a,g_couple)",7scenes,lora_early,probe1,office,theta_base,0.5630992650985718
clean,"cos(g_rkd_sh_a,g_rel_rot)",7scenes,lora_early,probe1,office,theta_base,-0.01973998360335827
clean,"cos(g_rkd_sh_a,g_rel_tdir)",7scenes,lora_early,probe1,office,theta_base,0.9805410504341125
clean,"cos(g_couple,g_rel_rot)",7scenes,lora_early,probe1,office,theta_base,-0.5732315182685852
clean,"cos(g_couple,g_rel_tdir)",7scenes,lora_early,probe1,office,theta_base,0.7018963098526001
clean,"cos(g_rel_rot,g_rel_tdir)",7scenes,lora_early,probe1,office,theta_base,-0.13333368301391602
clean,"cos(g_maskdistill,g_rkd_sh_d)",7scenes,lora_late,probe1,office,theta_base,0.6377719640731812
clean,"cos(g_maskdistill,g_rkd_sh_a)",7scenes,lora_late,probe1,office,theta_base,0.640156090259552
clean,"cos(g_maskdistill,g_couple)",7scenes,lora_late,probe1,office,theta_base,0.20871610939502716
clean,"cos(g_maskdistill,g_rel_rot)",7scenes,lora_late,probe1,office,theta_base,0.48517152667045593
clean,"cos(g_maskdistill,g_rel_tdir)",7scenes,lora_late,probe1,office,theta_base,0.6213406324386597
clean,"cos(g_rkd_sh_d,g_rkd_sh_a)",7scenes,lora_late,probe1,office,theta_base,0.9957014918327332
clean,"cos(g_rkd_sh_d,g_couple)",7scenes,lora_late,probe1,office,theta_base,0.20319995284080505
clean,"cos(g_rkd_sh_d,g_rel_rot)",7scenes,lora_late,probe1,office,theta_base,0.39717262983322144
clean,"cos(g_rkd_sh_d,g_rel_tdir)",7scenes,lora_late,probe1,office,theta_base,0.9712253212928772
clean,"cos(g_rkd_sh_a,g_couple)",7scenes,lora_late,probe1,office,theta_base,0.1949692666530609
clean,"cos(g_rkd_sh_a,g_rel_rot)",7scenes,lora_late,probe1,office,theta_base,0.39733636379241943
clean,"cos(g_rkd_sh_a,g_rel_tdir)",7scenes,lora_late,probe1,office,theta_base,0.9719067811965942
clean,"cos(g_couple,g_rel_rot)",7scenes,lora_late,probe1,office,theta_base,-0.2460835874080658
clean,"cos(g_couple,g_rel_tdir)",7scenes,lora_late,probe1,office,theta_base,0.3672987222671509
clean,"cos(g_rel_rot,g_rel_tdir)",7scenes,lora_late,probe1,office,theta_base,0.3061474561691284
clean,"cos(g_maskdistill,g_rkd_sh_d)",7scenes,cam_token,probe1,office,theta_base,0.4294734597206116
clean,"cos(g_maskdistill,g_rkd_sh_a)",7scenes,cam_token,probe1,office,theta_base,0.40705859661102295
clean,"cos(g_maskdistill,g_couple)",7scenes,cam_token,probe1,office,theta_base,-0.2987423539161682
clean,"cos(g_maskdistill,g_rel_rot)",7scenes,cam_token,probe1,office,theta_base,0.6297996044158936
clean,"cos(g_maskdistill,g_rel_tdir)",7scenes,cam_token,probe1,office,theta_base,0.23147554695606232
clean,"cos(g_rkd_sh_d,g_rkd_sh_a)",7scenes,cam_token,probe1,office,theta_base,0.9938337802886963
clean,"cos(g_rkd_sh_d,g_couple)",7scenes,cam_token,probe1,office,theta_base,0.1925295889377594
clean,"cos(g_rkd_sh_d,g_rel_rot)",7scenes,cam_token,probe1,office,theta_base,0.17036277055740356
clean,"cos(g_rkd_sh_d,g_rel_tdir)",7scenes,cam_token,probe1,office,theta_base,0.9452128410339355
clean,"cos(g_rkd_sh_a,g_couple)",7scenes,cam_token,probe1,office,theta_base,0.21185828745365143
clean,"cos(g_rkd_sh_a,g_rel_rot)",7scenes,cam_token,probe1,office,theta_base,0.15183484554290771
clean,"cos(g_rkd_sh_a,g_rel_tdir)",7scenes,cam_token,probe1,office,theta_base,0.9529749155044556
clean,"cos(g_couple,g_rel_rot)",7scenes,cam_token,probe1,office,theta_base,-0.5230181217193604
clean,"cos(g_couple,g_rel_tdir)",7scenes,cam_token,probe1,office,theta_base,0.45681118965148926
clean,"cos(g_rel_rot,g_rel_tdir)",7scenes,cam_token,probe1,office,theta_base,-0.03453594073653221
clean,"cos(g_maskdistill,g_rkd_sh_d)",7scenes,ALL,probe1,office,theta_base,0.6551267504692078
clean,"cos(g_maskdistill,g_rkd_sh_a)",7scenes,ALL,probe1,office,theta_base,0.6554290056228638
clean,"cos(g_maskdistill,g_couple)",7scenes,ALL,probe1,office,theta_base,0.2877438962459564
clean,"cos(g_maskdistill,g_rel_rot)",7scenes,ALL,probe1,office,theta_base,0.2804814875125885
clean,"cos(g_maskdistill,g_rel_tdir)",7scenes,ALL,probe1,office,theta_base,0.6113181710243225
clean,"cos(g_rkd_sh_d,g_rkd_sh_a)",7scenes,ALL,probe1,office,theta_base,0.9982937574386597
clean,"cos(g_rkd_sh_d,g_couple)",7scenes,ALL,probe1,office,theta_base,0.4715203046798706
clean,"cos(g_rkd_sh_d,g_rel_rot)",7scenes,ALL,probe1,office,theta_base,0.09392543137073517
clean,"cos(g_rkd_sh_d,g_rel_tdir)",7scenes,ALL,probe1,office,theta_base,0.9770131707191467
clean,"cos(g_rkd_sh_a,g_couple)",7scenes,ALL,probe1,office,theta_base,0.47220858931541443
clean,"cos(g_rkd_sh_a,g_rel_rot)",7scenes,ALL,probe1,office,theta_base,0.08723798394203186
clean,"cos(g_rkd_sh_a,g_rel_tdir)",7scenes,ALL,probe1,office,theta_base,0.9775774478912354
clean,"cos(g_couple,g_rel_rot)",7scenes,ALL,probe1,office,theta_base,-0.4955841898918152
clean,"cos(g_couple,g_rel_tdir)",7scenes,ALL,probe1,office,theta_base,0.6255021095275879
clean,"cos(g_rel_rot,g_rel_tdir)",7scenes,ALL,probe1,office,theta_base,-0.028434965759515762
clean,"cos(g_rel_rot,g_base)",7scenes,lora_early,probe1,office,theta_base,-0.03159140795469284
clean,"cos(g_rel_tdir,g_base)",7scenes,lora_early,probe1,office,theta_base,0.9741575121879578
clean,"cos(g_rel_rot,g_base)",7scenes,lora_late,probe1,office,theta_base,0.40670546889305115
clean,"cos(g_rel_tdir,g_base)",7scenes,lora_late,probe1,office,theta_base,0.9700049161911011
clean,"cos(g_rel_rot,g_base)",7scenes,cam_token,probe1,office,theta_base,0.2819341719150543
clean,"cos(g_rel_tdir,g_base)",7scenes,cam_token,probe1,office,theta_base,0.8831770420074463
clean,"cos(g_rel_rot,g_base)",7scenes,ALL,probe1,office,theta_base,0.0777435228228569
clean,"cos(g_rel_tdir,g_base)",7scenes,ALL,probe1,office,theta_base,0.9727622270584106
clean,loss[maskdistill],7scenes,-,probe1,office,theta_base,0.04027559608221054
clean,loss[rkd_sh_d],7scenes,-,probe1,office,theta_base,0.010005238465964794
clean,loss[rkd_sh_a],7scenes,-,probe1,office,theta_base,0.032326072454452515
clean,loss[couple],7scenes,-,probe1,office,theta_base,0.006040526088327169
clean,loss[rel_rot],7scenes,-,probe1,office,theta_base,0.00569330295547843
clean,loss[rel_tdir],7scenes,-,probe1,office,theta_base,0.04754271358251572
m0,"cos(g_maskdistill,g_rkd_sh_d)",7scenes,lora_early,probe1,office,theta_base,0.09077268838882446
m0,"cos(g_maskdistill,g_rkd_sh_a)",7scenes,lora_early,probe1,office,theta_base,0.1398201584815979
m0,"cos(g_maskdistill,g_couple)",7scenes,lora_early,probe1,office,theta_base,0.05433954298496246
m0,"cos(g_maskdistill,g_rel_rot)",7scenes,lora_early,probe1,office,theta_base,0.5507209300994873
m0,"cos(g_maskdistill,g_rel_tdir)",7scenes,lora_early,probe1,office,theta_base,0.26914915442466736
m0,"cos(g_rkd_sh_d,g_rkd_sh_a)",7scenes,lora_early,probe1,office,theta_base,0.6539730429649353
m0,"cos(g_rkd_sh_d,g_couple)",7scenes,lora_early,probe1,office,theta_base,0.28523313999176025
m0,"cos(g_rkd_sh_d,g_rel_rot)",7scenes,lora_early,probe1,office,theta_base,0.19225409626960754
m0,"cos(g_rkd_sh_d,g_rel_tdir)",7scenes,lora_early,probe1,office,theta_base,0.7127021551132202
m0,"cos(g_rkd_sh_a,g_couple)",7scenes,lora_early,probe1,office,theta_base,0.874254584312439
m0,"cos(g_rkd_sh_a,g_rel_rot)",7scenes,lora_early,probe1,office,theta_base,0.01685693860054016
m0,"cos(g_rkd_sh_a,g_rel_tdir)",7scenes,lora_early,probe1,office,theta_base,0.09469044208526611
m0,"cos(g_couple,g_rel_rot)",7scenes,lora_early,probe1,office,theta_base,-0.0935390517115593
m0,"cos(g_couple,g_rel_tdir)",7scenes,lora_early,probe1,office,theta_base,-0.2801702618598938
m0,"cos(g_rel_rot,g_rel_tdir)",7scenes,lora_early,probe1,office,theta_base,0.5993165373802185
m0,"cos(g_maskdistill,g_rkd_sh_d)",7scenes,lora_late,probe1,office,theta_base,-0.012527070008218288
m0,"cos(g_maskdistill,g_rkd_sh_a)",7scenes,lora_late,probe1,office,theta_base,-0.043407972902059555
m0,"cos(g_maskdistill,g_couple)",7scenes,lora_late,probe1,office,theta_base,-0.07715880870819092
m0,"cos(g_maskdistill,g_rel_rot)",7scenes,lora_late,probe1,office,theta_base,0.4386395812034607
m0,"cos(g_maskdistill,g_rel_tdir)",7scenes,lora_late,probe1,office,theta_base,0.2477511167526245
m0,"cos(g_rkd_sh_d,g_rkd_sh_a)",7scenes,lora_late,probe1,office,theta_base,0.6782962679862976
m0,"cos(g_rkd_sh_d,g_couple)",7scenes,lora_late,probe1,office,theta_base,0.21308961510658264
m0,"cos(g_rkd_sh_d,g_rel_rot)",7scenes,lora_late,probe1,office,theta_base,0.11264389753341675
m0,"cos(g_rkd_sh_d,g_rel_tdir)",7scenes,lora_late,probe1,office,theta_base,0.7045058012008667
m0,"cos(g_rkd_sh_a,g_couple)",7scenes,lora_late,probe1,office,theta_base,0.7764792442321777
m0,"cos(g_rkd_sh_a,g_rel_rot)",7scenes,lora_late,probe1,office,theta_base,-0.10352854430675507
m0,"cos(g_rkd_sh_a,g_rel_tdir)",7scenes,lora_late,probe1,office,theta_base,0.1349828988313675
m0,"cos(g_couple,g_rel_rot)",7scenes,lora_late,probe1,office,theta_base,-0.20064708590507507
m0,"cos(g_couple,g_rel_tdir)",7scenes,lora_late,probe1,office,theta_base,-0.3054274916648865
m0,"cos(g_rel_rot,g_rel_tdir)",7scenes,lora_late,probe1,office,theta_base,0.5545676946640015
m0,"cos(g_maskdistill,g_rkd_sh_d)",7scenes,cam_token,probe1,office,theta_base,-0.148208349943161
m0,"cos(g_maskdistill,g_rkd_sh_a)",7scenes,cam_token,probe1,office,theta_base,-0.04948338121175766
m0,"cos(g_maskdistill,g_couple)",7scenes,cam_token,probe1,office,theta_base,0.0015086382627487183
m0,"cos(g_maskdistill,g_rel_rot)",7scenes,cam_token,probe1,office,theta_base,0.5934359431266785
m0,"cos(g_maskdistill,g_rel_tdir)",7scenes,cam_token,probe1,office,theta_base,0.19383695721626282
m0,"cos(g_rkd_sh_d,g_rkd_sh_a)",7scenes,cam_token,probe1,office,theta_base,0.7515804767608643
m0,"cos(g_rkd_sh_d,g_couple)",7scenes,cam_token,probe1,office,theta_base,0.2996406555175781
m0,"cos(g_rkd_sh_d,g_rel_rot)",7scenes,cam_token,probe1,office,theta_base,0.10495041310787201
m0,"cos(g_rkd_sh_d,g_rel_tdir)",7scenes,cam_token,probe1,office,theta_base,0.7120369076728821
m0,"cos(g_rkd_sh_a,g_couple)",7scenes,cam_token,probe1,office,theta_base,0.7391102313995361
m0,"cos(g_rkd_sh_a,g_rel_rot)",7scenes,cam_token,probe1,office,theta_base,-0.01481492817401886
m0,"cos(g_rkd_sh_a,g_rel_tdir)",7scenes,cam_token,probe1,office,theta_base,0.2553274631500244
m0,"cos(g_couple,g_rel_rot)",7scenes,cam_token,probe1,office,theta_base,-0.0824698954820633
m0,"cos(g_couple,g_rel_tdir)",7scenes,cam_token,probe1,office,theta_base,-0.1609554886817932
m0,"cos(g_rel_rot,g_rel_tdir)",7scenes,cam_token,probe1,office,theta_base,0.5760598182678223
m0,"cos(g_maskdistill,g_rkd_sh_d)",7scenes,ALL,probe1,office,theta_base,0.07034669816493988
m0,"cos(g_maskdistill,g_rkd_sh_a)",7scenes,ALL,probe1,office,theta_base,0.10845362395048141
m0,"cos(g_maskdistill,g_couple)",7scenes,ALL,probe1,office,theta_base,0.03156920522451401
m0,"cos(g_maskdistill,g_rel_rot)",7scenes,ALL,probe1,office,theta_base,0.5222893953323364
m0,"cos(g_maskdistill,g_rel_tdir)",7scenes,ALL,probe1,office,theta_base,0.2643173336982727
m0,"cos(g_rkd_sh_d,g_rkd_sh_a)",7scenes,ALL,probe1,office,theta_base,0.6577237248420715
m0,"cos(g_rkd_sh_d,g_couple)",7scenes,ALL,probe1,office,theta_base,0.27107471227645874
m0,"cos(g_rkd_sh_d,g_rel_rot)",7scenes,ALL,probe1,office,theta_base,0.17231306433677673
m0,"cos(g_rkd_sh_d,g_rel_tdir)",7scenes,ALL,probe1,office,theta_base,0.7109332084655762
m0,"cos(g_rkd_sh_a,g_couple)",7scenes,ALL,probe1,office,theta_base,0.8571909666061401
m0,"cos(g_rkd_sh_a,g_rel_rot)",7scenes,ALL,probe1,office,theta_base,-0.009151751175522804
m0,"cos(g_rkd_sh_a,g_rel_tdir)",7scenes,ALL,probe1,office,theta_base,0.10249564051628113
m0,"cos(g_couple,g_rel_rot)",7scenes,ALL,probe1,office,theta_base,-0.11631085723638535
m0,"cos(g_couple,g_rel_tdir)",7scenes,ALL,probe1,office,theta_base,-0.28447943925857544
m0,"cos(g_rel_rot,g_rel_tdir)",7scenes,ALL,probe1,office,theta_base,0.5869216322898865
m0,"cos(g_rel_rot,g_base)",7scenes,lora_early,probe1,office,theta_base,0.2148628830909729
m0,"cos(g_rel_tdir,g_base)",7scenes,lora_early,probe1,office,theta_base,0.2996235489845276
m0,"cos(g_rel_rot,g_base)",7scenes,lora_late,probe1,office,theta_base,0.07885157316923141
m0,"cos(g_rel_tdir,g_base)",7scenes,lora_late,probe1,office,theta_base,0.34925317764282227
m0,"cos(g_rel_rot,g_base)",7scenes,cam_token,probe1,office,theta_base,0.2637331485748291
m0,"cos(g_rel_tdir,g_base)",7scenes,cam_token,probe1,office,theta_base,0.43722212314605713
m0,"cos(g_rel_rot,g_base)",7scenes,ALL,probe1,office,theta_base,0.1842954307794571
m0,"cos(g_rel_tdir,g_base)",7scenes,ALL,probe1,office,theta_base,0.3084876537322998
m0,loss[maskdistill],7scenes,-,probe1,office,theta_base,0.1954013854265213
m0,loss[rkd_sh_d],7scenes,-,probe1,office,theta_base,0.008564312942326069
m0,loss[rkd_sh_a],7scenes,-,probe1,office,theta_base,0.008678074926137924
m0,loss[couple],7scenes,-,probe1,office,theta_base,0.0014607219491153955
m0,loss[rel_rot],7scenes,-,probe1,office,theta_base,0.01922016777098179
m0,loss[rel_tdir],7scenes,-,probe1,office,theta_base,0.019984673708677292
clean,"cos(g_maskdistill,g_rkd_sh_d)",7scenes,lora_early,probe0,office,theta_rel,0.5191131830215454
clean,"cos(g_maskdistill,g_rkd_sh_a)",7scenes,lora_early,probe0,office,theta_rel,0.19106432795524597
clean,"cos(g_maskdistill,g_couple)",7scenes,lora_early,probe0,office,theta_rel,-0.47910240292549133
clean,"cos(g_maskdistill,g_rel_rot)",7scenes,lora_early,probe0,office,theta_rel,0.4416382908821106
clean,"cos(g_maskdistill,g_rel_tdir)",7scenes,lora_early,probe0,office,theta_rel,0.579474925994873
clean,"cos(g_rkd_sh_d,g_rkd_sh_a)",7scenes,lora_early,probe0,office,theta_rel,0.6162466406822205
clean,"cos(g_rkd_sh_d,g_couple)",7scenes,lora_early,probe0,office,theta_rel,-0.8163248300552368
clean,"cos(g_rkd_sh_d,g_rel_rot)",7scenes,lora_early,probe0,office,theta_rel,0.036241769790649414
clean,"cos(g_rkd_sh_d,g_rel_tdir)",7scenes,lora_early,probe0,office,theta_rel,0.862404465675354
clean,"cos(g_rkd_sh_a,g_couple)",7scenes,lora_early,probe0,office,theta_rel,-0.24162708222866058
clean,"cos(g_rkd_sh_a,g_rel_rot)",7scenes,lora_early,probe0,office,theta_rel,0.02714397758245468
clean,"cos(g_rkd_sh_a,g_rel_tdir)",7scenes,lora_early,probe0,office,theta_rel,0.16912750899791718
clean,"cos(g_couple,g_rel_rot)",7scenes,lora_early,probe0,office,theta_rel,-0.1068485900759697
clean,"cos(g_couple,g_rel_tdir)",7scenes,lora_early,probe0,office,theta_rel,-0.8836166858673096
clean,"cos(g_rel_rot,g_rel_tdir)",7scenes,lora_early,probe0,office,theta_rel,0.05369529500603676
clean,"cos(g_maskdistill,g_rkd_sh_d)",7scenes,lora_late,probe0,office,theta_rel,0.7197682857513428
clean,"cos(g_maskdistill,g_rkd_sh_a)",7scenes,lora_late,probe0,office,theta_rel,0.33626478910446167
clean,"cos(g_maskdistill,g_couple)",7scenes,lora_late,probe0,office,theta_rel,-0.4426027536392212
clean,"cos(g_maskdistill,g_rel_rot)",7scenes,lora_late,probe0,office,theta_rel,0.11287053674459457
clean,"cos(g_maskdistill,g_rel_tdir)",7scenes,lora_late,probe0,office,theta_rel,0.7255359888076782
clean,"cos(g_rkd_sh_d,g_rkd_sh_a)",7scenes,lora_late,probe0,office,theta_rel,0.6313165426254272
clean,"cos(g_rkd_sh_d,g_couple)",7scenes,lora_late,probe0,office,theta_rel,-0.5367986559867859
clean,"cos(g_rkd_sh_d,g_rel_rot)",7scenes,lora_late,probe0,office,theta_rel,-0.0016341623850166798
clean,"cos(g_rkd_sh_d,g_rel_tdir)",7scenes,lora_late,probe0,office,theta_rel,0.8745486736297607
clean,"cos(g_rkd_sh_a,g_couple)",7scenes,lora_late,probe0,office,theta_rel,-0.13650932908058167
clean,"cos(g_rkd_sh_a,g_rel_rot)",7scenes,lora_late,probe0,office,theta_rel,-0.15277445316314697
clean,"cos(g_rkd_sh_a,g_rel_tdir)",7scenes,lora_late,probe0,office,theta_rel,0.2330171763896942
clean,"cos(g_couple,g_rel_rot)",7scenes,lora_late,probe0,office,theta_rel,-0.12079755961894989
clean,"cos(g_couple,g_rel_tdir)",7scenes,lora_late,probe0,office,theta_rel,-0.601799726486206
clean,"cos(g_rel_rot,g_rel_tdir)",7scenes,lora_late,probe0,office,theta_rel,0.015232859179377556
clean,"cos(g_maskdistill,g_rkd_sh_d)",7scenes,cam_token,probe0,office,theta_rel,-0.10490529984235764
clean,"cos(g_maskdistill,g_rkd_sh_a)",7scenes,cam_token,probe0,office,theta_rel,0.4278143644332886
clean,"cos(g_maskdistill,g_couple)",7scenes,cam_token,probe0,office,theta_rel,0.1685769259929657
clean,"cos(g_maskdistill,g_rel_rot)",7scenes,cam_token,probe0,office,theta_rel,0.3019219934940338
clean,"cos(g_maskdistill,g_rel_tdir)",7scenes,cam_token,probe0,office,theta_rel,-0.21325401961803436
clean,"cos(g_rkd_sh_d,g_rkd_sh_a)",7scenes,cam_token,probe0,office,theta_rel,0.1748773157596588
clean,"cos(g_rkd_sh_d,g_couple)",7scenes,cam_token,probe0,office,theta_rel,-0.5546889305114746
clean,"cos(g_rkd_sh_d,g_rel_rot)",7scenes,cam_token,probe0,office,theta_rel,-0.012888120487332344
clean,"cos(g_rkd_sh_d,g_rel_tdir)",7scenes,cam_token,probe0,office,theta_rel,0.9143813848495483
clean,"cos(g_rkd_sh_a,g_couple)",7scenes,cam_token,probe0,office,theta_rel,0.17086398601531982
clean,"cos(g_rkd_sh_a,g_rel_rot)",7scenes,cam_token,probe0,office,theta_rel,0.045820776373147964
clean,"cos(g_rkd_sh_a,g_rel_tdir)",7scenes,cam_token,probe0,office,theta_rel,-0.19325384497642517
clean,"cos(g_couple,g_rel_rot)",7scenes,cam_token,probe0,office,theta_rel,-0.020148269832134247
clean,"cos(g_couple,g_rel_tdir)",7scenes,cam_token,probe0,office,theta_rel,-0.6250404715538025
clean,"cos(g_rel_rot,g_rel_tdir)",7scenes,cam_token,probe0,office,theta_rel,-0.060906119644641876
clean,"cos(g_maskdistill,g_rkd_sh_d)",7scenes,ALL,probe0,office,theta_rel,0.5815252661705017
clean,"cos(g_maskdistill,g_rkd_sh_a)",7scenes,ALL,probe0,office,theta_rel,0.24224060773849487
clean,"cos(g_maskdistill,g_couple)",7scenes,ALL,probe0,office,theta_rel,-0.44994333386421204
clean,"cos(g_maskdistill,g_rel_rot)",7scenes,ALL,probe0,office,theta_rel,0.3208751976490021
clean,"cos(g_maskdistill,g_rel_tdir)",7scenes,ALL,probe0,office,theta_rel,0.6213279962539673
clean,"cos(g_rkd_sh_d,g_rkd_sh_a)",7scenes,ALL,probe0,office,theta_rel,0.6200206875801086
clean,"cos(g_rkd_sh_d,g_couple)",7scenes,ALL,probe0,office,theta_rel,-0.6874004602432251
clean,"cos(g_rkd_sh_d,g_rel_rot)",7scenes,ALL,probe0,office,theta_rel,0.020877718925476074
clean,"cos(g_rkd_sh_d,g_rel_tdir)",7scenes,ALL,probe0,office,theta_rel,0.8666304349899292
clean,"cos(g_rkd_sh_a,g_couple)",7scenes,ALL,probe0,office,theta_rel,-0.18997758626937866
clean,"cos(g_rkd_sh_a,g_rel_rot)",7scenes,ALL,probe0,office,theta_rel,-0.05038399249315262
clean,"cos(g_rkd_sh_a,g_rel_tdir)",7scenes,ALL,probe0,office,theta_rel,0.19241303205490112
clean,"cos(g_couple,g_rel_rot)",7scenes,ALL,probe0,office,theta_rel,-0.11228132247924805
clean,"cos(g_couple,g_rel_tdir)",7scenes,ALL,probe0,office,theta_rel,-0.754470705986023
clean,"cos(g_rel_rot,g_rel_tdir)",7scenes,ALL,probe0,office,theta_rel,0.038211554288864136
clean,"cos(g_rel_rot,g_base)",7scenes,lora_early,probe0,office,theta_rel,0.16738933324813843
clean,"cos(g_rel_tdir,g_base)",7scenes,lora_early,probe0,office,theta_rel,0.7594893574714661
clean,"cos(g_rel_rot,g_base)",7scenes,lora_late,probe0,office,theta_rel,-0.025341883301734924
clean,"cos(g_rel_tdir,g_base)",7scenes,lora_late,probe0,office,theta_rel,0.7712084650993347
clean,"cos(g_rel_rot,g_base)",7scenes,cam_token,probe0,office,theta_rel,0.15067356824874878
clean,"cos(g_rel_tdir,g_base)",7scenes,cam_token,probe0,office,theta_rel,0.44022008776664734
clean,"cos(g_rel_rot,g_base)",7scenes,ALL,probe0,office,theta_rel,0.08770016580820084
clean,"cos(g_rel_tdir,g_base)",7scenes,ALL,probe0,office,theta_rel,0.7616368532180786
clean,loss[maskdistill],7scenes,-,probe0,office,theta_rel,0.0371822714805603
clean,loss[rkd_sh_d],7scenes,-,probe0,office,theta_rel,0.027395982295274734
clean,loss[rkd_sh_a],7scenes,-,probe0,office,theta_rel,0.030373133718967438
clean,loss[couple],7scenes,-,probe0,office,theta_rel,0.006109412293881178
clean,loss[rel_rot],7scenes,-,probe0,office,theta_rel,0.0005319224437698722
clean,loss[rel_tdir],7scenes,-,probe0,office,theta_rel,0.13855333626270294
m0,"cos(g_maskdistill,g_rkd_sh_d)",7scenes,lora_early,probe0,office,theta_rel,0.9159495830535889
m0,"cos(g_maskdistill,g_rkd_sh_a)",7scenes,lora_early,probe0,office,theta_rel,0.8723104000091553
m0,"cos(g_maskdistill,g_couple)",7scenes,lora_early,probe0,office,theta_rel,-0.8110328912734985
m0,"cos(g_maskdistill,g_rel_rot)",7scenes,lora_early,probe0,office,theta_rel,0.7786651849746704
m0,"cos(g_maskdistill,g_rel_tdir)",7scenes,lora_early,probe0,office,theta_rel,0.8079066276550293
m0,"cos(g_rkd_sh_d,g_rkd_sh_a)",7scenes,lora_early,probe0,office,theta_rel,0.9386125802993774
m0,"cos(g_rkd_sh_d,g_couple)",7scenes,lora_early,probe0,office,theta_rel,-0.8817622661590576
m0,"cos(g_rkd_sh_d,g_rel_rot)",7scenes,lora_early,probe0,office,theta_rel,0.839747428894043
m0,"cos(g_rkd_sh_d,g_rel_tdir)",7scenes,lora_early,probe0,office,theta_rel,0.884640097618103
m0,"cos(g_rkd_sh_a,g_couple)",7scenes,lora_early,probe0,office,theta_rel,-0.7712736129760742
m0,"cos(g_rkd_sh_a,g_rel_rot)",7scenes,lora_early,probe0,office,theta_rel,0.7087914943695068
m0,"cos(g_rkd_sh_a,g_rel_tdir)",7scenes,lora_early,probe0,office,theta_rel,0.9737261533737183
m0,"cos(g_couple,g_rel_rot)",7scenes,lora_early,probe0,office,theta_rel,-0.8273851871490479
m0,"cos(g_couple,g_rel_tdir)",7scenes,lora_early,probe0,office,theta_rel,-0.743049144744873
m0,"cos(g_rel_rot,g_rel_tdir)",7scenes,lora_early,probe0,office,theta_rel,0.6871261596679688
m0,"cos(g_maskdistill,g_rkd_sh_d)",7scenes,lora_late,probe0,office,theta_rel,0.9193694591522217
m0,"cos(g_maskdistill,g_rkd_sh_a)",7scenes,lora_late,probe0,office,theta_rel,0.8683695197105408
m0,"cos(g_maskdistill,g_couple)",7scenes,lora_late,probe0,office,theta_rel,-0.848039448261261
m0,"cos(g_maskdistill,g_rel_rot)",7scenes,lora_late,probe0,office,theta_rel,0.7522451877593994
m0,"cos(g_maskdistill,g_rel_tdir)",7scenes,lora_late,probe0,office,theta_rel,0.8052323460578918
m0,"cos(g_rkd_sh_d,g_rkd_sh_a)",7scenes,lora_late,probe0,office,theta_rel,0.9421412944793701
m0,"cos(g_rkd_sh_d,g_couple)",7scenes,lora_late,probe0,office,theta_rel,-0.9060584306716919
m0,"cos(g_rkd_sh_d,g_rel_rot)",7scenes,lora_late,probe0,office,theta_rel,0.7997275590896606
m0,"cos(g_rkd_sh_d,g_rel_tdir)",7scenes,lora_late,probe0,office,theta_rel,0.8752841353416443
m0,"cos(g_rkd_sh_a,g_couple)",7scenes,lora_late,probe0,office,theta_rel,-0.8223588466644287
m0,"cos(g_rkd_sh_a,g_rel_rot)",7scenes,lora_late,probe0,office,theta_rel,0.6759563684463501
m0,"cos(g_rkd_sh_a,g_rel_tdir)",7scenes,lora_late,probe0,office,theta_rel,0.967648983001709
m0,"cos(g_couple,g_rel_rot)",7scenes,lora_late,probe0,office,theta_rel,-0.7850263118743896
m0,"cos(g_couple,g_rel_tdir)",7scenes,lora_late,probe0,office,theta_rel,-0.7902095317840576
m0,"cos(g_rel_rot,g_rel_tdir)",7scenes,lora_late,probe0,office,theta_rel,0.6282974481582642
m0,"cos(g_maskdistill,g_rkd_sh_d)",7scenes,cam_token,probe0,office,theta_rel,0.8775031566619873
m0,"cos(g_maskdistill,g_rkd_sh_a)",7scenes,cam_token,probe0,office,theta_rel,0.8534018397331238
m0,"cos(g_maskdistill,g_couple)",7scenes,cam_token,probe0,office,theta_rel,-0.8418280482292175
m0,"cos(g_maskdistill,g_rel_rot)",7scenes,cam_token,probe0,office,theta_rel,0.8043525815010071
m0,"cos(g_maskdistill,g_rel_tdir)",7scenes,cam_token,probe0,office,theta_rel,0.8205959796905518
m0,"cos(g_rkd_sh_d,g_rkd_sh_a)",7scenes,cam_token,probe0,office,theta_rel,0.9517291188240051
m0,"cos(g_rkd_sh_d,g_couple)",7scenes,cam_token,probe0,office,theta_rel,-0.8749070763587952
m0,"cos(g_rkd_sh_d,g_rel_rot)",7scenes,cam_token,probe0,office,theta_rel,0.801639199256897
m0,"cos(g_rkd_sh_d,g_rel_tdir)",7scenes,cam_token,probe0,office,theta_rel,0.9103313088417053
m0,"cos(g_rkd_sh_a,g_couple)",7scenes,cam_token,probe0,office,theta_rel,-0.7808728814125061
m0,"cos(g_rkd_sh_a,g_rel_rot)",7scenes,cam_token,probe0,office,theta_rel,0.6960466504096985
m0,"cos(g_rkd_sh_a,g_rel_tdir)",7scenes,cam_token,probe0,office,theta_rel,0.9814825057983398
m0,"cos(g_couple,g_rel_rot)",7scenes,cam_token,probe0,office,theta_rel,-0.8764715194702148
m0,"cos(g_couple,g_rel_tdir)",7scenes,cam_token,probe0,office,theta_rel,-0.7718548774719238
m0,"cos(g_rel_rot,g_rel_tdir)",7scenes,cam_token,probe0,office,theta_rel,0.6878045201301575
m0,"cos(g_maskdistill,g_rkd_sh_d)",7scenes,ALL,probe0,office,theta_rel,0.9165672063827515
m0,"cos(g_maskdistill,g_rkd_sh_a)",7scenes,ALL,probe0,office,theta_rel,0.8710967898368835
m0,"cos(g_maskdistill,g_couple)",7scenes,ALL,probe0,office,theta_rel,-0.8204381465911865
m0,"cos(g_maskdistill,g_rel_rot)",7scenes,ALL,probe0,office,theta_rel,0.77216637134552
m0,"cos(g_maskdistill,g_rel_tdir)",7scenes,ALL,probe0,office,theta_rel,0.8070005178451538
m0,"cos(g_rkd_sh_d,g_rkd_sh_a)",7scenes,ALL,probe0,office,theta_rel,0.9394693374633789
m0,"cos(g_rkd_sh_d,g_couple)",7scenes,ALL,probe0,office,theta_rel,-0.887682318687439
m0,"cos(g_rkd_sh_d,g_rel_rot)",7scenes,ALL,probe0,office,theta_rel,0.8298023343086243
m0,"cos(g_rkd_sh_d,g_rel_tdir)",7scenes,ALL,probe0,office,theta_rel,0.882396936416626
m0,"cos(g_rkd_sh_a,g_couple)",7scenes,ALL,probe0,office,theta_rel,-0.7835829257965088
m0,"cos(g_rkd_sh_a,g_rel_rot)",7scenes,ALL,probe0,office,theta_rel,0.7007951736450195
m0,"cos(g_rkd_sh_a,g_rel_tdir)",7scenes,ALL,probe0,office,theta_rel,0.9723132848739624
m0,"cos(g_couple,g_rel_rot)",7scenes,ALL,probe0,office,theta_rel,-0.8170000314712524
m0,"cos(g_couple,g_rel_tdir)",7scenes,ALL,probe0,office,theta_rel,-0.7541753649711609
m0,"cos(g_rel_rot,g_rel_tdir)",7scenes,ALL,probe0,office,theta_rel,0.6730692982673645
m0,"cos(g_rel_rot,g_base)",7scenes,lora_early,probe0,office,theta_rel,0.7478168606758118
m0,"cos(g_rel_tdir,g_base)",7scenes,lora_early,probe0,office,theta_rel,0.9374140501022339
m0,"cos(g_rel_rot,g_base)",7scenes,lora_late,probe0,office,theta_rel,0.7227120399475098
m0,"cos(g_rel_tdir,g_base)",7scenes,lora_late,probe0,office,theta_rel,0.9293200969696045
m0,"cos(g_rel_rot,g_base)",7scenes,cam_token,probe0,office,theta_rel,0.7370629906654358
m0,"cos(g_rel_tdir,g_base)",7scenes,cam_token,probe0,office,theta_rel,0.9576213955879211
m0,"cos(g_rel_rot,g_base)",7scenes,ALL,probe0,office,theta_rel,0.7416833639144897
m0,"cos(g_rel_tdir,g_base)",7scenes,ALL,probe0,office,theta_rel,0.9355541467666626
m0,loss[maskdistill],7scenes,-,probe0,office,theta_rel,0.24668455123901367
m0,loss[rkd_sh_d],7scenes,-,probe0,office,theta_rel,0.0397418849170208
m0,loss[rkd_sh_a],7scenes,-,probe0,office,theta_rel,0.057095520198345184
m0,loss[couple],7scenes,-,probe0,office,theta_rel,0.005391387268900871
m0,loss[rel_rot],7scenes,-,probe0,office,theta_rel,0.0027334082406014204
m0,loss[rel_tdir],7scenes,-,probe0,office,theta_rel,0.21551111340522766
clean,"cos(g_maskdistill,g_rkd_sh_d)",7scenes,lora_early,probe1,office,theta_rel,0.3300171494483948
clean,"cos(g_maskdistill,g_rkd_sh_a)",7scenes,lora_early,probe1,office,theta_rel,0.33381056785583496
clean,"cos(g_maskdistill,g_couple)",7scenes,lora_early,probe1,office,theta_rel,0.27139315009117126
clean,"cos(g_maskdistill,g_rel_rot)",7scenes,lora_early,probe1,office,theta_rel,0.4509756565093994
clean,"cos(g_maskdistill,g_rel_tdir)",7scenes,lora_early,probe1,office,theta_rel,0.32622361183166504
clean,"cos(g_rkd_sh_d,g_rkd_sh_a)",7scenes,lora_early,probe1,office,theta_rel,0.9987045526504517
clean,"cos(g_rkd_sh_d,g_couple)",7scenes,lora_early,probe1,office,theta_rel,0.3454018831253052
clean,"cos(g_rkd_sh_d,g_rel_rot)",7scenes,lora_early,probe1,office,theta_rel,0.2909165024757385
clean,"cos(g_rkd_sh_d,g_rel_tdir)",7scenes,lora_early,probe1,office,theta_rel,0.9776242971420288
clean,"cos(g_rkd_sh_a,g_couple)",7scenes,lora_early,probe1,office,theta_rel,0.372823029756546
clean,"cos(g_rkd_sh_a,g_rel_rot)",7scenes,lora_early,probe1,office,theta_rel,0.2752079367637634
clean,"cos(g_rkd_sh_a,g_rel_tdir)",7scenes,lora_early,probe1,office,theta_rel,0.98268723487854
clean,"cos(g_couple,g_rel_rot)",7scenes,lora_early,probe1,office,theta_rel,-0.23569558560848236
clean,"cos(g_couple,g_rel_tdir)",7scenes,lora_early,probe1,office,theta_rel,0.521247923374176
clean,"cos(g_rel_rot,g_rel_tdir)",7scenes,lora_early,probe1,office,theta_rel,0.20137394964694977
clean,"cos(g_maskdistill,g_rkd_sh_d)",7scenes,lora_late,probe1,office,theta_rel,0.44489485025405884
clean,"cos(g_maskdistill,g_rkd_sh_a)",7scenes,lora_late,probe1,office,theta_rel,0.4571755528450012
clean,"cos(g_maskdistill,g_couple)",7scenes,lora_late,probe1,office,theta_rel,0.3356545567512512
clean,"cos(g_maskdistill,g_rel_rot)",7scenes,lora_late,probe1,office,theta_rel,0.3148292303085327
clean,"cos(g_maskdistill,g_rel_tdir)",7scenes,lora_late,probe1,office,theta_rel,0.49312514066696167
clean,"cos(g_rkd_sh_d,g_rkd_sh_a)",7scenes,lora_late,probe1,office,theta_rel,0.995135486125946
clean,"cos(g_rkd_sh_d,g_couple)",7scenes,lora_late,probe1,office,theta_rel,0.10882565379142761
clean,"cos(g_rkd_sh_d,g_rel_rot)",7scenes,lora_late,probe1,office,theta_rel,0.31894567608833313
clean,"cos(g_rkd_sh_d,g_rel_tdir)",7scenes,lora_late,probe1,office,theta_rel,0.9650770425796509
clean,"cos(g_rkd_sh_a,g_couple)",7scenes,lora_late,probe1,office,theta_rel,0.13580697774887085
clean,"cos(g_rkd_sh_a,g_rel_rot)",7scenes,lora_late,probe1,office,theta_rel,0.3071248531341553
clean,"cos(g_rkd_sh_a,g_rel_tdir)",7scenes,lora_late,probe1,office,theta_rel,0.9742462635040283
clean,"cos(g_couple,g_rel_rot)",7scenes,lora_late,probe1,office,theta_rel,-0.25671878457069397
clean,"cos(g_couple,g_rel_tdir)",7scenes,lora_late,probe1,office,theta_rel,0.30996572971343994
clean,"cos(g_rel_rot,g_rel_tdir)",7scenes,lora_late,probe1,office,theta_rel,0.2295539826154709
clean,"cos(g_maskdistill,g_rkd_sh_d)",7scenes,cam_token,probe1,office,theta_rel,-0.09513628482818604
clean,"cos(g_maskdistill,g_rkd_sh_a)",7scenes,cam_token,probe1,office,theta_rel,-0.12439227104187012
clean,"cos(g_maskdistill,g_couple)",7scenes,cam_token,probe1,office,theta_rel,-0.1342633068561554
clean,"cos(g_maskdistill,g_rel_rot)",7scenes,cam_token,probe1,office,theta_rel,0.5308098793029785
clean,"cos(g_maskdistill,g_rel_tdir)",7scenes,cam_token,probe1,office,theta_rel,-0.1820334643125534
clean,"cos(g_rkd_sh_d,g_rkd_sh_a)",7scenes,cam_token,probe1,office,theta_rel,0.992699146270752
clean,"cos(g_rkd_sh_d,g_couple)",7scenes,cam_token,probe1,office,theta_rel,0.18627281486988068
clean,"cos(g_rkd_sh_d,g_rel_rot)",7scenes,cam_token,probe1,office,theta_rel,0.02190852165222168
clean,"cos(g_rkd_sh_d,g_rel_tdir)",7scenes,cam_token,probe1,office,theta_rel,0.9544764161109924
clean,"cos(g_rkd_sh_a,g_couple)",7scenes,cam_token,probe1,office,theta_rel,0.22974053025245667
clean,"cos(g_rkd_sh_a,g_rel_rot)",7scenes,cam_token,probe1,office,theta_rel,-0.008507422171533108
clean,"cos(g_rkd_sh_a,g_rel_tdir)",7scenes,cam_token,probe1,office,theta_rel,0.9695577025413513
clean,"cos(g_couple,g_rel_rot)",7scenes,cam_token,probe1,office,theta_rel,-0.3831450641155243
clean,"cos(g_couple,g_rel_tdir)",7scenes,cam_token,probe1,office,theta_rel,0.4169468879699707
clean,"cos(g_rel_rot,g_rel_tdir)",7scenes,cam_token,probe1,office,theta_rel,-0.11398844420909882
clean,"cos(g_maskdistill,g_rkd_sh_d)",7scenes,ALL,probe1,office,theta_rel,0.36092409491539
clean,"cos(g_maskdistill,g_rkd_sh_a)",7scenes,ALL,probe1,office,theta_rel,0.3668748736381531
clean,"cos(g_maskdistill,g_couple)",7scenes,ALL,probe1,office,theta_rel,0.2890925705432892
clean,"cos(g_maskdistill,g_rel_rot)",7scenes,ALL,probe1,office,theta_rel,0.4028812050819397
clean,"cos(g_maskdistill,g_rel_tdir)",7scenes,ALL,probe1,office,theta_rel,0.3689597249031067
clean,"cos(g_rkd_sh_d,g_rkd_sh_a)",7scenes,ALL,probe1,office,theta_rel,0.997685432434082
clean,"cos(g_rkd_sh_d,g_couple)",7scenes,ALL,probe1,office,theta_rel,0.26776230335235596
clean,"cos(g_rkd_sh_d,g_rel_rot)",7scenes,ALL,probe1,office,theta_rel,0.2977011799812317
clean,"cos(g_rkd_sh_d,g_rel_tdir)",7scenes,ALL,probe1,office,theta_rel,0.9737191200256348
clean,"cos(g_rkd_sh_a,g_couple)",7scenes,ALL,probe1,office,theta_rel,0.2951751947402954
clean,"cos(g_rkd_sh_a,g_rel_rot)",7scenes,ALL,probe1,office,theta_rel,0.2832423448562622
clean,"cos(g_rkd_sh_a,g_rel_tdir)",7scenes,ALL,probe1,office,theta_rel,0.9799765944480896
clean,"cos(g_couple,g_rel_rot)",7scenes,ALL,probe1,office,theta_rel,-0.2439989447593689
clean,"cos(g_couple,g_rel_tdir)",7scenes,ALL,probe1,office,theta_rel,0.4529292583465576
clean,"cos(g_rel_rot,g_rel_tdir)",7scenes,ALL,probe1,office,theta_rel,0.20736727118492126
clean,"cos(g_rel_rot,g_base)",7scenes,lora_early,probe1,office,theta_rel,0.3199096620082855
clean,"cos(g_rel_tdir,g_base)",7scenes,lora_early,probe1,office,theta_rel,0.968458890914917
clean,"cos(g_rel_rot,g_base)",7scenes,lora_late,probe1,office,theta_rel,0.3074549436569214
clean,"cos(g_rel_tdir,g_base)",7scenes,lora_late,probe1,office,theta_rel,0.9727853536605835
clean,"cos(g_rel_rot,g_base)",7scenes,cam_token,probe1,office,theta_rel,0.1932409405708313
clean,"cos(g_rel_tdir,g_base)",7scenes,cam_token,probe1,office,theta_rel,0.8504083156585693
clean,"cos(g_rel_rot,g_base)",7scenes,ALL,probe1,office,theta_rel,0.31349146366119385
clean,"cos(g_rel_tdir,g_base)",7scenes,ALL,probe1,office,theta_rel,0.9687903523445129
clean,loss[maskdistill],7scenes,-,probe1,office,theta_rel,0.0439896434545517
clean,loss[rkd_sh_d],7scenes,-,probe1,office,theta_rel,0.010117396712303162
clean,loss[rkd_sh_a],7scenes,-,probe1,office,theta_rel,0.032630447298288345
clean,loss[couple],7scenes,-,probe1,office,theta_rel,0.00614855345338583
clean,loss[rel_rot],7scenes,-,probe1,office,theta_rel,0.004393136594444513
clean,loss[rel_tdir],7scenes,-,probe1,office,theta_rel,0.046989403665065765
m0,"cos(g_maskdistill,g_rkd_sh_d)",7scenes,lora_early,probe1,office,theta_rel,0.010322608053684235
m0,"cos(g_maskdistill,g_rkd_sh_a)",7scenes,lora_early,probe1,office,theta_rel,-0.04034045338630676
m0,"cos(g_maskdistill,g_couple)",7scenes,lora_early,probe1,office,theta_rel,-0.14343276619911194
m0,"cos(g_maskdistill,g_rel_rot)",7scenes,lora_early,probe1,office,theta_rel,0.5900814533233643
m0,"cos(g_maskdistill,g_rel_tdir)",7scenes,lora_early,probe1,office,theta_rel,0.3493877053260803
m0,"cos(g_rkd_sh_d,g_rkd_sh_a)",7scenes,lora_early,probe1,office,theta_rel,0.8562260270118713
m0,"cos(g_rkd_sh_d,g_couple)",7scenes,lora_early,probe1,office,theta_rel,0.39459800720214844
m0,"cos(g_rkd_sh_d,g_rel_rot)",7scenes,lora_early,probe1,office,theta_rel,0.15366028249263763
m0,"cos(g_rkd_sh_d,g_rel_tdir)",7scenes,lora_early,probe1,office,theta_rel,0.5823221802711487
m0,"cos(g_rkd_sh_a,g_couple)",7scenes,lora_early,probe1,office,theta_rel,0.7687779664993286
m0,"cos(g_rkd_sh_a,g_rel_rot)",7scenes,lora_early,probe1,office,theta_rel,-0.05656568706035614
m0,"cos(g_rkd_sh_a,g_rel_tdir)",7scenes,lora_early,probe1,office,theta_rel,0.16506953537464142
m0,"cos(g_couple,g_rel_rot)",7scenes,lora_early,probe1,office,theta_rel,-0.2672668993473053
m0,"cos(g_couple,g_rel_tdir)",7scenes,lora_early,probe1,office,theta_rel,-0.383076012134552
m0,"cos(g_rel_rot,g_rel_tdir)",7scenes,lora_early,probe1,office,theta_rel,0.6647117137908936
m0,"cos(g_maskdistill,g_rkd_sh_d)",7scenes,lora_late,probe1,office,theta_rel,-0.0503644123673439
m0,"cos(g_maskdistill,g_rkd_sh_a)",7scenes,lora_late,probe1,office,theta_rel,-0.14122545719146729
m0,"cos(g_maskdistill,g_couple)",7scenes,lora_late,probe1,office,theta_rel,-0.22520895302295685
m0,"cos(g_maskdistill,g_rel_rot)",7scenes,lora_late,probe1,office,theta_rel,0.48144084215164185
m0,"cos(g_maskdistill,g_rel_tdir)",7scenes,lora_late,probe1,office,theta_rel,0.3215142786502838
m0,"cos(g_rkd_sh_d,g_rkd_sh_a)",7scenes,lora_late,probe1,office,theta_rel,0.8609539270401001
m0,"cos(g_rkd_sh_d,g_couple)",7scenes,lora_late,probe1,office,theta_rel,0.2819547653198242
m0,"cos(g_rkd_sh_d,g_rel_rot)",7scenes,lora_late,probe1,office,theta_rel,0.12166422605514526
m0,"cos(g_rkd_sh_d,g_rel_tdir)",7scenes,lora_late,probe1,office,theta_rel,0.6120207905769348
m0,"cos(g_rkd_sh_a,g_couple)",7scenes,lora_late,probe1,office,theta_rel,0.6613923907279968
m0,"cos(g_rkd_sh_a,g_rel_rot)",7scenes,lora_late,probe1,office,theta_rel,-0.05670899525284767
m0,"cos(g_rkd_sh_a,g_rel_tdir)",7scenes,lora_late,probe1,office,theta_rel,0.2326207309961319
m0,"cos(g_couple,g_rel_rot)",7scenes,lora_late,probe1,office,theta_rel,-0.25289973616600037
m0,"cos(g_couple,g_rel_tdir)",7scenes,lora_late,probe1,office,theta_rel,-0.38475164771080017
m0,"cos(g_rel_rot,g_rel_tdir)",7scenes,lora_late,probe1,office,theta_rel,0.6172817945480347
m0,"cos(g_maskdistill,g_rkd_sh_d)",7scenes,cam_token,probe1,office,theta_rel,-0.3159317970275879
m0,"cos(g_maskdistill,g_rkd_sh_a)",7scenes,cam_token,probe1,office,theta_rel,-0.3359413743019104
m0,"cos(g_maskdistill,g_couple)",7scenes,cam_token,probe1,office,theta_rel,-0.24293281137943268
m0,"cos(g_maskdistill,g_rel_rot)",7scenes,cam_token,probe1,office,theta_rel,0.5889461040496826
m0,"cos(g_maskdistill,g_rel_tdir)",7scenes,cam_token,probe1,office,theta_rel,0.17289431393146515
m0,"cos(g_rkd_sh_d,g_rkd_sh_a)",7scenes,cam_token,probe1,office,theta_rel,0.912590742111206
m0,"cos(g_rkd_sh_d,g_couple)",7scenes,cam_token,probe1,office,theta_rel,0.43126899003982544
m0,"cos(g_rkd_sh_d,g_rel_rot)",7scenes,cam_token,probe1,office,theta_rel,0.06020277738571167
m0,"cos(g_rkd_sh_d,g_rel_tdir)",7scenes,cam_token,probe1,office,theta_rel,0.6061649918556213
m0,"cos(g_rkd_sh_a,g_couple)",7scenes,cam_token,probe1,office,theta_rel,0.6896255016326904
m0,"cos(g_rkd_sh_a,g_rel_rot)",7scenes,cam_token,probe1,office,theta_rel,-0.09107761830091476
m0,"cos(g_rkd_sh_a,g_rel_tdir)",7scenes,cam_token,probe1,office,theta_rel,0.3056613504886627
m0,"cos(g_couple,g_rel_rot)",7scenes,cam_token,probe1,office,theta_rel,-0.22592054307460785
m0,"cos(g_couple,g_rel_tdir)",7scenes,cam_token,probe1,office,theta_rel,-0.23465973138809204
m0,"cos(g_rel_rot,g_rel_tdir)",7scenes,cam_token,probe1,office,theta_rel,0.6246544122695923
m0,"cos(g_maskdistill,g_rkd_sh_d)",7scenes,ALL,probe1,office,theta_rel,-0.003929748199880123
m0,"cos(g_maskdistill,g_rkd_sh_a)",7scenes,ALL,probe1,office,theta_rel,-0.06150566041469574
m0,"cos(g_maskdistill,g_couple)",7scenes,ALL,probe1,office,theta_rel,-0.16014637053012848
m0,"cos(g_maskdistill,g_rel_rot)",7scenes,ALL,probe1,office,theta_rel,0.5593376159667969
m0,"cos(g_maskdistill,g_rel_tdir)",7scenes,ALL,probe1,office,theta_rel,0.3420266807079315
m0,"cos(g_rkd_sh_d,g_rkd_sh_a)",7scenes,ALL,probe1,office,theta_rel,0.8567827939987183
m0,"cos(g_rkd_sh_d,g_couple)",7scenes,ALL,probe1,office,theta_rel,0.370039701461792
m0,"cos(g_rkd_sh_d,g_rel_rot)",7scenes,ALL,probe1,office,theta_rel,0.14442598819732666
m0,"cos(g_rkd_sh_d,g_rel_tdir)",7scenes,ALL,probe1,office,theta_rel,0.5893847942352295
m0,"cos(g_rkd_sh_a,g_couple)",7scenes,ALL,probe1,office,theta_rel,0.7469223737716675
m0,"cos(g_rkd_sh_a,g_rel_rot)",7scenes,ALL,probe1,office,theta_rel,-0.056320760399103165
m0,"cos(g_rkd_sh_a,g_rel_tdir)",7scenes,ALL,probe1,office,theta_rel,0.18019449710845947
m0,"cos(g_couple,g_rel_rot)",7scenes,ALL,probe1,office,theta_rel,-0.2618575692176819
m0,"cos(g_couple,g_rel_tdir)",7scenes,ALL,probe1,office,theta_rel,-0.3825518786907196
m0,"cos(g_rel_rot,g_rel_tdir)",7scenes,ALL,probe1,office,theta_rel,0.6503978967666626
m0,"cos(g_rel_rot,g_base)",7scenes,lora_early,probe1,office,theta_rel,0.24618121981620789
m0,"cos(g_rel_tdir,g_base)",7scenes,lora_early,probe1,office,theta_rel,0.3998977243900299
m0,"cos(g_rel_rot,g_base)",7scenes,lora_late,probe1,office,theta_rel,0.19657006859779358
m0,"cos(g_rel_tdir,g_base)",7scenes,lora_late,probe1,office,theta_rel,0.4615693986415863
m0,"cos(g_rel_rot,g_base)",7scenes,cam_token,probe1,office,theta_rel,0.27505576610565186
m0,"cos(g_rel_tdir,g_base)",7scenes,cam_token,probe1,office,theta_rel,0.49946078658103943
m0,"cos(g_rel_rot,g_base)",7scenes,ALL,probe1,office,theta_rel,0.23235595226287842
m0,"cos(g_rel_tdir,g_base)",7scenes,ALL,probe1,office,theta_rel,0.4128962755203247
m0,loss[maskdistill],7scenes,-,probe1,office,theta_rel,0.19959376752376556
m0,loss[rkd_sh_d],7scenes,-,probe1,office,theta_rel,0.008025378920137882
m0,loss[rkd_sh_a],7scenes,-,probe1,office,theta_rel,0.006850031204521656
m0,loss[couple],7scenes,-,probe1,office,theta_rel,0.001059349742718041
m0,loss[rel_rot],7scenes,-,probe1,office,theta_rel,0.015954652801156044
m0,loss[rel_tdir],7scenes,-,probe1,office,theta_rel,0.01999705098569393
clean,"cos(g_maskdistill,g_rkd_sh_d)",7scenes,lora_early,probe0,chess,theta0,0.05091360956430435
clean,"cos(g_maskdistill,g_rkd_sh_a)",7scenes,lora_early,probe0,chess,theta0,0.20131033658981323
clean,"cos(g_maskdistill,g_couple)",7scenes,lora_early,probe0,chess,theta0,0.080796018242836
clean,"cos(g_maskdistill,g_rel_rot)",7scenes,lora_early,probe0,chess,theta0,0.19471317529678345
clean,"cos(g_maskdistill,g_rel_tdir)",7scenes,lora_early,probe0,chess,theta0,0.20985554158687592
clean,"cos(g_rkd_sh_d,g_rkd_sh_a)",7scenes,lora_early,probe0,chess,theta0,0.37788125872612
clean,"cos(g_rkd_sh_d,g_couple)",7scenes,lora_early,probe0,chess,theta0,0.17292529344558716
clean,"cos(g_rkd_sh_d,g_rel_rot)",7scenes,lora_early,probe0,chess,theta0,0.3030175268650055
clean,"cos(g_rkd_sh_d,g_rel_tdir)",7scenes,lora_early,probe0,chess,theta0,0.3367425501346588
clean,"cos(g_rkd_sh_a,g_couple)",7scenes,lora_early,probe0,chess,theta0,0.23911407589912415
clean,"cos(g_rkd_sh_a,g_rel_rot)",7scenes,lora_early,probe0,chess,theta0,0.48807376623153687
clean,"cos(g_rkd_sh_a,g_rel_tdir)",7scenes,lora_early,probe0,chess,theta0,0.9830178618431091
clean,"cos(g_couple,g_rel_rot)",7scenes,lora_early,probe0,chess,theta0,0.29547780752182007
clean,"cos(g_couple,g_rel_tdir)",7scenes,lora_early,probe0,chess,theta0,0.22931517660617828
clean,"cos(g_rel_rot,g_rel_tdir)",7scenes,lora_early,probe0,chess,theta0,0.5572648048400879
clean,"cos(g_maskdistill,g_rkd_sh_d)",7scenes,lora_late,probe0,chess,theta0,0.13507914543151855
clean,"cos(g_maskdistill,g_rkd_sh_a)",7scenes,lora_late,probe0,chess,theta0,0.1148044541478157
clean,"cos(g_maskdistill,g_couple)",7scenes,lora_late,probe0,chess,theta0,0.17201733589172363
clean,"cos(g_maskdistill,g_rel_rot)",7scenes,lora_late,probe0,chess,theta0,0.11189357936382294
clean,"cos(g_maskdistill,g_rel_tdir)",7scenes,lora_late,probe0,chess,theta0,0.11329690366983414
clean,"cos(g_rkd_sh_d,g_rkd_sh_a)",7scenes,lora_late,probe0,chess,theta0,0.1892489790916443
clean,"cos(g_rkd_sh_d,g_couple)",7scenes,lora_late,probe0,chess,theta0,-0.10580533742904663
clean,"cos(g_rkd_sh_d,g_rel_rot)",7scenes,lora_late,probe0,chess,theta0,0.08488519489765167
clean,"cos(g_rkd_sh_d,g_rel_tdir)",7scenes,lora_late,probe0,chess,theta0,0.16693925857543945
clean,"cos(g_rkd_sh_a,g_couple)",7scenes,lora_late,probe0,chess,theta0,-0.15983355045318604
clean,"cos(g_rkd_sh_a,g_rel_rot)",7scenes,lora_late,probe0,chess,theta0,0.08060090988874435
clean,"cos(g_rkd_sh_a,g_rel_tdir)",7scenes,lora_late,probe0,chess,theta0,0.953041672706604
clean,"cos(g_couple,g_rel_rot)",7scenes,lora_late,probe0,chess,theta0,0.22520971298217773
clean,"cos(g_couple,g_rel_tdir)",7scenes,lora_late,probe0,chess,theta0,-0.11369650810956955
clean,"cos(g_rel_rot,g_rel_tdir)",7scenes,lora_late,probe0,chess,theta0,0.2248513400554657
clean,"cos(g_maskdistill,g_rkd_sh_d)",7scenes,cam_token,probe0,chess,theta0,0.025668470188975334
clean,"cos(g_maskdistill,g_rkd_sh_a)",7scenes,cam_token,probe0,chess,theta0,0.06335043907165527
clean,"cos(g_maskdistill,g_couple)",7scenes,cam_token,probe0,chess,theta0,-0.05498673766851425
clean,"cos(g_maskdistill,g_rel_rot)",7scenes,cam_token,probe0,chess,theta0,-0.00778742041438818
clean,"cos(g_maskdistill,g_rel_tdir)",7scenes,cam_token,probe0,chess,theta0,0.043909795582294464
clean,"cos(g_rkd_sh_d,g_rkd_sh_a)",7scenes,cam_token,probe0,chess,theta0,0.3032737076282501
clean,"cos(g_rkd_sh_d,g_couple)",7scenes,cam_token,probe0,chess,theta0,0.14563891291618347
clean,"cos(g_rkd_sh_d,g_rel_rot)",7scenes,cam_token,probe0,chess,theta0,0.10257582366466522
clean,"cos(g_rkd_sh_d,g_rel_tdir)",7scenes,cam_token,probe0,chess,theta0,0.20248351991176605
clean,"cos(g_rkd_sh_a,g_couple)",7scenes,cam_token,probe0,chess,theta0,-0.3479852080345154
clean,"cos(g_rkd_sh_a,g_rel_rot)",7scenes,cam_token,probe0,chess,theta0,-0.0844917744398117
clean,"cos(g_rkd_sh_a,g_rel_tdir)",7scenes,cam_token,probe0,chess,theta0,0.8309160470962524
clean,"cos(g_couple,g_rel_rot)",7scenes,cam_token,probe0,chess,theta0,0.14249509572982788
clean,"cos(g_couple,g_rel_tdir)",7scenes,cam_token,probe0,chess,theta0,-0.21268102526664734
clean,"cos(g_rel_rot,g_rel_tdir)",7scenes,cam_token,probe0,chess,theta0,0.21037960052490234
clean,"cos(g_maskdistill,g_rkd_sh_d)",7scenes,ALL,probe0,chess,theta0,0.053083665668964386
clean,"cos(g_maskdistill,g_rkd_sh_a)",7scenes,ALL,probe0,chess,theta0,0.09112963080406189
clean,"cos(g_maskdistill,g_couple)",7scenes,ALL,probe0,chess,theta0,0.0723738819360733
clean,"cos(g_maskdistill,g_rel_rot)",7scenes,ALL,probe0,chess,theta0,0.08268743753433228
clean,"cos(g_maskdistill,g_rel_tdir)",7scenes,ALL,probe0,chess,theta0,0.09245458245277405
clean,"cos(g_rkd_sh_d,g_rkd_sh_a)",7scenes,ALL,probe0,chess,theta0,0.2074761539697647
clean,"cos(g_rkd_sh_d,g_couple)",7scenes,ALL,probe0,chess,theta0,-0.06636445224285126
clean,"cos(g_rkd_sh_d,g_rel_rot)",7scenes,ALL,probe0,chess,theta0,0.10422629117965698
clean,"cos(g_rkd_sh_d,g_rel_tdir)",7scenes,ALL,probe0,chess,theta0,0.1827753186225891
clean,"cos(g_rkd_sh_a,g_couple)",7scenes,ALL,probe0,chess,theta0,-0.10908246040344238
clean,"cos(g_rkd_sh_a,g_rel_rot)",7scenes,ALL,probe0,chess,theta0,0.11710040271282196
clean,"cos(g_rkd_sh_a,g_rel_tdir)",7scenes,ALL,probe0,chess,theta0,0.9553475975990295
clean,"cos(g_couple,g_rel_rot)",7scenes,ALL,probe0,chess,theta0,0.2299702763557434
clean,"cos(g_couple,g_rel_tdir)",7scenes,ALL,probe0,chess,theta0,-0.06996190547943115
clean,"cos(g_rel_rot,g_rel_tdir)",7scenes,ALL,probe0,chess,theta0,0.2553287148475647
clean,"cos(g_rel_rot,g_base)",7scenes,lora_early,probe0,chess,theta0,0.2727827727794647
clean,"cos(g_rel_tdir,g_base)",7scenes,lora_early,probe0,chess,theta0,0.27480989694595337
clean,"cos(g_rel_rot,g_base)",7scenes,lora_late,probe0,chess,theta0,0.243544802069664
clean,"cos(g_rel_tdir,g_base)",7scenes,lora_late,probe0,chess,theta0,0.007125076837837696
clean,"cos(g_rel_rot,g_base)",7scenes,cam_token,probe0,chess,theta0,0.03525034710764885
clean,"cos(g_rel_tdir,g_base)",7scenes,cam_token,probe0,chess,theta0,-0.01247116457670927
clean,"cos(g_rel_rot,g_base)",7scenes,ALL,probe0,chess,theta0,0.19416660070419312
clean,"cos(g_rel_tdir,g_base)",7scenes,ALL,probe0,chess,theta0,0.07038313150405884
clean,loss[maskdistill],7scenes,-,probe0,chess,theta0,0.00826063472777605
clean,loss[rkd_sh_d],7scenes,-,probe0,chess,theta0,3.7719673855463043e-06
clean,loss[rkd_sh_a],7scenes,-,probe0,chess,theta0,3.2506311526958598e-06
clean,loss[couple],7scenes,-,probe0,chess,theta0,0.0008431819151155651
clean,loss[rel_rot],7scenes,-,probe0,chess,theta0,1.772321411408484e-05
clean,loss[rel_tdir],7scenes,-,probe0,chess,theta0,4.4802827687817626e-06
m0,"cos(g_maskdistill,g_rkd_sh_d)",7scenes,lora_early,probe0,chess,theta0,0.09213140606880188
m0,"cos(g_maskdistill,g_rkd_sh_a)",7scenes,lora_early,probe0,chess,theta0,0.13060343265533447
m0,"cos(g_maskdistill,g_couple)",7scenes,lora_early,probe0,chess,theta0,0.0549904964864254
m0,"cos(g_maskdistill,g_rel_rot)",7scenes,lora_early,probe0,chess,theta0,0.09512306749820709
m0,"cos(g_maskdistill,g_rel_tdir)",7scenes,lora_early,probe0,chess,theta0,0.2245892733335495
m0,"cos(g_rkd_sh_d,g_rkd_sh_a)",7scenes,lora_early,probe0,chess,theta0,0.7343554496765137
m0,"cos(g_rkd_sh_d,g_couple)",7scenes,lora_early,probe0,chess,theta0,0.5311154127120972
m0,"cos(g_rkd_sh_d,g_rel_rot)",7scenes,lora_early,probe0,chess,theta0,0.02995593287050724
m0,"cos(g_rkd_sh_d,g_rel_tdir)",7scenes,lora_early,probe0,chess,theta0,0.3681526780128479
m0,"cos(g_rkd_sh_a,g_couple)",7scenes,lora_early,probe0,chess,theta0,0.6660242080688477
m0,"cos(g_rkd_sh_a,g_rel_rot)",7scenes,lora_early,probe0,chess,theta0,-0.4029185175895691
m0,"cos(g_rkd_sh_a,g_rel_tdir)",7scenes,lora_early,probe0,chess,theta0,0.6874597072601318
m0,"cos(g_couple,g_rel_rot)",7scenes,lora_early,probe0,chess,theta0,-0.5132190585136414
m0,"cos(g_couple,g_rel_tdir)",7scenes,lora_early,probe0,chess,theta0,0.2306823432445526
m0,"cos(g_rel_rot,g_rel_tdir)",7scenes,lora_early,probe0,chess,theta0,-0.2252410650253296
m0,"cos(g_maskdistill,g_rkd_sh_d)",7scenes,lora_late,probe0,chess,theta0,0.04094398766756058
m0,"cos(g_maskdistill,g_rkd_sh_a)",7scenes,lora_late,probe0,chess,theta0,0.08453569561243057
m0,"cos(g_maskdistill,g_couple)",7scenes,lora_late,probe0,chess,theta0,0.0038212924264371395
m0,"cos(g_maskdistill,g_rel_rot)",7scenes,lora_late,probe0,chess,theta0,0.051786258816719055
m0,"cos(g_maskdistill,g_rel_tdir)",7scenes,lora_late,probe0,chess,theta0,0.1103663295507431
m0,"cos(g_rkd_sh_d,g_rkd_sh_a)",7scenes,lora_late,probe0,chess,theta0,0.5380620956420898
m0,"cos(g_rkd_sh_d,g_couple)",7scenes,lora_late,probe0,chess,theta0,-0.03364991396665573
m0,"cos(g_rkd_sh_d,g_rel_rot)",7scenes,lora_late,probe0,chess,theta0,0.14852461218833923
m0,"cos(g_rkd_sh_d,g_rel_tdir)",7scenes,lora_late,probe0,chess,theta0,0.33110302686691284
m0,"cos(g_rkd_sh_a,g_couple)",7scenes,lora_late,probe0,chess,theta0,0.14899910986423492
m0,"cos(g_rkd_sh_a,g_rel_rot)",7scenes,lora_late,probe0,chess,theta0,-0.0447826012969017
m0,"cos(g_rkd_sh_a,g_rel_tdir)",7scenes,lora_late,probe0,chess,theta0,0.7233898639678955
m0,"cos(g_couple,g_rel_rot)",7scenes,lora_late,probe0,chess,theta0,-0.45778635144233704
m0,"cos(g_couple,g_rel_tdir)",7scenes,lora_late,probe0,chess,theta0,0.03310259059071541
m0,"cos(g_rel_rot,g_rel_tdir)",7scenes,lora_late,probe0,chess,theta0,-0.0068243625573813915
m0,"cos(g_maskdistill,g_rkd_sh_d)",7scenes,cam_token,probe0,chess,theta0,0.005055829882621765
m0,"cos(g_maskdistill,g_rkd_sh_a)",7scenes,cam_token,probe0,chess,theta0,-0.04899953305721283
m0,"cos(g_maskdistill,g_couple)",7scenes,cam_token,probe0,chess,theta0,-0.0503348782658577
m0,"cos(g_maskdistill,g_rel_rot)",7scenes,cam_token,probe0,chess,theta0,0.11017352342605591
m0,"cos(g_maskdistill,g_rel_tdir)",7scenes,cam_token,probe0,chess,theta0,0.07904762029647827
m0,"cos(g_rkd_sh_d,g_rkd_sh_a)",7scenes,cam_token,probe0,chess,theta0,0.6310257911682129
m0,"cos(g_rkd_sh_d,g_couple)",7scenes,cam_token,probe0,chess,theta0,0.38041985034942627
m0,"cos(g_rkd_sh_d,g_rel_rot)",7scenes,cam_token,probe0,chess,theta0,-0.06126739829778671
m0,"cos(g_rkd_sh_d,g_rel_tdir)",7scenes,cam_token,probe0,chess,theta0,0.39052170515060425
m0,"cos(g_rkd_sh_a,g_couple)",7scenes,cam_token,probe0,chess,theta0,0.5993934869766235
m0,"cos(g_rkd_sh_a,g_rel_rot)",7scenes,cam_token,probe0,chess,theta0,-0.21908560395240784
m0,"cos(g_rkd_sh_a,g_rel_tdir)",7scenes,cam_token,probe0,chess,theta0,0.705795168876648
m0,"cos(g_couple,g_rel_rot)",7scenes,cam_token,probe0,chess,theta0,-0.4415593445301056
m0,"cos(g_couple,g_rel_tdir)",7scenes,cam_token,probe0,chess,theta0,0.4441252052783966
m0,"cos(g_rel_rot,g_rel_tdir)",7scenes,cam_token,probe0,chess,theta0,-0.03113321028649807
m0,"cos(g_maskdistill,g_rkd_sh_d)",7scenes,ALL,probe0,chess,theta0,0.07107245177030563
m0,"cos(g_maskdistill,g_rkd_sh_a)",7scenes,ALL,probe0,chess,theta0,0.10686037689447403
m0,"cos(g_maskdistill,g_couple)",7scenes,ALL,probe0,chess,theta0,0.045792967081069946
m0,"cos(g_maskdistill,g_rel_rot)",7scenes,ALL,probe0,chess,theta0,0.07257875800132751
m0,"cos(g_maskdistill,g_rel_tdir)",7scenes,ALL,probe0,chess,theta0,0.16704624891281128
m0,"cos(g_rkd_sh_d,g_rkd_sh_a)",7scenes,ALL,probe0,chess,theta0,0.6458890438079834
m0,"cos(g_rkd_sh_d,g_couple)",7scenes,ALL,probe0,chess,theta0,0.3267703652381897
m0,"cos(g_rkd_sh_d,g_rel_rot)",7scenes,ALL,probe0,chess,theta0,0.08718030154705048
m0,"cos(g_rkd_sh_d,g_rel_tdir)",7scenes,ALL,probe0,chess,theta0,0.34926122426986694
m0,"cos(g_rkd_sh_a,g_couple)",7scenes,ALL,probe0,chess,theta0,0.48765918612480164
m0,"cos(g_rkd_sh_a,g_rel_rot)",7scenes,ALL,probe0,chess,theta0,-0.2296687215566635
m0,"cos(g_rkd_sh_a,g_rel_tdir)",7scenes,ALL,probe0,chess,theta0,0.7007843255996704
m0,"cos(g_couple,g_rel_rot)",7scenes,ALL,probe0,chess,theta0,-0.46960753202438354
m0,"cos(g_couple,g_rel_tdir)",7scenes,ALL,probe0,chess,theta0,0.15190860629081726
m0,"cos(g_rel_rot,g_rel_tdir)",7scenes,ALL,probe0,chess,theta0,-0.10813726484775543
m0,"cos(g_rel_rot,g_base)",7scenes,lora_early,probe0,chess,theta0,0.07156811654567719
m0,"cos(g_rel_tdir,g_base)",7scenes,lora_early,probe0,chess,theta0,0.251981258392334
m0,"cos(g_rel_rot,g_base)",7scenes,lora_late,probe0,chess,theta0,0.028540022671222687
m0,"cos(g_rel_tdir,g_base)",7scenes,lora_late,probe0,chess,theta0,0.19555506110191345
m0,"cos(g_rel_rot,g_base)",7scenes,cam_token,probe0,chess,theta0,0.09199124574661255
m0,"cos(g_rel_tdir,g_base)",7scenes,cam_token,probe0,chess,theta0,0.11810604482889175
m0,"cos(g_rel_rot,g_base)",7scenes,ALL,probe0,chess,theta0,0.05300874263048172
m0,"cos(g_rel_tdir,g_base)",7scenes,ALL,probe0,chess,theta0,0.20010998845100403
m0,loss[maskdistill],7scenes,-,probe0,chess,theta0,0.16067568957805634
m0,loss[rkd_sh_d],7scenes,-,probe0,chess,theta0,3.7826459447387606e-05
m0,loss[rkd_sh_a],7scenes,-,probe0,chess,theta0,4.5728575059911236e-05
m0,loss[couple],7scenes,-,probe0,chess,theta0,1.6778447388787754e-05
m0,loss[rel_rot],7scenes,-,probe0,chess,theta0,0.0002880283573176712
m0,loss[rel_tdir],7scenes,-,probe0,chess,theta0,3.878275674651377e-05
clean,"cos(g_maskdistill,g_rkd_sh_d)",7scenes,lora_early,probe1,chess,theta0,0.20350712537765503
clean,"cos(g_maskdistill,g_rkd_sh_a)",7scenes,lora_early,probe1,chess,theta0,0.17152008414268494
clean,"cos(g_maskdistill,g_couple)",7scenes,lora_early,probe1,chess,theta0,0.07543747127056122
clean,"cos(g_maskdistill,g_rel_rot)",7scenes,lora_early,probe1,chess,theta0,0.13796305656433105
clean,"cos(g_maskdistill,g_rel_tdir)",7scenes,lora_early,probe1,chess,theta0,0.09742680191993713
clean,"cos(g_rkd_sh_d,g_rkd_sh_a)",7scenes,lora_early,probe1,chess,theta0,0.6606181859970093
clean,"cos(g_rkd_sh_d,g_couple)",7scenes,lora_early,probe1,chess,theta0,0.2461184561252594
clean,"cos(g_rkd_sh_d,g_rel_rot)",7scenes,lora_early,probe1,chess,theta0,0.5331957936286926
clean,"cos(g_rkd_sh_d,g_rel_tdir)",7scenes,lora_early,probe1,chess,theta0,0.47655460238456726
clean,"cos(g_rkd_sh_a,g_couple)",7scenes,lora_early,probe1,chess,theta0,0.3808574080467224
clean,"cos(g_rkd_sh_a,g_rel_rot)",7scenes,lora_early,probe1,chess,theta0,0.5158600807189941
clean,"cos(g_rkd_sh_a,g_rel_tdir)",7scenes,lora_early,probe1,chess,theta0,0.8765361309051514
clean,"cos(g_couple,g_rel_rot)",7scenes,lora_early,probe1,chess,theta0,0.3612479865550995
clean,"cos(g_couple,g_rel_tdir)",7scenes,lora_early,probe1,chess,theta0,0.30796152353286743
clean,"cos(g_rel_rot,g_rel_tdir)",7scenes,lora_early,probe1,chess,theta0,0.46161508560180664
clean,"cos(g_maskdistill,g_rkd_sh_d)",7scenes,lora_late,probe1,chess,theta0,0.04135394096374512
clean,"cos(g_maskdistill,g_rkd_sh_a)",7scenes,lora_late,probe1,chess,theta0,0.11244577169418335
clean,"cos(g_maskdistill,g_couple)",7scenes,lora_late,probe1,chess,theta0,0.07203428447246552
clean,"cos(g_maskdistill,g_rel_rot)",7scenes,lora_late,probe1,chess,theta0,0.09914936125278473
clean,"cos(g_maskdistill,g_rel_tdir)",7scenes,lora_late,probe1,chess,theta0,0.09399473667144775
clean,"cos(g_rkd_sh_d,g_rkd_sh_a)",7scenes,lora_late,probe1,chess,theta0,0.4031289517879486
clean,"cos(g_rkd_sh_d,g_couple)",7scenes,lora_late,probe1,chess,theta0,-0.12836959958076477
clean,"cos(g_rkd_sh_d,g_rel_rot)",7scenes,lora_late,probe1,chess,theta0,-0.02313036471605301
clean,"cos(g_rkd_sh_d,g_rel_tdir)",7scenes,lora_late,probe1,chess,theta0,0.04634002968668938
clean,"cos(g_rkd_sh_a,g_couple)",7scenes,lora_late,probe1,chess,theta0,0.06333277374505997
clean,"cos(g_rkd_sh_a,g_rel_rot)",7scenes,lora_late,probe1,chess,theta0,-0.05973532050848007
clean,"cos(g_rkd_sh_a,g_rel_tdir)",7scenes,lora_late,probe1,chess,theta0,0.6842324137687683
clean,"cos(g_couple,g_rel_rot)",7scenes,lora_late,probe1,chess,theta0,-0.07992278039455414
clean,"cos(g_couple,g_rel_tdir)",7scenes,lora_late,probe1,chess,theta0,-0.006603021640330553
clean,"cos(g_rel_rot,g_rel_tdir)",7scenes,lora_late,probe1,chess,theta0,0.2180243283510208
clean,"cos(g_maskdistill,g_rkd_sh_d)",7scenes,cam_token,probe1,chess,theta0,0.1492142379283905
clean,"cos(g_maskdistill,g_rkd_sh_a)",7scenes,cam_token,probe1,chess,theta0,0.02571732923388481
clean,"cos(g_maskdistill,g_couple)",7scenes,cam_token,probe1,chess,theta0,-0.004118229262530804
clean,"cos(g_maskdistill,g_rel_rot)",7scenes,cam_token,probe1,chess,theta0,0.1002107709646225
clean,"cos(g_maskdistill,g_rel_tdir)",7scenes,cam_token,probe1,chess,theta0,-0.16249988973140717
clean,"cos(g_rkd_sh_d,g_rkd_sh_a)",7scenes,cam_token,probe1,chess,theta0,0.5203452110290527
clean,"cos(g_rkd_sh_d,g_couple)",7scenes,cam_token,probe1,chess,theta0,0.327502965927124
clean,"cos(g_rkd_sh_d,g_rel_rot)",7scenes,cam_token,probe1,chess,theta0,0.008995458483695984
clean,"cos(g_rkd_sh_d,g_rel_tdir)",7scenes,cam_token,probe1,chess,theta0,0.03331107646226883
clean,"cos(g_rkd_sh_a,g_couple)",7scenes,cam_token,probe1,chess,theta0,0.5569088459014893
clean,"cos(g_rkd_sh_a,g_rel_rot)",7scenes,cam_token,probe1,chess,theta0,-0.07425803691148758
clean,"cos(g_rkd_sh_a,g_rel_tdir)",7scenes,cam_token,probe1,chess,theta0,0.42181116342544556
clean,"cos(g_couple,g_rel_rot)",7scenes,cam_token,probe1,chess,theta0,-0.19013111293315887
clean,"cos(g_couple,g_rel_tdir)",7scenes,cam_token,probe1,chess,theta0,0.17122888565063477
clean,"cos(g_rel_rot,g_rel_tdir)",7scenes,cam_token,probe1,chess,theta0,0.47987595200538635
clean,"cos(g_maskdistill,g_rkd_sh_d)",7scenes,ALL,probe1,chess,theta0,0.07407013326883316
clean,"cos(g_maskdistill,g_rkd_sh_a)",7scenes,ALL,probe1,chess,theta0,0.09324291348457336
clean,"cos(g_maskdistill,g_couple)",7scenes,ALL,probe1,chess,theta0,0.038234204053878784
clean,"cos(g_maskdistill,g_rel_rot)",7scenes,ALL,probe1,chess,theta0,0.07583954185247421
clean,"cos(g_maskdistill,g_rel_tdir)",7scenes,ALL,probe1,chess,theta0,0.057308681309223175
clean,"cos(g_rkd_sh_d,g_rkd_sh_a)",7scenes,ALL,probe1,chess,theta0,0.43769270181655884
clean,"cos(g_rkd_sh_d,g_couple)",7scenes,ALL,probe1,chess,theta0,-0.07444921135902405
clean,"cos(g_rkd_sh_d,g_rel_rot)",7scenes,ALL,probe1,chess,theta0,0.05398387461900711
clean,"cos(g_rkd_sh_d,g_rel_tdir)",7scenes,ALL,probe1,chess,theta0,0.11013159155845642
clean,"cos(g_rkd_sh_a,g_couple)",7scenes,ALL,probe1,chess,theta0,0.12274111807346344
clean,"cos(g_rkd_sh_a,g_rel_rot)",7scenes,ALL,probe1,chess,theta0,0.05081131309270859
clean,"cos(g_rkd_sh_a,g_rel_tdir)",7scenes,ALL,probe1,chess,theta0,0.7222025394439697
clean,"cos(g_couple,g_rel_rot)",7scenes,ALL,probe1,chess,theta0,-0.01374563667923212
clean,"cos(g_couple,g_rel_tdir)",7scenes,ALL,probe1,chess,theta0,0.04808264970779419
clean,"cos(g_rel_rot,g_rel_tdir)",7scenes,ALL,probe1,chess,theta0,0.2682853937149048
clean,"cos(g_rel_rot,g_base)",7scenes,lora_early,probe1,chess,theta0,0.1804368495941162
clean,"cos(g_rel_tdir,g_base)",7scenes,lora_early,probe1,chess,theta0,0.13606169819831848
clean,"cos(g_rel_rot,g_base)",7scenes,lora_late,probe1,chess,theta0,-0.012387817725539207
clean,"cos(g_rel_tdir,g_base)",7scenes,lora_late,probe1,chess,theta0,0.06360326707363129
clean,"cos(g_rel_rot,g_base)",7scenes,cam_token,probe1,chess,theta0,0.048456139862537384
clean,"cos(g_rel_tdir,g_base)",7scenes,cam_token,probe1,chess,theta0,-0.11172426491975784
clean,"cos(g_rel_rot,g_base)",7scenes,ALL,probe1,chess,theta0,0.06829442083835602
clean,"cos(g_rel_tdir,g_base)",7scenes,ALL,probe1,chess,theta0,0.07576221972703934
clean,loss[maskdistill],7scenes,-,probe1,chess,theta0,0.007720625028014183
clean,loss[rkd_sh_d],7scenes,-,probe1,chess,theta0,2.7977151262348343e-07
clean,loss[rkd_sh_a],7scenes,-,probe1,chess,theta0,1.019350179376488e-06
clean,loss[couple],7scenes,-,probe1,chess,theta0,0.0004230726044625044
clean,loss[rel_rot],7scenes,-,probe1,chess,theta0,3.78603144781664e-05
clean,loss[rel_tdir],7scenes,-,probe1,chess,theta0,2.2937854737392627e-05
m0,"cos(g_maskdistill,g_rkd_sh_d)",7scenes,lora_early,probe1,chess,theta0,0.40304291248321533
m0,"cos(g_maskdistill,g_rkd_sh_a)",7scenes,lora_early,probe1,chess,theta0,-0.3346711993217468
m0,"cos(g_maskdistill,g_couple)",7scenes,lora_early,probe1,chess,theta0,-0.5490202307701111
m0,"cos(g_maskdistill,g_rel_rot)",7scenes,lora_early,probe1,chess,theta0,0.38376426696777344
m0,"cos(g_maskdistill,g_rel_tdir)",7scenes,lora_early,probe1,chess,theta0,0.6173134446144104
m0,"cos(g_rkd_sh_d,g_rkd_sh_a)",7scenes,lora_early,probe1,chess,theta0,-0.649107813835144
m0,"cos(g_rkd_sh_d,g_couple)",7scenes,lora_early,probe1,chess,theta0,-0.6070421934127808
m0,"cos(g_rkd_sh_d,g_rel_rot)",7scenes,lora_early,probe1,chess,theta0,0.858879566192627
m0,"cos(g_rkd_sh_d,g_rel_tdir)",7scenes,lora_early,probe1,chess,theta0,0.5005695223808289
m0,"cos(g_rkd_sh_a,g_couple)",7scenes,lora_early,probe1,chess,theta0,0.76255863904953
m0,"cos(g_rkd_sh_a,g_rel_rot)",7scenes,lora_early,probe1,chess,theta0,-0.5514369010925293
m0,"cos(g_rkd_sh_a,g_rel_tdir)",7scenes,lora_early,probe1,chess,theta0,-0.41236740350723267
m0,"cos(g_couple,g_rel_rot)",7scenes,lora_early,probe1,chess,theta0,-0.49029815196990967
m0,"cos(g_couple,g_rel_tdir)",7scenes,lora_early,probe1,chess,theta0,-0.7296775579452515
m0,"cos(g_rel_rot,g_rel_tdir)",7scenes,lora_early,probe1,chess,theta0,0.6372454166412354
m0,"cos(g_maskdistill,g_rkd_sh_d)",7scenes,lora_late,probe1,chess,theta0,0.09766747057437897
m0,"cos(g_maskdistill,g_rkd_sh_a)",7scenes,lora_late,probe1,chess,theta0,0.15553617477416992
m0,"cos(g_maskdistill,g_couple)",7scenes,lora_late,probe1,chess,theta0,-0.03436015546321869
m0,"cos(g_maskdistill,g_rel_rot)",7scenes,lora_late,probe1,chess,theta0,0.06793975830078125
m0,"cos(g_maskdistill,g_rel_tdir)",7scenes,lora_late,probe1,chess,theta0,0.15639206767082214
m0,"cos(g_rkd_sh_d,g_rkd_sh_a)",7scenes,lora_late,probe1,chess,theta0,0.35276663303375244
m0,"cos(g_rkd_sh_d,g_couple)",7scenes,lora_late,probe1,chess,theta0,0.06183277815580368
m0,"cos(g_rkd_sh_d,g_rel_rot)",7scenes,lora_late,probe1,chess,theta0,0.3393750786781311
m0,"cos(g_rkd_sh_d,g_rel_tdir)",7scenes,lora_late,probe1,chess,theta0,0.11698528379201889
m0,"cos(g_rkd_sh_a,g_couple)",7scenes,lora_late,probe1,chess,theta0,0.25676900148391724
m0,"cos(g_rkd_sh_a,g_rel_rot)",7scenes,lora_late,probe1,chess,theta0,0.2038533240556717
m0,"cos(g_rkd_sh_a,g_rel_tdir)",7scenes,lora_late,probe1,chess,theta0,0.6298315525054932
m0,"cos(g_couple,g_rel_rot)",7scenes,lora_late,probe1,chess,theta0,0.29313400387763977
m0,"cos(g_couple,g_rel_tdir)",7scenes,lora_late,probe1,chess,theta0,-0.052205879241228104
m0,"cos(g_rel_rot,g_rel_tdir)",7scenes,lora_late,probe1,chess,theta0,0.0833645612001419
m0,"cos(g_maskdistill,g_rkd_sh_d)",7scenes,cam_token,probe1,chess,theta0,-0.20685896277427673
m0,"cos(g_maskdistill,g_rkd_sh_a)",7scenes,cam_token,probe1,chess,theta0,0.19539351761341095
m0,"cos(g_maskdistill,g_couple)",7scenes,cam_token,probe1,chess,theta0,0.3063582181930542
m0,"cos(g_maskdistill,g_rel_rot)",7scenes,cam_token,probe1,chess,theta0,-0.04221421107649803
m0,"cos(g_maskdistill,g_rel_tdir)",7scenes,cam_token,probe1,chess,theta0,-0.15588489174842834
m0,"cos(g_rkd_sh_d,g_rkd_sh_a)",7scenes,cam_token,probe1,chess,theta0,-0.054471876472234726
m0,"cos(g_rkd_sh_d,g_couple)",7scenes,cam_token,probe1,chess,theta0,-0.4596497714519501
m0,"cos(g_rkd_sh_d,g_rel_rot)",7scenes,cam_token,probe1,chess,theta0,0.4252358078956604
m0,"cos(g_rkd_sh_d,g_rel_tdir)",7scenes,cam_token,probe1,chess,theta0,0.4116711914539337
m0,"cos(g_rkd_sh_a,g_couple)",7scenes,cam_token,probe1,chess,theta0,0.6310973763465881
m0,"cos(g_rkd_sh_a,g_rel_rot)",7scenes,cam_token,probe1,chess,theta0,-0.06239210069179535
m0,"cos(g_rkd_sh_a,g_rel_tdir)",7scenes,cam_token,probe1,chess,theta0,-0.04371487349271774
m0,"cos(g_couple,g_rel_rot)",7scenes,cam_token,probe1,chess,theta0,-0.12060998380184174
m0,"cos(g_couple,g_rel_tdir)",7scenes,cam_token,probe1,chess,theta0,-0.37176722288131714
m0,"cos(g_rel_rot,g_rel_tdir)",7scenes,cam_token,probe1,chess,theta0,0.3515689969062805
m0,"cos(g_maskdistill,g_rkd_sh_d)",7scenes,ALL,probe1,chess,theta0,0.3399478793144226
m0,"cos(g_maskdistill,g_rkd_sh_a)",7scenes,ALL,probe1,chess,theta0,-0.2278706133365631
m0,"cos(g_maskdistill,g_couple)",7scenes,ALL,probe1,chess,theta0,-0.4853772521018982
m0,"cos(g_maskdistill,g_rel_rot)",7scenes,ALL,probe1,chess,theta0,0.34017258882522583
m0,"cos(g_maskdistill,g_rel_tdir)",7scenes,ALL,probe1,chess,theta0,0.5169194936752319
m0,"cos(g_rkd_sh_d,g_rkd_sh_a)",7scenes,ALL,probe1,chess,theta0,-0.3819832503795624
m0,"cos(g_rkd_sh_d,g_couple)",7scenes,ALL,probe1,chess,theta0,-0.49635428190231323
m0,"cos(g_rkd_sh_d,g_rel_rot)",7scenes,ALL,probe1,chess,theta0,0.757468581199646
m0,"cos(g_rkd_sh_d,g_rel_tdir)",7scenes,ALL,probe1,chess,theta0,0.403566837310791
m0,"cos(g_rkd_sh_a,g_couple)",7scenes,ALL,probe1,chess,theta0,0.6552989482879639
m0,"cos(g_rkd_sh_a,g_rel_rot)",7scenes,ALL,probe1,chess,theta0,-0.3955289423465729
m0,"cos(g_rkd_sh_a,g_rel_tdir)",7scenes,ALL,probe1,chess,theta0,-0.12413878738880157
m0,"cos(g_couple,g_rel_rot)",7scenes,ALL,probe1,chess,theta0,-0.40737372636795044
m0,"cos(g_couple,g_rel_tdir)",7scenes,ALL,probe1,chess,theta0,-0.6050431132316589
m0,"cos(g_rel_rot,g_rel_tdir)",7scenes,ALL,probe1,chess,theta0,0.526077389717102
m0,"cos(g_rel_rot,g_base)",7scenes,lora_early,probe1,chess,theta0,0.36381852626800537
m0,"cos(g_rel_tdir,g_base)",7scenes,lora_early,probe1,chess,theta0,0.5810898542404175
m0,"cos(g_rel_rot,g_base)",7scenes,lora_late,probe1,chess,theta0,0.10528236627578735
m0,"cos(g_rel_tdir,g_base)",7scenes,lora_late,probe1,chess,theta0,0.1798529177904129
m0,"cos(g_rel_rot,g_base)",7scenes,cam_token,probe1,chess,theta0,-0.04225698858499527
m0,"cos(g_rel_tdir,g_base)",7scenes,cam_token,probe1,chess,theta0,-0.16992002725601196
m0,"cos(g_rel_rot,g_base)",7scenes,ALL,probe1,chess,theta0,0.3257721960544586
m0,"cos(g_rel_tdir,g_base)",7scenes,ALL,probe1,chess,theta0,0.4903055727481842
m0,loss[maskdistill],7scenes,-,probe1,chess,theta0,0.16235870122909546
m0,loss[rkd_sh_d],7scenes,-,probe1,chess,theta0,4.253171937307343e-05
m0,loss[rkd_sh_a],7scenes,-,probe1,chess,theta0,4.630121838999912e-05
m0,loss[couple],7scenes,-,probe1,chess,theta0,6.433256930904463e-05
m0,loss[rel_rot],7scenes,-,probe1,chess,theta0,0.0007607650477439165
m0,loss[rel_tdir],7scenes,-,probe1,chess,theta0,0.00022237500525079668
clean,"cos(g_maskdistill,g_rkd_sh_d)",7scenes,lora_early,probe0,chess,theta_base,0.033560700714588165
clean,"cos(g_maskdistill,g_rkd_sh_a)",7scenes,lora_early,probe0,chess,theta_base,0.00945685338228941
clean,"cos(g_maskdistill,g_couple)",7scenes,lora_early,probe0,chess,theta_base,-0.062376268208026886
clean,"cos(g_maskdistill,g_rel_rot)",7scenes,lora_early,probe0,chess,theta_base,-0.058691587299108505
clean,"cos(g_maskdistill,g_rel_tdir)",7scenes,lora_early,probe0,chess,theta_base,-0.007472492754459381
clean,"cos(g_rkd_sh_d,g_rkd_sh_a)",7scenes,lora_early,probe0,chess,theta_base,0.9960190653800964
clean,"cos(g_rkd_sh_d,g_couple)",7scenes,lora_early,probe0,chess,theta_base,-0.5886874198913574
clean,"cos(g_rkd_sh_d,g_rel_rot)",7scenes,lora_early,probe0,chess,theta_base,0.7157554626464844
clean,"cos(g_rkd_sh_d,g_rel_tdir)",7scenes,lora_early,probe0,chess,theta_base,0.8899917006492615
clean,"cos(g_rkd_sh_a,g_couple)",7scenes,lora_early,probe0,chess,theta_base,-0.573938250541687
clean,"cos(g_rkd_sh_a,g_rel_rot)",7scenes,lora_early,probe0,chess,theta_base,0.7111490368843079
clean,"cos(g_rkd_sh_a,g_rel_tdir)",7scenes,lora_early,probe0,chess,theta_base,0.8977697491645813
clean,"cos(g_couple,g_rel_rot)",7scenes,lora_early,probe0,chess,theta_base,-0.6735726594924927
clean,"cos(g_couple,g_rel_tdir)",7scenes,lora_early,probe0,chess,theta_base,-0.4550756812095642
clean,"cos(g_rel_rot,g_rel_tdir)",7scenes,lora_early,probe0,chess,theta_base,0.6205607652664185
clean,"cos(g_maskdistill,g_rkd_sh_d)",7scenes,lora_late,probe0,chess,theta_base,0.09625620394945145
clean,"cos(g_maskdistill,g_rkd_sh_a)",7scenes,lora_late,probe0,chess,theta_base,0.08744551986455917
clean,"cos(g_maskdistill,g_couple)",7scenes,lora_late,probe0,chess,theta_base,0.07722475379705429
clean,"cos(g_maskdistill,g_rel_rot)",7scenes,lora_late,probe0,chess,theta_base,0.028087256476283073
clean,"cos(g_maskdistill,g_rel_tdir)",7scenes,lora_late,probe0,chess,theta_base,0.07934775948524475
clean,"cos(g_rkd_sh_d,g_rkd_sh_a)",7scenes,lora_late,probe0,chess,theta_base,0.99367755651474
clean,"cos(g_rkd_sh_d,g_couple)",7scenes,lora_late,probe0,chess,theta_base,-0.0769883319735527
clean,"cos(g_rkd_sh_d,g_rel_rot)",7scenes,lora_late,probe0,chess,theta_base,0.2631159722805023
clean,"cos(g_rkd_sh_d,g_rel_tdir)",7scenes,lora_late,probe0,chess,theta_base,0.6778625249862671
clean,"cos(g_rkd_sh_a,g_couple)",7scenes,lora_late,probe0,chess,theta_base,-0.09237384796142578
clean,"cos(g_rkd_sh_a,g_rel_rot)",7scenes,lora_late,probe0,chess,theta_base,0.2753358781337738
clean,"cos(g_rkd_sh_a,g_rel_tdir)",7scenes,lora_late,probe0,chess,theta_base,0.6631249189376831
clean,"cos(g_couple,g_rel_rot)",7scenes,lora_late,probe0,chess,theta_base,-0.4964982867240906
clean,"cos(g_couple,g_rel_tdir)",7scenes,lora_late,probe0,chess,theta_base,-0.017818721011281013
clean,"cos(g_rel_rot,g_rel_tdir)",7scenes,lora_late,probe0,chess,theta_base,-0.06447282433509827
clean,"cos(g_maskdistill,g_rkd_sh_d)",7scenes,cam_token,probe0,chess,theta_base,0.021981477737426758
clean,"cos(g_maskdistill,g_rkd_sh_a)",7scenes,cam_token,probe0,chess,theta_base,0.022049887105822563
clean,"cos(g_maskdistill,g_couple)",7scenes,cam_token,probe0,chess,theta_base,-0.06751357018947601
clean,"cos(g_maskdistill,g_rel_rot)",7scenes,cam_token,probe0,chess,theta_base,0.11497513949871063
clean,"cos(g_maskdistill,g_rel_tdir)",7scenes,cam_token,probe0,chess,theta_base,0.02791723981499672
clean,"cos(g_rkd_sh_d,g_rkd_sh_a)",7scenes,cam_token,probe0,chess,theta_base,0.9971672296524048
clean,"cos(g_rkd_sh_d,g_couple)",7scenes,cam_token,probe0,chess,theta_base,-0.4634433388710022
clean,"cos(g_rkd_sh_d,g_rel_rot)",7scenes,cam_token,probe0,chess,theta_base,0.43424278497695923
clean,"cos(g_rkd_sh_d,g_rel_tdir)",7scenes,cam_token,probe0,chess,theta_base,0.6603214740753174
clean,"cos(g_rkd_sh_a,g_couple)",7scenes,cam_token,probe0,chess,theta_base,-0.4906569719314575
clean,"cos(g_rkd_sh_a,g_rel_rot)",7scenes,cam_token,probe0,chess,theta_base,0.44273215532302856
clean,"cos(g_rkd_sh_a,g_rel_tdir)",7scenes,cam_token,probe0,chess,theta_base,0.6497308015823364
clean,"cos(g_couple,g_rel_rot)",7scenes,cam_token,probe0,chess,theta_base,-0.5143534541130066
clean,"cos(g_couple,g_rel_tdir)",7scenes,cam_token,probe0,chess,theta_base,-0.3766835927963257
clean,"cos(g_rel_rot,g_rel_tdir)",7scenes,cam_token,probe0,chess,theta_base,0.04245975986123085
clean,"cos(g_maskdistill,g_rkd_sh_d)",7scenes,ALL,probe0,chess,theta_base,0.04701573774218559
clean,"cos(g_maskdistill,g_rkd_sh_a)",7scenes,ALL,probe0,chess,theta_base,0.03731155022978783
clean,"cos(g_maskdistill,g_couple)",7scenes,ALL,probe0,chess,theta_base,0.009842151775956154
clean,"cos(g_maskdistill,g_rel_rot)",7scenes,ALL,probe0,chess,theta_base,-0.00104228756390512
clean,"cos(g_maskdistill,g_rel_tdir)",7scenes,ALL,probe0,chess,theta_base,0.02927069365978241
clean,"cos(g_rkd_sh_d,g_rkd_sh_a)",7scenes,ALL,probe0,chess,theta_base,0.9939001798629761
clean,"cos(g_rkd_sh_d,g_couple)",7scenes,ALL,probe0,chess,theta_base,-0.13089992105960846
clean,"cos(g_rkd_sh_d,g_rel_rot)",7scenes,ALL,probe0,chess,theta_base,0.298005074262619
clean,"cos(g_rkd_sh_d,g_rel_tdir)",7scenes,ALL,probe0,chess,theta_base,0.6965238451957703
clean,"cos(g_rkd_sh_a,g_couple)",7scenes,ALL,probe0,chess,theta_base,-0.1432390809059143
clean,"cos(g_rkd_sh_a,g_rel_rot)",7scenes,ALL,probe0,chess,theta_base,0.30883467197418213
clean,"cos(g_rkd_sh_a,g_rel_tdir)",7scenes,ALL,probe0,chess,theta_base,0.683779239654541
clean,"cos(g_couple,g_rel_rot)",7scenes,ALL,probe0,chess,theta_base,-0.5103065967559814
clean,"cos(g_couple,g_rel_tdir)",7scenes,ALL,probe0,chess,theta_base,-0.06836673617362976
clean,"cos(g_rel_rot,g_rel_tdir)",7scenes,ALL,probe0,chess,theta_base,-0.0076141031458973885
clean,"cos(g_rel_rot,g_base)",7scenes,lora_early,probe0,chess,theta_base,-0.08577229082584381
clean,"cos(g_rel_tdir,g_base)",7scenes,lora_early,probe0,chess,theta_base,-0.001974626909941435
clean,"cos(g_rel_rot,g_base)",7scenes,lora_late,probe0,chess,theta_base,-0.11950640380382538
clean,"cos(g_rel_tdir,g_base)",7scenes,lora_late,probe0,chess,theta_base,0.268549382686615
clean,"cos(g_rel_rot,g_base)",7scenes,cam_token,probe0,chess,theta_base,0.05772126466035843
clean,"cos(g_rel_tdir,g_base)",7scenes,cam_token,probe0,chess,theta_base,0.03529755026102066
clean,"cos(g_rel_rot,g_base)",7scenes,ALL,probe0,chess,theta_base,-0.07630303502082825
clean,"cos(g_rel_tdir,g_base)",7scenes,ALL,probe0,chess,theta_base,0.12816232442855835
clean,loss[maskdistill],7scenes,-,probe0,chess,theta_base,0.008267353288829327
clean,loss[rkd_sh_d],7scenes,-,probe0,chess,theta_base,9.344114005216397e-06
clean,loss[rkd_sh_a],7scenes,-,probe0,chess,theta_base,4.6828830818412825e-05
clean,loss[couple],7scenes,-,probe0,chess,theta_base,0.00013766737538389862
clean,loss[rel_rot],7scenes,-,probe0,chess,theta_base,0.0002245780051453039
clean,loss[rel_tdir],7scenes,-,probe0,chess,theta_base,2.4318695068359375e-05
m0,"cos(g_maskdistill,g_rkd_sh_d)",7scenes,lora_early,probe0,chess,theta_base,0.04330451786518097
m0,"cos(g_maskdistill,g_rkd_sh_a)",7scenes,lora_early,probe0,chess,theta_base,-0.05645674467086792
m0,"cos(g_maskdistill,g_couple)",7scenes,lora_early,probe0,chess,theta_base,-0.020764270797371864
m0,"cos(g_maskdistill,g_rel_rot)",7scenes,lora_early,probe0,chess,theta_base,-0.014975465834140778
m0,"cos(g_maskdistill,g_rel_tdir)",7scenes,lora_early,probe0,chess,theta_base,-0.07278385758399963
m0,"cos(g_rkd_sh_d,g_rkd_sh_a)",7scenes,lora_early,probe0,chess,theta_base,-0.08424195647239685
m0,"cos(g_rkd_sh_d,g_couple)",7scenes,lora_early,probe0,chess,theta_base,0.15081767737865448
m0,"cos(g_rkd_sh_d,g_rel_rot)",7scenes,lora_early,probe0,chess,theta_base,0.016759956255555153
m0,"cos(g_rkd_sh_d,g_rel_tdir)",7scenes,lora_early,probe0,chess,theta_base,-0.11431524157524109
m0,"cos(g_rkd_sh_a,g_couple)",7scenes,lora_early,probe0,chess,theta_base,-0.17129045724868774
m0,"cos(g_rkd_sh_a,g_rel_rot)",7scenes,lora_early,probe0,chess,theta_base,0.33849477767944336
m0,"cos(g_rkd_sh_a,g_rel_tdir)",7scenes,lora_early,probe0,chess,theta_base,0.6635327339172363
m0,"cos(g_couple,g_rel_rot)",7scenes,lora_early,probe0,chess,theta_base,-0.43168675899505615
m0,"cos(g_couple,g_rel_tdir)",7scenes,lora_early,probe0,chess,theta_base,-0.20790013670921326
m0,"cos(g_rel_rot,g_rel_tdir)",7scenes,lora_early,probe0,chess,theta_base,0.42453718185424805
m0,"cos(g_maskdistill,g_rkd_sh_d)",7scenes,lora_late,probe0,chess,theta_base,0.05232495442032814
m0,"cos(g_maskdistill,g_rkd_sh_a)",7scenes,lora_late,probe0,chess,theta_base,0.05838960409164429
m0,"cos(g_maskdistill,g_couple)",7scenes,lora_late,probe0,chess,theta_base,0.06505698710680008
m0,"cos(g_maskdistill,g_rel_rot)",7scenes,lora_late,probe0,chess,theta_base,-0.0028724842704832554
m0,"cos(g_maskdistill,g_rel_tdir)",7scenes,lora_late,probe0,chess,theta_base,0.01061155367642641
m0,"cos(g_rkd_sh_d,g_rkd_sh_a)",7scenes,lora_late,probe0,chess,theta_base,0.2736580967903137
m0,"cos(g_rkd_sh_d,g_couple)",7scenes,lora_late,probe0,chess,theta_base,-0.09165734797716141
m0,"cos(g_rkd_sh_d,g_rel_rot)",7scenes,lora_late,probe0,chess,theta_base,0.11182387918233871
m0,"cos(g_rkd_sh_d,g_rel_tdir)",7scenes,lora_late,probe0,chess,theta_base,0.11724060028791428
m0,"cos(g_rkd_sh_a,g_couple)",7scenes,lora_late,probe0,chess,theta_base,0.22547252476215363
m0,"cos(g_rkd_sh_a,g_rel_rot)",7scenes,lora_late,probe0,chess,theta_base,0.022442463785409927
m0,"cos(g_rkd_sh_a,g_rel_tdir)",7scenes,lora_late,probe0,chess,theta_base,0.737457275390625
m0,"cos(g_couple,g_rel_rot)",7scenes,lora_late,probe0,chess,theta_base,-0.4928722679615021
m0,"cos(g_couple,g_rel_tdir)",7scenes,lora_late,probe0,chess,theta_base,0.1831829845905304
m0,"cos(g_rel_rot,g_rel_tdir)",7scenes,lora_late,probe0,chess,theta_base,0.0043679759837687016
m0,"cos(g_maskdistill,g_rkd_sh_d)",7scenes,cam_token,probe0,chess,theta_base,-0.008247431367635727
m0,"cos(g_maskdistill,g_rkd_sh_a)",7scenes,cam_token,probe0,chess,theta_base,0.09763863682746887
m0,"cos(g_maskdistill,g_couple)",7scenes,cam_token,probe0,chess,theta_base,0.2373412847518921
m0,"cos(g_maskdistill,g_rel_rot)",7scenes,cam_token,probe0,chess,theta_base,0.145721435546875
m0,"cos(g_maskdistill,g_rel_tdir)",7scenes,cam_token,probe0,chess,theta_base,0.01687268353998661
m0,"cos(g_rkd_sh_d,g_rkd_sh_a)",7scenes,cam_token,probe0,chess,theta_base,0.3268682062625885
m0,"cos(g_rkd_sh_d,g_couple)",7scenes,cam_token,probe0,chess,theta_base,0.08562739193439484
m0,"cos(g_rkd_sh_d,g_rel_rot)",7scenes,cam_token,probe0,chess,theta_base,0.005748044699430466
m0,"cos(g_rkd_sh_d,g_rel_tdir)",7scenes,cam_token,probe0,chess,theta_base,0.26140254735946655
m0,"cos(g_rkd_sh_a,g_couple)",7scenes,cam_token,probe0,chess,theta_base,0.10254830121994019
m0,"cos(g_rkd_sh_a,g_rel_rot)",7scenes,cam_token,probe0,chess,theta_base,-0.07514847069978714
m0,"cos(g_rkd_sh_a,g_rel_tdir)",7scenes,cam_token,probe0,chess,theta_base,0.6456652879714966
m0,"cos(g_couple,g_rel_rot)",7scenes,cam_token,probe0,chess,theta_base,-0.39111170172691345
m0,"cos(g_couple,g_rel_tdir)",7scenes,cam_token,probe0,chess,theta_base,0.039914682507514954
m0,"cos(g_rel_rot,g_rel_tdir)",7scenes,cam_token,probe0,chess,theta_base,-0.12983980774879456
m0,"cos(g_maskdistill,g_rkd_sh_d)",7scenes,ALL,probe0,chess,theta_base,0.03061789646744728
m0,"cos(g_maskdistill,g_rkd_sh_a)",7scenes,ALL,probe0,chess,theta_base,-0.011682436801493168
m0,"cos(g_maskdistill,g_couple)",7scenes,ALL,probe0,chess,theta_base,-0.0018749118316918612
m0,"cos(g_maskdistill,g_rel_rot)",7scenes,ALL,probe0,chess,theta_base,-0.006015161518007517
m0,"cos(g_maskdistill,g_rel_tdir)",7scenes,ALL,probe0,chess,theta_base,-0.03165287896990776
m0,"cos(g_rkd_sh_d,g_rkd_sh_a)",7scenes,ALL,probe0,chess,theta_base,0.19819581508636475
m0,"cos(g_rkd_sh_d,g_couple)",7scenes,ALL,probe0,chess,theta_base,-0.004730598069727421
m0,"cos(g_rkd_sh_d,g_rel_rot)",7scenes,ALL,probe0,chess,theta_base,0.0909871906042099
m0,"cos(g_rkd_sh_d,g_rel_tdir)",7scenes,ALL,probe0,chess,theta_base,0.0653964951634407
m0,"cos(g_rkd_sh_a,g_couple)",7scenes,ALL,probe0,chess,theta_base,0.0838509351015091
m0,"cos(g_rkd_sh_a,g_rel_rot)",7scenes,ALL,probe0,chess,theta_base,0.08668182790279388
m0,"cos(g_rkd_sh_a,g_rel_tdir)",7scenes,ALL,probe0,chess,theta_base,0.7206705808639526
m0,"cos(g_couple,g_rel_rot)",7scenes,ALL,probe0,chess,theta_base,-0.4455522298812866
m0,"cos(g_couple,g_rel_tdir)",7scenes,ALL,probe0,chess,theta_base,0.03881753981113434
m0,"cos(g_rel_rot,g_rel_tdir)",7scenes,ALL,probe0,chess,theta_base,0.09578666090965271
m0,"cos(g_rel_rot,g_base)",7scenes,lora_early,probe0,chess,theta_base,-0.027614105492830276
m0,"cos(g_rel_tdir,g_base)",7scenes,lora_early,probe0,chess,theta_base,-0.0755036473274231
m0,"cos(g_rel_rot,g_base)",7scenes,lora_late,probe0,chess,theta_base,-0.06262824684381485
m0,"cos(g_rel_tdir,g_base)",7scenes,lora_late,probe0,chess,theta_base,0.08833753317594528
m0,"cos(g_rel_rot,g_base)",7scenes,cam_token,probe0,chess,theta_base,0.12696491181850433
m0,"cos(g_rel_tdir,g_base)",7scenes,cam_token,probe0,chess,theta_base,0.02673371508717537
m0,"cos(g_rel_rot,g_base)",7scenes,ALL,probe0,chess,theta_base,-0.024812214076519012
m0,"cos(g_rel_tdir,g_base)",7scenes,ALL,probe0,chess,theta_base,-0.01591533049941063
m0,loss[maskdistill],7scenes,-,probe0,chess,theta_base,0.12179530411958694
m0,loss[rkd_sh_d],7scenes,-,probe0,chess,theta_base,6.963084160815924e-06
m0,loss[rkd_sh_a],7scenes,-,probe0,chess,theta_base,6.082686013542116e-06
m0,loss[couple],7scenes,-,probe0,chess,theta_base,1.554040500195697e-05
m0,loss[rel_rot],7scenes,-,probe0,chess,theta_base,0.00016422098269686103
m0,loss[rel_tdir],7scenes,-,probe0,chess,theta_base,1.6798576325527392e-05
clean,"cos(g_maskdistill,g_rkd_sh_d)",7scenes,lora_early,probe1,chess,theta_base,-0.25228381156921387
clean,"cos(g_maskdistill,g_rkd_sh_a)",7scenes,lora_early,probe1,chess,theta_base,-0.17948421835899353
clean,"cos(g_maskdistill,g_couple)",7scenes,lora_early,probe1,chess,theta_base,0.30366525053977966
clean,"cos(g_maskdistill,g_rel_rot)",7scenes,lora_early,probe1,chess,theta_base,-0.23335079848766327
clean,"cos(g_maskdistill,g_rel_tdir)",7scenes,lora_early,probe1,chess,theta_base,0.09416144341230392
clean,"cos(g_rkd_sh_d,g_rkd_sh_a)",7scenes,lora_early,probe1,chess,theta_base,0.940467357635498
clean,"cos(g_rkd_sh_d,g_couple)",7scenes,lora_early,probe1,chess,theta_base,-0.5649402141571045
clean,"cos(g_rkd_sh_d,g_rel_rot)",7scenes,lora_early,probe1,chess,theta_base,0.42092567682266235
clean,"cos(g_rkd_sh_d,g_rel_tdir)",7scenes,lora_early,probe1,chess,theta_base,-0.41666683554649353
clean,"cos(g_rkd_sh_a,g_couple)",7scenes,lora_early,probe1,chess,theta_base,-0.5527302026748657
clean,"cos(g_rkd_sh_a,g_rel_rot)",7scenes,lora_early,probe1,chess,theta_base,0.4560055434703827
clean,"cos(g_rkd_sh_a,g_rel_tdir)",7scenes,lora_early,probe1,chess,theta_base,-0.44285303354263306
clean,"cos(g_couple,g_rel_rot)",7scenes,lora_early,probe1,chess,theta_base,-0.7904911041259766
clean,"cos(g_couple,g_rel_tdir)",7scenes,lora_early,probe1,chess,theta_base,0.191109299659729
clean,"cos(g_rel_rot,g_rel_tdir)",7scenes,lora_early,probe1,chess,theta_base,-0.05605458468198776
clean,"cos(g_maskdistill,g_rkd_sh_d)",7scenes,lora_late,probe1,chess,theta_base,0.017771415412425995
clean,"cos(g_maskdistill,g_rkd_sh_a)",7scenes,lora_late,probe1,chess,theta_base,0.027738114818930626
clean,"cos(g_maskdistill,g_couple)",7scenes,lora_late,probe1,chess,theta_base,0.08696142584085464
clean,"cos(g_maskdistill,g_rel_rot)",7scenes,lora_late,probe1,chess,theta_base,-0.0050496067851781845
clean,"cos(g_maskdistill,g_rel_tdir)",7scenes,lora_late,probe1,chess,theta_base,-0.0020791678689420223
clean,"cos(g_rkd_sh_d,g_rkd_sh_a)",7scenes,lora_late,probe1,chess,theta_base,0.858676016330719
clean,"cos(g_rkd_sh_d,g_couple)",7scenes,lora_late,probe1,chess,theta_base,0.030035898089408875
clean,"cos(g_rkd_sh_d,g_rel_rot)",7scenes,lora_late,probe1,chess,theta_base,0.1804817020893097
clean,"cos(g_rkd_sh_d,g_rel_tdir)",7scenes,lora_late,probe1,chess,theta_base,-0.0699755996465683
clean,"cos(g_rkd_sh_a,g_couple)",7scenes,lora_late,probe1,chess,theta_base,-0.10585440695285797
clean,"cos(g_rkd_sh_a,g_rel_rot)",7scenes,lora_late,probe1,chess,theta_base,0.2515929639339447
clean,"cos(g_rkd_sh_a,g_rel_tdir)",7scenes,lora_late,probe1,chess,theta_base,0.03227107971906662
clean,"cos(g_couple,g_rel_rot)",7scenes,lora_late,probe1,chess,theta_base,-0.4907439947128296
clean,"cos(g_couple,g_rel_tdir)",7scenes,lora_late,probe1,chess,theta_base,-0.018354710191488266
clean,"cos(g_rel_rot,g_rel_tdir)",7scenes,lora_late,probe1,chess,theta_base,0.057758837938308716
clean,"cos(g_maskdistill,g_rkd_sh_d)",7scenes,cam_token,probe1,chess,theta_base,-0.20168010890483856
clean,"cos(g_maskdistill,g_rkd_sh_a)",7scenes,cam_token,probe1,chess,theta_base,-0.12264683842658997
clean,"cos(g_maskdistill,g_couple)",7scenes,cam_token,probe1,chess,theta_base,0.01977553218603134
clean,"cos(g_maskdistill,g_rel_rot)",7scenes,cam_token,probe1,chess,theta_base,0.06831183284521103
clean,"cos(g_maskdistill,g_rel_tdir)",7scenes,cam_token,probe1,chess,theta_base,-0.024668820202350616
clean,"cos(g_rkd_sh_d,g_rkd_sh_a)",7scenes,cam_token,probe1,chess,theta_base,0.919856071472168
clean,"cos(g_rkd_sh_d,g_couple)",7scenes,cam_token,probe1,chess,theta_base,-0.48659422993659973
clean,"cos(g_rkd_sh_d,g_rel_rot)",7scenes,cam_token,probe1,chess,theta_base,0.3662370443344116
clean,"cos(g_rkd_sh_d,g_rel_tdir)",7scenes,cam_token,probe1,chess,theta_base,-0.09327380359172821
clean,"cos(g_rkd_sh_a,g_couple)",7scenes,cam_token,probe1,chess,theta_base,-0.5277295112609863
clean,"cos(g_rkd_sh_a,g_rel_rot)",7scenes,cam_token,probe1,chess,theta_base,0.44026198983192444
clean,"cos(g_rkd_sh_a,g_rel_tdir)",7scenes,cam_token,probe1,chess,theta_base,-0.041056275367736816
clean,"cos(g_couple,g_rel_rot)",7scenes,cam_token,probe1,chess,theta_base,-0.5122858285903931
clean,"cos(g_couple,g_rel_tdir)",7scenes,cam_token,probe1,chess,theta_base,0.10851167142391205
clean,"cos(g_rel_rot,g_rel_tdir)",7scenes,cam_token,probe1,chess,theta_base,-0.006698742508888245
clean,"cos(g_maskdistill,g_rkd_sh_d)",7scenes,ALL,probe1,chess,theta_base,-0.121059350669384
clean,"cos(g_maskdistill,g_rkd_sh_a)",7scenes,ALL,probe1,chess,theta_base,-0.06915514171123505
clean,"cos(g_maskdistill,g_couple)",7scenes,ALL,probe1,chess,theta_base,0.13149505853652954
clean,"cos(g_maskdistill,g_rel_rot)",7scenes,ALL,probe1,chess,theta_base,-0.08484713733196259
clean,"cos(g_maskdistill,g_rel_tdir)",7scenes,ALL,probe1,chess,theta_base,0.041437722742557526
clean,"cos(g_rkd_sh_d,g_rkd_sh_a)",7scenes,ALL,probe1,chess,theta_base,0.8712770938873291
clean,"cos(g_rkd_sh_d,g_couple)",7scenes,ALL,probe1,chess,theta_base,-0.0923435389995575
clean,"cos(g_rkd_sh_d,g_rel_rot)",7scenes,ALL,probe1,chess,theta_base,0.2234153151512146
clean,"cos(g_rkd_sh_d,g_rel_tdir)",7scenes,ALL,probe1,chess,theta_base,-0.14553648233413696
clean,"cos(g_rkd_sh_a,g_couple)",7scenes,ALL,probe1,chess,theta_base,-0.18285328149795532
clean,"cos(g_rkd_sh_a,g_rel_rot)",7scenes,ALL,probe1,chess,theta_base,0.28328824043273926
clean,"cos(g_rkd_sh_a,g_rel_tdir)",7scenes,ALL,probe1,chess,theta_base,-0.0535653680562973
clean,"cos(g_couple,g_rel_rot)",7scenes,ALL,probe1,chess,theta_base,-0.53501957654953
clean,"cos(g_couple,g_rel_tdir)",7scenes,ALL,probe1,chess,theta_base,0.02025507017970085
clean,"cos(g_rel_rot,g_rel_tdir)",7scenes,ALL,probe1,chess,theta_base,0.03849919140338898
clean,"cos(g_rel_rot,g_base)",7scenes,lora_early,probe1,chess,theta_base,-0.24760234355926514
clean,"cos(g_rel_tdir,g_base)",7scenes,lora_early,probe1,chess,theta_base,0.08975398540496826
clean,"cos(g_rel_rot,g_base)",7scenes,lora_late,probe1,chess,theta_base,-0.16421501338481903
clean,"cos(g_rel_tdir,g_base)",7scenes,lora_late,probe1,chess,theta_base,-0.009365379810333252
clean,"cos(g_rel_rot,g_base)",7scenes,cam_token,probe1,chess,theta_base,0.030368804931640625
clean,"cos(g_rel_tdir,g_base)",7scenes,cam_token,probe1,chess,theta_base,-0.014064894989132881
clean,"cos(g_rel_rot,g_base)",7scenes,ALL,probe1,chess,theta_base,-0.11242547631263733
clean,"cos(g_rel_tdir,g_base)",7scenes,ALL,probe1,chess,theta_base,0.03829490393400192
clean,loss[maskdistill],7scenes,-,probe1,chess,theta_base,0.007818691432476044
clean,loss[rkd_sh_d],7scenes,-,probe1,chess,theta_base,5.452598998090252e-06
clean,loss[rkd_sh_a],7scenes,-,probe1,chess,theta_base,1.3956890143163037e-05
clean,loss[couple],7scenes,-,probe1,chess,theta_base,5.304602746036835e-05
clean,loss[rel_rot],7scenes,-,probe1,chess,theta_base,0.00014993539662100375
clean,loss[rel_tdir],7scenes,-,probe1,chess,theta_base,4.64022159576416e-05
m0,"cos(g_maskdistill,g_rkd_sh_d)",7scenes,lora_early,probe1,chess,theta_base,-0.15085449814796448
m0,"cos(g_maskdistill,g_rkd_sh_a)",7scenes,lora_early,probe1,chess,theta_base,-0.010781196877360344
m0,"cos(g_maskdistill,g_couple)",7scenes,lora_early,probe1,chess,theta_base,0.043677061796188354
m0,"cos(g_maskdistill,g_rel_rot)",7scenes,lora_early,probe1,chess,theta_base,0.06025097519159317
m0,"cos(g_maskdistill,g_rel_tdir)",7scenes,lora_early,probe1,chess,theta_base,0.12009863555431366
m0,"cos(g_rkd_sh_d,g_rkd_sh_a)",7scenes,lora_early,probe1,chess,theta_base,0.7161896228790283
m0,"cos(g_rkd_sh_d,g_couple)",7scenes,lora_early,probe1,chess,theta_base,-0.04959360882639885
m0,"cos(g_rkd_sh_d,g_rel_rot)",7scenes,lora_early,probe1,chess,theta_base,0.6332979798316956
m0,"cos(g_rkd_sh_d,g_rel_tdir)",7scenes,lora_early,probe1,chess,theta_base,-0.28796178102493286
m0,"cos(g_rkd_sh_a,g_couple)",7scenes,lora_early,probe1,chess,theta_base,0.16990666091442108
m0,"cos(g_rkd_sh_a,g_rel_rot)",7scenes,lora_early,probe1,chess,theta_base,0.26783686876296997
m0,"cos(g_rkd_sh_a,g_rel_tdir)",7scenes,lora_early,probe1,chess,theta_base,-0.1679619550704956
m0,"cos(g_couple,g_rel_rot)",7scenes,lora_early,probe1,chess,theta_base,-0.34940773248672485
m0,"cos(g_couple,g_rel_tdir)",7scenes,lora_early,probe1,chess,theta_base,-0.12558598816394806
m0,"cos(g_rel_rot,g_rel_tdir)",7scenes,lora_early,probe1,chess,theta_base,0.20477008819580078
m0,"cos(g_maskdistill,g_rkd_sh_d)",7scenes,lora_late,probe1,chess,theta_base,-0.06229943037033081
m0,"cos(g_maskdistill,g_rkd_sh_a)",7scenes,lora_late,probe1,chess,theta_base,-0.027802299708127975
m0,"cos(g_maskdistill,g_couple)",7scenes,lora_late,probe1,chess,theta_base,-0.058169059455394745
m0,"cos(g_maskdistill,g_rel_rot)",7scenes,lora_late,probe1,chess,theta_base,-0.008201932534575462
m0,"cos(g_maskdistill,g_rel_tdir)",7scenes,lora_late,probe1,chess,theta_base,0.01419106125831604
m0,"cos(g_rkd_sh_d,g_rkd_sh_a)",7scenes,lora_late,probe1,chess,theta_base,0.584710419178009
m0,"cos(g_rkd_sh_d,g_couple)",7scenes,lora_late,probe1,chess,theta_base,-0.005266010761260986
m0,"cos(g_rkd_sh_d,g_rel_rot)",7scenes,lora_late,probe1,chess,theta_base,0.3318732976913452
m0,"cos(g_rkd_sh_d,g_rel_tdir)",7scenes,lora_late,probe1,chess,theta_base,-0.14252528548240662
m0,"cos(g_rkd_sh_a,g_couple)",7scenes,lora_late,probe1,chess,theta_base,-0.002598363906145096
m0,"cos(g_rkd_sh_a,g_rel_rot)",7scenes,lora_late,probe1,chess,theta_base,0.14350302517414093
m0,"cos(g_rkd_sh_a,g_rel_tdir)",7scenes,lora_late,probe1,chess,theta_base,-0.035722699016332626
m0,"cos(g_couple,g_rel_rot)",7scenes,lora_late,probe1,chess,theta_base,-0.1508873850107193
m0,"cos(g_couple,g_rel_tdir)",7scenes,lora_late,probe1,chess,theta_base,-0.048251934349536896
m0,"cos(g_rel_rot,g_rel_tdir)",7scenes,lora_late,probe1,chess,theta_base,0.10835897922515869
m0,"cos(g_maskdistill,g_rkd_sh_d)",7scenes,cam_token,probe1,chess,theta_base,0.2921534776687622
m0,"cos(g_maskdistill,g_rkd_sh_a)",7scenes,cam_token,probe1,chess,theta_base,0.3020288944244385
m0,"cos(g_maskdistill,g_couple)",7scenes,cam_token,probe1,chess,theta_base,0.056467920541763306
m0,"cos(g_maskdistill,g_rel_rot)",7scenes,cam_token,probe1,chess,theta_base,0.22879423201084137
m0,"cos(g_maskdistill,g_rel_tdir)",7scenes,cam_token,probe1,chess,theta_base,0.06105656176805496
m0,"cos(g_rkd_sh_d,g_rkd_sh_a)",7scenes,cam_token,probe1,chess,theta_base,0.7424113750457764
m0,"cos(g_rkd_sh_d,g_couple)",7scenes,cam_token,probe1,chess,theta_base,0.352466344833374
m0,"cos(g_rkd_sh_d,g_rel_rot)",7scenes,cam_token,probe1,chess,theta_base,0.34159544110298157
m0,"cos(g_rkd_sh_d,g_rel_tdir)",7scenes,cam_token,probe1,chess,theta_base,-0.16878356039524078
m0,"cos(g_rkd_sh_a,g_couple)",7scenes,cam_token,probe1,chess,theta_base,0.33035701513290405
m0,"cos(g_rkd_sh_a,g_rel_rot)",7scenes,cam_token,probe1,chess,theta_base,0.24936607480049133
m0,"cos(g_rkd_sh_a,g_rel_tdir)",7scenes,cam_token,probe1,chess,theta_base,-0.12075860053300858
m0,"cos(g_couple,g_rel_rot)",7scenes,cam_token,probe1,chess,theta_base,-0.005474729463458061
m0,"cos(g_couple,g_rel_tdir)",7scenes,cam_token,probe1,chess,theta_base,-0.20428135991096497
m0,"cos(g_rel_rot,g_rel_tdir)",7scenes,cam_token,probe1,chess,theta_base,0.30726292729377747
m0,"cos(g_maskdistill,g_rkd_sh_d)",7scenes,ALL,probe1,chess,theta_base,-0.11607243120670319
m0,"cos(g_maskdistill,g_rkd_sh_a)",7scenes,ALL,probe1,chess,theta_base,-0.012149188667535782
m0,"cos(g_maskdistill,g_couple)",7scenes,ALL,probe1,chess,theta_base,0.014721879735589027
m0,"cos(g_maskdistill,g_rel_rot)",7scenes,ALL,probe1,chess,theta_base,0.04504305124282837
m0,"cos(g_maskdistill,g_rel_tdir)",7scenes,ALL,probe1,chess,theta_base,0.08718530088663101
m0,"cos(g_rkd_sh_d,g_rkd_sh_a)",7scenes,ALL,probe1,chess,theta_base,0.644582986831665
m0,"cos(g_rkd_sh_d,g_couple)",7scenes,ALL,probe1,chess,theta_base,-0.024673115462064743
m0,"cos(g_rkd_sh_d,g_rel_rot)",7scenes,ALL,probe1,chess,theta_base,0.5045530200004578
m0,"cos(g_rkd_sh_d,g_rel_tdir)",7scenes,ALL,probe1,chess,theta_base,-0.22022977471351624
m0,"cos(g_rkd_sh_a,g_couple)",7scenes,ALL,probe1,chess,theta_base,0.07373808324337006
m0,"cos(g_rkd_sh_a,g_rel_rot)",7scenes,ALL,probe1,chess,theta_base,0.20544004440307617
m0,"cos(g_rkd_sh_a,g_rel_tdir)",7scenes,ALL,probe1,chess,theta_base,-0.09927226603031158
m0,"cos(g_couple,g_rel_rot)",7scenes,ALL,probe1,chess,theta_base,-0.2524961829185486
m0,"cos(g_couple,g_rel_tdir)",7scenes,ALL,probe1,chess,theta_base,-0.08634958416223526
m0,"cos(g_rel_rot,g_rel_tdir)",7scenes,ALL,probe1,chess,theta_base,0.16508278250694275
m0,"cos(g_rel_rot,g_base)",7scenes,lora_early,probe1,chess,theta_base,0.08868008852005005
m0,"cos(g_rel_tdir,g_base)",7scenes,lora_early,probe1,chess,theta_base,0.10493329912424088
m0,"cos(g_rel_rot,g_base)",7scenes,lora_late,probe1,chess,theta_base,0.03832966461777687
m0,"cos(g_rel_tdir,g_base)",7scenes,lora_late,probe1,chess,theta_base,-0.0051384856924414635
m0,"cos(g_rel_rot,g_base)",7scenes,cam_token,probe1,chess,theta_base,0.25028711557388306
m0,"cos(g_rel_tdir,g_base)",7scenes,cam_token,probe1,chess,theta_base,0.04240060970187187
m0,"cos(g_rel_rot,g_base)",7scenes,ALL,probe1,chess,theta_base,0.07518942654132843
m0,"cos(g_rel_tdir,g_base)",7scenes,ALL,probe1,chess,theta_base,0.07247529923915863
m0,loss[maskdistill],7scenes,-,probe1,chess,theta_base,0.12097463756799698
m0,loss[rkd_sh_d],7scenes,-,probe1,chess,theta_base,2.5029177777469158e-05
m0,loss[rkd_sh_a],7scenes,-,probe1,chess,theta_base,2.505104748706799e-05
m0,loss[couple],7scenes,-,probe1,chess,theta_base,4.117835032957373e-07
m0,loss[rel_rot],7scenes,-,probe1,chess,theta_base,0.0002943317813333124
m0,loss[rel_tdir],7scenes,-,probe1,chess,theta_base,7.386009383480996e-05
clean,"cos(g_maskdistill,g_rkd_sh_d)",7scenes,lora_early,probe0,chess,theta_rel,0.13698700070381165
clean,"cos(g_maskdistill,g_rkd_sh_a)",7scenes,lora_early,probe0,chess,theta_rel,0.1193595826625824
clean,"cos(g_maskdistill,g_couple)",7scenes,lora_early,probe0,chess,theta_rel,-0.13576416671276093
clean,"cos(g_maskdistill,g_rel_rot)",7scenes,lora_early,probe0,chess,theta_rel,0.09044427424669266
clean,"cos(g_maskdistill,g_rel_tdir)",7scenes,lora_early,probe0,chess,theta_rel,0.06638780236244202
clean,"cos(g_rkd_sh_d,g_rkd_sh_a)",7scenes,lora_early,probe0,chess,theta_rel,0.9845895171165466
clean,"cos(g_rkd_sh_d,g_couple)",7scenes,lora_early,probe0,chess,theta_rel,-0.5952022671699524
clean,"cos(g_rkd_sh_d,g_rel_rot)",7scenes,lora_early,probe0,chess,theta_rel,0.7396141290664673
clean,"cos(g_rkd_sh_d,g_rel_tdir)",7scenes,lora_early,probe0,chess,theta_rel,0.8749345541000366
clean,"cos(g_rkd_sh_a,g_couple)",7scenes,lora_early,probe0,chess,theta_rel,-0.581296980381012
clean,"cos(g_rkd_sh_a,g_rel_rot)",7scenes,lora_early,probe0,chess,theta_rel,0.7152150869369507
clean,"cos(g_rkd_sh_a,g_rel_tdir)",7scenes,lora_early,probe0,chess,theta_rel,0.9054499864578247
clean,"cos(g_couple,g_rel_rot)",7scenes,lora_early,probe0,chess,theta_rel,-0.6302692890167236
clean,"cos(g_couple,g_rel_tdir)",7scenes,lora_early,probe0,chess,theta_rel,-0.4856826663017273
clean,"cos(g_rel_rot,g_rel_tdir)",7scenes,lora_early,probe0,chess,theta_rel,0.6803815364837646
clean,"cos(g_maskdistill,g_rkd_sh_d)",7scenes,lora_late,probe0,chess,theta_rel,0.09509493410587311
clean,"cos(g_maskdistill,g_rkd_sh_a)",7scenes,lora_late,probe0,chess,theta_rel,0.07979940623044968
clean,"cos(g_maskdistill,g_couple)",7scenes,lora_late,probe0,chess,theta_rel,0.07277728617191315
clean,"cos(g_maskdistill,g_rel_rot)",7scenes,lora_late,probe0,chess,theta_rel,0.06853758543729782
clean,"cos(g_maskdistill,g_rel_tdir)",7scenes,lora_late,probe0,chess,theta_rel,0.06368574500083923
clean,"cos(g_rkd_sh_d,g_rkd_sh_a)",7scenes,lora_late,probe0,chess,theta_rel,0.9911288619041443
clean,"cos(g_rkd_sh_d,g_couple)",7scenes,lora_late,probe0,chess,theta_rel,-0.09007266163825989
clean,"cos(g_rkd_sh_d,g_rel_rot)",7scenes,lora_late,probe0,chess,theta_rel,0.3277782201766968
clean,"cos(g_rkd_sh_d,g_rel_tdir)",7scenes,lora_late,probe0,chess,theta_rel,0.6898746490478516
clean,"cos(g_rkd_sh_a,g_couple)",7scenes,lora_late,probe0,chess,theta_rel,-0.12401499599218369
clean,"cos(g_rkd_sh_a,g_rel_rot)",7scenes,lora_late,probe0,chess,theta_rel,0.3421646058559418
clean,"cos(g_rkd_sh_a,g_rel_tdir)",7scenes,lora_late,probe0,chess,theta_rel,0.6888052821159363
clean,"cos(g_couple,g_rel_rot)",7scenes,lora_late,probe0,chess,theta_rel,-0.3818531036376953
clean,"cos(g_couple,g_rel_tdir)",7scenes,lora_late,probe0,chess,theta_rel,-0.028656024485826492
clean,"cos(g_rel_rot,g_rel_tdir)",7scenes,lora_late,probe0,chess,theta_rel,0.07688766717910767
clean,"cos(g_maskdistill,g_rkd_sh_d)",7scenes,cam_token,probe0,chess,theta_rel,0.009606527164578438
clean,"cos(g_maskdistill,g_rkd_sh_a)",7scenes,cam_token,probe0,chess,theta_rel,0.006602171808481216
clean,"cos(g_maskdistill,g_couple)",7scenes,cam_token,probe0,chess,theta_rel,-0.05546677112579346
clean,"cos(g_maskdistill,g_rel_rot)",7scenes,cam_token,probe0,chess,theta_rel,0.08801628649234772
clean,"cos(g_maskdistill,g_rel_tdir)",7scenes,cam_token,probe0,chess,theta_rel,0.0046594394370913506
clean,"cos(g_rkd_sh_d,g_rkd_sh_a)",7scenes,cam_token,probe0,chess,theta_rel,0.9971784949302673
clean,"cos(g_rkd_sh_d,g_couple)",7scenes,cam_token,probe0,chess,theta_rel,-0.4646401107311249
clean,"cos(g_rkd_sh_d,g_rel_rot)",7scenes,cam_token,probe0,chess,theta_rel,0.5499787330627441
clean,"cos(g_rkd_sh_d,g_rel_tdir)",7scenes,cam_token,probe0,chess,theta_rel,0.6837681531906128
clean,"cos(g_rkd_sh_a,g_couple)",7scenes,cam_token,probe0,chess,theta_rel,-0.49720948934555054
clean,"cos(g_rkd_sh_a,g_rel_rot)",7scenes,cam_token,probe0,chess,theta_rel,0.5647299289703369
clean,"cos(g_rkd_sh_a,g_rel_tdir)",7scenes,cam_token,probe0,chess,theta_rel,0.6773673295974731
clean,"cos(g_couple,g_rel_rot)",7scenes,cam_token,probe0,chess,theta_rel,-0.5081841945648193
clean,"cos(g_couple,g_rel_tdir)",7scenes,cam_token,probe0,chess,theta_rel,-0.34302496910095215
clean,"cos(g_rel_rot,g_rel_tdir)",7scenes,cam_token,probe0,chess,theta_rel,0.20562763512134552
clean,"cos(g_maskdistill,g_rkd_sh_d)",7scenes,ALL,probe0,chess,theta_rel,0.07444117218255997
clean,"cos(g_maskdistill,g_rkd_sh_a)",7scenes,ALL,probe0,chess,theta_rel,0.06255728006362915
clean,"cos(g_maskdistill,g_couple)",7scenes,ALL,probe0,chess,theta_rel,-0.015495259314775467
clean,"cos(g_maskdistill,g_rel_rot)",7scenes,ALL,probe0,chess,theta_rel,0.05744083225727081
clean,"cos(g_maskdistill,g_rel_tdir)",7scenes,ALL,probe0,chess,theta_rel,0.04424819350242615
clean,"cos(g_rkd_sh_d,g_rkd_sh_a)",7scenes,ALL,probe0,chess,theta_rel,0.9906094074249268
clean,"cos(g_rkd_sh_d,g_couple)",7scenes,ALL,probe0,chess,theta_rel,-0.14627893269062042
clean,"cos(g_rkd_sh_d,g_rel_rot)",7scenes,ALL,probe0,chess,theta_rel,0.3710559010505676
clean,"cos(g_rkd_sh_d,g_rel_tdir)",7scenes,ALL,probe0,chess,theta_rel,0.7057556509971619
clean,"cos(g_rkd_sh_a,g_couple)",7scenes,ALL,probe0,chess,theta_rel,-0.17320458590984344
clean,"cos(g_rkd_sh_a,g_rel_rot)",7scenes,ALL,probe0,chess,theta_rel,0.37970560789108276
clean,"cos(g_rkd_sh_a,g_rel_tdir)",7scenes,ALL,probe0,chess,theta_rel,0.7065243721008301
clean,"cos(g_couple,g_rel_rot)",7scenes,ALL,probe0,chess,theta_rel,-0.4152417778968811
clean,"cos(g_couple,g_rel_tdir)",7scenes,ALL,probe0,chess,theta_rel,-0.08184091746807098
clean,"cos(g_rel_rot,g_rel_tdir)",7scenes,ALL,probe0,chess,theta_rel,0.14322414994239807
clean,"cos(g_rel_rot,g_base)",7scenes,lora_early,probe0,chess,theta_rel,0.042432814836502075
clean,"cos(g_rel_tdir,g_base)",7scenes,lora_early,probe0,chess,theta_rel,0.048835210502147675
clean,"cos(g_rel_rot,g_base)",7scenes,lora_late,probe0,chess,theta_rel,-0.05848722159862518
clean,"cos(g_rel_tdir,g_base)",7scenes,lora_late,probe0,chess,theta_rel,0.23512955009937286
clean,"cos(g_rel_rot,g_base)",7scenes,cam_token,probe0,chess,theta_rel,0.013738773763179779
clean,"cos(g_rel_tdir,g_base)",7scenes,cam_token,probe0,chess,theta_rel,-0.0017067939043045044
clean,"cos(g_rel_rot,g_base)",7scenes,ALL,probe0,chess,theta_rel,-0.016882464289665222
clean,"cos(g_rel_tdir,g_base)",7scenes,ALL,probe0,chess,theta_rel,0.1338423639535904
clean,loss[maskdistill],7scenes,-,probe0,chess,theta_rel,0.008236706256866455
clean,loss[rkd_sh_d],7scenes,-,probe0,chess,theta_rel,9.04613989405334e-06
clean,loss[rkd_sh_a],7scenes,-,probe0,chess,theta_rel,4.5050313929095864e-05
clean,loss[couple],7scenes,-,probe0,chess,theta_rel,0.00022935669403523207
clean,loss[rel_rot],7scenes,-,probe0,chess,theta_rel,0.0001484010717831552
clean,loss[rel_tdir],7scenes,-,probe0,chess,theta_rel,2.7159851015312597e-05
m0,"cos(g_maskdistill,g_rkd_sh_d)",7scenes,lora_early,probe0,chess,theta_rel,-0.010482299141585827
m0,"cos(g_maskdistill,g_rkd_sh_a)",7scenes,lora_early,probe0,chess,theta_rel,0.02632216550409794
m0,"cos(g_maskdistill,g_couple)",7scenes,lora_early,probe0,chess,theta_rel,-0.0075689442455768585
m0,"cos(g_maskdistill,g_rel_rot)",7scenes,lora_early,probe0,chess,theta_rel,-0.062088608741760254
m0,"cos(g_maskdistill,g_rel_tdir)",7scenes,lora_early,probe0,chess,theta_rel,-0.020401328802108765
m0,"cos(g_rkd_sh_d,g_rkd_sh_a)",7scenes,lora_early,probe0,chess,theta_rel,0.015865394845604897
m0,"cos(g_rkd_sh_d,g_couple)",7scenes,lora_early,probe0,chess,theta_rel,0.14317595958709717
m0,"cos(g_rkd_sh_d,g_rel_rot)",7scenes,lora_early,probe0,chess,theta_rel,0.03377791494131088
m0,"cos(g_rkd_sh_d,g_rel_tdir)",7scenes,lora_early,probe0,chess,theta_rel,0.015851227566599846
m0,"cos(g_rkd_sh_a,g_couple)",7scenes,lora_early,probe0,chess,theta_rel,-0.06041304022073746
m0,"cos(g_rkd_sh_a,g_rel_rot)",7scenes,lora_early,probe0,chess,theta_rel,0.24815425276756287
m0,"cos(g_rkd_sh_a,g_rel_tdir)",7scenes,lora_early,probe0,chess,theta_rel,0.5059242844581604
m0,"cos(g_couple,g_rel_rot)",7scenes,lora_early,probe0,chess,theta_rel,-0.3524490296840668
m0,"cos(g_couple,g_rel_tdir)",7scenes,lora_early,probe0,chess,theta_rel,-0.16756793856620789
m0,"cos(g_rel_rot,g_rel_tdir)",7scenes,lora_early,probe0,chess,theta_rel,0.6084867715835571
m0,"cos(g_maskdistill,g_rkd_sh_d)",7scenes,lora_late,probe0,chess,theta_rel,0.05768769234418869
m0,"cos(g_maskdistill,g_rkd_sh_a)",7scenes,lora_late,probe0,chess,theta_rel,0.06255445629358292
m0,"cos(g_maskdistill,g_couple)",7scenes,lora_late,probe0,chess,theta_rel,0.06387963891029358
m0,"cos(g_maskdistill,g_rel_rot)",7scenes,lora_late,probe0,chess,theta_rel,-0.03720765560865402
m0,"cos(g_maskdistill,g_rel_tdir)",7scenes,lora_late,probe0,chess,theta_rel,-0.008989501744508743
m0,"cos(g_rkd_sh_d,g_rkd_sh_a)",7scenes,lora_late,probe0,chess,theta_rel,0.3660163879394531
m0,"cos(g_rkd_sh_d,g_couple)",7scenes,lora_late,probe0,chess,theta_rel,-0.08404453098773956
m0,"cos(g_rkd_sh_d,g_rel_rot)",7scenes,lora_late,probe0,chess,theta_rel,0.18568992614746094
m0,"cos(g_rkd_sh_d,g_rel_tdir)",7scenes,lora_late,probe0,chess,theta_rel,0.11511261761188507
m0,"cos(g_rkd_sh_a,g_couple)",7scenes,lora_late,probe0,chess,theta_rel,0.22749824821949005
m0,"cos(g_rkd_sh_a,g_rel_rot)",7scenes,lora_late,probe0,chess,theta_rel,0.17160655558109283
m0,"cos(g_rkd_sh_a,g_rel_tdir)",7scenes,lora_late,probe0,chess,theta_rel,0.60581374168396
m0,"cos(g_couple,g_rel_rot)",7scenes,lora_late,probe0,chess,theta_rel,-0.3429621756076813
m0,"cos(g_couple,g_rel_tdir)",7scenes,lora_late,probe0,chess,theta_rel,0.18596820533275604
m0,"cos(g_rel_rot,g_rel_tdir)",7scenes,lora_late,probe0,chess,theta_rel,0.27469319105148315
m0,"cos(g_maskdistill,g_rkd_sh_d)",7scenes,cam_token,probe0,chess,theta_rel,-0.030532173812389374
m0,"cos(g_maskdistill,g_rkd_sh_a)",7scenes,cam_token,probe0,chess,theta_rel,0.07191962748765945
m0,"cos(g_maskdistill,g_couple)",7scenes,cam_token,probe0,chess,theta_rel,0.26965275406837463
m0,"cos(g_maskdistill,g_rel_rot)",7scenes,cam_token,probe0,chess,theta_rel,0.03675834462046623
m0,"cos(g_maskdistill,g_rel_tdir)",7scenes,cam_token,probe0,chess,theta_rel,-0.08071073144674301
m0,"cos(g_rkd_sh_d,g_rkd_sh_a)",7scenes,cam_token,probe0,chess,theta_rel,0.4746856689453125
m0,"cos(g_rkd_sh_d,g_couple)",7scenes,cam_token,probe0,chess,theta_rel,0.1008889377117157
m0,"cos(g_rkd_sh_d,g_rel_rot)",7scenes,cam_token,probe0,chess,theta_rel,0.09594014286994934
m0,"cos(g_rkd_sh_d,g_rel_tdir)",7scenes,cam_token,probe0,chess,theta_rel,0.19363179802894592
m0,"cos(g_rkd_sh_a,g_couple)",7scenes,cam_token,probe0,chess,theta_rel,0.23881958425045013
m0,"cos(g_rkd_sh_a,g_rel_rot)",7scenes,cam_token,probe0,chess,theta_rel,-0.013633441179990768
m0,"cos(g_rkd_sh_a,g_rel_tdir)",7scenes,cam_token,probe0,chess,theta_rel,0.48675864934921265
m0,"cos(g_couple,g_rel_rot)",7scenes,cam_token,probe0,chess,theta_rel,-0.38767531514167786
m0,"cos(g_couple,g_rel_tdir)",7scenes,cam_token,probe0,chess,theta_rel,0.02689279243350029
m0,"cos(g_rel_rot,g_rel_tdir)",7scenes,cam_token,probe0,chess,theta_rel,0.07582790404558182
m0,"cos(g_maskdistill,g_rkd_sh_d)",7scenes,ALL,probe0,chess,theta_rel,0.00881648063659668
m0,"cos(g_maskdistill,g_rkd_sh_a)",7scenes,ALL,probe0,chess,theta_rel,0.02717948704957962
m0,"cos(g_maskdistill,g_couple)",7scenes,ALL,probe0,chess,theta_rel,0.008748404681682587
m0,"cos(g_maskdistill,g_rel_rot)",7scenes,ALL,probe0,chess,theta_rel,-0.04637671262025833
m0,"cos(g_maskdistill,g_rel_tdir)",7scenes,ALL,probe0,chess,theta_rel,-0.012274563312530518
m0,"cos(g_rkd_sh_d,g_rkd_sh_a)",7scenes,ALL,probe0,chess,theta_rel,0.2880668342113495
m0,"cos(g_rkd_sh_d,g_couple)",7scenes,ALL,probe0,chess,theta_rel,-0.0030400874093174934
m0,"cos(g_rkd_sh_d,g_rel_rot)",7scenes,ALL,probe0,chess,theta_rel,0.13410601019859314
m0,"cos(g_rkd_sh_d,g_rel_tdir)",7scenes,ALL,probe0,chess,theta_rel,0.09247380495071411
m0,"cos(g_rkd_sh_a,g_couple)",7scenes,ALL,probe0,chess,theta_rel,0.11637580394744873
m0,"cos(g_rkd_sh_a,g_rel_rot)",7scenes,ALL,probe0,chess,theta_rel,0.1916690170764923
m0,"cos(g_rkd_sh_a,g_rel_tdir)",7scenes,ALL,probe0,chess,theta_rel,0.5812194347381592
m0,"cos(g_couple,g_rel_rot)",7scenes,ALL,probe0,chess,theta_rel,-0.34615835547447205
m0,"cos(g_couple,g_rel_tdir)",7scenes,ALL,probe0,chess,theta_rel,0.05024419724941254
m0,"cos(g_rel_rot,g_rel_tdir)",7scenes,ALL,probe0,chess,theta_rel,0.37854599952697754
m0,"cos(g_rel_rot,g_base)",7scenes,lora_early,probe0,chess,theta_rel,-0.08569292724132538
m0,"cos(g_rel_tdir,g_base)",7scenes,lora_early,probe0,chess,theta_rel,-0.02807028591632843
m0,"cos(g_rel_rot,g_base)",7scenes,lora_late,probe0,chess,theta_rel,-0.09828450530767441
m0,"cos(g_rel_tdir,g_base)",7scenes,lora_late,probe0,chess,theta_rel,0.07644567638635635
m0,"cos(g_rel_rot,g_base)",7scenes,cam_token,probe0,chess,theta_rel,0.005804183892905712
m0,"cos(g_rel_tdir,g_base)",7scenes,cam_token,probe0,chess,theta_rel,-0.07017946988344193
m0,"cos(g_rel_rot,g_base)",7scenes,ALL,probe0,chess,theta_rel,-0.07451452314853668
m0,"cos(g_rel_tdir,g_base)",7scenes,ALL,probe0,chess,theta_rel,0.004867660813033581
m0,loss[maskdistill],7scenes,-,probe0,chess,theta_rel,0.12228197604417801
m0,loss[rkd_sh_d],7scenes,-,probe0,chess,theta_rel,8.404500476899557e-06
m0,loss[rkd_sh_a],7scenes,-,probe0,chess,theta_rel,5.7606430345913395e-06
m0,loss[couple],7scenes,-,probe0,chess,theta_rel,5.7540197303751484e-05
m0,loss[rel_rot],7scenes,-,probe0,chess,theta_rel,7.948518032208085e-05
m0,loss[rel_tdir],7scenes,-,probe0,chess,theta_rel,2.2759040803066455e-05
clean,"cos(g_maskdistill,g_rkd_sh_d)",7scenes,lora_early,probe1,chess,theta_rel,0.07321830093860626
clean,"cos(g_maskdistill,g_rkd_sh_a)",7scenes,lora_early,probe1,chess,theta_rel,0.07119089365005493
clean,"cos(g_maskdistill,g_couple)",7scenes,lora_early,probe1,chess,theta_rel,-0.07603617012500763
clean,"cos(g_maskdistill,g_rel_rot)",7scenes,lora_early,probe1,chess,theta_rel,0.08355382084846497
clean,"cos(g_maskdistill,g_rel_tdir)",7scenes,lora_early,probe1,chess,theta_rel,-0.04801488667726517
clean,"cos(g_rkd_sh_d,g_rkd_sh_a)",7scenes,lora_early,probe1,chess,theta_rel,0.9544599652290344
clean,"cos(g_rkd_sh_d,g_couple)",7scenes,lora_early,probe1,chess,theta_rel,-0.6109814643859863
clean,"cos(g_rkd_sh_d,g_rel_rot)",7scenes,lora_early,probe1,chess,theta_rel,0.7441321611404419
clean,"cos(g_rkd_sh_d,g_rel_tdir)",7scenes,lora_early,probe1,chess,theta_rel,-0.2754634916782379
clean,"cos(g_rkd_sh_a,g_couple)",7scenes,lora_early,probe1,chess,theta_rel,-0.643429696559906
clean,"cos(g_rkd_sh_a,g_rel_rot)",7scenes,lora_early,probe1,chess,theta_rel,0.797812819480896
clean,"cos(g_rkd_sh_a,g_rel_tdir)",7scenes,lora_early,probe1,chess,theta_rel,-0.274658203125
clean,"cos(g_couple,g_rel_rot)",7scenes,lora_early,probe1,chess,theta_rel,-0.734904944896698
clean,"cos(g_couple,g_rel_tdir)",7scenes,lora_early,probe1,chess,theta_rel,0.156112939119339
clean,"cos(g_rel_rot,g_rel_tdir)",7scenes,lora_early,probe1,chess,theta_rel,-0.06132351607084274
clean,"cos(g_maskdistill,g_rkd_sh_d)",7scenes,lora_late,probe1,chess,theta_rel,0.026245323941111565
clean,"cos(g_maskdistill,g_rkd_sh_a)",7scenes,lora_late,probe1,chess,theta_rel,0.02865753136575222
clean,"cos(g_maskdistill,g_couple)",7scenes,lora_late,probe1,chess,theta_rel,0.08466623723506927
clean,"cos(g_maskdistill,g_rel_rot)",7scenes,lora_late,probe1,chess,theta_rel,0.0353589728474617
clean,"cos(g_maskdistill,g_rel_tdir)",7scenes,lora_late,probe1,chess,theta_rel,0.0026603764854371548
clean,"cos(g_rkd_sh_d,g_rkd_sh_a)",7scenes,lora_late,probe1,chess,theta_rel,0.8705486059188843
clean,"cos(g_rkd_sh_d,g_couple)",7scenes,lora_late,probe1,chess,theta_rel,0.016387812793254852
clean,"cos(g_rkd_sh_d,g_rel_rot)",7scenes,lora_late,probe1,chess,theta_rel,0.2783304452896118
clean,"cos(g_rkd_sh_d,g_rel_tdir)",7scenes,lora_late,probe1,chess,theta_rel,-0.0222120713442564
clean,"cos(g_rkd_sh_a,g_couple)",7scenes,lora_late,probe1,chess,theta_rel,-0.11686322093009949
clean,"cos(g_rkd_sh_a,g_rel_rot)",7scenes,lora_late,probe1,chess,theta_rel,0.33626484870910645
clean,"cos(g_rkd_sh_a,g_rel_tdir)",7scenes,lora_late,probe1,chess,theta_rel,0.11219078302383423
clean,"cos(g_couple,g_rel_rot)",7scenes,lora_late,probe1,chess,theta_rel,-0.34266942739486694
clean,"cos(g_couple,g_rel_tdir)",7scenes,lora_late,probe1,chess,theta_rel,0.004745893180370331
clean,"cos(g_rel_rot,g_rel_tdir)",7scenes,lora_late,probe1,chess,theta_rel,0.231950044631958
clean,"cos(g_maskdistill,g_rkd_sh_d)",7scenes,cam_token,probe1,chess,theta_rel,-0.05353207886219025
clean,"cos(g_maskdistill,g_rkd_sh_a)",7scenes,cam_token,probe1,chess,theta_rel,-0.03906811773777008
clean,"cos(g_maskdistill,g_couple)",7scenes,cam_token,probe1,chess,theta_rel,-0.019236117601394653
clean,"cos(g_maskdistill,g_rel_rot)",7scenes,cam_token,probe1,chess,theta_rel,0.030060898512601852
clean,"cos(g_maskdistill,g_rel_tdir)",7scenes,cam_token,probe1,chess,theta_rel,-0.25454574823379517
clean,"cos(g_rkd_sh_d,g_rkd_sh_a)",7scenes,cam_token,probe1,chess,theta_rel,0.9379353523254395
clean,"cos(g_rkd_sh_d,g_couple)",7scenes,cam_token,probe1,chess,theta_rel,-0.4993542730808258
clean,"cos(g_rkd_sh_d,g_rel_rot)",7scenes,cam_token,probe1,chess,theta_rel,0.5886936187744141
clean,"cos(g_rkd_sh_d,g_rel_tdir)",7scenes,cam_token,probe1,chess,theta_rel,-0.0259295254945755
clean,"cos(g_rkd_sh_a,g_couple)",7scenes,cam_token,probe1,chess,theta_rel,-0.5269719958305359
clean,"cos(g_rkd_sh_a,g_rel_rot)",7scenes,cam_token,probe1,chess,theta_rel,0.6324734687805176
clean,"cos(g_rkd_sh_a,g_rel_tdir)",7scenes,cam_token,probe1,chess,theta_rel,0.029553217813372612
clean,"cos(g_couple,g_rel_rot)",7scenes,cam_token,probe1,chess,theta_rel,-0.5045733451843262
clean,"cos(g_couple,g_rel_tdir)",7scenes,cam_token,probe1,chess,theta_rel,0.1214175894856453
clean,"cos(g_rel_rot,g_rel_tdir)",7scenes,cam_token,probe1,chess,theta_rel,0.0789487436413765
clean,"cos(g_maskdistill,g_rkd_sh_d)",7scenes,ALL,probe1,chess,theta_rel,0.03757967799901962
clean,"cos(g_maskdistill,g_rkd_sh_a)",7scenes,ALL,probe1,chess,theta_rel,0.03319402411580086
clean,"cos(g_maskdistill,g_couple)",7scenes,ALL,probe1,chess,theta_rel,-0.010446986183524132
clean,"cos(g_maskdistill,g_rel_rot)",7scenes,ALL,probe1,chess,theta_rel,0.04232906550168991
clean,"cos(g_maskdistill,g_rel_tdir)",7scenes,ALL,probe1,chess,theta_rel,-0.022168166935443878
clean,"cos(g_rkd_sh_d,g_rkd_sh_a)",7scenes,ALL,probe1,chess,theta_rel,0.8848059177398682
clean,"cos(g_rkd_sh_d,g_couple)",7scenes,ALL,probe1,chess,theta_rel,-0.0943252220749855
clean,"cos(g_rkd_sh_d,g_rel_rot)",7scenes,ALL,probe1,chess,theta_rel,0.3743422031402588
clean,"cos(g_rkd_sh_d,g_rel_tdir)",7scenes,ALL,probe1,chess,theta_rel,-0.07678018510341644
clean,"cos(g_rkd_sh_a,g_couple)",7scenes,ALL,probe1,chess,theta_rel,-0.198089599609375
clean,"cos(g_rkd_sh_a,g_rel_rot)",7scenes,ALL,probe1,chess,theta_rel,0.4192800223827362
clean,"cos(g_rkd_sh_a,g_rel_tdir)",7scenes,ALL,probe1,chess,theta_rel,0.03892499953508377
clean,"cos(g_couple,g_rel_rot)",7scenes,ALL,probe1,chess,theta_rel,-0.4049900770187378
clean,"cos(g_couple,g_rel_tdir)",7scenes,ALL,probe1,chess,theta_rel,0.030893299728631973
clean,"cos(g_rel_rot,g_rel_tdir)",7scenes,ALL,probe1,chess,theta_rel,0.1716535985469818
clean,"cos(g_rel_rot,g_base)",7scenes,lora_early,probe1,chess,theta_rel,0.05905982851982117
clean,"cos(g_rel_tdir,g_base)",7scenes,lora_early,probe1,chess,theta_rel,-0.046677157282829285
clean,"cos(g_rel_rot,g_base)",7scenes,lora_late,probe1,chess,theta_rel,-0.0993611067533493
clean,"cos(g_rel_tdir,g_base)",7scenes,lora_late,probe1,chess,theta_rel,0.023602761328220367
clean,"cos(g_rel_rot,g_base)",7scenes,cam_token,probe1,chess,theta_rel,-0.05347892642021179
clean,"cos(g_rel_tdir,g_base)",7scenes,cam_token,probe1,chess,theta_rel,-0.213140070438385
clean,"cos(g_rel_rot,g_base)",7scenes,ALL,probe1,chess,theta_rel,-0.0014411197043955326
clean,"cos(g_rel_tdir,g_base)",7scenes,ALL,probe1,chess,theta_rel,-0.015488344244658947
clean,loss[maskdistill],7scenes,-,probe1,chess,theta_rel,0.007764935027807951
clean,loss[rkd_sh_d],7scenes,-,probe1,chess,theta_rel,4.134420123591553e-06
clean,loss[rkd_sh_a],7scenes,-,probe1,chess,theta_rel,1.1614878530963324e-05
clean,loss[couple],7scenes,-,probe1,chess,theta_rel,0.00010566764103714377
clean,loss[rel_rot],7scenes,-,probe1,chess,theta_rel,7.916094182292e-05
clean,loss[rel_tdir],7scenes,-,probe1,chess,theta_rel,4.985928535461426e-05
m0,"cos(g_maskdistill,g_rkd_sh_d)",7scenes,lora_early,probe1,chess,theta_rel,-0.1635134518146515
m0,"cos(g_maskdistill,g_rkd_sh_a)",7scenes,lora_early,probe1,chess,theta_rel,0.09804557263851166
m0,"cos(g_maskdistill,g_couple)",7scenes,lora_early,probe1,chess,theta_rel,0.07621549814939499
m0,"cos(g_maskdistill,g_rel_rot)",7scenes,lora_early,probe1,chess,theta_rel,-0.09557875990867615
m0,"cos(g_maskdistill,g_rel_tdir)",7scenes,lora_early,probe1,chess,theta_rel,-0.03384946286678314
m0,"cos(g_rkd_sh_d,g_rkd_sh_a)",7scenes,lora_early,probe1,chess,theta_rel,0.7117946743965149
m0,"cos(g_rkd_sh_d,g_couple)",7scenes,lora_early,probe1,chess,theta_rel,-0.09988585114479065
m0,"cos(g_rkd_sh_d,g_rel_rot)",7scenes,lora_early,probe1,chess,theta_rel,0.722789466381073
m0,"cos(g_rkd_sh_d,g_rel_tdir)",7scenes,lora_early,probe1,chess,theta_rel,-0.17642441391944885
m0,"cos(g_rkd_sh_a,g_couple)",7scenes,lora_early,probe1,chess,theta_rel,-0.29231011867523193
m0,"cos(g_rkd_sh_a,g_rel_rot)",7scenes,lora_early,probe1,chess,theta_rel,0.2998892068862915
m0,"cos(g_rkd_sh_a,g_rel_tdir)",7scenes,lora_early,probe1,chess,theta_rel,-0.21271133422851562
m0,"cos(g_couple,g_rel_rot)",7scenes,lora_early,probe1,chess,theta_rel,0.3660616874694824
m0,"cos(g_couple,g_rel_tdir)",7scenes,lora_early,probe1,chess,theta_rel,0.18037453293800354
m0,"cos(g_rel_rot,g_rel_tdir)",7scenes,lora_early,probe1,chess,theta_rel,0.09886127710342407
m0,"cos(g_maskdistill,g_rkd_sh_d)",7scenes,lora_late,probe1,chess,theta_rel,-0.05391152203083038
m0,"cos(g_maskdistill,g_rkd_sh_a)",7scenes,lora_late,probe1,chess,theta_rel,-0.03212035447359085
m0,"cos(g_maskdistill,g_couple)",7scenes,lora_late,probe1,chess,theta_rel,0.06087901070713997
m0,"cos(g_maskdistill,g_rel_rot)",7scenes,lora_late,probe1,chess,theta_rel,-0.020774822682142258
m0,"cos(g_maskdistill,g_rel_tdir)",7scenes,lora_late,probe1,chess,theta_rel,-0.010223967023193836
m0,"cos(g_rkd_sh_d,g_rkd_sh_a)",7scenes,lora_late,probe1,chess,theta_rel,0.6520138382911682
m0,"cos(g_rkd_sh_d,g_couple)",7scenes,lora_late,probe1,chess,theta_rel,0.0008371137082576752
m0,"cos(g_rkd_sh_d,g_rel_rot)",7scenes,lora_late,probe1,chess,theta_rel,0.2579161524772644
m0,"cos(g_rkd_sh_d,g_rel_tdir)",7scenes,lora_late,probe1,chess,theta_rel,-0.10979937016963959
m0,"cos(g_rkd_sh_a,g_couple)",7scenes,lora_late,probe1,chess,theta_rel,-0.054292045533657074
m0,"cos(g_rkd_sh_a,g_rel_rot)",7scenes,lora_late,probe1,chess,theta_rel,0.12526986002922058
m0,"cos(g_rkd_sh_a,g_rel_tdir)",7scenes,lora_late,probe1,chess,theta_rel,-0.01361614465713501
m0,"cos(g_couple,g_rel_rot)",7scenes,lora_late,probe1,chess,theta_rel,0.3403893709182739
m0,"cos(g_couple,g_rel_tdir)",7scenes,lora_late,probe1,chess,theta_rel,0.08940309286117554
m0,"cos(g_rel_rot,g_rel_tdir)",7scenes,lora_late,probe1,chess,theta_rel,0.05495484918355942
m0,"cos(g_maskdistill,g_rkd_sh_d)",7scenes,cam_token,probe1,chess,theta_rel,0.2327403873205185
m0,"cos(g_maskdistill,g_rkd_sh_a)",7scenes,cam_token,probe1,chess,theta_rel,0.30192792415618896
m0,"cos(g_maskdistill,g_couple)",7scenes,cam_token,probe1,chess,theta_rel,-0.030337871983647346
m0,"cos(g_maskdistill,g_rel_rot)",7scenes,cam_token,probe1,chess,theta_rel,0.15828202664852142
m0,"cos(g_maskdistill,g_rel_tdir)",7scenes,cam_token,probe1,chess,theta_rel,-0.03871895372867584
m0,"cos(g_rkd_sh_d,g_rkd_sh_a)",7scenes,cam_token,probe1,chess,theta_rel,0.7716647982597351
m0,"cos(g_rkd_sh_d,g_couple)",7scenes,cam_token,probe1,chess,theta_rel,-0.36564868688583374
m0,"cos(g_rkd_sh_d,g_rel_rot)",7scenes,cam_token,probe1,chess,theta_rel,0.20356665551662445
m0,"cos(g_rkd_sh_d,g_rel_tdir)",7scenes,cam_token,probe1,chess,theta_rel,-0.12058587372303009
m0,"cos(g_rkd_sh_a,g_couple)",7scenes,cam_token,probe1,chess,theta_rel,-0.4056764245033264
m0,"cos(g_rkd_sh_a,g_rel_rot)",7scenes,cam_token,probe1,chess,theta_rel,0.10783513635396957
m0,"cos(g_rkd_sh_a,g_rel_tdir)",7scenes,cam_token,probe1,chess,theta_rel,-0.12974756956100464
m0,"cos(g_couple,g_rel_rot)",7scenes,cam_token,probe1,chess,theta_rel,0.2674875557422638
m0,"cos(g_couple,g_rel_tdir)",7scenes,cam_token,probe1,chess,theta_rel,0.19628575444221497
m0,"cos(g_rel_rot,g_rel_tdir)",7scenes,cam_token,probe1,chess,theta_rel,0.18899384140968323
m0,"cos(g_maskdistill,g_rkd_sh_d)",7scenes,ALL,probe1,chess,theta_rel,-0.12569501996040344
m0,"cos(g_maskdistill,g_rkd_sh_a)",7scenes,ALL,probe1,chess,theta_rel,0.05602887272834778
m0,"cos(g_maskdistill,g_couple)",7scenes,ALL,probe1,chess,theta_rel,0.06235528364777565
m0,"cos(g_maskdistill,g_rel_rot)",7scenes,ALL,probe1,chess,theta_rel,-0.07884326577186584
m0,"cos(g_maskdistill,g_rel_tdir)",7scenes,ALL,probe1,chess,theta_rel,-0.025558101013302803
m0,"cos(g_rkd_sh_d,g_rkd_sh_a)",7scenes,ALL,probe1,chess,theta_rel,0.6778574585914612
m0,"cos(g_rkd_sh_d,g_couple)",7scenes,ALL,probe1,chess,theta_rel,-0.05195831134915352
m0,"cos(g_rkd_sh_d,g_rel_rot)",7scenes,ALL,probe1,chess,theta_rel,0.5436460971832275
m0,"cos(g_rkd_sh_d,g_rel_tdir)",7scenes,ALL,probe1,chess,theta_rel,-0.1456795185804367
m0,"cos(g_rkd_sh_a,g_couple)",7scenes,ALL,probe1,chess,theta_rel,-0.16338294744491577
m0,"cos(g_rkd_sh_a,g_rel_rot)",7scenes,ALL,probe1,chess,theta_rel,0.21771392226219177
m0,"cos(g_rkd_sh_a,g_rel_tdir)",7scenes,ALL,probe1,chess,theta_rel,-0.10966086387634277
m0,"cos(g_couple,g_rel_rot)",7scenes,ALL,probe1,chess,theta_rel,0.34462738037109375
m0,"cos(g_couple,g_rel_tdir)",7scenes,ALL,probe1,chess,theta_rel,0.13423287868499756
m0,"cos(g_rel_rot,g_rel_tdir)",7scenes,ALL,probe1,chess,theta_rel,0.08093372732400894
m0,"cos(g_rel_rot,g_base)",7scenes,lora_early,probe1,chess,theta_rel,-0.05007734149694443
m0,"cos(g_rel_tdir,g_base)",7scenes,lora_early,probe1,chess,theta_rel,-0.04423218593001366
m0,"cos(g_rel_rot,g_base)",7scenes,lora_late,probe1,chess,theta_rel,0.0440763421356678
m0,"cos(g_rel_tdir,g_base)",7scenes,lora_late,probe1,chess,theta_rel,-0.018226485699415207
m0,"cos(g_rel_rot,g_base)",7scenes,cam_token,probe1,chess,theta_rel,0.1787562072277069
m0,"cos(g_rel_tdir,g_base)",7scenes,cam_token,probe1,chess,theta_rel,-0.042793579399585724
m0,"cos(g_rel_rot,g_base)",7scenes,ALL,probe1,chess,theta_rel,-0.03177790716290474
m0,"cos(g_rel_tdir,g_base)",7scenes,ALL,probe1,chess,theta_rel,-0.03438999131321907
m0,loss[maskdistill],7scenes,-,probe1,chess,theta_rel,0.12148859351873398
m0,loss[rkd_sh_d],7scenes,-,probe1,chess,theta_rel,3.356941306265071e-05
m0,loss[rkd_sh_a],7scenes,-,probe1,chess,theta_rel,3.086074138991535e-05
m0,loss[couple],7scenes,-,probe1,chess,theta_rel,6.194975412654458e-06
m0,loss[rel_rot],7scenes,-,probe1,chess,theta_rel,0.00046958669554442167
m0,loss[rel_tdir],7scenes,-,probe1,chess,theta_rel,5.6097906053764746e-05
