cond,cosine,dataset,group,probe,scene,state,value
clean,"cos(g_maskdistill,g_rkd_sh_d)",scannetpp,lora_early,probe0,09c1414f1b,theta0,0.1403757631778717
clean,"cos(g_maskdistill,g_rkd_sh_a)",scannetpp,lora_early,probe0,09c1414f1b,theta0,0.2850200831890106
clean,"cos(g_maskdistill,g_couple)",scannetpp,lora_early,probe0,09c1414f1b,theta0,0.463861346244812
clean,"cos(g_maskdistill,g_rel_rot)",scannetpp,lora_early,probe0,09c1414f1b,theta0,0.28818458318710327
clean,"cos(g_maskdistill,g_rel_tdir)",scannetpp,lora_early,probe0,09c1414f1b,theta0,0.3217046558856964
clean,"cos(g_rkd_sh_d,g_rkd_sh_a)",scannetpp,lora_early,probe0,09c1414f1b,theta0,0.9669299125671387
clean,"cos(g_rkd_sh_d,g_couple)",scannetpp,lora_early,probe0,09c1414f1b,theta0,0.8908240795135498
clean,"cos(g_rkd_sh_d,g_rel_rot)",scannetpp,lora_early,probe0,09c1414f1b,theta0,0.03347194939851761
clean,"cos(g_rkd_sh_d,g_rel_tdir)",scannetpp,lora_early,probe0,09c1414f1b,theta0,0.9463291168212891
clean,"cos(g_rkd_sh_a,g_couple)",scannetpp,lora_early,probe0,09c1414f1b,theta0,0.9099095463752747
clean,"cos(g_rkd_sh_a,g_rel_rot)",scannetpp,lora_early,probe0,09c1414f1b,theta0,0.06148584932088852
clean,"cos(g_rkd_sh_a,g_rel_tdir)",scannetpp,lora_early,probe0,09c1414f1b,theta0,0.9973526000976562
clean,"cos(g_couple,g_rel_rot)",scannetpp,lora_early,probe0,09c1414f1b,theta0,0.11767128109931946
clean,"cos(g_couple,g_rel_tdir)",scannetpp,lora_early,probe0,09c1414f1b,theta0,0.904893159866333
clean,"cos(g_rel_rot,g_rel_tdir)",scannetpp,lora_early,probe0,09c1414f1b,theta0,0.07409730553627014
clean,"cos(g_maskdistill,g_rkd_sh_d)",scannetpp,lora_late,probe0,09c1414f1b,theta0,0.29773953557014465
clean,"cos(g_maskdistill,g_rkd_sh_a)",scannetpp,lora_late,probe0,09c1414f1b,theta0,0.45151740312576294
clean,"cos(g_maskdistill,g_couple)",scannetpp,lora_late,probe0,09c1414f1b,theta0,0.6132903695106506
clean,"cos(g_maskdistill,g_rel_rot)",scannetpp,lora_late,probe0,09c1414f1b,theta0,0.3946804404258728
clean,"cos(g_maskdistill,g_rel_tdir)",scannetpp,lora_late,probe0,09c1414f1b,theta0,0.48425960540771484
clean,"cos(g_rkd_sh_d,g_rkd_sh_a)",scannetpp,lora_late,probe0,09c1414f1b,theta0,0.9571171998977661
clean,"cos(g_rkd_sh_d,g_couple)",scannetpp,lora_late,probe0,09c1414f1b,theta0,0.8647040128707886
clean,"cos(g_rkd_sh_d,g_rel_rot)",scannetpp,lora_late,probe0,09c1414f1b,theta0,0.14541777968406677
clean,"cos(g_rkd_sh_d,g_rel_tdir)",scannetpp,lora_late,probe0,09c1414f1b,theta0,0.9324713349342346
clean,"cos(g_rkd_sh_a,g_couple)",scannetpp,lora_late,probe0,09c1414f1b,theta0,0.9166666865348816
clean,"cos(g_rkd_sh_a,g_rel_rot)",scannetpp,lora_late,probe0,09c1414f1b,theta0,0.18977594375610352
clean,"cos(g_rkd_sh_a,g_rel_tdir)",scannetpp,lora_late,probe0,09c1414f1b,theta0,0.996983528137207
clean,"cos(g_couple,g_rel_rot)",scannetpp,lora_late,probe0,09c1414f1b,theta0,0.23521170020103455
clean,"cos(g_couple,g_rel_tdir)",scannetpp,lora_late,probe0,09c1414f1b,theta0,0.9169363379478455
clean,"cos(g_rel_rot,g_rel_tdir)",scannetpp,lora_late,probe0,09c1414f1b,theta0,0.20437850058078766
clean,"cos(g_maskdistill,g_rkd_sh_d)",scannetpp,cam_token,probe0,09c1414f1b,theta0,0.015717744827270508
clean,"cos(g_maskdistill,g_rkd_sh_a)",scannetpp,cam_token,probe0,09c1414f1b,theta0,0.15289391577243805
clean,"cos(g_maskdistill,g_couple)",scannetpp,cam_token,probe0,09c1414f1b,theta0,0.29738670587539673
clean,"cos(g_maskdistill,g_rel_rot)",scannetpp,cam_token,probe0,09c1414f1b,theta0,0.20684011280536652
clean,"cos(g_maskdistill,g_rel_tdir)",scannetpp,cam_token,probe0,09c1414f1b,theta0,0.19372409582138062
clean,"cos(g_rkd_sh_d,g_rkd_sh_a)",scannetpp,cam_token,probe0,09c1414f1b,theta0,0.982384204864502
clean,"cos(g_rkd_sh_d,g_couple)",scannetpp,cam_token,probe0,09c1414f1b,theta0,0.9428388476371765
clean,"cos(g_rkd_sh_d,g_rel_rot)",scannetpp,cam_token,probe0,09c1414f1b,theta0,-0.6503166556358337
clean,"cos(g_rkd_sh_d,g_rel_tdir)",scannetpp,cam_token,probe0,09c1414f1b,theta0,0.9704244136810303
clean,"cos(g_rkd_sh_a,g_couple)",scannetpp,cam_token,probe0,09c1414f1b,theta0,0.9686982035636902
clean,"cos(g_rkd_sh_a,g_rel_rot)",scannetpp,cam_token,probe0,09c1414f1b,theta0,-0.6339475512504578
clean,"cos(g_rkd_sh_a,g_rel_tdir)",scannetpp,cam_token,probe0,09c1414f1b,theta0,0.9983612298965454
clean,"cos(g_couple,g_rel_rot)",scannetpp,cam_token,probe0,09c1414f1b,theta0,-0.576331377029419
clean,"cos(g_couple,g_rel_tdir)",scannetpp,cam_token,probe0,09c1414f1b,theta0,0.9698429703712463
clean,"cos(g_rel_rot,g_rel_tdir)",scannetpp,cam_token,probe0,09c1414f1b,theta0,-0.6179392337799072
clean,"cos(g_maskdistill,g_rkd_sh_d)",scannetpp,ALL,probe0,09c1414f1b,theta0,0.16918353736400604
clean,"cos(g_maskdistill,g_rkd_sh_a)",scannetpp,ALL,probe0,09c1414f1b,theta0,0.3167162537574768
clean,"cos(g_maskdistill,g_couple)",scannetpp,ALL,probe0,09c1414f1b,theta0,0.4932345747947693
clean,"cos(g_maskdistill,g_rel_rot)",scannetpp,ALL,probe0,09c1414f1b,theta0,0.3111957907676697
clean,"cos(g_maskdistill,g_rel_tdir)",scannetpp,ALL,probe0,09c1414f1b,theta0,0.3531661927700043
clean,"cos(g_rkd_sh_d,g_rkd_sh_a)",scannetpp,ALL,probe0,09c1414f1b,theta0,0.9652432203292847
clean,"cos(g_rkd_sh_d,g_couple)",scannetpp,ALL,probe0,09c1414f1b,theta0,0.8860706090927124
clean,"cos(g_rkd_sh_d,g_rel_rot)",scannetpp,ALL,probe0,09c1414f1b,theta0,0.04850250482559204
clean,"cos(g_rkd_sh_d,g_rel_tdir)",scannetpp,ALL,probe0,09c1414f1b,theta0,0.9438636302947998
clean,"cos(g_rkd_sh_a,g_couple)",scannetpp,ALL,probe0,09c1414f1b,theta0,0.9113723635673523
clean,"cos(g_rkd_sh_a,g_rel_rot)",scannetpp,ALL,probe0,09c1414f1b,theta0,0.08044711500406265
clean,"cos(g_rkd_sh_a,g_rel_tdir)",scannetpp,ALL,probe0,09c1414f1b,theta0,0.9972725510597229
clean,"cos(g_couple,g_rel_rot)",scannetpp,ALL,probe0,09c1414f1b,theta0,0.13559016585350037
clean,"cos(g_couple,g_rel_tdir)",scannetpp,ALL,probe0,09c1414f1b,theta0,0.9074636697769165
clean,"cos(g_rel_rot,g_rel_tdir)",scannetpp,ALL,probe0,09c1414f1b,theta0,0.09391684830188751
clean,"cos(g_rel_rot,g_base)",scannetpp,lora_early,probe0,09c1414f1b,theta0,0.09848923981189728
clean,"cos(g_rel_tdir,g_base)",scannetpp,lora_early,probe0,09c1414f1b,theta0,0.9868215918540955
clean,"cos(g_rel_rot,g_base)",scannetpp,lora_late,probe0,09c1414f1b,theta0,0.23538321256637573
clean,"cos(g_rel_tdir,g_base)",scannetpp,lora_late,probe0,09c1414f1b,theta0,0.9857813119888306
clean,"cos(g_rel_rot,g_base)",scannetpp,cam_token,probe0,09c1414f1b,theta0,-0.5995140671730042
clean,"cos(g_rel_tdir,g_base)",scannetpp,cam_token,probe0,09c1414f1b,theta0,0.9951593279838562
clean,"cos(g_rel_rot,g_base)",scannetpp,ALL,probe0,09c1414f1b,theta0,0.1198357343673706
clean,"cos(g_rel_tdir,g_base)",scannetpp,ALL,probe0,09c1414f1b,theta0,0.9866830110549927
clean,loss[maskdistill],scannetpp,-,probe0,09c1414f1b,theta0,0.15596912801265717
clean,loss[rkd_sh_d],scannetpp,-,probe0,09c1414f1b,theta0,0.019067782908678055
clean,loss[rkd_sh_a],scannetpp,-,probe0,09c1414f1b,theta0,0.040770258754491806
clean,loss[couple],scannetpp,-,probe0,09c1414f1b,theta0,0.00520976772531867
clean,loss[rel_rot],scannetpp,-,probe0,09c1414f1b,theta0,0.14939725399017334
clean,loss[rel_tdir],scannetpp,-,probe0,09c1414f1b,theta0,0.08324144780635834
m0,"cos(g_maskdistill,g_rkd_sh_d)",scannetpp,lora_early,probe0,09c1414f1b,theta0,0.6060452461242676
m0,"cos(g_maskdistill,g_rkd_sh_a)",scannetpp,lora_early,probe0,09c1414f1b,theta0,0.7266610860824585
m0,"cos(g_maskdistill,g_couple)",scannetpp,lora_early,probe0,09c1414f1b,theta0,0.6203893423080444
m0,"cos(g_maskdistill,g_rel_rot)",scannetpp,lora_early,probe0,09c1414f1b,theta0,0.354383647441864
m0,"cos(g_maskdistill,g_rel_tdir)",scannetpp,lora_early,probe0,09c1414f1b,theta0,0.7133462429046631
m0,"cos(g_rkd_sh_d,g_rkd_sh_a)",scannetpp,lora_early,probe0,09c1414f1b,theta0,0.9474955201148987
m0,"cos(g_rkd_sh_d,g_couple)",scannetpp,lora_early,probe0,09c1414f1b,theta0,0.5155935287475586
m0,"cos(g_rkd_sh_d,g_rel_rot)",scannetpp,lora_early,probe0,09c1414f1b,theta0,-0.20146378874778748
m0,"cos(g_rkd_sh_d,g_rel_tdir)",scannetpp,lora_early,probe0,09c1414f1b,theta0,0.9573449492454529
m0,"cos(g_rkd_sh_a,g_couple)",scannetpp,lora_early,probe0,09c1414f1b,theta0,0.5996599197387695
m0,"cos(g_rkd_sh_a,g_rel_rot)",scannetpp,lora_early,probe0,09c1414f1b,theta0,-0.1544441133737564
m0,"cos(g_rkd_sh_a,g_rel_tdir)",scannetpp,lora_early,probe0,09c1414f1b,theta0,0.9864384531974792
m0,"cos(g_couple,g_rel_rot)",scannetpp,lora_early,probe0,09c1414f1b,theta0,0.20056374371051788
m0,"cos(g_couple,g_rel_tdir)",scannetpp,lora_early,probe0,09c1414f1b,theta0,0.6216205954551697
m0,"cos(g_rel_rot,g_rel_tdir)",scannetpp,lora_early,probe0,09c1414f1b,theta0,-0.1649855673313141
m0,"cos(g_maskdistill,g_rkd_sh_d)",scannetpp,lora_late,probe0,09c1414f1b,theta0,0.5148155689239502
m0,"cos(g_maskdistill,g_rkd_sh_a)",scannetpp,lora_late,probe0,09c1414f1b,theta0,0.6721983551979065
m0,"cos(g_maskdistill,g_couple)",scannetpp,lora_late,probe0,09c1414f1b,theta0,0.6408912539482117
m0,"cos(g_maskdistill,g_rel_rot)",scannetpp,lora_late,probe0,09c1414f1b,theta0,0.27645957469940186
m0,"cos(g_maskdistill,g_rel_tdir)",scannetpp,lora_late,probe0,09c1414f1b,theta0,0.648772120475769
m0,"cos(g_rkd_sh_d,g_rkd_sh_a)",scannetpp,lora_late,probe0,09c1414f1b,theta0,0.9392919540405273
m0,"cos(g_rkd_sh_d,g_couple)",scannetpp,lora_late,probe0,09c1414f1b,theta0,0.435815691947937
m0,"cos(g_rkd_sh_d,g_rel_rot)",scannetpp,lora_late,probe0,09c1414f1b,theta0,-0.294138103723526
m0,"cos(g_rkd_sh_d,g_rel_tdir)",scannetpp,lora_late,probe0,09c1414f1b,theta0,0.950965404510498
m0,"cos(g_rkd_sh_a,g_couple)",scannetpp,lora_late,probe0,09c1414f1b,theta0,0.5808701515197754
m0,"cos(g_rkd_sh_a,g_rel_rot)",scannetpp,lora_late,probe0,09c1414f1b,theta0,-0.25467222929000854
m0,"cos(g_rkd_sh_a,g_rel_tdir)",scannetpp,lora_late,probe0,09c1414f1b,theta0,0.9869682192802429
m0,"cos(g_couple,g_rel_rot)",scannetpp,lora_late,probe0,09c1414f1b,theta0,0.12830029428005219
m0,"cos(g_couple,g_rel_tdir)",scannetpp,lora_late,probe0,09c1414f1b,theta0,0.5906188488006592
m0,"cos(g_rel_rot,g_rel_tdir)",scannetpp,lora_late,probe0,09c1414f1b,theta0,-0.2755476236343384
m0,"cos(g_maskdistill,g_rkd_sh_d)",scannetpp,cam_token,probe0,09c1414f1b,theta0,0.19699376821517944
m0,"cos(g_maskdistill,g_rkd_sh_a)",scannetpp,cam_token,probe0,09c1414f1b,theta0,0.3581622242927551
m0,"cos(g_maskdistill,g_couple)",scannetpp,cam_token,probe0,09c1414f1b,theta0,0.3820442855358124
m0,"cos(g_maskdistill,g_rel_rot)",scannetpp,cam_token,probe0,09c1414f1b,theta0,0.18418151140213013
m0,"cos(g_maskdistill,g_rel_tdir)",scannetpp,cam_token,probe0,09c1414f1b,theta0,0.3299255967140198
m0,"cos(g_rkd_sh_d,g_rkd_sh_a)",scannetpp,cam_token,probe0,09c1414f1b,theta0,0.9608416557312012
m0,"cos(g_rkd_sh_d,g_couple)",scannetpp,cam_token,probe0,09c1414f1b,theta0,0.6267469525337219
m0,"cos(g_rkd_sh_d,g_rel_rot)",scannetpp,cam_token,probe0,09c1414f1b,theta0,0.2723173499107361
m0,"cos(g_rkd_sh_d,g_rel_tdir)",scannetpp,cam_token,probe0,09c1414f1b,theta0,0.9724178314208984
m0,"cos(g_rkd_sh_a,g_couple)",scannetpp,cam_token,probe0,09c1414f1b,theta0,0.6809804439544678
m0,"cos(g_rkd_sh_a,g_rel_rot)",scannetpp,cam_token,probe0,09c1414f1b,theta0,0.19187690317630768
m0,"cos(g_rkd_sh_a,g_rel_tdir)",scannetpp,cam_token,probe0,09c1414f1b,theta0,0.990451991558075
m0,"cos(g_couple,g_rel_rot)",scannetpp,cam_token,probe0,09c1414f1b,theta0,0.4337612986564636
m0,"cos(g_couple,g_rel_tdir)",scannetpp,cam_token,probe0,09c1414f1b,theta0,0.6805380582809448
m0,"cos(g_rel_rot,g_rel_tdir)",scannetpp,cam_token,probe0,09c1414f1b,theta0,0.2004602700471878
m0,"cos(g_maskdistill,g_rkd_sh_d)",scannetpp,ALL,probe0,09c1414f1b,theta0,0.5932422280311584
m0,"cos(g_maskdistill,g_rkd_sh_a)",scannetpp,ALL,probe0,09c1414f1b,theta0,0.7192883491516113
m0,"cos(g_maskdistill,g_couple)",scannetpp,ALL,probe0,09c1414f1b,theta0,0.6214897036552429
m0,"cos(g_maskdistill,g_rel_rot)",scannetpp,ALL,probe0,09c1414f1b,theta0,0.34520211815834045
m0,"cos(g_maskdistill,g_rel_tdir)",scannetpp,ALL,probe0,09c1414f1b,theta0,0.7046751976013184
m0,"cos(g_rkd_sh_d,g_rkd_sh_a)",scannetpp,ALL,probe0,09c1414f1b,theta0,0.9462937116622925
m0,"cos(g_rkd_sh_d,g_couple)",scannetpp,ALL,probe0,09c1414f1b,theta0,0.505257785320282
m0,"cos(g_rkd_sh_d,g_rel_rot)",scannetpp,ALL,probe0,09c1414f1b,theta0,-0.21050074696540833
m0,"cos(g_rkd_sh_d,g_rel_tdir)",scannetpp,ALL,probe0,09c1414f1b,theta0,0.9564310312271118
m0,"cos(g_rkd_sh_a,g_couple)",scannetpp,ALL,probe0,09c1414f1b,theta0,0.5972872972488403
m0,"cos(g_rkd_sh_a,g_rel_rot)",scannetpp,ALL,probe0,09c1414f1b,theta0,-0.1649700403213501
m0,"cos(g_rkd_sh_a,g_rel_tdir)",scannetpp,ALL,probe0,09c1414f1b,theta0,0.9865132570266724
m0,"cos(g_couple,g_rel_rot)",scannetpp,ALL,probe0,09c1414f1b,theta0,0.1921345442533493
m0,"cos(g_couple,g_rel_tdir)",scannetpp,ALL,probe0,09c1414f1b,theta0,0.6176000833511353
m0,"cos(g_rel_rot,g_rel_tdir)",scannetpp,ALL,probe0,09c1414f1b,theta0,-0.17665182054042816
m0,"cos(g_rel_rot,g_base)",scannetpp,lora_early,probe0,09c1414f1b,theta0,-0.054821379482746124
m0,"cos(g_rel_tdir,g_base)",scannetpp,lora_early,probe0,09c1414f1b,theta0,0.979692816734314
m0,"cos(g_rel_rot,g_base)",scannetpp,lora_late,probe0,09c1414f1b,theta0,-0.15796449780464172
m0,"cos(g_rel_tdir,g_base)",scannetpp,lora_late,probe0,09c1414f1b,theta0,0.9760109186172485
m0,"cos(g_rel_rot,g_base)",scannetpp,cam_token,probe0,09c1414f1b,theta0,0.2707875370979309
m0,"cos(g_rel_tdir,g_base)",scannetpp,cam_token,probe0,09c1414f1b,theta0,0.9824539422988892
m0,"cos(g_rel_rot,g_base)",scannetpp,ALL,probe0,09c1414f1b,theta0,-0.06577911972999573
m0,"cos(g_rel_tdir,g_base)",scannetpp,ALL,probe0,09c1414f1b,theta0,0.979255199432373
m0,loss[maskdistill],scannetpp,-,probe0,09c1414f1b,theta0,0.3653181493282318
m0,loss[rkd_sh_d],scannetpp,-,probe0,09c1414f1b,theta0,0.08578497171401978
m0,loss[rkd_sh_a],scannetpp,-,probe0,09c1414f1b,theta0,0.11401106417179108
m0,loss[couple],scannetpp,-,probe0,09c1414f1b,theta0,0.004474327899515629
m0,loss[rel_rot],scannetpp,-,probe0,09c1414f1b,theta0,1.4174299240112305
m0,loss[rel_tdir],scannetpp,-,probe0,09c1414f1b,theta0,0.9120237231254578
clean,"cos(g_maskdistill,g_rkd_sh_d)",scannetpp,lora_early,probe1,09c1414f1b,theta0,0.3043106198310852
clean,"cos(g_maskdistill,g_rkd_sh_a)",scannetpp,lora_early,probe1,09c1414f1b,theta0,-0.6596400737762451
clean,"cos(g_maskdistill,g_couple)",scannetpp,lora_early,probe1,09c1414f1b,theta0,-0.703498363494873
clean,"cos(g_maskdistill,g_rel_rot)",scannetpp,lora_early,probe1,09c1414f1b,theta0,-0.698515772819519
clean,"cos(g_maskdistill,g_rel_tdir)",scannetpp,lora_early,probe1,09c1414f1b,theta0,-0.5884851813316345
clean,"cos(g_rkd_sh_d,g_rkd_sh_a)",scannetpp,lora_early,probe1,09c1414f1b,theta0,0.058830007910728455
clean,"cos(g_rkd_sh_d,g_couple)",scannetpp,lora_early,probe1,09c1414f1b,theta0,-0.048940882086753845
clean,"cos(g_rkd_sh_d,g_rel_rot)",scannetpp,lora_early,probe1,09c1414f1b,theta0,-0.2709687352180481
clean,"cos(g_rkd_sh_d,g_rel_tdir)",scannetpp,lora_early,probe1,09c1414f1b,theta0,0.1444646418094635
clean,"cos(g_rkd_sh_a,g_couple)",scannetpp,lora_early,probe1,09c1414f1b,theta0,0.926103949546814
clean,"cos(g_rkd_sh_a,g_rel_rot)",scannetpp,lora_early,probe1,09c1414f1b,theta0,0.772915780544281
clean,"cos(g_rkd_sh_a,g_rel_tdir)",scannetpp,lora_early,probe1,09c1414f1b,theta0,0.984453558921814
clean,"cos(g_couple,g_rel_rot)",scannetpp,lora_early,probe1,09c1414f1b,theta0,0.7418453693389893
clean,"cos(g_couple,g_rel_tdir)",scannetpp,lora_early,probe1,09c1414f1b,theta0,0.9010303020477295
clean,"cos(g_rel_rot,g_rel_tdir)",scannetpp,lora_early,probe1,09c1414f1b,theta0,0.672957181930542
clean,"cos(g_maskdistill,g_rkd_sh_d)",scannetpp,lora_late,probe1,09c1414f1b,theta0,0.1524532437324524
clean,"cos(g_maskdistill,g_rkd_sh_a)",scannetpp,lora_late,probe1,09c1414f1b,theta0,-0.4283181428909302
clean,"cos(g_maskdistill,g_couple)",scannetpp,lora_late,probe1,09c1414f1b,theta0,-0.5200724005699158
clean,"cos(g_maskdistill,g_rel_rot)",scannetpp,lora_late,probe1,09c1414f1b,theta0,-0.3909209966659546
clean,"cos(g_maskdistill,g_rel_tdir)",scannetpp,lora_late,probe1,09c1414f1b,theta0,-0.3960689604282379
clean,"cos(g_rkd_sh_d,g_rkd_sh_a)",scannetpp,lora_late,probe1,09c1414f1b,theta0,0.3683696985244751
clean,"cos(g_rkd_sh_d,g_couple)",scannetpp,lora_late,probe1,09c1414f1b,theta0,0.13258954882621765
clean,"cos(g_rkd_sh_d,g_rel_rot)",scannetpp,lora_late,probe1,09c1414f1b,theta0,0.420347660779953
clean,"cos(g_rkd_sh_d,g_rel_tdir)",scannetpp,lora_late,probe1,09c1414f1b,theta0,0.3250802159309387
clean,"cos(g_rkd_sh_a,g_couple)",scannetpp,lora_late,probe1,09c1414f1b,theta0,0.8257072567939758
clean,"cos(g_rkd_sh_a,g_rel_rot)",scannetpp,lora_late,probe1,09c1414f1b,theta0,0.6399680972099304
clean,"cos(g_rkd_sh_a,g_rel_tdir)",scannetpp,lora_late,probe1,09c1414f1b,theta0,0.987845778465271
clean,"cos(g_couple,g_rel_rot)",scannetpp,lora_late,probe1,09c1414f1b,theta0,0.6280621290206909
clean,"cos(g_couple,g_rel_tdir)",scannetpp,lora_late,probe1,09c1414f1b,theta0,0.7748633623123169
clean,"cos(g_rel_rot,g_rel_tdir)",scannetpp,lora_late,probe1,09c1414f1b,theta0,0.5881502628326416
clean,"cos(g_maskdistill,g_rkd_sh_d)",scannetpp,cam_token,probe1,09c1414f1b,theta0,-0.2872748374938965
clean,"cos(g_maskdistill,g_rkd_sh_a)",scannetpp,cam_token,probe1,09c1414f1b,theta0,-0.7179216146469116
clean,"cos(g_maskdistill,g_couple)",scannetpp,cam_token,probe1,09c1414f1b,theta0,-0.5437594652175903
clean,"cos(g_maskdistill,g_rel_rot)",scannetpp,cam_token,probe1,09c1414f1b,theta0,0.04456375539302826
clean,"cos(g_maskdistill,g_rel_tdir)",scannetpp,cam_token,probe1,09c1414f1b,theta0,-0.7142422795295715
clean,"cos(g_rkd_sh_d,g_rkd_sh_a)",scannetpp,cam_token,probe1,09c1414f1b,theta0,0.3236982524394989
clean,"cos(g_rkd_sh_d,g_couple)",scannetpp,cam_token,probe1,09c1414f1b,theta0,-0.05213635787367821
clean,"cos(g_rkd_sh_d,g_rel_rot)",scannetpp,cam_token,probe1,09c1414f1b,theta0,-0.277269184589386
clean,"cos(g_rkd_sh_d,g_rel_tdir)",scannetpp,cam_token,probe1,09c1414f1b,theta0,0.3405161499977112
clean,"cos(g_rkd_sh_a,g_couple)",scannetpp,cam_token,probe1,09c1414f1b,theta0,0.8182452917098999
clean,"cos(g_rkd_sh_a,g_rel_rot)",scannetpp,cam_token,probe1,09c1414f1b,theta0,0.33285436034202576
clean,"cos(g_rkd_sh_a,g_rel_tdir)",scannetpp,cam_token,probe1,09c1414f1b,theta0,0.9874793291091919
clean,"cos(g_couple,g_rel_rot)",scannetpp,cam_token,probe1,09c1414f1b,theta0,0.5460247993469238
clean,"cos(g_couple,g_rel_tdir)",scannetpp,cam_token,probe1,09c1414f1b,theta0,0.7735611200332642
clean,"cos(g_rel_rot,g_rel_tdir)",scannetpp,cam_token,probe1,09c1414f1b,theta0,0.24120551347732544
clean,"cos(g_maskdistill,g_rkd_sh_d)",scannetpp,ALL,probe1,09c1414f1b,theta0,0.2830442786216736
clean,"cos(g_maskdistill,g_rkd_sh_a)",scannetpp,ALL,probe1,09c1414f1b,theta0,-0.6410552263259888
clean,"cos(g_maskdistill,g_couple)",scannetpp,ALL,probe1,09c1414f1b,theta0,-0.6844392418861389
clean,"cos(g_maskdistill,g_rel_rot)",scannetpp,ALL,probe1,09c1414f1b,theta0,-0.6729584336280823
clean,"cos(g_maskdistill,g_rel_tdir)",scannetpp,ALL,probe1,09c1414f1b,theta0,-0.572385847568512
clean,"cos(g_rkd_sh_d,g_rkd_sh_a)",scannetpp,ALL,probe1,09c1414f1b,theta0,0.08909173309803009
clean,"cos(g_rkd_sh_d,g_couple)",scannetpp,ALL,probe1,09c1414f1b,theta0,-0.025062162429094315
clean,"cos(g_rkd_sh_d,g_rel_rot)",scannetpp,ALL,probe1,09c1414f1b,theta0,-0.201661616563797
clean,"cos(g_rkd_sh_d,g_rel_tdir)",scannetpp,ALL,probe1,09c1414f1b,theta0,0.16314417123794556
clean,"cos(g_rkd_sh_a,g_couple)",scannetpp,ALL,probe1,09c1414f1b,theta0,0.914299726486206
clean,"cos(g_rkd_sh_a,g_rel_rot)",scannetpp,ALL,probe1,09c1414f1b,theta0,0.7643176913261414
clean,"cos(g_rkd_sh_a,g_rel_tdir)",scannetpp,ALL,probe1,09c1414f1b,theta0,0.9843685626983643
clean,"cos(g_couple,g_rel_rot)",scannetpp,ALL,probe1,09c1414f1b,theta0,0.7291707396507263
clean,"cos(g_couple,g_rel_tdir)",scannetpp,ALL,probe1,09c1414f1b,theta0,0.8878107070922852
clean,"cos(g_rel_rot,g_rel_tdir)",scannetpp,ALL,probe1,09c1414f1b,theta0,0.6663187742233276
clean,"cos(g_rel_rot,g_base)",scannetpp,lora_early,probe1,09c1414f1b,theta0,0.7496150732040405
clean,"cos(g_rel_tdir,g_base)",scannetpp,lora_early,probe1,09c1414f1b,theta0,0.988649308681488
clean,"cos(g_rel_rot,g_base)",scannetpp,lora_late,probe1,09c1414f1b,theta0,0.6447480916976929
clean,"cos(g_rel_tdir,g_base)",scannetpp,lora_late,probe1,09c1414f1b,theta0,0.9811050295829773
clean,"cos(g_rel_rot,g_base)",scannetpp,cam_token,probe1,09c1414f1b,theta0,0.35241156816482544
clean,"cos(g_rel_tdir,g_base)",scannetpp,cam_token,probe1,09c1414f1b,theta0,0.9837785959243774
clean,"cos(g_rel_rot,g_base)",scannetpp,ALL,probe1,09c1414f1b,theta0,0.7424311637878418
clean,"cos(g_rel_tdir,g_base)",scannetpp,ALL,probe1,09c1414f1b,theta0,0.9879801273345947
clean,loss[maskdistill],scannetpp,-,probe1,09c1414f1b,theta0,0.10192538797855377
clean,loss[rkd_sh_d],scannetpp,-,probe1,09c1414f1b,theta0,0.011878594756126404
clean,loss[rkd_sh_a],scannetpp,-,probe1,09c1414f1b,theta0,0.05303291603922844
clean,loss[couple],scannetpp,-,probe1,09c1414f1b,theta0,0.0013776409905403852
clean,loss[rel_rot],scannetpp,-,probe1,09c1414f1b,theta0,3.5861949920654297
clean,loss[rel_tdir],scannetpp,-,probe1,09c1414f1b,theta0,0.3501224219799042
m0,"cos(g_maskdistill,g_rkd_sh_d)",scannetpp,lora_early,probe1,09c1414f1b,theta0,0.9300243258476257
m0,"cos(g_maskdistill,g_rkd_sh_a)",scannetpp,lora_early,probe1,09c1414f1b,theta0,0.9206063747406006
m0,"cos(g_maskdistill,g_couple)",scannetpp,lora_early,probe1,09c1414f1b,theta0,0.8929893970489502
m0,"cos(g_maskdistill,g_rel_rot)",scannetpp,lora_early,probe1,09c1414f1b,theta0,0.9340097904205322
m0,"cos(g_maskdistill,g_rel_tdir)",scannetpp,lora_early,probe1,09c1414f1b,theta0,0.8902961015701294
m0,"cos(g_rkd_sh_d,g_rkd_sh_a)",scannetpp,lora_early,probe1,09c1414f1b,theta0,0.9984948039054871
m0,"cos(g_rkd_sh_d,g_couple)",scannetpp,lora_early,probe1,09c1414f1b,theta0,0.978989839553833
m0,"cos(g_rkd_sh_d,g_rel_rot)",scannetpp,lora_early,probe1,09c1414f1b,theta0,0.9941161274909973
m0,"cos(g_rkd_sh_d,g_rel_tdir)",scannetpp,lora_early,probe1,09c1414f1b,theta0,0.9763006567955017
m0,"cos(g_rkd_sh_a,g_couple)",scannetpp,lora_early,probe1,09c1414f1b,theta0,0.9851224422454834
m0,"cos(g_rkd_sh_a,g_rel_rot)",scannetpp,lora_early,probe1,09c1414f1b,theta0,0.9932796955108643
m0,"cos(g_rkd_sh_a,g_rel_tdir)",scannetpp,lora_early,probe1,09c1414f1b,theta0,0.977569580078125
m0,"cos(g_couple,g_rel_rot)",scannetpp,lora_early,probe1,09c1414f1b,theta0,0.9820067882537842
m0,"cos(g_couple,g_rel_tdir)",scannetpp,lora_early,probe1,09c1414f1b,theta0,0.949407696723938
m0,"cos(g_rel_rot,g_rel_tdir)",scannetpp,lora_early,probe1,09c1414f1b,theta0,0.9693282246589661
m0,"cos(g_maskdistill,g_rkd_sh_d)",scannetpp,lora_late,probe1,09c1414f1b,theta0,0.7555938959121704
m0,"cos(g_maskdistill,g_rkd_sh_a)",scannetpp,lora_late,probe1,09c1414f1b,theta0,0.7386287450790405
m0,"cos(g_maskdistill,g_couple)",scannetpp,lora_late,probe1,09c1414f1b,theta0,0.6275666952133179
m0,"cos(g_maskdistill,g_rel_rot)",scannetpp,lora_late,probe1,09c1414f1b,theta0,0.7490088939666748
m0,"cos(g_maskdistill,g_rel_tdir)",scannetpp,lora_late,probe1,09c1414f1b,theta0,0.774211049079895
m0,"cos(g_rkd_sh_d,g_rkd_sh_a)",scannetpp,lora_late,probe1,09c1414f1b,theta0,0.992969810962677
m0,"cos(g_rkd_sh_d,g_couple)",scannetpp,lora_late,probe1,09c1414f1b,theta0,0.9123767018318176
m0,"cos(g_rkd_sh_d,g_rel_rot)",scannetpp,lora_late,probe1,09c1414f1b,theta0,0.9720475673675537
m0,"cos(g_rkd_sh_d,g_rel_tdir)",scannetpp,lora_late,probe1,09c1414f1b,theta0,0.8826680183410645
m0,"cos(g_rkd_sh_a,g_couple)",scannetpp,lora_late,probe1,09c1414f1b,theta0,0.9308168292045593
m0,"cos(g_rkd_sh_a,g_rel_rot)",scannetpp,lora_late,probe1,09c1414f1b,theta0,0.9777590036392212
m0,"cos(g_rkd_sh_a,g_rel_tdir)",scannetpp,lora_late,probe1,09c1414f1b,theta0,0.8909580707550049
m0,"cos(g_couple,g_rel_rot)",scannetpp,lora_late,probe1,09c1414f1b,theta0,0.9069086313247681
m0,"cos(g_couple,g_rel_tdir)",scannetpp,lora_late,probe1,09c1414f1b,theta0,0.7720194458961487
m0,"cos(g_rel_rot,g_rel_tdir)",scannetpp,lora_late,probe1,09c1414f1b,theta0,0.867090106010437
m0,"cos(g_maskdistill,g_rkd_sh_d)",scannetpp,cam_token,probe1,09c1414f1b,theta0,0.563269853591919
m0,"cos(g_maskdistill,g_rkd_sh_a)",scannetpp,cam_token,probe1,09c1414f1b,theta0,0.5611176490783691
m0,"cos(g_maskdistill,g_couple)",scannetpp,cam_token,probe1,09c1414f1b,theta0,0.540422797203064
m0,"cos(g_maskdistill,g_rel_rot)",scannetpp,cam_token,probe1,09c1414f1b,theta0,0.6638104319572449
m0,"cos(g_maskdistill,g_rel_tdir)",scannetpp,cam_token,probe1,09c1414f1b,theta0,0.5156939625740051
m0,"cos(g_rkd_sh_d,g_rkd_sh_a)",scannetpp,cam_token,probe1,09c1414f1b,theta0,0.9931066036224365
m0,"cos(g_rkd_sh_d,g_couple)",scannetpp,cam_token,probe1,09c1414f1b,theta0,0.9144196510314941
m0,"cos(g_rkd_sh_d,g_rel_rot)",scannetpp,cam_token,probe1,09c1414f1b,theta0,0.9647058248519897
m0,"cos(g_rkd_sh_d,g_rel_tdir)",scannetpp,cam_token,probe1,09c1414f1b,theta0,0.9559813737869263
m0,"cos(g_rkd_sh_a,g_couple)",scannetpp,cam_token,probe1,09c1414f1b,theta0,0.9445950388908386
m0,"cos(g_rkd_sh_a,g_rel_rot)",scannetpp,cam_token,probe1,09c1414f1b,theta0,0.9730885028839111
m0,"cos(g_rkd_sh_a,g_rel_tdir)",scannetpp,cam_token,probe1,09c1414f1b,theta0,0.962227463722229
m0,"cos(g_couple,g_rel_rot)",scannetpp,cam_token,probe1,09c1414f1b,theta0,0.9460441470146179
m0,"cos(g_couple,g_rel_tdir)",scannetpp,cam_token,probe1,09c1414f1b,theta0,0.8810670375823975
m0,"cos(g_rel_rot,g_rel_tdir)",scannetpp,cam_token,probe1,09c1414f1b,theta0,0.9298617839813232
m0,"cos(g_maskdistill,g_rkd_sh_d)",scannetpp,ALL,probe1,09c1414f1b,theta0,0.9242941737174988
m0,"cos(g_maskdistill,g_rkd_sh_a)",scannetpp,ALL,probe1,09c1414f1b,theta0,0.9147309064865112
m0,"cos(g_maskdistill,g_couple)",scannetpp,ALL,probe1,09c1414f1b,theta0,0.8853214979171753
m0,"cos(g_maskdistill,g_rel_rot)",scannetpp,ALL,probe1,09c1414f1b,theta0,0.9283540844917297
m0,"cos(g_maskdistill,g_rel_tdir)",scannetpp,ALL,probe1,09c1414f1b,theta0,0.8859423398971558
m0,"cos(g_rkd_sh_d,g_rkd_sh_a)",scannetpp,ALL,probe1,09c1414f1b,theta0,0.9984109997749329
m0,"cos(g_rkd_sh_d,g_couple)",scannetpp,ALL,probe1,09c1414f1b,theta0,0.9775846004486084
m0,"cos(g_rkd_sh_d,g_rel_rot)",scannetpp,ALL,probe1,09c1414f1b,theta0,0.9936604499816895
m0,"cos(g_rkd_sh_d,g_rel_tdir)",scannetpp,ALL,probe1,09c1414f1b,theta0,0.9749189615249634
m0,"cos(g_rkd_sh_a,g_couple)",scannetpp,ALL,probe1,09c1414f1b,theta0,0.9839321970939636
m0,"cos(g_rkd_sh_a,g_rel_rot)",scannetpp,ALL,probe1,09c1414f1b,theta0,0.9929270148277283
m0,"cos(g_rkd_sh_a,g_rel_tdir)",scannetpp,ALL,probe1,09c1414f1b,theta0,0.9762989282608032
m0,"cos(g_couple,g_rel_rot)",scannetpp,ALL,probe1,09c1414f1b,theta0,0.9805376529693604
m0,"cos(g_couple,g_rel_tdir)",scannetpp,ALL,probe1,09c1414f1b,theta0,0.9461240768432617
m0,"cos(g_rel_rot,g_rel_tdir)",scannetpp,ALL,probe1,09c1414f1b,theta0,0.9675916433334351
m0,"cos(g_rel_rot,g_base)",scannetpp,lora_early,probe1,09c1414f1b,theta0,0.9945070743560791
m0,"cos(g_rel_tdir,g_base)",scannetpp,lora_early,probe1,09c1414f1b,theta0,0.9749230742454529
m0,"cos(g_rel_rot,g_base)",scannetpp,lora_late,probe1,09c1414f1b,theta0,0.976446270942688
m0,"cos(g_rel_tdir,g_base)",scannetpp,lora_late,probe1,09c1414f1b,theta0,0.8831787705421448
m0,"cos(g_rel_rot,g_base)",scannetpp,cam_token,probe1,09c1414f1b,theta0,0.9795814752578735
m0,"cos(g_rel_tdir,g_base)",scannetpp,cam_token,probe1,09c1414f1b,theta0,0.9557051658630371
m0,"cos(g_rel_rot,g_base)",scannetpp,ALL,probe1,09c1414f1b,theta0,0.9941486716270447
m0,"cos(g_rel_tdir,g_base)",scannetpp,ALL,probe1,09c1414f1b,theta0,0.9735446572303772
m0,loss[maskdistill],scannetpp,-,probe1,09c1414f1b,theta0,0.2795169949531555
m0,loss[rkd_sh_d],scannetpp,-,probe1,09c1414f1b,theta0,0.01210229005664587
m0,loss[rkd_sh_a],scannetpp,-,probe1,09c1414f1b,theta0,0.065935418009758
m0,loss[couple],scannetpp,-,probe1,09c1414f1b,theta0,0.012922316789627075
m0,loss[rel_rot],scannetpp,-,probe1,09c1414f1b,theta0,3.825798511505127
m0,loss[rel_tdir],scannetpp,-,probe1,09c1414f1b,theta0,0.669491171836853
clean,"cos(g_maskdistill,g_rkd_sh_d)",scannetpp,lora_early,probe0,09c1414f1b,theta_base,-0.3783411979675293
clean,"cos(g_maskdistill,g_rkd_sh_a)",scannetpp,lora_early,probe0,09c1414f1b,theta_base,0.4153522849082947
clean,"cos(g_maskdistill,g_couple)",scannetpp,lora_early,probe0,09c1414f1b,theta_base,0.8976128697395325
clean,"cos(g_maskdistill,g_rel_rot)",scannetpp,lora_early,probe0,09c1414f1b,theta_base,0.6460764408111572
clean,"cos(g_maskdistill,g_rel_tdir)",scannetpp,lora_early,probe0,09c1414f1b,theta_base,0.5652205944061279
clean,"cos(g_rkd_sh_d,g_rkd_sh_a)",scannetpp,lora_early,probe0,09c1414f1b,theta_base,0.5600113868713379
clean,"cos(g_rkd_sh_d,g_couple)",scannetpp,lora_early,probe0,09c1414f1b,theta_base,-0.11688557267189026
clean,"cos(g_rkd_sh_d,g_rel_rot)",scannetpp,lora_early,probe0,09c1414f1b,theta_base,-0.444709450006485
clean,"cos(g_rkd_sh_d,g_rel_tdir)",scannetpp,lora_early,probe0,09c1414f1b,theta_base,0.37218016386032104
clean,"cos(g_rkd_sh_a,g_couple)",scannetpp,lora_early,probe0,09c1414f1b,theta_base,0.5667746067047119
clean,"cos(g_rkd_sh_a,g_rel_rot)",scannetpp,lora_early,probe0,09c1414f1b,theta_base,0.08358033746480942
clean,"cos(g_rkd_sh_a,g_rel_tdir)",scannetpp,lora_early,probe0,09c1414f1b,theta_base,0.9768770337104797
clean,"cos(g_couple,g_rel_rot)",scannetpp,lora_early,probe0,09c1414f1b,theta_base,0.5923475027084351
clean,"cos(g_couple,g_rel_tdir)",scannetpp,lora_early,probe0,09c1414f1b,theta_base,0.6689162254333496
clean,"cos(g_rel_rot,g_rel_tdir)",scannetpp,lora_early,probe0,09c1414f1b,theta_base,0.22267234325408936
clean,"cos(g_maskdistill,g_rkd_sh_d)",scannetpp,lora_late,probe0,09c1414f1b,theta_base,-0.13585175573825836
clean,"cos(g_maskdistill,g_rkd_sh_a)",scannetpp,lora_late,probe0,09c1414f1b,theta_base,0.470386266708374
clean,"cos(g_maskdistill,g_couple)",scannetpp,lora_late,probe0,09c1414f1b,theta_base,0.8681434988975525
clean,"cos(g_maskdistill,g_rel_rot)",scannetpp,lora_late,probe0,09c1414f1b,theta_base,0.6155406832695007
clean,"cos(g_maskdistill,g_rel_tdir)",scannetpp,lora_late,probe0,09c1414f1b,theta_base,0.5703220367431641
clean,"cos(g_rkd_sh_d,g_rkd_sh_a)",scannetpp,lora_late,probe0,09c1414f1b,theta_base,0.6918690800666809
clean,"cos(g_rkd_sh_d,g_couple)",scannetpp,lora_late,probe0,09c1414f1b,theta_base,0.163309246301651
clean,"cos(g_rkd_sh_d,g_rel_rot)",scannetpp,lora_late,probe0,09c1414f1b,theta_base,-0.15582498908042908
clean,"cos(g_rkd_sh_d,g_rel_tdir)",scannetpp,lora_late,probe0,09c1414f1b,theta_base,0.5665935277938843
clean,"cos(g_rkd_sh_a,g_couple)",scannetpp,lora_late,probe0,09c1414f1b,theta_base,0.6554145812988281
clean,"cos(g_rkd_sh_a,g_rel_rot)",scannetpp,lora_late,probe0,09c1414f1b,theta_base,0.1954345852136612
clean,"cos(g_rkd_sh_a,g_rel_tdir)",scannetpp,lora_late,probe0,09c1414f1b,theta_base,0.9863578677177429
clean,"cos(g_couple,g_rel_rot)",scannetpp,lora_late,probe0,09c1414f1b,theta_base,0.5065702199935913
clean,"cos(g_couple,g_rel_tdir)",scannetpp,lora_late,probe0,09c1414f1b,theta_base,0.714786171913147
clean,"cos(g_rel_rot,g_rel_tdir)",scannetpp,lora_late,probe0,09c1414f1b,theta_base,0.27492251992225647
clean,"cos(g_maskdistill,g_rkd_sh_d)",scannetpp,cam_token,probe0,09c1414f1b,theta_base,-0.6409096121788025
clean,"cos(g_maskdistill,g_rkd_sh_a)",scannetpp,cam_token,probe0,09c1414f1b,theta_base,0.2674593925476074
clean,"cos(g_maskdistill,g_couple)",scannetpp,cam_token,probe0,09c1414f1b,theta_base,0.9247133731842041
clean,"cos(g_maskdistill,g_rel_rot)",scannetpp,cam_token,probe0,09c1414f1b,theta_base,0.8455933332443237
clean,"cos(g_maskdistill,g_rel_tdir)",scannetpp,cam_token,probe0,09c1414f1b,theta_base,0.5319924354553223
clean,"cos(g_rkd_sh_d,g_rkd_sh_a)",scannetpp,cam_token,probe0,09c1414f1b,theta_base,0.5101170539855957
clean,"cos(g_rkd_sh_d,g_couple)",scannetpp,cam_token,probe0,09c1414f1b,theta_base,-0.3655087947845459
clean,"cos(g_rkd_sh_d,g_rel_rot)",scannetpp,cam_token,probe0,09c1414f1b,theta_base,-0.7647818922996521
clean,"cos(g_rkd_sh_d,g_rel_tdir)",scannetpp,cam_token,probe0,09c1414f1b,theta_base,0.23140883445739746
clean,"cos(g_rkd_sh_a,g_couple)",scannetpp,cam_token,probe0,09c1414f1b,theta_base,0.49907106161117554
clean,"cos(g_rkd_sh_a,g_rel_rot)",scannetpp,cam_token,probe0,09c1414f1b,theta_base,-0.10762223601341248
clean,"cos(g_rkd_sh_a,g_rel_tdir)",scannetpp,cam_token,probe0,09c1414f1b,theta_base,0.9536510705947876
clean,"cos(g_couple,g_rel_rot)",scannetpp,cam_token,probe0,09c1414f1b,theta_base,0.6958848237991333
clean,"cos(g_couple,g_rel_tdir)",scannetpp,cam_token,probe0,09c1414f1b,theta_base,0.7003409266471863
clean,"cos(g_rel_rot,g_rel_tdir)",scannetpp,cam_token,probe0,09c1414f1b,theta_base,0.16638466715812683
clean,"cos(g_maskdistill,g_rkd_sh_d)",scannetpp,ALL,probe0,09c1414f1b,theta_base,-0.33055105805397034
clean,"cos(g_maskdistill,g_rkd_sh_a)",scannetpp,ALL,probe0,09c1414f1b,theta_base,0.42409461736679077
clean,"cos(g_maskdistill,g_couple)",scannetpp,ALL,probe0,09c1414f1b,theta_base,0.8907990455627441
clean,"cos(g_maskdistill,g_rel_rot)",scannetpp,ALL,probe0,09c1414f1b,theta_base,0.6401687264442444
clean,"cos(g_maskdistill,g_rel_tdir)",scannetpp,ALL,probe0,09c1414f1b,theta_base,0.5627663135528564
clean,"cos(g_rkd_sh_d,g_rkd_sh_a)",scannetpp,ALL,probe0,09c1414f1b,theta_base,0.5915484428405762
clean,"cos(g_rkd_sh_d,g_couple)",scannetpp,ALL,probe0,09c1414f1b,theta_base,-0.05605890601873398
clean,"cos(g_rkd_sh_d,g_rel_rot)",scannetpp,ALL,probe0,09c1414f1b,theta_base,-0.38228467106819153
clean,"cos(g_rkd_sh_d,g_rel_tdir)",scannetpp,ALL,probe0,09c1414f1b,theta_base,0.41886138916015625
clean,"cos(g_rkd_sh_a,g_couple)",scannetpp,ALL,probe0,09c1414f1b,theta_base,0.5870336890220642
clean,"cos(g_rkd_sh_a,g_rel_rot)",scannetpp,ALL,probe0,09c1414f1b,theta_base,0.10983972251415253
clean,"cos(g_rkd_sh_a,g_rel_tdir)",scannetpp,ALL,probe0,09c1414f1b,theta_base,0.9793674945831299
clean,"cos(g_couple,g_rel_rot)",scannetpp,ALL,probe0,09c1414f1b,theta_base,0.5733442902565002
clean,"cos(g_couple,g_rel_tdir)",scannetpp,ALL,probe0,09c1414f1b,theta_base,0.6789636611938477
clean,"cos(g_rel_rot,g_rel_tdir)",scannetpp,ALL,probe0,09c1414f1b,theta_base,0.23440870642662048
clean,"cos(g_rel_rot,g_base)",scannetpp,lora_early,probe0,09c1414f1b,theta_base,0.3642500340938568
clean,"cos(g_rel_tdir,g_base)",scannetpp,lora_early,probe0,09c1414f1b,theta_base,0.9302899837493896
clean,"cos(g_rel_rot,g_base)",scannetpp,lora_late,probe0,09c1414f1b,theta_base,0.3913353681564331
clean,"cos(g_rel_tdir,g_base)",scannetpp,lora_late,probe0,09c1414f1b,theta_base,0.944520115852356
clean,"cos(g_rel_rot,g_base)",scannetpp,cam_token,probe0,09c1414f1b,theta_base,0.4008123278617859
clean,"cos(g_rel_tdir,g_base)",scannetpp,cam_token,probe0,09c1414f1b,theta_base,0.9437314867973328
clean,"cos(g_rel_rot,g_base)",scannetpp,ALL,probe0,09c1414f1b,theta_base,0.3701159358024597
clean,"cos(g_rel_tdir,g_base)",scannetpp,ALL,probe0,09c1414f1b,theta_base,0.9338616728782654
clean,loss[maskdistill],scannetpp,-,probe0,09c1414f1b,theta_base,0.15665504336357117
clean,loss[rkd_sh_d],scannetpp,-,probe0,09c1414f1b,theta_base,0.020144669339060783
clean,loss[rkd_sh_a],scannetpp,-,probe0,09c1414f1b,theta_base,0.04291749745607376
clean,loss[couple],scannetpp,-,probe0,09c1414f1b,theta_base,0.005577106960117817
clean,loss[rel_rot],scannetpp,-,probe0,09c1414f1b,theta_base,0.1501910537481308
clean,loss[rel_tdir],scannetpp,-,probe0,09c1414f1b,theta_base,0.09092119336128235
m0,"cos(g_maskdistill,g_rkd_sh_d)",scannetpp,lora_early,probe0,09c1414f1b,theta_base,0.6497018337249756
m0,"cos(g_maskdistill,g_rkd_sh_a)",scannetpp,lora_early,probe0,09c1414f1b,theta_base,0.7493610382080078
m0,"cos(g_maskdistill,g_couple)",scannetpp,lora_early,probe0,09c1414f1b,theta_base,0.5520134568214417
m0,"cos(g_maskdistill,g_rel_rot)",scannetpp,lora_early,probe0,09c1414f1b,theta_base,0.5209494233131409
m0,"cos(g_maskdistill,g_rel_tdir)",scannetpp,lora_early,probe0,09c1414f1b,theta_base,0.7155020236968994
m0,"cos(g_rkd_sh_d,g_rkd_sh_a)",scannetpp,lora_early,probe0,09c1414f1b,theta_base,0.9627538323402405
m0,"cos(g_rkd_sh_d,g_couple)",scannetpp,lora_early,probe0,09c1414f1b,theta_base,0.5876014232635498
m0,"cos(g_rkd_sh_d,g_rel_rot)",scannetpp,lora_early,probe0,09c1414f1b,theta_base,-8.418969810009003e-05
m0,"cos(g_rkd_sh_d,g_rel_tdir)",scannetpp,lora_early,probe0,09c1414f1b,theta_base,0.9808066487312317
m0,"cos(g_rkd_sh_a,g_couple)",scannetpp,lora_early,probe0,09c1414f1b,theta_base,0.6309483051300049
m0,"cos(g_rkd_sh_a,g_rel_rot)",scannetpp,lora_early,probe0,09c1414f1b,theta_base,0.06940830498933792
m0,"cos(g_rkd_sh_a,g_rel_tdir)",scannetpp,lora_early,probe0,09c1414f1b,theta_base,0.9896335601806641
m0,"cos(g_couple,g_rel_rot)",scannetpp,lora_early,probe0,09c1414f1b,theta_base,0.4035176634788513
m0,"cos(g_couple,g_rel_tdir)",scannetpp,lora_early,probe0,09c1414f1b,theta_base,0.6193264722824097
m0,"cos(g_rel_rot,g_rel_tdir)",scannetpp,lora_early,probe0,09c1414f1b,theta_base,0.03271837532520294
m0,"cos(g_maskdistill,g_rkd_sh_d)",scannetpp,lora_late,probe0,09c1414f1b,theta_base,0.5918110609054565
m0,"cos(g_maskdistill,g_rkd_sh_a)",scannetpp,lora_late,probe0,09c1414f1b,theta_base,0.7073633670806885
m0,"cos(g_maskdistill,g_couple)",scannetpp,lora_late,probe0,09c1414f1b,theta_base,0.45880505442619324
m0,"cos(g_maskdistill,g_rel_rot)",scannetpp,lora_late,probe0,09c1414f1b,theta_base,0.23500210046768188
m0,"cos(g_maskdistill,g_rel_tdir)",scannetpp,lora_late,probe0,09c1414f1b,theta_base,0.6555662155151367
m0,"cos(g_rkd_sh_d,g_rkd_sh_a)",scannetpp,lora_late,probe0,09c1414f1b,theta_base,0.9480043649673462
m0,"cos(g_rkd_sh_d,g_couple)",scannetpp,lora_late,probe0,09c1414f1b,theta_base,0.5316838026046753
m0,"cos(g_rkd_sh_d,g_rel_rot)",scannetpp,lora_late,probe0,09c1414f1b,theta_base,-0.2649771571159363
m0,"cos(g_rkd_sh_d,g_rel_tdir)",scannetpp,lora_late,probe0,09c1414f1b,theta_base,0.9739285111427307
m0,"cos(g_rkd_sh_a,g_couple)",scannetpp,lora_late,probe0,09c1414f1b,theta_base,0.627815842628479
m0,"cos(g_rkd_sh_a,g_rel_rot)",scannetpp,lora_late,probe0,09c1414f1b,theta_base,-0.2195448875427246
m0,"cos(g_rkd_sh_a,g_rel_tdir)",scannetpp,lora_late,probe0,09c1414f1b,theta_base,0.9850895404815674
m0,"cos(g_couple,g_rel_rot)",scannetpp,lora_late,probe0,09c1414f1b,theta_base,-0.005487578455358744
m0,"cos(g_couple,g_rel_tdir)",scannetpp,lora_late,probe0,09c1414f1b,theta_base,0.6006733179092407
m0,"cos(g_rel_rot,g_rel_tdir)",scannetpp,lora_late,probe0,09c1414f1b,theta_base,-0.2727845311164856
m0,"cos(g_maskdistill,g_rkd_sh_d)",scannetpp,cam_token,probe0,09c1414f1b,theta_base,0.2111859917640686
m0,"cos(g_maskdistill,g_rkd_sh_a)",scannetpp,cam_token,probe0,09c1414f1b,theta_base,0.32806944847106934
m0,"cos(g_maskdistill,g_couple)",scannetpp,cam_token,probe0,09c1414f1b,theta_base,0.08443621546030045
m0,"cos(g_maskdistill,g_rel_rot)",scannetpp,cam_token,probe0,09c1414f1b,theta_base,0.12906555831432343
m0,"cos(g_maskdistill,g_rel_tdir)",scannetpp,cam_token,probe0,09c1414f1b,theta_base,0.29743826389312744
m0,"cos(g_rkd_sh_d,g_rkd_sh_a)",scannetpp,cam_token,probe0,09c1414f1b,theta_base,0.9764199256896973
m0,"cos(g_rkd_sh_d,g_couple)",scannetpp,cam_token,probe0,09c1414f1b,theta_base,0.7980831861495972
m0,"cos(g_rkd_sh_d,g_rel_rot)",scannetpp,cam_token,probe0,09c1414f1b,theta_base,0.3415576219558716
m0,"cos(g_rkd_sh_d,g_rel_tdir)",scannetpp,cam_token,probe0,09c1414f1b,theta_base,0.9856834411621094
m0,"cos(g_rkd_sh_a,g_couple)",scannetpp,cam_token,probe0,09c1414f1b,theta_base,0.7990157008171082
m0,"cos(g_rkd_sh_a,g_rel_rot)",scannetpp,cam_token,probe0,09c1414f1b,theta_base,0.29971492290496826
m0,"cos(g_rkd_sh_a,g_rel_tdir)",scannetpp,cam_token,probe0,09c1414f1b,theta_base,0.9896954894065857
m0,"cos(g_couple,g_rel_rot)",scannetpp,cam_token,probe0,09c1414f1b,theta_base,0.46015456318855286
m0,"cos(g_couple,g_rel_tdir)",scannetpp,cam_token,probe0,09c1414f1b,theta_base,0.7769343256950378
m0,"cos(g_rel_rot,g_rel_tdir)",scannetpp,cam_token,probe0,09c1414f1b,theta_base,0.25336146354675293
m0,"cos(g_maskdistill,g_rkd_sh_d)",scannetpp,ALL,probe0,09c1414f1b,theta_base,0.6401798725128174
m0,"cos(g_maskdistill,g_rkd_sh_a)",scannetpp,ALL,probe0,09c1414f1b,theta_base,0.7424147725105286
m0,"cos(g_maskdistill,g_couple)",scannetpp,ALL,probe0,09c1414f1b,theta_base,0.5396144390106201
m0,"cos(g_maskdistill,g_rel_rot)",scannetpp,ALL,probe0,09c1414f1b,theta_base,0.4920211732387543
m0,"cos(g_maskdistill,g_rel_tdir)",scannetpp,ALL,probe0,09c1414f1b,theta_base,0.7061240673065186
m0,"cos(g_rkd_sh_d,g_rkd_sh_a)",scannetpp,ALL,probe0,09c1414f1b,theta_base,0.9606232047080994
m0,"cos(g_rkd_sh_d,g_couple)",scannetpp,ALL,probe0,09c1414f1b,theta_base,0.5806041359901428
m0,"cos(g_rkd_sh_d,g_rel_rot)",scannetpp,ALL,probe0,09c1414f1b,theta_base,-0.026653259992599487
m0,"cos(g_rkd_sh_d,g_rel_tdir)",scannetpp,ALL,probe0,09c1414f1b,theta_base,0.9797763824462891
m0,"cos(g_rkd_sh_a,g_couple)",scannetpp,ALL,probe0,09c1414f1b,theta_base,0.6308884620666504
m0,"cos(g_rkd_sh_a,g_rel_rot)",scannetpp,ALL,probe0,09c1414f1b,theta_base,0.039741192013025284
m0,"cos(g_rkd_sh_a,g_rel_tdir)",scannetpp,ALL,probe0,09c1414f1b,theta_base,0.988982081413269
m0,"cos(g_couple,g_rel_rot)",scannetpp,ALL,probe0,09c1414f1b,theta_base,0.36243942379951477
m0,"cos(g_couple,g_rel_tdir)",scannetpp,ALL,probe0,09c1414f1b,theta_base,0.6171150207519531
m0,"cos(g_rel_rot,g_rel_tdir)",scannetpp,ALL,probe0,09c1414f1b,theta_base,0.0013121869415044785
m0,"cos(g_rel_rot,g_base)",scannetpp,lora_early,probe0,09c1414f1b,theta_base,0.1802230179309845
m0,"cos(g_rel_tdir,g_base)",scannetpp,lora_early,probe0,09c1414f1b,theta_base,0.975471019744873
m0,"cos(g_rel_rot,g_base)",scannetpp,lora_late,probe0,09c1414f1b,theta_base,-0.16229115426540375
m0,"cos(g_rel_tdir,g_base)",scannetpp,lora_late,probe0,09c1414f1b,theta_base,0.9734240174293518
m0,"cos(g_rel_rot,g_base)",scannetpp,cam_token,probe0,09c1414f1b,theta_base,0.35357680916786194
m0,"cos(g_rel_tdir,g_base)",scannetpp,cam_token,probe0,09c1414f1b,theta_base,0.9828653335571289
m0,"cos(g_rel_rot,g_base)",scannetpp,ALL,probe0,09c1414f1b,theta_base,0.14520373940467834
m0,"cos(g_rel_tdir,g_base)",scannetpp,ALL,probe0,09c1414f1b,theta_base,0.9751394391059875
m0,loss[maskdistill],scannetpp,-,probe0,09c1414f1b,theta_base,0.36334195733070374
m0,loss[rkd_sh_d],scannetpp,-,probe0,09c1414f1b,theta_base,0.08102095127105713
m0,loss[rkd_sh_a],scannetpp,-,probe0,09c1414f1b,theta_base,0.10034972429275513
m0,loss[couple],scannetpp,-,probe0,09c1414f1b,theta_base,0.006672761868685484
m0,loss[rel_rot],scannetpp,-,probe0,09c1414f1b,theta_base,1.4637680053710938
m0,loss[rel_tdir],scannetpp,-,probe0,09c1414f1b,theta_base,0.871736466884613
clean,"cos(g_maskdistill,g_rkd_sh_d)",scannetpp,lora_early,probe1,09c1414f1b,theta_base,0.5612528324127197
clean,"cos(g_maskdistill,g_rkd_sh_a)",scannetpp,lora_early,probe1,09c1414f1b,theta_base,-0.46635451912879944
clean,"cos(g_maskdistill,g_couple)",scannetpp,lora_early,probe1,09c1414f1b,theta_base,-0.7075801491737366
clean,"cos(g_maskdistill,g_rel_rot)",scannetpp,lora_early,probe1,09c1414f1b,theta_base,-0.688378632068634
clean,"cos(g_maskdistill,g_rel_tdir)",scannetpp,lora_early,probe1,09c1414f1b,theta_base,-0.296805202960968
clean,"cos(g_rkd_sh_d,g_rkd_sh_a)",scannetpp,lora_early,probe1,09c1414f1b,theta_base,0.03293255344033241
clean,"cos(g_rkd_sh_d,g_couple)",scannetpp,lora_early,probe1,09c1414f1b,theta_base,-0.3363608717918396
clean,"cos(g_rkd_sh_d,g_rel_rot)",scannetpp,lora_early,probe1,09c1414f1b,theta_base,-0.3831396996974945
clean,"cos(g_rkd_sh_d,g_rel_tdir)",scannetpp,lora_early,probe1,09c1414f1b,theta_base,0.1825983226299286
clean,"cos(g_rkd_sh_a,g_couple)",scannetpp,lora_early,probe1,09c1414f1b,theta_base,0.8226883411407471
clean,"cos(g_rkd_sh_a,g_rel_rot)",scannetpp,lora_early,probe1,09c1414f1b,theta_base,0.5490987300872803
clean,"cos(g_rkd_sh_a,g_rel_tdir)",scannetpp,lora_early,probe1,09c1414f1b,theta_base,0.9653748869895935
clean,"cos(g_couple,g_rel_rot)",scannetpp,lora_early,probe1,09c1414f1b,theta_base,0.6962040662765503
clean,"cos(g_couple,g_rel_tdir)",scannetpp,lora_early,probe1,09c1414f1b,theta_base,0.6937726736068726
clean,"cos(g_rel_rot,g_rel_tdir)",scannetpp,lora_early,probe1,09c1414f1b,theta_base,0.36203649640083313
clean,"cos(g_maskdistill,g_rkd_sh_d)",scannetpp,lora_late,probe1,09c1414f1b,theta_base,0.193775475025177
clean,"cos(g_maskdistill,g_rkd_sh_a)",scannetpp,lora_late,probe1,09c1414f1b,theta_base,-0.34985843300819397
clean,"cos(g_maskdistill,g_couple)",scannetpp,lora_late,probe1,09c1414f1b,theta_base,-0.5601682066917419
clean,"cos(g_maskdistill,g_rel_rot)",scannetpp,lora_late,probe1,09c1414f1b,theta_base,-0.46043479442596436
clean,"cos(g_maskdistill,g_rel_tdir)",scannetpp,lora_late,probe1,09c1414f1b,theta_base,-0.28545311093330383
clean,"cos(g_rkd_sh_d,g_rkd_sh_a)",scannetpp,lora_late,probe1,09c1414f1b,theta_base,0.415192574262619
clean,"cos(g_rkd_sh_d,g_couple)",scannetpp,lora_late,probe1,09c1414f1b,theta_base,0.07865992188453674
clean,"cos(g_rkd_sh_d,g_rel_rot)",scannetpp,lora_late,probe1,09c1414f1b,theta_base,0.3222864270210266
clean,"cos(g_rkd_sh_d,g_rel_tdir)",scannetpp,lora_late,probe1,09c1414f1b,theta_base,0.3884560465812683
clean,"cos(g_rkd_sh_a,g_couple)",scannetpp,lora_late,probe1,09c1414f1b,theta_base,0.7690731883049011
clean,"cos(g_rkd_sh_a,g_rel_rot)",scannetpp,lora_late,probe1,09c1414f1b,theta_base,0.5309829711914062
clean,"cos(g_rkd_sh_a,g_rel_tdir)",scannetpp,lora_late,probe1,09c1414f1b,theta_base,0.9854966402053833
clean,"cos(g_couple,g_rel_rot)",scannetpp,lora_late,probe1,09c1414f1b,theta_base,0.5603110790252686
clean,"cos(g_couple,g_rel_tdir)",scannetpp,lora_late,probe1,09c1414f1b,theta_base,0.7033208608627319
clean,"cos(g_rel_rot,g_rel_tdir)",scannetpp,lora_late,probe1,09c1414f1b,theta_base,0.4715542793273926
clean,"cos(g_maskdistill,g_rkd_sh_d)",scannetpp,cam_token,probe1,09c1414f1b,theta_base,-0.12428970634937286
clean,"cos(g_maskdistill,g_rkd_sh_a)",scannetpp,cam_token,probe1,09c1414f1b,theta_base,-0.6748610734939575
clean,"cos(g_maskdistill,g_couple)",scannetpp,cam_token,probe1,09c1414f1b,theta_base,-0.6792210340499878
clean,"cos(g_maskdistill,g_rel_rot)",scannetpp,cam_token,probe1,09c1414f1b,theta_base,-0.1558312624692917
clean,"cos(g_maskdistill,g_rel_tdir)",scannetpp,cam_token,probe1,09c1414f1b,theta_base,-0.6121808290481567
clean,"cos(g_rkd_sh_d,g_rkd_sh_a)",scannetpp,cam_token,probe1,09c1414f1b,theta_base,0.4936322271823883
clean,"cos(g_rkd_sh_d,g_couple)",scannetpp,cam_token,probe1,09c1414f1b,theta_base,-0.16472285985946655
clean,"cos(g_rkd_sh_d,g_rel_rot)",scannetpp,cam_token,probe1,09c1414f1b,theta_base,-0.5306037664413452
clean,"cos(g_rkd_sh_d,g_rel_tdir)",scannetpp,cam_token,probe1,09c1414f1b,theta_base,0.5066860318183899
clean,"cos(g_rkd_sh_a,g_couple)",scannetpp,cam_token,probe1,09c1414f1b,theta_base,0.664396345615387
clean,"cos(g_rkd_sh_a,g_rel_rot)",scannetpp,cam_token,probe1,09c1414f1b,theta_base,0.0030034538358449936
clean,"cos(g_rkd_sh_a,g_rel_tdir)",scannetpp,cam_token,probe1,09c1414f1b,theta_base,0.9876366257667542
clean,"cos(g_couple,g_rel_rot)",scannetpp,cam_token,probe1,09c1414f1b,theta_base,0.4987374544143677
clean,"cos(g_couple,g_rel_tdir)",scannetpp,cam_token,probe1,09c1414f1b,theta_base,0.6051521897315979
clean,"cos(g_rel_rot,g_rel_tdir)",scannetpp,cam_token,probe1,09c1414f1b,theta_base,-0.052563756704330444
clean,"cos(g_maskdistill,g_rkd_sh_d)",scannetpp,ALL,probe1,09c1414f1b,theta_base,0.517113447189331
clean,"cos(g_maskdistill,g_rkd_sh_a)",scannetpp,ALL,probe1,09c1414f1b,theta_base,-0.4493406116962433
clean,"cos(g_maskdistill,g_couple)",scannetpp,ALL,probe1,09c1414f1b,theta_base,-0.6850483417510986
clean,"cos(g_maskdistill,g_rel_rot)",scannetpp,ALL,probe1,09c1414f1b,theta_base,-0.6565686464309692
clean,"cos(g_maskdistill,g_rel_tdir)",scannetpp,ALL,probe1,09c1414f1b,theta_base,-0.29482796788215637
clean,"cos(g_rkd_sh_d,g_rkd_sh_a)",scannetpp,ALL,probe1,09c1414f1b,theta_base,0.08793333172798157
clean,"cos(g_rkd_sh_d,g_couple)",scannetpp,ALL,probe1,09c1414f1b,theta_base,-0.27649641036987305
clean,"cos(g_rkd_sh_d,g_rel_rot)",scannetpp,ALL,probe1,09c1414f1b,theta_base,-0.2881469130516052
clean,"cos(g_rkd_sh_d,g_rel_tdir)",scannetpp,ALL,probe1,09c1414f1b,theta_base,0.21231400966644287
clean,"cos(g_rkd_sh_a,g_couple)",scannetpp,ALL,probe1,09c1414f1b,theta_base,0.8133644461631775
clean,"cos(g_rkd_sh_a,g_rel_rot)",scannetpp,ALL,probe1,09c1414f1b,theta_base,0.5449736714363098
clean,"cos(g_rkd_sh_a,g_rel_tdir)",scannetpp,ALL,probe1,09c1414f1b,theta_base,0.9688135385513306
clean,"cos(g_couple,g_rel_rot)",scannetpp,ALL,probe1,09c1414f1b,theta_base,0.6740379333496094
clean,"cos(g_couple,g_rel_tdir)",scannetpp,ALL,probe1,09c1414f1b,theta_base,0.6951719522476196
clean,"cos(g_rel_rot,g_rel_tdir)",scannetpp,ALL,probe1,09c1414f1b,theta_base,0.37866806983947754
clean,"cos(g_rel_rot,g_base)",scannetpp,lora_early,probe1,09c1414f1b,theta_base,0.4837512671947479
clean,"cos(g_rel_tdir,g_base)",scannetpp,lora_early,probe1,09c1414f1b,theta_base,0.9783103466033936
clean,"cos(g_rel_rot,g_base)",scannetpp,lora_late,probe1,09c1414f1b,theta_base,0.5211896896362305
clean,"cos(g_rel_tdir,g_base)",scannetpp,lora_late,probe1,09c1414f1b,theta_base,0.9813507795333862
clean,"cos(g_rel_rot,g_base)",scannetpp,cam_token,probe1,09c1414f1b,theta_base,-0.01880328729748726
clean,"cos(g_rel_tdir,g_base)",scannetpp,cam_token,probe1,09c1414f1b,theta_base,0.9878249168395996
clean,"cos(g_rel_rot,g_base)",scannetpp,ALL,probe1,09c1414f1b,theta_base,0.48855674266815186
clean,"cos(g_rel_tdir,g_base)",scannetpp,ALL,probe1,09c1414f1b,theta_base,0.9788335561752319
clean,loss[maskdistill],scannetpp,-,probe1,09c1414f1b,theta_base,0.10092142224311829
clean,loss[rkd_sh_d],scannetpp,-,probe1,09c1414f1b,theta_base,0.011659083887934685
clean,loss[rkd_sh_a],scannetpp,-,probe1,09c1414f1b,theta_base,0.05073292553424835
clean,loss[couple],scannetpp,-,probe1,09c1414f1b,theta_base,0.0014274490531533957
clean,loss[rel_rot],scannetpp,-,probe1,09c1414f1b,theta_base,3.579143524169922
clean,loss[rel_tdir],scannetpp,-,probe1,09c1414f1b,theta_base,0.3444318175315857
m0,"cos(g_maskdistill,g_rkd_sh_d)",scannetpp,lora_early,probe1,09c1414f1b,theta_base,-0.5969200134277344
m0,"cos(g_maskdistill,g_rkd_sh_a)",scannetpp,lora_early,probe1,09c1414f1b,theta_base,-0.5972563624382019
m0,"cos(g_maskdistill,g_couple)",scannetpp,lora_early,probe1,09c1414f1b,theta_base,-0.5830573439598083
m0,"cos(g_maskdistill,g_rel_rot)",scannetpp,lora_early,probe1,09c1414f1b,theta_base,-0.6051691770553589
m0,"cos(g_maskdistill,g_rel_tdir)",scannetpp,lora_early,probe1,09c1414f1b,theta_base,-0.5774539113044739
m0,"cos(g_rkd_sh_d,g_rkd_sh_a)",scannetpp,lora_early,probe1,09c1414f1b,theta_base,0.9989424347877502
m0,"cos(g_rkd_sh_d,g_couple)",scannetpp,lora_early,probe1,09c1414f1b,theta_base,0.989578127861023
m0,"cos(g_rkd_sh_d,g_rel_rot)",scannetpp,lora_early,probe1,09c1414f1b,theta_base,0.9968642592430115
m0,"cos(g_rkd_sh_d,g_rel_tdir)",scannetpp,lora_early,probe1,09c1414f1b,theta_base,0.989288330078125
m0,"cos(g_rkd_sh_a,g_couple)",scannetpp,lora_early,probe1,09c1414f1b,theta_base,0.9869961738586426
m0,"cos(g_rkd_sh_a,g_rel_rot)",scannetpp,lora_early,probe1,09c1414f1b,theta_base,0.9962949156761169
m0,"cos(g_rkd_sh_a,g_rel_tdir)",scannetpp,lora_early,probe1,09c1414f1b,theta_base,0.9925006031990051
m0,"cos(g_couple,g_rel_rot)",scannetpp,lora_early,probe1,09c1414f1b,theta_base,0.9891529083251953
m0,"cos(g_couple,g_rel_tdir)",scannetpp,lora_early,probe1,09c1414f1b,theta_base,0.9691078066825867
m0,"cos(g_rel_rot,g_rel_tdir)",scannetpp,lora_early,probe1,09c1414f1b,theta_base,0.9866350889205933
m0,"cos(g_maskdistill,g_rkd_sh_d)",scannetpp,lora_late,probe1,09c1414f1b,theta_base,-0.16907081007957458
m0,"cos(g_maskdistill,g_rkd_sh_a)",scannetpp,lora_late,probe1,09c1414f1b,theta_base,-0.17025524377822876
m0,"cos(g_maskdistill,g_couple)",scannetpp,lora_late,probe1,09c1414f1b,theta_base,-0.19928747415542603
m0,"cos(g_maskdistill,g_rel_rot)",scannetpp,lora_late,probe1,09c1414f1b,theta_base,-0.2126220166683197
m0,"cos(g_maskdistill,g_rel_tdir)",scannetpp,lora_late,probe1,09c1414f1b,theta_base,0.0160536952316761
m0,"cos(g_rkd_sh_d,g_rkd_sh_a)",scannetpp,lora_late,probe1,09c1414f1b,theta_base,0.9890596270561218
m0,"cos(g_rkd_sh_d,g_couple)",scannetpp,lora_late,probe1,09c1414f1b,theta_base,0.9376173615455627
m0,"cos(g_rkd_sh_d,g_rel_rot)",scannetpp,lora_late,probe1,09c1414f1b,theta_base,0.9560642242431641
m0,"cos(g_rkd_sh_d,g_rel_tdir)",scannetpp,lora_late,probe1,09c1414f1b,theta_base,0.8896585702896118
m0,"cos(g_rkd_sh_a,g_couple)",scannetpp,lora_late,probe1,09c1414f1b,theta_base,0.923342227935791
m0,"cos(g_rkd_sh_a,g_rel_rot)",scannetpp,lora_late,probe1,09c1414f1b,theta_base,0.959079384803772
m0,"cos(g_rkd_sh_a,g_rel_tdir)",scannetpp,lora_late,probe1,09c1414f1b,theta_base,0.9220877885818481
m0,"cos(g_couple,g_rel_rot)",scannetpp,lora_late,probe1,09c1414f1b,theta_base,0.8990187048912048
m0,"cos(g_couple,g_rel_tdir)",scannetpp,lora_late,probe1,09c1414f1b,theta_base,0.7833973169326782
m0,"cos(g_rel_rot,g_rel_tdir)",scannetpp,lora_late,probe1,09c1414f1b,theta_base,0.8741846084594727
m0,"cos(g_maskdistill,g_rkd_sh_d)",scannetpp,cam_token,probe1,09c1414f1b,theta_base,-0.5093686580657959
m0,"cos(g_maskdistill,g_rkd_sh_a)",scannetpp,cam_token,probe1,09c1414f1b,theta_base,-0.5268659591674805
m0,"cos(g_maskdistill,g_couple)",scannetpp,cam_token,probe1,09c1414f1b,theta_base,-0.44716429710388184
m0,"cos(g_maskdistill,g_rel_rot)",scannetpp,cam_token,probe1,09c1414f1b,theta_base,-0.41101568937301636
m0,"cos(g_maskdistill,g_rel_tdir)",scannetpp,cam_token,probe1,09c1414f1b,theta_base,-0.5229517221450806
m0,"cos(g_rkd_sh_d,g_rkd_sh_a)",scannetpp,cam_token,probe1,09c1414f1b,theta_base,0.9942038059234619
m0,"cos(g_rkd_sh_d,g_couple)",scannetpp,cam_token,probe1,09c1414f1b,theta_base,0.961693525314331
m0,"cos(g_rkd_sh_d,g_rel_rot)",scannetpp,cam_token,probe1,09c1414f1b,theta_base,0.9718891382217407
m0,"cos(g_rkd_sh_d,g_rel_tdir)",scannetpp,cam_token,probe1,09c1414f1b,theta_base,0.9496229887008667
m0,"cos(g_rkd_sh_a,g_couple)",scannetpp,cam_token,probe1,09c1414f1b,theta_base,0.9538757801055908
m0,"cos(g_rkd_sh_a,g_rel_rot)",scannetpp,cam_token,probe1,09c1414f1b,theta_base,0.9687523245811462
m0,"cos(g_rkd_sh_a,g_rel_tdir)",scannetpp,cam_token,probe1,09c1414f1b,theta_base,0.9719284176826477
m0,"cos(g_couple,g_rel_rot)",scannetpp,cam_token,probe1,09c1414f1b,theta_base,0.9457104206085205
m0,"cos(g_couple,g_rel_tdir)",scannetpp,cam_token,probe1,09c1414f1b,theta_base,0.8889634609222412
m0,"cos(g_rel_rot,g_rel_tdir)",scannetpp,cam_token,probe1,09c1414f1b,theta_base,0.9273779988288879
m0,"cos(g_maskdistill,g_rkd_sh_d)",scannetpp,ALL,probe1,09c1414f1b,theta_base,-0.5667048096656799
m0,"cos(g_maskdistill,g_rkd_sh_a)",scannetpp,ALL,probe1,09c1414f1b,theta_base,-0.5670602321624756
m0,"cos(g_maskdistill,g_couple)",scannetpp,ALL,probe1,09c1414f1b,theta_base,-0.5542653799057007
m0,"cos(g_maskdistill,g_rel_rot)",scannetpp,ALL,probe1,09c1414f1b,theta_base,-0.5763061046600342
m0,"cos(g_maskdistill,g_rel_tdir)",scannetpp,ALL,probe1,09c1414f1b,theta_base,-0.5391734838485718
m0,"cos(g_rkd_sh_d,g_rkd_sh_a)",scannetpp,ALL,probe1,09c1414f1b,theta_base,0.9987367391586304
m0,"cos(g_rkd_sh_d,g_couple)",scannetpp,ALL,probe1,09c1414f1b,theta_base,0.9877346754074097
m0,"cos(g_rkd_sh_d,g_rel_rot)",scannetpp,ALL,probe1,09c1414f1b,theta_base,0.9960334897041321
m0,"cos(g_rkd_sh_d,g_rel_tdir)",scannetpp,ALL,probe1,09c1414f1b,theta_base,0.9870566129684448
m0,"cos(g_rkd_sh_a,g_couple)",scannetpp,ALL,probe1,09c1414f1b,theta_base,0.9848875999450684
m0,"cos(g_rkd_sh_a,g_rel_rot)",scannetpp,ALL,probe1,09c1414f1b,theta_base,0.9955233335494995
m0,"cos(g_rkd_sh_a,g_rel_tdir)",scannetpp,ALL,probe1,09c1414f1b,theta_base,0.9909114837646484
m0,"cos(g_couple,g_rel_rot)",scannetpp,ALL,probe1,09c1414f1b,theta_base,0.9863114356994629
m0,"cos(g_couple,g_rel_tdir)",scannetpp,ALL,probe1,09c1414f1b,theta_base,0.963866651058197
m0,"cos(g_rel_rot,g_rel_tdir)",scannetpp,ALL,probe1,09c1414f1b,theta_base,0.9841270446777344
m0,"cos(g_rel_rot,g_base)",scannetpp,lora_early,probe1,09c1414f1b,theta_base,0.9967068433761597
m0,"cos(g_rel_tdir,g_base)",scannetpp,lora_early,probe1,09c1414f1b,theta_base,0.9907264113426208
m0,"cos(g_rel_rot,g_base)",scannetpp,lora_late,probe1,09c1414f1b,theta_base,0.9575623869895935
m0,"cos(g_rel_tdir,g_base)",scannetpp,lora_late,probe1,09c1414f1b,theta_base,0.9125450849533081
m0,"cos(g_rel_rot,g_base)",scannetpp,cam_token,probe1,09c1414f1b,theta_base,0.9746931195259094
m0,"cos(g_rel_tdir,g_base)",scannetpp,cam_token,probe1,09c1414f1b,theta_base,0.9618585705757141
m0,"cos(g_rel_rot,g_base)",scannetpp,ALL,probe1,09c1414f1b,theta_base,0.9958692789077759
m0,"cos(g_rel_tdir,g_base)",scannetpp,ALL,probe1,09c1414f1b,theta_base,0.9889490604400635
m0,loss[maskdistill],scannetpp,-,probe1,09c1414f1b,theta_base,0.2778739035129547
m0,loss[rkd_sh_d],scannetpp,-,probe1,09c1414f1b,theta_base,0.008485835045576096
m0,loss[rkd_sh_a],scannetpp,-,probe1,09c1414f1b,theta_base,0.05121726915240288
m0,loss[couple],scannetpp,-,probe1,09c1414f1b,theta_base,0.00834060087800026
m0,loss[rel_rot],scannetpp,-,probe1,09c1414f1b,theta_base,3.209704875946045
m0,loss[rel_tdir],scannetpp,-,probe1,09c1414f1b,theta_base,0.649165153503418
clean,"cos(g_maskdistill,g_rkd_sh_d)",scannetpp,lora_early,probe0,09c1414f1b,theta_rel,-0.33423829078674316
clean,"cos(g_maskdistill,g_rkd_sh_a)",scannetpp,lora_early,probe0,09c1414f1b,theta_rel,0.24965763092041016
clean,"cos(g_maskdistill,g_couple)",scannetpp,lora_early,probe0,09c1414f1b,theta_rel,0.8239457607269287
clean,"cos(g_maskdistill,g_rel_rot)",scannetpp,lora_early,probe0,09c1414f1b,theta_rel,0.7379331588745117
clean,"cos(g_maskdistill,g_rel_tdir)",scannetpp,lora_early,probe0,09c1414f1b,theta_rel,0.4072415828704834
clean,"cos(g_rkd_sh_d,g_rkd_sh_a)",scannetpp,lora_early,probe0,09c1414f1b,theta_rel,0.758455216884613
clean,"cos(g_rkd_sh_d,g_couple)",scannetpp,lora_early,probe0,09c1414f1b,theta_rel,0.11862943321466446
clean,"cos(g_rkd_sh_d,g_rel_rot)",scannetpp,lora_early,probe0,09c1414f1b,theta_rel,-0.42913609743118286
clean,"cos(g_rkd_sh_d,g_rel_tdir)",scannetpp,lora_early,probe0,09c1414f1b,theta_rel,0.6095714569091797
clean,"cos(g_rkd_sh_a,g_couple)",scannetpp,lora_early,probe0,09c1414f1b,theta_rel,0.575791597366333
clean,"cos(g_rkd_sh_a,g_rel_rot)",scannetpp,lora_early,probe0,09c1414f1b,theta_rel,-0.032391272485256195
clean,"cos(g_rkd_sh_a,g_rel_tdir)",scannetpp,lora_early,probe0,09c1414f1b,theta_rel,0.9787001609802246
clean,"cos(g_couple,g_rel_rot)",scannetpp,lora_early,probe0,09c1414f1b,theta_rel,0.5190476179122925
clean,"cos(g_couple,g_rel_tdir)",scannetpp,lora_early,probe0,09c1414f1b,theta_rel,0.6629982590675354
clean,"cos(g_rel_rot,g_rel_tdir)",scannetpp,lora_early,probe0,09c1414f1b,theta_rel,0.10059376806020737
clean,"cos(g_maskdistill,g_rkd_sh_d)",scannetpp,lora_late,probe0,09c1414f1b,theta_rel,-0.08857579529285431
clean,"cos(g_maskdistill,g_rkd_sh_a)",scannetpp,lora_late,probe0,09c1414f1b,theta_rel,0.3906666934490204
clean,"cos(g_maskdistill,g_couple)",scannetpp,lora_late,probe0,09c1414f1b,theta_rel,0.8086593151092529
clean,"cos(g_maskdistill,g_rel_rot)",scannetpp,lora_late,probe0,09c1414f1b,theta_rel,0.6673578023910522
clean,"cos(g_maskdistill,g_rel_tdir)",scannetpp,lora_late,probe0,09c1414f1b,theta_rel,0.4923005998134613
clean,"cos(g_rkd_sh_d,g_rkd_sh_a)",scannetpp,lora_late,probe0,09c1414f1b,theta_rel,0.797479510307312
clean,"cos(g_rkd_sh_d,g_couple)",scannetpp,lora_late,probe0,09c1414f1b,theta_rel,0.31524112820625305
clean,"cos(g_rkd_sh_d,g_rel_rot)",scannetpp,lora_late,probe0,09c1414f1b,theta_rel,-0.1464499682188034
clean,"cos(g_rkd_sh_d,g_rel_tdir)",scannetpp,lora_late,probe0,09c1414f1b,theta_rel,0.6888086795806885
clean,"cos(g_rkd_sh_a,g_couple)",scannetpp,lora_late,probe0,09c1414f1b,theta_rel,0.6737959980964661
clean,"cos(g_rkd_sh_a,g_rel_rot)",scannetpp,lora_late,probe0,09c1414f1b,theta_rel,0.15798567235469818
clean,"cos(g_rkd_sh_a,g_rel_tdir)",scannetpp,lora_late,probe0,09c1414f1b,theta_rel,0.9863216280937195
clean,"cos(g_couple,g_rel_rot)",scannetpp,lora_late,probe0,09c1414f1b,theta_rel,0.48175525665283203
clean,"cos(g_couple,g_rel_tdir)",scannetpp,lora_late,probe0,09c1414f1b,theta_rel,0.7241350412368774
clean,"cos(g_rel_rot,g_rel_tdir)",scannetpp,lora_late,probe0,09c1414f1b,theta_rel,0.23712483048439026
clean,"cos(g_maskdistill,g_rkd_sh_d)",scannetpp,cam_token,probe0,09c1414f1b,theta_rel,-0.5994324684143066
clean,"cos(g_maskdistill,g_rkd_sh_a)",scannetpp,cam_token,probe0,09c1414f1b,theta_rel,-7.7785924077034e-05
clean,"cos(g_maskdistill,g_couple)",scannetpp,cam_token,probe0,09c1414f1b,theta_rel,0.8018028736114502
clean,"cos(g_maskdistill,g_rel_rot)",scannetpp,cam_token,probe0,09c1414f1b,theta_rel,0.8336842656135559
clean,"cos(g_maskdistill,g_rel_tdir)",scannetpp,cam_token,probe0,09c1414f1b,theta_rel,0.23159943521022797
clean,"cos(g_rkd_sh_d,g_rkd_sh_a)",scannetpp,cam_token,probe0,09c1414f1b,theta_rel,0.7626683712005615
clean,"cos(g_rkd_sh_d,g_couple)",scannetpp,cam_token,probe0,09c1414f1b,theta_rel,-0.06812569499015808
clean,"cos(g_rkd_sh_d,g_rel_rot)",scannetpp,cam_token,probe0,09c1414f1b,theta_rel,-0.7760331034660339
clean,"cos(g_rkd_sh_d,g_rel_tdir)",scannetpp,cam_token,probe0,09c1414f1b,theta_rel,0.5779346227645874
clean,"cos(g_rkd_sh_a,g_couple)",scannetpp,cam_token,probe0,09c1414f1b,theta_rel,0.4939601719379425
clean,"cos(g_rkd_sh_a,g_rel_rot)",scannetpp,cam_token,probe0,09c1414f1b,theta_rel,-0.3863970637321472
clean,"cos(g_rkd_sh_a,g_rel_tdir)",scannetpp,cam_token,probe0,09c1414f1b,theta_rel,0.9683138132095337
clean,"cos(g_couple,g_rel_rot)",scannetpp,cam_token,probe0,09c1414f1b,theta_rel,0.46010902523994446
clean,"cos(g_couple,g_rel_tdir)",scannetpp,cam_token,probe0,09c1414f1b,theta_rel,0.6505867838859558
clean,"cos(g_rel_rot,g_rel_tdir)",scannetpp,cam_token,probe0,09c1414f1b,theta_rel,-0.1816401183605194
clean,"cos(g_maskdistill,g_rkd_sh_d)",scannetpp,ALL,probe0,09c1414f1b,theta_rel,-0.288138747215271
clean,"cos(g_maskdistill,g_rkd_sh_a)",scannetpp,ALL,probe0,09c1414f1b,theta_rel,0.27816659212112427
clean,"cos(g_maskdistill,g_couple)",scannetpp,ALL,probe0,09c1414f1b,theta_rel,0.8199889063835144
clean,"cos(g_maskdistill,g_rel_rot)",scannetpp,ALL,probe0,09c1414f1b,theta_rel,0.7234330177307129
clean,"cos(g_maskdistill,g_rel_tdir)",scannetpp,ALL,probe0,09c1414f1b,theta_rel,0.42361462116241455
clean,"cos(g_rkd_sh_d,g_rkd_sh_a)",scannetpp,ALL,probe0,09c1414f1b,theta_rel,0.7658568024635315
clean,"cos(g_rkd_sh_d,g_couple)",scannetpp,ALL,probe0,09c1414f1b,theta_rel,0.1589329093694687
clean,"cos(g_rkd_sh_d,g_rel_rot)",scannetpp,ALL,probe0,09c1414f1b,theta_rel,-0.37290143966674805
clean,"cos(g_rkd_sh_d,g_rel_tdir)",scannetpp,ALL,probe0,09c1414f1b,theta_rel,0.6259890794754028
clean,"cos(g_rkd_sh_a,g_couple)",scannetpp,ALL,probe0,09c1414f1b,theta_rel,0.5979999303817749
clean,"cos(g_rkd_sh_a,g_rel_rot)",scannetpp,ALL,probe0,09c1414f1b,theta_rel,0.009022936224937439
clean,"cos(g_rkd_sh_a,g_rel_tdir)",scannetpp,ALL,probe0,09c1414f1b,theta_rel,0.980556309223175
clean,"cos(g_couple,g_rel_rot)",scannetpp,ALL,probe0,09c1414f1b,theta_rel,0.5095056295394897
clean,"cos(g_couple,g_rel_tdir)",scannetpp,ALL,probe0,09c1414f1b,theta_rel,0.6768145561218262
clean,"cos(g_rel_rot,g_rel_tdir)",scannetpp,ALL,probe0,09c1414f1b,theta_rel,0.13007667660713196
clean,"cos(g_rel_rot,g_base)",scannetpp,lora_early,probe0,09c1414f1b,theta_rel,0.2539411187171936
clean,"cos(g_rel_tdir,g_base)",scannetpp,lora_early,probe0,09c1414f1b,theta_rel,0.948614239692688
clean,"cos(g_rel_rot,g_base)",scannetpp,lora_late,probe0,09c1414f1b,theta_rel,0.34899887442588806
clean,"cos(g_rel_tdir,g_base)",scannetpp,lora_late,probe0,09c1414f1b,theta_rel,0.9548885226249695
clean,"cos(g_rel_rot,g_base)",scannetpp,cam_token,probe0,09c1414f1b,theta_rel,0.05566112697124481
clean,"cos(g_rel_tdir,g_base)",scannetpp,cam_token,probe0,09c1414f1b,theta_rel,0.9478801488876343
clean,"cos(g_rel_rot,g_base)",scannetpp,ALL,probe0,09c1414f1b,theta_rel,0.273764431476593
clean,"cos(g_rel_tdir,g_base)",scannetpp,ALL,probe0,09c1414f1b,theta_rel,0.9501610994338989
clean,loss[maskdistill],scannetpp,-,probe0,09c1414f1b,theta_rel,0.15434125065803528
clean,loss[rkd_sh_d],scannetpp,-,probe0,09c1414f1b,theta_rel,0.01927369087934494
clean,loss[rkd_sh_a],scannetpp,-,probe0,09c1414f1b,theta_rel,0.041116341948509216
clean,loss[couple],scannetpp,-,probe0,09c1414f1b,theta_rel,0.0053019290789961815
clean,loss[rel_rot],scannetpp,-,probe0,09c1414f1b,theta_rel,0.14856281876564026
clean,loss[rel_tdir],scannetpp,-,probe0,09c1414f1b,theta_rel,0.08458217978477478
m0,"cos(g_maskdistill,g_rkd_sh_d)",scannetpp,lora_early,probe0,09c1414f1b,theta_rel,0.5965924263000488
m0,"cos(g_maskdistill,g_rkd_sh_a)",scannetpp,lora_early,probe0,09c1414f1b,theta_rel,0.6864273548126221
m0,"cos(g_maskdistill,g_couple)",scannetpp,lora_early,probe0,09c1414f1b,theta_rel,0.6480364799499512
m0,"cos(g_maskdistill,g_rel_rot)",scannetpp,lora_early,probe0,09c1414f1b,theta_rel,0.36891698837280273
m0,"cos(g_maskdistill,g_rel_tdir)",scannetpp,lora_early,probe0,09c1414f1b,theta_rel,0.6631942987442017
m0,"cos(g_rkd_sh_d,g_rkd_sh_a)",scannetpp,lora_early,probe0,09c1414f1b,theta_rel,0.9658586978912354
m0,"cos(g_rkd_sh_d,g_couple)",scannetpp,lora_early,probe0,09c1414f1b,theta_rel,0.6322925090789795
m0,"cos(g_rkd_sh_d,g_rel_rot)",scannetpp,lora_early,probe0,09c1414f1b,theta_rel,-0.08037702739238739
m0,"cos(g_rkd_sh_d,g_rel_tdir)",scannetpp,lora_early,probe0,09c1414f1b,theta_rel,0.9550645351409912
m0,"cos(g_rkd_sh_a,g_couple)",scannetpp,lora_early,probe0,09c1414f1b,theta_rel,0.7291823625564575
m0,"cos(g_rkd_sh_a,g_rel_rot)",scannetpp,lora_early,probe0,09c1414f1b,theta_rel,-0.03167274221777916
m0,"cos(g_rkd_sh_a,g_rel_tdir)",scannetpp,lora_early,probe0,09c1414f1b,theta_rel,0.9884155988693237
m0,"cos(g_couple,g_rel_rot)",scannetpp,lora_early,probe0,09c1414f1b,theta_rel,0.3198884129524231
m0,"cos(g_couple,g_rel_tdir)",scannetpp,lora_early,probe0,09c1414f1b,theta_rel,0.7539455890655518
m0,"cos(g_rel_rot,g_rel_tdir)",scannetpp,lora_early,probe0,09c1414f1b,theta_rel,-0.027581557631492615
m0,"cos(g_maskdistill,g_rkd_sh_d)",scannetpp,lora_late,probe0,09c1414f1b,theta_rel,0.5832948684692383
m0,"cos(g_maskdistill,g_rkd_sh_a)",scannetpp,lora_late,probe0,09c1414f1b,theta_rel,0.6898363828659058
m0,"cos(g_maskdistill,g_couple)",scannetpp,lora_late,probe0,09c1414f1b,theta_rel,0.6968929767608643
m0,"cos(g_maskdistill,g_rel_rot)",scannetpp,lora_late,probe0,09c1414f1b,theta_rel,0.30713146924972534
m0,"cos(g_maskdistill,g_rel_tdir)",scannetpp,lora_late,probe0,09c1414f1b,theta_rel,0.6890319585800171
m0,"cos(g_rkd_sh_d,g_rkd_sh_a)",scannetpp,lora_late,probe0,09c1414f1b,theta_rel,0.957656979560852
m0,"cos(g_rkd_sh_d,g_couple)",scannetpp,lora_late,probe0,09c1414f1b,theta_rel,0.5247020721435547
m0,"cos(g_rkd_sh_d,g_rel_rot)",scannetpp,lora_late,probe0,09c1414f1b,theta_rel,-0.1381087601184845
m0,"cos(g_rkd_sh_d,g_rel_tdir)",scannetpp,lora_late,probe0,09c1414f1b,theta_rel,0.959324836730957
m0,"cos(g_rkd_sh_a,g_couple)",scannetpp,lora_late,probe0,09c1414f1b,theta_rel,0.6424137949943542
m0,"cos(g_rkd_sh_a,g_rel_rot)",scannetpp,lora_late,probe0,09c1414f1b,theta_rel,-0.13937246799468994
m0,"cos(g_rkd_sh_a,g_rel_tdir)",scannetpp,lora_late,probe0,09c1414f1b,theta_rel,0.9914838671684265
m0,"cos(g_couple,g_rel_rot)",scannetpp,lora_late,probe0,09c1414f1b,theta_rel,0.16946128010749817
m0,"cos(g_couple,g_rel_tdir)",scannetpp,lora_late,probe0,09c1414f1b,theta_rel,0.6572035551071167
m0,"cos(g_rel_rot,g_rel_tdir)",scannetpp,lora_late,probe0,09c1414f1b,theta_rel,-0.15210892260074615
m0,"cos(g_maskdistill,g_rkd_sh_d)",scannetpp,cam_token,probe0,09c1414f1b,theta_rel,0.6500364542007446
m0,"cos(g_maskdistill,g_rkd_sh_a)",scannetpp,cam_token,probe0,09c1414f1b,theta_rel,0.6867138743400574
m0,"cos(g_maskdistill,g_couple)",scannetpp,cam_token,probe0,09c1414f1b,theta_rel,0.7422245144844055
m0,"cos(g_maskdistill,g_rel_rot)",scannetpp,cam_token,probe0,09c1414f1b,theta_rel,0.6238526105880737
m0,"cos(g_maskdistill,g_rel_tdir)",scannetpp,cam_token,probe0,09c1414f1b,theta_rel,0.6898475885391235
m0,"cos(g_rkd_sh_d,g_rkd_sh_a)",scannetpp,cam_token,probe0,09c1414f1b,theta_rel,0.9895453453063965
m0,"cos(g_rkd_sh_d,g_couple)",scannetpp,cam_token,probe0,09c1414f1b,theta_rel,0.8155292272567749
m0,"cos(g_rkd_sh_d,g_rel_rot)",scannetpp,cam_token,probe0,09c1414f1b,theta_rel,0.45785433053970337
m0,"cos(g_rkd_sh_d,g_rel_tdir)",scannetpp,cam_token,probe0,09c1414f1b,theta_rel,0.9879956841468811
m0,"cos(g_rkd_sh_a,g_couple)",scannetpp,cam_token,probe0,09c1414f1b,theta_rel,0.8547492027282715
m0,"cos(g_rkd_sh_a,g_rel_rot)",scannetpp,cam_token,probe0,09c1414f1b,theta_rel,0.45095720887184143
m0,"cos(g_rkd_sh_a,g_rel_tdir)",scannetpp,cam_token,probe0,09c1414f1b,theta_rel,0.9963964223861694
m0,"cos(g_couple,g_rel_rot)",scannetpp,cam_token,probe0,09c1414f1b,theta_rel,0.5637971758842468
m0,"cos(g_couple,g_rel_tdir)",scannetpp,cam_token,probe0,09c1414f1b,theta_rel,0.8517658710479736
m0,"cos(g_rel_rot,g_rel_tdir)",scannetpp,cam_token,probe0,09c1414f1b,theta_rel,0.42685452103614807
m0,"cos(g_maskdistill,g_rkd_sh_d)",scannetpp,ALL,probe0,09c1414f1b,theta_rel,0.5947808623313904
m0,"cos(g_maskdistill,g_rkd_sh_a)",scannetpp,ALL,probe0,09c1414f1b,theta_rel,0.686618447303772
m0,"cos(g_maskdistill,g_couple)",scannetpp,ALL,probe0,09c1414f1b,theta_rel,0.6534543037414551
m0,"cos(g_maskdistill,g_rel_rot)",scannetpp,ALL,probe0,09c1414f1b,theta_rel,0.36126255989074707
m0,"cos(g_maskdistill,g_rel_tdir)",scannetpp,ALL,probe0,09c1414f1b,theta_rel,0.6661148071289062
m0,"cos(g_rkd_sh_d,g_rkd_sh_a)",scannetpp,ALL,probe0,09c1414f1b,theta_rel,0.9649370908737183
m0,"cos(g_rkd_sh_d,g_couple)",scannetpp,ALL,probe0,09c1414f1b,theta_rel,0.6202070713043213
m0,"cos(g_rkd_sh_d,g_rel_rot)",scannetpp,ALL,probe0,09c1414f1b,theta_rel,-0.08539614081382751
m0,"cos(g_rkd_sh_d,g_rel_tdir)",scannetpp,ALL,probe0,09c1414f1b,theta_rel,0.9555249810218811
m0,"cos(g_rkd_sh_a,g_couple)",scannetpp,ALL,probe0,09c1414f1b,theta_rel,0.7194076180458069
m0,"cos(g_rkd_sh_a,g_rel_rot)",scannetpp,ALL,probe0,09c1414f1b,theta_rel,-0.04373234510421753
m0,"cos(g_rkd_sh_a,g_rel_tdir)",scannetpp,ALL,probe0,09c1414f1b,theta_rel,0.98870849609375
m0,"cos(g_couple,g_rel_rot)",scannetpp,ALL,probe0,09c1414f1b,theta_rel,0.3019600510597229
m0,"cos(g_couple,g_rel_tdir)",scannetpp,ALL,probe0,09c1414f1b,theta_rel,0.743620753288269
m0,"cos(g_rel_rot,g_rel_tdir)",scannetpp,ALL,probe0,09c1414f1b,theta_rel,-0.0414595790207386
m0,"cos(g_rel_rot,g_base)",scannetpp,lora_early,probe0,09c1414f1b,theta_rel,0.05927922576665878
m0,"cos(g_rel_tdir,g_base)",scannetpp,lora_early,probe0,09c1414f1b,theta_rel,0.982893705368042
m0,"cos(g_rel_rot,g_base)",scannetpp,lora_late,probe0,09c1414f1b,theta_rel,-0.05599590390920639
m0,"cos(g_rel_tdir,g_base)",scannetpp,lora_late,probe0,09c1414f1b,theta_rel,0.984809160232544
m0,"cos(g_rel_rot,g_base)",scannetpp,cam_token,probe0,09c1414f1b,theta_rel,0.49561798572540283
m0,"cos(g_rel_tdir,g_base)",scannetpp,cam_token,probe0,09c1414f1b,theta_rel,0.992864191532135
m0,"cos(g_rel_rot,g_base)",scannetpp,ALL,probe0,09c1414f1b,theta_rel,0.046233631670475006
m0,"cos(g_rel_tdir,g_base)",scannetpp,ALL,probe0,09c1414f1b,theta_rel,0.9831401109695435
m0,loss[maskdistill],scannetpp,-,probe0,09c1414f1b,theta_rel,0.3652417063713074
m0,loss[rkd_sh_d],scannetpp,-,probe0,09c1414f1b,theta_rel,0.08598043769598007
m0,loss[rkd_sh_a],scannetpp,-,probe0,09c1414f1b,theta_rel,0.11473047733306885
m0,loss[couple],scannetpp,-,probe0,09c1414f1b,theta_rel,0.0032981738913804293
m0,loss[rel_rot],scannetpp,-,probe0,09c1414f1b,theta_rel,1.383392095565796
m0,loss[rel_tdir],scannetpp,-,probe0,09c1414f1b,theta_rel,0.9134129285812378
clean,"cos(g_maskdistill,g_rkd_sh_d)",scannetpp,lora_early,probe1,09c1414f1b,theta_rel,0.5477970242500305
clean,"cos(g_maskdistill,g_rkd_sh_a)",scannetpp,lora_early,probe1,09c1414f1b,theta_rel,-0.6103073358535767
clean,"cos(g_maskdistill,g_couple)",scannetpp,lora_early,probe1,09c1414f1b,theta_rel,-0.7337155342102051
clean,"cos(g_maskdistill,g_rel_rot)",scannetpp,lora_early,probe1,09c1414f1b,theta_rel,-0.8088851571083069
clean,"cos(g_maskdistill,g_rel_tdir)",scannetpp,lora_early,probe1,09c1414f1b,theta_rel,-0.4167013168334961
clean,"cos(g_rkd_sh_d,g_rkd_sh_a)",scannetpp,lora_early,probe1,09c1414f1b,theta_rel,-0.10207625478506088
clean,"cos(g_rkd_sh_d,g_couple)",scannetpp,lora_early,probe1,09c1414f1b,theta_rel,-0.32843631505966187
clean,"cos(g_rkd_sh_d,g_rel_rot)",scannetpp,lora_early,probe1,09c1414f1b,theta_rel,-0.5832647085189819
clean,"cos(g_rkd_sh_d,g_rel_tdir)",scannetpp,lora_early,probe1,09c1414f1b,theta_rel,0.05205591022968292
clean,"cos(g_rkd_sh_a,g_couple)",scannetpp,lora_early,probe1,09c1414f1b,theta_rel,0.8538985848426819
clean,"cos(g_rkd_sh_a,g_rel_rot)",scannetpp,lora_early,probe1,09c1414f1b,theta_rel,0.6147753596305847
clean,"cos(g_rkd_sh_a,g_rel_tdir)",scannetpp,lora_early,probe1,09c1414f1b,theta_rel,0.9572826623916626
clean,"cos(g_couple,g_rel_rot)",scannetpp,lora_early,probe1,09c1414f1b,theta_rel,0.6230915188789368
clean,"cos(g_couple,g_rel_tdir)",scannetpp,lora_early,probe1,09c1414f1b,theta_rel,0.7680662870407104
clean,"cos(g_rel_rot,g_rel_tdir)",scannetpp,lora_early,probe1,09c1414f1b,theta_rel,0.39645981788635254
clean,"cos(g_maskdistill,g_rkd_sh_d)",scannetpp,lora_late,probe1,09c1414f1b,theta_rel,0.38680851459503174
clean,"cos(g_maskdistill,g_rkd_sh_a)",scannetpp,lora_late,probe1,09c1414f1b,theta_rel,-0.24604204297065735
clean,"cos(g_maskdistill,g_couple)",scannetpp,lora_late,probe1,09c1414f1b,theta_rel,-0.5649378299713135
clean,"cos(g_maskdistill,g_rel_rot)",scannetpp,lora_late,probe1,09c1414f1b,theta_rel,-0.3815802335739136
clean,"cos(g_maskdistill,g_rel_tdir)",scannetpp,lora_late,probe1,09c1414f1b,theta_rel,-0.17476968467235565
clean,"cos(g_rkd_sh_d,g_rkd_sh_a)",scannetpp,lora_late,probe1,09c1414f1b,theta_rel,0.26581311225891113
clean,"cos(g_rkd_sh_d,g_couple)",scannetpp,lora_late,probe1,09c1414f1b,theta_rel,-0.20145845413208008
clean,"cos(g_rkd_sh_d,g_rel_rot)",scannetpp,lora_late,probe1,09c1414f1b,theta_rel,0.07260021567344666
clean,"cos(g_rkd_sh_d,g_rel_tdir)",scannetpp,lora_late,probe1,09c1414f1b,theta_rel,0.2428605556488037
clean,"cos(g_rkd_sh_a,g_couple)",scannetpp,lora_late,probe1,09c1414f1b,theta_rel,0.6533883213996887
clean,"cos(g_rkd_sh_a,g_rel_rot)",scannetpp,lora_late,probe1,09c1414f1b,theta_rel,0.286201536655426
clean,"cos(g_rkd_sh_a,g_rel_tdir)",scannetpp,lora_late,probe1,09c1414f1b,theta_rel,0.9803662300109863
clean,"cos(g_couple,g_rel_rot)",scannetpp,lora_late,probe1,09c1414f1b,theta_rel,0.4037209153175354
clean,"cos(g_couple,g_rel_tdir)",scannetpp,lora_late,probe1,09c1414f1b,theta_rel,0.5677756667137146
clean,"cos(g_rel_rot,g_rel_tdir)",scannetpp,lora_late,probe1,09c1414f1b,theta_rel,0.2288748323917389
clean,"cos(g_maskdistill,g_rkd_sh_d)",scannetpp,cam_token,probe1,09c1414f1b,theta_rel,-0.08525802195072174
clean,"cos(g_maskdistill,g_rkd_sh_a)",scannetpp,cam_token,probe1,09c1414f1b,theta_rel,-0.720162570476532
clean,"cos(g_maskdistill,g_couple)",scannetpp,cam_token,probe1,09c1414f1b,theta_rel,-0.7521955966949463
clean,"cos(g_maskdistill,g_rel_rot)",scannetpp,cam_token,probe1,09c1414f1b,theta_rel,-0.15099945664405823
clean,"cos(g_maskdistill,g_rel_tdir)",scannetpp,cam_token,probe1,09c1414f1b,theta_rel,-0.6497683525085449
clean,"cos(g_rkd_sh_d,g_rkd_sh_a)",scannetpp,cam_token,probe1,09c1414f1b,theta_rel,0.4490019679069519
clean,"cos(g_rkd_sh_d,g_couple)",scannetpp,cam_token,probe1,09c1414f1b,theta_rel,-0.1607629954814911
clean,"cos(g_rkd_sh_d,g_rel_rot)",scannetpp,cam_token,probe1,09c1414f1b,theta_rel,-0.6194641590118408
clean,"cos(g_rkd_sh_d,g_rel_tdir)",scannetpp,cam_token,probe1,09c1414f1b,theta_rel,0.4875742793083191
clean,"cos(g_rkd_sh_a,g_couple)",scannetpp,cam_token,probe1,09c1414f1b,theta_rel,0.6878705024719238
clean,"cos(g_rkd_sh_a,g_rel_rot)",scannetpp,cam_token,probe1,09c1414f1b,theta_rel,-0.15202832221984863
clean,"cos(g_rkd_sh_a,g_rel_tdir)",scannetpp,cam_token,probe1,09c1414f1b,theta_rel,0.9850614070892334
clean,"cos(g_couple,g_rel_rot)",scannetpp,cam_token,probe1,09c1414f1b,theta_rel,0.2890065908432007
clean,"cos(g_couple,g_rel_tdir)",scannetpp,cam_token,probe1,09c1414f1b,theta_rel,0.6212818622589111
clean,"cos(g_rel_rot,g_rel_tdir)",scannetpp,cam_token,probe1,09c1414f1b,theta_rel,-0.2566172480583191
clean,"cos(g_maskdistill,g_rkd_sh_d)",scannetpp,ALL,probe1,09c1414f1b,theta_rel,0.5250897407531738
clean,"cos(g_maskdistill,g_rkd_sh_a)",scannetpp,ALL,probe1,09c1414f1b,theta_rel,-0.5738489627838135
clean,"cos(g_maskdistill,g_couple)",scannetpp,ALL,probe1,09c1414f1b,theta_rel,-0.7097254991531372
clean,"cos(g_maskdistill,g_rel_rot)",scannetpp,ALL,probe1,09c1414f1b,theta_rel,-0.7762538194656372
clean,"cos(g_maskdistill,g_rel_tdir)",scannetpp,ALL,probe1,09c1414f1b,theta_rel,-0.38862520456314087
clean,"cos(g_rkd_sh_d,g_rkd_sh_a)",scannetpp,ALL,probe1,09c1414f1b,theta_rel,-0.05340326577425003
clean,"cos(g_rkd_sh_d,g_couple)",scannetpp,ALL,probe1,09c1414f1b,theta_rel,-0.30835336446762085
clean,"cos(g_rkd_sh_d,g_rel_rot)",scannetpp,ALL,probe1,09c1414f1b,theta_rel,-0.517985463142395
clean,"cos(g_rkd_sh_d,g_rel_tdir)",scannetpp,ALL,probe1,09c1414f1b,theta_rel,0.08091816306114197
clean,"cos(g_rkd_sh_a,g_couple)",scannetpp,ALL,probe1,09c1414f1b,theta_rel,0.8250541687011719
clean,"cos(g_rkd_sh_a,g_rel_rot)",scannetpp,ALL,probe1,09c1414f1b,theta_rel,0.5858661532402039
clean,"cos(g_rkd_sh_a,g_rel_tdir)",scannetpp,ALL,probe1,09c1414f1b,theta_rel,0.9590973854064941
clean,"cos(g_couple,g_rel_rot)",scannetpp,ALL,probe1,09c1414f1b,theta_rel,0.592404842376709
clean,"cos(g_couple,g_rel_tdir)",scannetpp,ALL,probe1,09c1414f1b,theta_rel,0.7378042936325073
clean,"cos(g_rel_rot,g_rel_tdir)",scannetpp,ALL,probe1,09c1414f1b,theta_rel,0.3763357400894165
clean,"cos(g_rel_rot,g_base)",scannetpp,lora_early,probe1,09c1414f1b,theta_rel,0.5373944640159607
clean,"cos(g_rel_tdir,g_base)",scannetpp,lora_early,probe1,09c1414f1b,theta_rel,0.9750160574913025
clean,"cos(g_rel_rot,g_base)",scannetpp,lora_late,probe1,09c1414f1b,theta_rel,0.2703443765640259
clean,"cos(g_rel_tdir,g_base)",scannetpp,lora_late,probe1,09c1414f1b,theta_rel,0.9739090800285339
clean,"cos(g_rel_rot,g_base)",scannetpp,cam_token,probe1,09c1414f1b,theta_rel,-0.1827932447195053
clean,"cos(g_rel_tdir,g_base)",scannetpp,cam_token,probe1,09c1414f1b,theta_rel,0.9871541261672974
clean,"cos(g_rel_rot,g_base)",scannetpp,ALL,probe1,09c1414f1b,theta_rel,0.5109963417053223
clean,"cos(g_rel_tdir,g_base)",scannetpp,ALL,probe1,09c1414f1b,theta_rel,0.9745405912399292
clean,loss[maskdistill],scannetpp,-,probe1,09c1414f1b,theta_rel,0.1015009954571724
clean,loss[rkd_sh_d],scannetpp,-,probe1,09c1414f1b,theta_rel,0.011834083124995232
clean,loss[rkd_sh_a],scannetpp,-,probe1,09c1414f1b,theta_rel,0.05645386502146721
clean,loss[couple],scannetpp,-,probe1,09c1414f1b,theta_rel,0.001930074766278267
clean,loss[rel_rot],scannetpp,-,probe1,09c1414f1b,theta_rel,3.598520040512085
clean,loss[rel_tdir],scannetpp,-,probe1,09c1414f1b,theta_rel,0.3585578203201294
m0,"cos(g_maskdistill,g_rkd_sh_d)",scannetpp,lora_early,probe1,09c1414f1b,theta_rel,0.7989565134048462
m0,"cos(g_maskdistill,g_rkd_sh_a)",scannetpp,lora_early,probe1,09c1414f1b,theta_rel,0.7880773544311523
m0,"cos(g_maskdistill,g_couple)",scannetpp,lora_early,probe1,09c1414f1b,theta_rel,0.8234274983406067
m0,"cos(g_maskdistill,g_rel_rot)",scannetpp,lora_early,probe1,09c1414f1b,theta_rel,0.8136155605316162
m0,"cos(g_maskdistill,g_rel_tdir)",scannetpp,lora_early,probe1,09c1414f1b,theta_rel,0.7661874890327454
m0,"cos(g_rkd_sh_d,g_rkd_sh_a)",scannetpp,lora_early,probe1,09c1414f1b,theta_rel,0.9992201328277588
m0,"cos(g_rkd_sh_d,g_couple)",scannetpp,lora_early,probe1,09c1414f1b,theta_rel,0.9868534207344055
m0,"cos(g_rkd_sh_d,g_rel_rot)",scannetpp,lora_early,probe1,09c1414f1b,theta_rel,0.9954702258110046
m0,"cos(g_rkd_sh_d,g_rel_tdir)",scannetpp,lora_early,probe1,09c1414f1b,theta_rel,0.9861205816268921
m0,"cos(g_rkd_sh_a,g_couple)",scannetpp,lora_early,probe1,09c1414f1b,theta_rel,0.9827032089233398
m0,"cos(g_rkd_sh_a,g_rel_rot)",scannetpp,lora_early,probe1,09c1414f1b,theta_rel,0.9938037395477295
m0,"cos(g_rkd_sh_a,g_rel_tdir)",scannetpp,lora_early,probe1,09c1414f1b,theta_rel,0.9893524646759033
m0,"cos(g_couple,g_rel_rot)",scannetpp,lora_early,probe1,09c1414f1b,theta_rel,0.9914675354957581
m0,"cos(g_couple,g_rel_tdir)",scannetpp,lora_early,probe1,09c1414f1b,theta_rel,0.9550547003746033
m0,"cos(g_rel_rot,g_rel_tdir)",scannetpp,lora_early,probe1,09c1414f1b,theta_rel,0.9750772714614868
m0,"cos(g_maskdistill,g_rkd_sh_d)",scannetpp,lora_late,probe1,09c1414f1b,theta_rel,0.5730099678039551
m0,"cos(g_maskdistill,g_rkd_sh_a)",scannetpp,lora_late,probe1,09c1414f1b,theta_rel,0.5643181800842285
m0,"cos(g_maskdistill,g_couple)",scannetpp,lora_late,probe1,09c1414f1b,theta_rel,0.5349498391151428
m0,"cos(g_maskdistill,g_rel_rot)",scannetpp,lora_late,probe1,09c1414f1b,theta_rel,0.5712177157402039
m0,"cos(g_maskdistill,g_rel_tdir)",scannetpp,lora_late,probe1,09c1414f1b,theta_rel,0.6369550228118896
m0,"cos(g_rkd_sh_d,g_rkd_sh_a)",scannetpp,lora_late,probe1,09c1414f1b,theta_rel,0.995703935623169
m0,"cos(g_rkd_sh_d,g_couple)",scannetpp,lora_late,probe1,09c1414f1b,theta_rel,0.9522193670272827
m0,"cos(g_rkd_sh_d,g_rel_rot)",scannetpp,lora_late,probe1,09c1414f1b,theta_rel,0.974128782749176
m0,"cos(g_rkd_sh_d,g_rel_tdir)",scannetpp,lora_late,probe1,09c1414f1b,theta_rel,0.9031626582145691
m0,"cos(g_rkd_sh_a,g_couple)",scannetpp,lora_late,probe1,09c1414f1b,theta_rel,0.9442225098609924
m0,"cos(g_rkd_sh_a,g_rel_rot)",scannetpp,lora_late,probe1,09c1414f1b,theta_rel,0.9755653142929077
m0,"cos(g_rkd_sh_a,g_rel_tdir)",scannetpp,lora_late,probe1,09c1414f1b,theta_rel,0.9182612895965576
m0,"cos(g_couple,g_rel_rot)",scannetpp,lora_late,probe1,09c1414f1b,theta_rel,0.933815598487854
m0,"cos(g_couple,g_rel_tdir)",scannetpp,lora_late,probe1,09c1414f1b,theta_rel,0.8097763061523438
m0,"cos(g_rel_rot,g_rel_tdir)",scannetpp,lora_late,probe1,09c1414f1b,theta_rel,0.8840609788894653
m0,"cos(g_maskdistill,g_rkd_sh_d)",scannetpp,cam_token,probe1,09c1414f1b,theta_rel,0.3871081471443176
m0,"cos(g_maskdistill,g_rkd_sh_a)",scannetpp,cam_token,probe1,09c1414f1b,theta_rel,0.3704299330711365
m0,"cos(g_maskdistill,g_couple)",scannetpp,cam_token,probe1,09c1414f1b,theta_rel,0.48433566093444824
m0,"cos(g_maskdistill,g_rel_rot)",scannetpp,cam_token,probe1,09c1414f1b,theta_rel,0.5144174695014954
m0,"cos(g_maskdistill,g_rel_tdir)",scannetpp,cam_token,probe1,09c1414f1b,theta_rel,0.26139044761657715
m0,"cos(g_rkd_sh_d,g_rkd_sh_a)",scannetpp,cam_token,probe1,09c1414f1b,theta_rel,0.9964689016342163
m0,"cos(g_rkd_sh_d,g_couple)",scannetpp,cam_token,probe1,09c1414f1b,theta_rel,0.9627295732498169
m0,"cos(g_rkd_sh_d,g_rel_rot)",scannetpp,cam_token,probe1,09c1414f1b,theta_rel,0.9682586193084717
m0,"cos(g_rkd_sh_d,g_rel_tdir)",scannetpp,cam_token,probe1,09c1414f1b,theta_rel,0.9411594867706299
m0,"cos(g_rkd_sh_a,g_couple)",scannetpp,cam_token,probe1,09c1414f1b,theta_rel,0.9531406164169312
m0,"cos(g_rkd_sh_a,g_rel_rot)",scannetpp,cam_token,probe1,09c1414f1b,theta_rel,0.9682798385620117
m0,"cos(g_rkd_sh_a,g_rel_tdir)",scannetpp,cam_token,probe1,09c1414f1b,theta_rel,0.9583969116210938
m0,"cos(g_couple,g_rel_rot)",scannetpp,cam_token,probe1,09c1414f1b,theta_rel,0.9687784314155579
m0,"cos(g_couple,g_rel_tdir)",scannetpp,cam_token,probe1,09c1414f1b,theta_rel,0.8589420318603516
m0,"cos(g_rel_rot,g_rel_tdir)",scannetpp,cam_token,probe1,09c1414f1b,theta_rel,0.8925321698188782
m0,"cos(g_maskdistill,g_rkd_sh_d)",scannetpp,ALL,probe1,09c1414f1b,theta_rel,0.7824329137802124
m0,"cos(g_maskdistill,g_rkd_sh_a)",scannetpp,ALL,probe1,09c1414f1b,theta_rel,0.7716392278671265
m0,"cos(g_maskdistill,g_couple)",scannetpp,ALL,probe1,09c1414f1b,theta_rel,0.8047690391540527
m0,"cos(g_maskdistill,g_rel_rot)",scannetpp,ALL,probe1,09c1414f1b,theta_rel,0.7968149185180664
m0,"cos(g_maskdistill,g_rel_tdir)",scannetpp,ALL,probe1,09c1414f1b,theta_rel,0.753804624080658
m0,"cos(g_rkd_sh_d,g_rkd_sh_a)",scannetpp,ALL,probe1,09c1414f1b,theta_rel,0.999142050743103
m0,"cos(g_rkd_sh_d,g_couple)",scannetpp,ALL,probe1,09c1414f1b,theta_rel,0.9855947494506836
m0,"cos(g_rkd_sh_d,g_rel_rot)",scannetpp,ALL,probe1,09c1414f1b,theta_rel,0.99490886926651
m0,"cos(g_rkd_sh_d,g_rel_tdir)",scannetpp,ALL,probe1,09c1414f1b,theta_rel,0.9843103289604187
m0,"cos(g_rkd_sh_a,g_couple)",scannetpp,ALL,probe1,09c1414f1b,theta_rel,0.9812977313995361
m0,"cos(g_rkd_sh_a,g_rel_rot)",scannetpp,ALL,probe1,09c1414f1b,theta_rel,0.9932950735092163
m0,"cos(g_rkd_sh_a,g_rel_tdir)",scannetpp,ALL,probe1,09c1414f1b,theta_rel,0.987824022769928
m0,"cos(g_couple,g_rel_rot)",scannetpp,ALL,probe1,09c1414f1b,theta_rel,0.9897544980049133
m0,"cos(g_couple,g_rel_tdir)",scannetpp,ALL,probe1,09c1414f1b,theta_rel,0.950965940952301
m0,"cos(g_rel_rot,g_rel_tdir)",scannetpp,ALL,probe1,09c1414f1b,theta_rel,0.9728849530220032
m0,"cos(g_rel_rot,g_base)",scannetpp,lora_early,probe1,09c1414f1b,theta_rel,0.9962073564529419
m0,"cos(g_rel_tdir,g_base)",scannetpp,lora_early,probe1,09c1414f1b,theta_rel,0.9854391813278198
m0,"cos(g_rel_rot,g_base)",scannetpp,lora_late,probe1,09c1414f1b,theta_rel,0.9764294624328613
m0,"cos(g_rel_tdir,g_base)",scannetpp,lora_late,probe1,09c1414f1b,theta_rel,0.9082126617431641
m0,"cos(g_rel_rot,g_base)",scannetpp,cam_token,probe1,09c1414f1b,theta_rel,0.9784227013587952
m0,"cos(g_rel_tdir,g_base)",scannetpp,cam_token,probe1,09c1414f1b,theta_rel,0.941286563873291
m0,"cos(g_rel_rot,g_base)",scannetpp,ALL,probe1,09c1414f1b,theta_rel,0.9957032799720764
m0,"cos(g_rel_tdir,g_base)",scannetpp,ALL,probe1,09c1414f1b,theta_rel,0.9837246537208557
m0,loss[maskdistill],scannetpp,-,probe1,09c1414f1b,theta_rel,0.2790352404117584
m0,loss[rkd_sh_d],scannetpp,-,probe1,09c1414f1b,theta_rel,0.010576996020972729
m0,loss[rkd_sh_a],scannetpp,-,probe1,09c1414f1b,theta_rel,0.06036244332790375
m0,loss[couple],scannetpp,-,probe1,09c1414f1b,theta_rel,0.012103754095733166
m0,loss[rel_rot],scannetpp,-,probe1,09c1414f1b,theta_rel,3.6340107917785645
m0,loss[rel_tdir],scannetpp,-,probe1,09c1414f1b,theta_rel,0.6623274087905884
clean,"cos(g_maskdistill,g_rkd_sh_d)",scannetpp,lora_early,probe0,1ada7a0617,theta0,-0.18271908164024353
clean,"cos(g_maskdistill,g_rkd_sh_a)",scannetpp,lora_early,probe0,1ada7a0617,theta0,0.1063069999217987
clean,"cos(g_maskdistill,g_couple)",scannetpp,lora_early,probe0,1ada7a0617,theta0,-0.1799876093864441
clean,"cos(g_maskdistill,g_rel_rot)",scannetpp,lora_early,probe0,1ada7a0617,theta0,-0.21059370040893555
clean,"cos(g_maskdistill,g_rel_tdir)",scannetpp,lora_early,probe0,1ada7a0617,theta0,0.10490153729915619
clean,"cos(g_rkd_sh_d,g_rkd_sh_a)",scannetpp,lora_early,probe0,1ada7a0617,theta0,-0.799616813659668
clean,"cos(g_rkd_sh_d,g_couple)",scannetpp,lora_early,probe0,1ada7a0617,theta0,0.9338963031768799
clean,"cos(g_rkd_sh_d,g_rel_rot)",scannetpp,lora_early,probe0,1ada7a0617,theta0,0.9158036112785339
clean,"cos(g_rkd_sh_d,g_rel_tdir)",scannetpp,lora_early,probe0,1ada7a0617,theta0,-0.6442659497261047
clean,"cos(g_rkd_sh_a,g_couple)",scannetpp,lora_early,probe0,1ada7a0617,theta0,-0.8720874786376953
clean,"cos(g_rkd_sh_a,g_rel_rot)",scannetpp,lora_early,probe0,1ada7a0617,theta0,-0.7263228297233582
clean,"cos(g_rkd_sh_a,g_rel_tdir)",scannetpp,lora_early,probe0,1ada7a0617,theta0,0.9328508377075195
clean,"cos(g_couple,g_rel_rot)",scannetpp,lora_early,probe0,1ada7a0617,theta0,0.9112565517425537
clean,"cos(g_couple,g_rel_tdir)",scannetpp,lora_early,probe0,1ada7a0617,theta0,-0.7197102308273315
clean,"cos(g_rel_rot,g_rel_tdir)",scannetpp,lora_early,probe0,1ada7a0617,theta0,-0.5486809015274048
clean,"cos(g_maskdistill,g_rkd_sh_d)",scannetpp,lora_late,probe0,1ada7a0617,theta0,0.013919001445174217
clean,"cos(g_maskdistill,g_rkd_sh_a)",scannetpp,lora_late,probe0,1ada7a0617,theta0,0.052639685571193695
clean,"cos(g_maskdistill,g_couple)",scannetpp,lora_late,probe0,1ada7a0617,theta0,0.0024752486497163773
clean,"cos(g_maskdistill,g_rel_rot)",scannetpp,lora_late,probe0,1ada7a0617,theta0,-0.02463585138320923
clean,"cos(g_maskdistill,g_rel_tdir)",scannetpp,lora_late,probe0,1ada7a0617,theta0,0.08034143596887589
clean,"cos(g_rkd_sh_d,g_rkd_sh_a)",scannetpp,lora_late,probe0,1ada7a0617,theta0,-0.08557368814945221
clean,"cos(g_rkd_sh_d,g_couple)",scannetpp,lora_late,probe0,1ada7a0617,theta0,0.37460827827453613
clean,"cos(g_rkd_sh_d,g_rel_rot)",scannetpp,lora_late,probe0,1ada7a0617,theta0,0.24605603516101837
clean,"cos(g_rkd_sh_d,g_rel_tdir)",scannetpp,lora_late,probe0,1ada7a0617,theta0,-0.009318634867668152
clean,"cos(g_rkd_sh_a,g_couple)",scannetpp,lora_late,probe0,1ada7a0617,theta0,-0.15961948037147522
clean,"cos(g_rkd_sh_a,g_rel_rot)",scannetpp,lora_late,probe0,1ada7a0617,theta0,-0.1098766177892685
clean,"cos(g_rkd_sh_a,g_rel_tdir)",scannetpp,lora_late,probe0,1ada7a0617,theta0,0.700183629989624
clean,"cos(g_couple,g_rel_rot)",scannetpp,lora_late,probe0,1ada7a0617,theta0,0.22600331902503967
clean,"cos(g_couple,g_rel_tdir)",scannetpp,lora_late,probe0,1ada7a0617,theta0,-0.1145695298910141
clean,"cos(g_rel_rot,g_rel_tdir)",scannetpp,lora_late,probe0,1ada7a0617,theta0,0.03341369330883026
clean,"cos(g_maskdistill,g_rkd_sh_d)",scannetpp,cam_token,probe0,1ada7a0617,theta0,0.19649341702461243
clean,"cos(g_maskdistill,g_rkd_sh_a)",scannetpp,cam_token,probe0,1ada7a0617,theta0,-0.04612837731838226
clean,"cos(g_maskdistill,g_couple)",scannetpp,cam_token,probe0,1ada7a0617,theta0,0.4006284177303314
clean,"cos(g_maskdistill,g_rel_rot)",scannetpp,cam_token,probe0,1ada7a0617,theta0,0.21580934524536133
clean,"cos(g_maskdistill,g_rel_tdir)",scannetpp,cam_token,probe0,1ada7a0617,theta0,-0.000721159391105175
clean,"cos(g_rkd_sh_d,g_rkd_sh_a)",scannetpp,cam_token,probe0,1ada7a0617,theta0,-0.07332310825586319
clean,"cos(g_rkd_sh_d,g_couple)",scannetpp,cam_token,probe0,1ada7a0617,theta0,0.44351065158843994
clean,"cos(g_rkd_sh_d,g_rel_rot)",scannetpp,cam_token,probe0,1ada7a0617,theta0,0.2323203980922699
clean,"cos(g_rkd_sh_d,g_rel_tdir)",scannetpp,cam_token,probe0,1ada7a0617,theta0,-0.025683946907520294
clean,"cos(g_rkd_sh_a,g_couple)",scannetpp,cam_token,probe0,1ada7a0617,theta0,-0.3494024872779846
clean,"cos(g_rkd_sh_a,g_rel_rot)",scannetpp,cam_token,probe0,1ada7a0617,theta0,-0.07113324850797653
clean,"cos(g_rkd_sh_a,g_rel_tdir)",scannetpp,cam_token,probe0,1ada7a0617,theta0,0.6514953374862671
clean,"cos(g_couple,g_rel_rot)",scannetpp,cam_token,probe0,1ada7a0617,theta0,0.4041464328765869
clean,"cos(g_couple,g_rel_tdir)",scannetpp,cam_token,probe0,1ada7a0617,theta0,-0.30330151319503784
clean,"cos(g_rel_rot,g_rel_tdir)",scannetpp,cam_token,probe0,1ada7a0617,theta0,0.09121695160865784
clean,"cos(g_maskdistill,g_rkd_sh_d)",scannetpp,ALL,probe0,1ada7a0617,theta0,-0.08903529495000839
clean,"cos(g_maskdistill,g_rkd_sh_a)",scannetpp,ALL,probe0,1ada7a0617,theta0,0.0703132152557373
clean,"cos(g_maskdistill,g_couple)",scannetpp,ALL,probe0,1ada7a0617,theta0,-0.14462994039058685
clean,"cos(g_maskdistill,g_rel_rot)",scannetpp,ALL,probe0,1ada7a0617,theta0,-0.11731934547424316
clean,"cos(g_maskdistill,g_rel_tdir)",scannetpp,ALL,probe0,1ada7a0617,theta0,0.07597234100103378
clean,"cos(g_rkd_sh_d,g_rkd_sh_a)",scannetpp,ALL,probe0,1ada7a0617,theta0,-0.3276471793651581
clean,"cos(g_rkd_sh_d,g_couple)",scannetpp,ALL,probe0,1ada7a0617,theta0,0.6145453453063965
clean,"cos(g_rkd_sh_d,g_rel_rot)",scannetpp,ALL,probe0,1ada7a0617,theta0,0.47616204619407654
clean,"cos(g_rkd_sh_d,g_rel_tdir)",scannetpp,ALL,probe0,1ada7a0617,theta0,-0.21529516577720642
clean,"cos(g_rkd_sh_a,g_couple)",scannetpp,ALL,probe0,1ada7a0617,theta0,-0.524846613407135
clean,"cos(g_rkd_sh_a,g_rel_rot)",scannetpp,ALL,probe0,1ada7a0617,theta0,-0.32836368680000305
clean,"cos(g_rkd_sh_a,g_rel_tdir)",scannetpp,ALL,probe0,1ada7a0617,theta0,0.7769172191619873
clean,"cos(g_couple,g_rel_rot)",scannetpp,ALL,probe0,1ada7a0617,theta0,0.574207067489624
clean,"cos(g_couple,g_rel_tdir)",scannetpp,ALL,probe0,1ada7a0617,theta0,-0.4110991060733795
clean,"cos(g_rel_rot,g_rel_tdir)",scannetpp,ALL,probe0,1ada7a0617,theta0,-0.16343113780021667
clean,"cos(g_rel_rot,g_base)",scannetpp,lora_early,probe0,1ada7a0617,theta0,0.030353091657161713
clean,"cos(g_rel_tdir,g_base)",scannetpp,lora_early,probe0,1ada7a0617,theta0,-0.06586934626102448
clean,"cos(g_rel_rot,g_base)",scannetpp,lora_late,probe0,1ada7a0617,theta0,0.07394222915172577
clean,"cos(g_rel_tdir,g_base)",scannetpp,lora_late,probe0,1ada7a0617,theta0,0.1438661813735962
clean,"cos(g_rel_rot,g_base)",scannetpp,cam_token,probe0,1ada7a0617,theta0,0.24228551983833313
clean,"cos(g_rel_tdir,g_base)",scannetpp,cam_token,probe0,1ada7a0617,theta0,0.001223146915435791
clean,"cos(g_rel_rot,g_base)",scannetpp,ALL,probe0,1ada7a0617,theta0,0.04388602077960968
clean,"cos(g_rel_tdir,g_base)",scannetpp,ALL,probe0,1ada7a0617,theta0,0.008807005360722542
clean,loss[maskdistill],scannetpp,-,probe0,1ada7a0617,theta0,0.0073629398830235004
clean,loss[rkd_sh_d],scannetpp,-,probe0,1ada7a0617,theta0,9.379327821079642e-06
clean,loss[rkd_sh_a],scannetpp,-,probe0,1ada7a0617,theta0,5.839237019245047e-06
clean,loss[couple],scannetpp,-,probe0,1ada7a0617,theta0,1.4501935766020324e-05
clean,loss[rel_rot],scannetpp,-,probe0,1ada7a0617,theta0,3.8857251638546586e-05
clean,loss[rel_tdir],scannetpp,-,probe0,1ada7a0617,theta0,0.00010444720828672871
m0,"cos(g_maskdistill,g_rkd_sh_d)",scannetpp,lora_early,probe0,1ada7a0617,theta0,-0.20535226166248322
m0,"cos(g_maskdistill,g_rkd_sh_a)",scannetpp,lora_early,probe0,1ada7a0617,theta0,-0.15604160726070404
m0,"cos(g_maskdistill,g_couple)",scannetpp,lora_early,probe0,1ada7a0617,theta0,-0.04099618270993233
m0,"cos(g_maskdistill,g_rel_rot)",scannetpp,lora_early,probe0,1ada7a0617,theta0,-0.002597023267298937
m0,"cos(g_maskdistill,g_rel_tdir)",scannetpp,lora_early,probe0,1ada7a0617,theta0,-0.1273268461227417
m0,"cos(g_rkd_sh_d,g_rkd_sh_a)",scannetpp,lora_early,probe0,1ada7a0617,theta0,0.1414916068315506
m0,"cos(g_rkd_sh_d,g_couple)",scannetpp,lora_early,probe0,1ada7a0617,theta0,-0.011563090607523918
m0,"cos(g_rkd_sh_d,g_rel_rot)",scannetpp,lora_early,probe0,1ada7a0617,theta0,0.028416968882083893
m0,"cos(g_rkd_sh_d,g_rel_tdir)",scannetpp,lora_early,probe0,1ada7a0617,theta0,0.1917373239994049
m0,"cos(g_rkd_sh_a,g_couple)",scannetpp,lora_early,probe0,1ada7a0617,theta0,-0.10436546057462692
m0,"cos(g_rkd_sh_a,g_rel_rot)",scannetpp,lora_early,probe0,1ada7a0617,theta0,0.1632186472415924
m0,"cos(g_rkd_sh_a,g_rel_tdir)",scannetpp,lora_early,probe0,1ada7a0617,theta0,0.9200042486190796
m0,"cos(g_couple,g_rel_rot)",scannetpp,lora_early,probe0,1ada7a0617,theta0,0.18849389255046844
m0,"cos(g_couple,g_rel_tdir)",scannetpp,lora_early,probe0,1ada7a0617,theta0,-0.03305806219577789
m0,"cos(g_rel_rot,g_rel_tdir)",scannetpp,lora_early,probe0,1ada7a0617,theta0,0.31687459349632263
m0,"cos(g_maskdistill,g_rkd_sh_d)",scannetpp,lora_late,probe0,1ada7a0617,theta0,0.004153016954660416
m0,"cos(g_maskdistill,g_rkd_sh_a)",scannetpp,lora_late,probe0,1ada7a0617,theta0,0.1073102205991745
m0,"cos(g_maskdistill,g_couple)",scannetpp,lora_late,probe0,1ada7a0617,theta0,0.0018674172461032867
m0,"cos(g_maskdistill,g_rel_rot)",scannetpp,lora_late,probe0,1ada7a0617,theta0,0.03449848294258118
m0,"cos(g_maskdistill,g_rel_tdir)",scannetpp,lora_late,probe0,1ada7a0617,theta0,0.14734485745429993
m0,"cos(g_rkd_sh_d,g_rkd_sh_a)",scannetpp,lora_late,probe0,1ada7a0617,theta0,0.11561129987239838
m0,"cos(g_rkd_sh_d,g_couple)",scannetpp,lora_late,probe0,1ada7a0617,theta0,0.2633269727230072
m0,"cos(g_rkd_sh_d,g_rel_rot)",scannetpp,lora_late,probe0,1ada7a0617,theta0,-0.12650932371616364
m0,"cos(g_rkd_sh_d,g_rel_tdir)",scannetpp,lora_late,probe0,1ada7a0617,theta0,0.13001692295074463
m0,"cos(g_rkd_sh_a,g_couple)",scannetpp,lora_late,probe0,1ada7a0617,theta0,-0.043687544763088226
m0,"cos(g_rkd_sh_a,g_rel_rot)",scannetpp,lora_late,probe0,1ada7a0617,theta0,-0.013166869059205055
m0,"cos(g_rkd_sh_a,g_rel_tdir)",scannetpp,lora_late,probe0,1ada7a0617,theta0,0.8123515844345093
m0,"cos(g_couple,g_rel_rot)",scannetpp,lora_late,probe0,1ada7a0617,theta0,0.02594459243118763
m0,"cos(g_couple,g_rel_tdir)",scannetpp,lora_late,probe0,1ada7a0617,theta0,-0.012996353209018707
m0,"cos(g_rel_rot,g_rel_tdir)",scannetpp,lora_late,probe0,1ada7a0617,theta0,0.12653225660324097
m0,"cos(g_maskdistill,g_rkd_sh_d)",scannetpp,cam_token,probe0,1ada7a0617,theta0,0.22527247667312622
m0,"cos(g_maskdistill,g_rkd_sh_a)",scannetpp,cam_token,probe0,1ada7a0617,theta0,0.076499342918396
m0,"cos(g_maskdistill,g_couple)",scannetpp,cam_token,probe0,1ada7a0617,theta0,0.17631219327449799
m0,"cos(g_maskdistill,g_rel_rot)",scannetpp,cam_token,probe0,1ada7a0617,theta0,-0.13174396753311157
m0,"cos(g_maskdistill,g_rel_tdir)",scannetpp,cam_token,probe0,1ada7a0617,theta0,0.21404999494552612
m0,"cos(g_rkd_sh_d,g_rkd_sh_a)",scannetpp,cam_token,probe0,1ada7a0617,theta0,0.11504484713077545
m0,"cos(g_rkd_sh_d,g_couple)",scannetpp,cam_token,probe0,1ada7a0617,theta0,0.15721158683300018
m0,"cos(g_rkd_sh_d,g_rel_rot)",scannetpp,cam_token,probe0,1ada7a0617,theta0,-0.05400516092777252
m0,"cos(g_rkd_sh_d,g_rel_tdir)",scannetpp,cam_token,probe0,1ada7a0617,theta0,0.14318563044071198
m0,"cos(g_rkd_sh_a,g_couple)",scannetpp,cam_token,probe0,1ada7a0617,theta0,-0.22504478693008423
m0,"cos(g_rkd_sh_a,g_rel_rot)",scannetpp,cam_token,probe0,1ada7a0617,theta0,-0.061325229704380035
m0,"cos(g_rkd_sh_a,g_rel_tdir)",scannetpp,cam_token,probe0,1ada7a0617,theta0,0.7688679099082947
m0,"cos(g_couple,g_rel_rot)",scannetpp,cam_token,probe0,1ada7a0617,theta0,-0.0939805656671524
m0,"cos(g_couple,g_rel_tdir)",scannetpp,cam_token,probe0,1ada7a0617,theta0,-0.20730076730251312
m0,"cos(g_rel_rot,g_rel_tdir)",scannetpp,cam_token,probe0,1ada7a0617,theta0,0.07898730039596558
m0,"cos(g_maskdistill,g_rkd_sh_d)",scannetpp,ALL,probe0,1ada7a0617,theta0,-0.12437590956687927
m0,"cos(g_maskdistill,g_rkd_sh_a)",scannetpp,ALL,probe0,1ada7a0617,theta0,-0.10314750671386719
m0,"cos(g_maskdistill,g_couple)",scannetpp,ALL,probe0,1ada7a0617,theta0,-0.027432069182395935
m0,"cos(g_maskdistill,g_rel_rot)",scannetpp,ALL,probe0,1ada7a0617,theta0,-0.00041449209675192833
m0,"cos(g_maskdistill,g_rel_tdir)",scannetpp,ALL,probe0,1ada7a0617,theta0,-0.08584915846586227
m0,"cos(g_rkd_sh_d,g_rkd_sh_a)",scannetpp,ALL,probe0,1ada7a0617,theta0,0.12660713493824005
m0,"cos(g_rkd_sh_d,g_couple)",scannetpp,ALL,probe0,1ada7a0617,theta0,0.1299242377281189
m0,"cos(g_rkd_sh_d,g_rel_rot)",scannetpp,ALL,probe0,1ada7a0617,theta0,-0.058529261499643326
m0,"cos(g_rkd_sh_d,g_rel_tdir)",scannetpp,ALL,probe0,1ada7a0617,theta0,0.1580001711845398
m0,"cos(g_rkd_sh_a,g_couple)",scannetpp,ALL,probe0,1ada7a0617,theta0,-0.07897867262363434
m0,"cos(g_rkd_sh_a,g_rel_rot)",scannetpp,ALL,probe0,1ada7a0617,theta0,0.07484263181686401
m0,"cos(g_rkd_sh_a,g_rel_tdir)",scannetpp,ALL,probe0,1ada7a0617,theta0,0.8738440275192261
m0,"cos(g_couple,g_rel_rot)",scannetpp,ALL,probe0,1ada7a0617,theta0,0.10424339026212692
m0,"cos(g_couple,g_rel_tdir)",scannetpp,ALL,probe0,1ada7a0617,theta0,-0.02630099281668663
m0,"cos(g_rel_rot,g_rel_tdir)",scannetpp,ALL,probe0,1ada7a0617,theta0,0.2261778563261032
m0,"cos(g_rel_rot,g_base)",scannetpp,lora_early,probe0,1ada7a0617,theta0,0.016485873609781265
m0,"cos(g_rel_tdir,g_base)",scannetpp,lora_early,probe0,1ada7a0617,theta0,-0.09478816390037537
m0,"cos(g_rel_rot,g_base)",scannetpp,lora_late,probe0,1ada7a0617,theta0,0.033629924058914185
m0,"cos(g_rel_tdir,g_base)",scannetpp,lora_late,probe0,1ada7a0617,theta0,0.28224819898605347
m0,"cos(g_rel_rot,g_base)",scannetpp,cam_token,probe0,1ada7a0617,theta0,-0.13822397589683533
m0,"cos(g_rel_tdir,g_base)",scannetpp,cam_token,probe0,1ada7a0617,theta0,0.22832204401493073
m0,"cos(g_rel_rot,g_base)",scannetpp,ALL,probe0,1ada7a0617,theta0,0.012226378545165062
m0,"cos(g_rel_tdir,g_base)",scannetpp,ALL,probe0,1ada7a0617,theta0,-0.044455572962760925
m0,loss[maskdistill],scannetpp,-,probe0,1ada7a0617,theta0,0.15149736404418945
m0,loss[rkd_sh_d],scannetpp,-,probe0,1ada7a0617,theta0,3.863186975650024e-06
m0,loss[rkd_sh_a],scannetpp,-,probe0,1ada7a0617,theta0,5.920865078223869e-05
m0,loss[couple],scannetpp,-,probe0,1ada7a0617,theta0,0.000209974154131487
m0,loss[rel_rot],scannetpp,-,probe0,1ada7a0617,theta0,4.93372353957966e-05
m0,loss[rel_tdir],scannetpp,-,probe0,1ada7a0617,theta0,0.0006046692724339664
clean,"cos(g_maskdistill,g_rkd_sh_d)",scannetpp,lora_early,probe1,1ada7a0617,theta0,0.03836575523018837
clean,"cos(g_maskdistill,g_rkd_sh_a)",scannetpp,lora_early,probe1,1ada7a0617,theta0,-0.23075386881828308
clean,"cos(g_maskdistill,g_couple)",scannetpp,lora_early,probe1,1ada7a0617,theta0,-0.03832480311393738
clean,"cos(g_maskdistill,g_rel_rot)",scannetpp,lora_early,probe1,1ada7a0617,theta0,-0.08769360184669495
clean,"cos(g_maskdistill,g_rel_tdir)",scannetpp,lora_early,probe1,1ada7a0617,theta0,-0.21821671724319458
clean,"cos(g_rkd_sh_d,g_rkd_sh_a)",scannetpp,lora_early,probe1,1ada7a0617,theta0,-0.11477981507778168
clean,"cos(g_rkd_sh_d,g_couple)",scannetpp,lora_early,probe1,1ada7a0617,theta0,0.666221559047699
clean,"cos(g_rkd_sh_d,g_rel_rot)",scannetpp,lora_early,probe1,1ada7a0617,theta0,-0.24050387740135193
clean,"cos(g_rkd_sh_d,g_rel_tdir)",scannetpp,lora_early,probe1,1ada7a0617,theta0,-0.1272265613079071
clean,"cos(g_rkd_sh_a,g_couple)",scannetpp,lora_early,probe1,1ada7a0617,theta0,0.1527208387851715
clean,"cos(g_rkd_sh_a,g_rel_rot)",scannetpp,lora_early,probe1,1ada7a0617,theta0,-0.02390507608652115
clean,"cos(g_rkd_sh_a,g_rel_tdir)",scannetpp,lora_early,probe1,1ada7a0617,theta0,0.9800379276275635
clean,"cos(g_couple,g_rel_rot)",scannetpp,lora_early,probe1,1ada7a0617,theta0,-0.34533777832984924
clean,"cos(g_couple,g_rel_tdir)",scannetpp,lora_early,probe1,1ada7a0617,theta0,0.10345002263784409
clean,"cos(g_rel_rot,g_rel_tdir)",scannetpp,lora_early,probe1,1ada7a0617,theta0,-0.016959328204393387
clean,"cos(g_maskdistill,g_rkd_sh_d)",scannetpp,lora_late,probe1,1ada7a0617,theta0,0.02917570061981678
clean,"cos(g_maskdistill,g_rkd_sh_a)",scannetpp,lora_late,probe1,1ada7a0617,theta0,-0.024555150419473648
clean,"cos(g_maskdistill,g_couple)",scannetpp,lora_late,probe1,1ada7a0617,theta0,0.0864790827035904
clean,"cos(g_maskdistill,g_rel_rot)",scannetpp,lora_late,probe1,1ada7a0617,theta0,-0.012687142938375473
clean,"cos(g_maskdistill,g_rel_tdir)",scannetpp,lora_late,probe1,1ada7a0617,theta0,-0.027323853224515915
clean,"cos(g_rkd_sh_d,g_rkd_sh_a)",scannetpp,lora_late,probe1,1ada7a0617,theta0,-0.19067880511283875
clean,"cos(g_rkd_sh_d,g_couple)",scannetpp,lora_late,probe1,1ada7a0617,theta0,0.3927813768386841
clean,"cos(g_rkd_sh_d,g_rel_rot)",scannetpp,lora_late,probe1,1ada7a0617,theta0,-0.16848620772361755
clean,"cos(g_rkd_sh_d,g_rel_tdir)",scannetpp,lora_late,probe1,1ada7a0617,theta0,-0.16175535321235657
clean,"cos(g_rkd_sh_a,g_couple)",scannetpp,lora_late,probe1,1ada7a0617,theta0,0.20466497540473938
clean,"cos(g_rkd_sh_a,g_rel_rot)",scannetpp,lora_late,probe1,1ada7a0617,theta0,0.05884528160095215
clean,"cos(g_rkd_sh_a,g_rel_tdir)",scannetpp,lora_late,probe1,1ada7a0617,theta0,0.9781885147094727
clean,"cos(g_couple,g_rel_rot)",scannetpp,lora_late,probe1,1ada7a0617,theta0,-0.23764614760875702
clean,"cos(g_couple,g_rel_tdir)",scannetpp,lora_late,probe1,1ada7a0617,theta0,0.20353399217128754
clean,"cos(g_rel_rot,g_rel_tdir)",scannetpp,lora_late,probe1,1ada7a0617,theta0,0.04959884285926819
clean,"cos(g_maskdistill,g_rkd_sh_d)",scannetpp,cam_token,probe1,1ada7a0617,theta0,0.11967937648296356
clean,"cos(g_maskdistill,g_rkd_sh_a)",scannetpp,cam_token,probe1,1ada7a0617,theta0,-0.030050957575440407
clean,"cos(g_maskdistill,g_couple)",scannetpp,cam_token,probe1,1ada7a0617,theta0,0.15378913283348083
clean,"cos(g_maskdistill,g_rel_rot)",scannetpp,cam_token,probe1,1ada7a0617,theta0,-0.062257006764411926
clean,"cos(g_maskdistill,g_rel_tdir)",scannetpp,cam_token,probe1,1ada7a0617,theta0,-0.03383126109838486
clean,"cos(g_rkd_sh_d,g_rkd_sh_a)",scannetpp,cam_token,probe1,1ada7a0617,theta0,0.45300841331481934
clean,"cos(g_rkd_sh_d,g_couple)",scannetpp,cam_token,probe1,1ada7a0617,theta0,0.31036823987960815
clean,"cos(g_rkd_sh_d,g_rel_rot)",scannetpp,cam_token,probe1,1ada7a0617,theta0,-0.17904776334762573
clean,"cos(g_rkd_sh_d,g_rel_tdir)",scannetpp,cam_token,probe1,1ada7a0617,theta0,0.4114225208759308
clean,"cos(g_rkd_sh_a,g_couple)",scannetpp,cam_token,probe1,1ada7a0617,theta0,-0.114938884973526
clean,"cos(g_rkd_sh_a,g_rel_rot)",scannetpp,cam_token,probe1,1ada7a0617,theta0,-0.09682802855968475
clean,"cos(g_rkd_sh_a,g_rel_tdir)",scannetpp,cam_token,probe1,1ada7a0617,theta0,0.9914425611495972
clean,"cos(g_couple,g_rel_rot)",scannetpp,cam_token,probe1,1ada7a0617,theta0,-0.32164373993873596
clean,"cos(g_couple,g_rel_tdir)",scannetpp,cam_token,probe1,1ada7a0617,theta0,-0.07957910746335983
clean,"cos(g_rel_rot,g_rel_tdir)",scannetpp,cam_token,probe1,1ada7a0617,theta0,-0.10394857078790665
clean,"cos(g_maskdistill,g_rkd_sh_d)",scannetpp,ALL,probe1,1ada7a0617,theta0,0.023006543517112732
clean,"cos(g_maskdistill,g_rkd_sh_a)",scannetpp,ALL,probe1,1ada7a0617,theta0,-0.08000874519348145
clean,"cos(g_maskdistill,g_couple)",scannetpp,ALL,probe1,1ada7a0617,theta0,0.002322040032595396
clean,"cos(g_maskdistill,g_rel_rot)",scannetpp,ALL,probe1,1ada7a0617,theta0,-0.04055315628647804
clean,"cos(g_maskdistill,g_rel_tdir)",scannetpp,ALL,probe1,1ada7a0617,theta0,-0.0737355649471283
clean,"cos(g_rkd_sh_d,g_rkd_sh_a)",scannetpp,ALL,probe1,1ada7a0617,theta0,-0.1667802631855011
clean,"cos(g_rkd_sh_d,g_couple)",scannetpp,ALL,probe1,1ada7a0617,theta0,0.44028326869010925
clean,"cos(g_rkd_sh_d,g_rel_rot)",scannetpp,ALL,probe1,1ada7a0617,theta0,-0.18035486340522766
clean,"cos(g_rkd_sh_d,g_rel_tdir)",scannetpp,ALL,probe1,1ada7a0617,theta0,-0.1447443962097168
clean,"cos(g_rkd_sh_a,g_couple)",scannetpp,ALL,probe1,1ada7a0617,theta0,0.1858614683151245
clean,"cos(g_rkd_sh_a,g_rel_rot)",scannetpp,ALL,probe1,1ada7a0617,theta0,0.04268411919474602
clean,"cos(g_rkd_sh_a,g_rel_tdir)",scannetpp,ALL,probe1,1ada7a0617,theta0,0.9787313938140869
clean,"cos(g_couple,g_rel_rot)",scannetpp,ALL,probe1,1ada7a0617,theta0,-0.26180487871170044
clean,"cos(g_couple,g_rel_tdir)",scannetpp,ALL,probe1,1ada7a0617,theta0,0.17744392156600952
clean,"cos(g_rel_rot,g_rel_tdir)",scannetpp,ALL,probe1,1ada7a0617,theta0,0.036301009356975555
clean,"cos(g_rel_rot,g_base)",scannetpp,lora_early,probe1,1ada7a0617,theta0,-0.15871399641036987
clean,"cos(g_rel_tdir,g_base)",scannetpp,lora_early,probe1,1ada7a0617,theta0,-0.05067339539527893
clean,"cos(g_rel_rot,g_base)",scannetpp,lora_late,probe1,1ada7a0617,theta0,-0.0941883996129036
clean,"cos(g_rel_tdir,g_base)",scannetpp,lora_late,probe1,1ada7a0617,theta0,0.7391889095306396
clean,"cos(g_rel_rot,g_base)",scannetpp,cam_token,probe1,1ada7a0617,theta0,-0.128548264503479
clean,"cos(g_rel_tdir,g_base)",scannetpp,cam_token,probe1,1ada7a0617,theta0,0.2277555763721466
clean,"cos(g_rel_rot,g_base)",scannetpp,ALL,probe1,1ada7a0617,theta0,-0.10405777394771576
clean,"cos(g_rel_tdir,g_base)",scannetpp,ALL,probe1,1ada7a0617,theta0,0.3491906225681305
clean,loss[maskdistill],scannetpp,-,probe1,1ada7a0617,theta0,0.010065668262541294
clean,loss[rkd_sh_d],scannetpp,-,probe1,1ada7a0617,theta0,3.435060989431804e-06
clean,loss[rkd_sh_a],scannetpp,-,probe1,1ada7a0617,theta0,1.887125108623877e-05
clean,loss[couple],scannetpp,-,probe1,1ada7a0617,theta0,0.00014264907804317772
clean,loss[rel_rot],scannetpp,-,probe1,1ada7a0617,theta0,6.732422662025783e-06
clean,loss[rel_tdir],scannetpp,-,probe1,1ada7a0617,theta0,2.0563602447509766e-05
m0,"cos(g_maskdistill,g_rkd_sh_d)",scannetpp,lora_early,probe1,1ada7a0617,theta0,0.3819994330406189
m0,"cos(g_maskdistill,g_rkd_sh_a)",scannetpp,lora_early,probe1,1ada7a0617,theta0,0.24495777487754822
m0,"cos(g_maskdistill,g_couple)",scannetpp,lora_early,probe1,1ada7a0617,theta0,0.32793962955474854
m0,"cos(g_maskdistill,g_rel_rot)",scannetpp,lora_early,probe1,1ada7a0617,theta0,0.35980725288391113
m0,"cos(g_maskdistill,g_rel_tdir)",scannetpp,lora_early,probe1,1ada7a0617,theta0,0.3844496011734009
m0,"cos(g_rkd_sh_d,g_rkd_sh_a)",scannetpp,lora_early,probe1,1ada7a0617,theta0,0.5168371200561523
m0,"cos(g_rkd_sh_d,g_couple)",scannetpp,lora_early,probe1,1ada7a0617,theta0,0.8235437870025635
m0,"cos(g_rkd_sh_d,g_rel_rot)",scannetpp,lora_early,probe1,1ada7a0617,theta0,0.17700114846229553
m0,"cos(g_rkd_sh_d,g_rel_tdir)",scannetpp,lora_early,probe1,1ada7a0617,theta0,0.45406875014305115
m0,"cos(g_rkd_sh_a,g_couple)",scannetpp,lora_early,probe1,1ada7a0617,theta0,0.33610671758651733
m0,"cos(g_rkd_sh_a,g_rel_rot)",scannetpp,lora_early,probe1,1ada7a0617,theta0,0.03847530484199524
m0,"cos(g_rkd_sh_a,g_rel_tdir)",scannetpp,lora_early,probe1,1ada7a0617,theta0,0.6552897691726685
m0,"cos(g_couple,g_rel_rot)",scannetpp,lora_early,probe1,1ada7a0617,theta0,0.09833299368619919
m0,"cos(g_couple,g_rel_tdir)",scannetpp,lora_early,probe1,1ada7a0617,theta0,0.2327844202518463
m0,"cos(g_rel_rot,g_rel_tdir)",scannetpp,lora_early,probe1,1ada7a0617,theta0,0.3191508948802948
m0,"cos(g_maskdistill,g_rkd_sh_d)",scannetpp,lora_late,probe1,1ada7a0617,theta0,0.1552436500787735
m0,"cos(g_maskdistill,g_rkd_sh_a)",scannetpp,lora_late,probe1,1ada7a0617,theta0,0.03267883136868477
m0,"cos(g_maskdistill,g_couple)",scannetpp,lora_late,probe1,1ada7a0617,theta0,0.23661448061466217
m0,"cos(g_maskdistill,g_rel_rot)",scannetpp,lora_late,probe1,1ada7a0617,theta0,0.1662534773349762
m0,"cos(g_maskdistill,g_rel_tdir)",scannetpp,lora_late,probe1,1ada7a0617,theta0,0.08997299522161484
m0,"cos(g_rkd_sh_d,g_rkd_sh_a)",scannetpp,lora_late,probe1,1ada7a0617,theta0,0.291382372379303
m0,"cos(g_rkd_sh_d,g_couple)",scannetpp,lora_late,probe1,1ada7a0617,theta0,0.38899943232536316
m0,"cos(g_rkd_sh_d,g_rel_rot)",scannetpp,lora_late,probe1,1ada7a0617,theta0,0.022550594061613083
m0,"cos(g_rkd_sh_d,g_rel_tdir)",scannetpp,lora_late,probe1,1ada7a0617,theta0,0.4774191975593567
m0,"cos(g_rkd_sh_a,g_couple)",scannetpp,lora_late,probe1,1ada7a0617,theta0,0.04547623544931412
m0,"cos(g_rkd_sh_a,g_rel_rot)",scannetpp,lora_late,probe1,1ada7a0617,theta0,0.04207722842693329
m0,"cos(g_rkd_sh_a,g_rel_tdir)",scannetpp,lora_late,probe1,1ada7a0617,theta0,0.653241753578186
m0,"cos(g_couple,g_rel_rot)",scannetpp,lora_late,probe1,1ada7a0617,theta0,-0.034647781401872635
m0,"cos(g_couple,g_rel_tdir)",scannetpp,lora_late,probe1,1ada7a0617,theta0,-0.011421523988246918
m0,"cos(g_rel_rot,g_rel_tdir)",scannetpp,lora_late,probe1,1ada7a0617,theta0,0.1462063193321228
m0,"cos(g_maskdistill,g_rkd_sh_d)",scannetpp,cam_token,probe1,1ada7a0617,theta0,0.20214375853538513
m0,"cos(g_maskdistill,g_rkd_sh_a)",scannetpp,cam_token,probe1,1ada7a0617,theta0,0.1908757984638214
m0,"cos(g_maskdistill,g_couple)",scannetpp,cam_token,probe1,1ada7a0617,theta0,0.37163692712783813
m0,"cos(g_maskdistill,g_rel_rot)",scannetpp,cam_token,probe1,1ada7a0617,theta0,-0.10862074792385101
m0,"cos(g_maskdistill,g_rel_tdir)",scannetpp,cam_token,probe1,1ada7a0617,theta0,0.046534352004528046
m0,"cos(g_rkd_sh_d,g_rkd_sh_a)",scannetpp,cam_token,probe1,1ada7a0617,theta0,0.5582295060157776
m0,"cos(g_rkd_sh_d,g_couple)",scannetpp,cam_token,probe1,1ada7a0617,theta0,0.610521674156189
m0,"cos(g_rkd_sh_d,g_rel_rot)",scannetpp,cam_token,probe1,1ada7a0617,theta0,0.02138250693678856
m0,"cos(g_rkd_sh_d,g_rel_tdir)",scannetpp,cam_token,probe1,1ada7a0617,theta0,0.2350253164768219
m0,"cos(g_rkd_sh_a,g_couple)",scannetpp,cam_token,probe1,1ada7a0617,theta0,0.25807446241378784
m0,"cos(g_rkd_sh_a,g_rel_rot)",scannetpp,cam_token,probe1,1ada7a0617,theta0,-0.011528647504746914
m0,"cos(g_rkd_sh_a,g_rel_tdir)",scannetpp,cam_token,probe1,1ada7a0617,theta0,0.6136772632598877
m0,"cos(g_couple,g_rel_rot)",scannetpp,cam_token,probe1,1ada7a0617,theta0,-0.08568286895751953
m0,"cos(g_couple,g_rel_tdir)",scannetpp,cam_token,probe1,1ada7a0617,theta0,0.22103334963321686
m0,"cos(g_rel_rot,g_rel_tdir)",scannetpp,cam_token,probe1,1ada7a0617,theta0,0.17574436962604523
m0,"cos(g_maskdistill,g_rkd_sh_d)",scannetpp,ALL,probe1,1ada7a0617,theta0,0.3276444673538208
m0,"cos(g_maskdistill,g_rkd_sh_a)",scannetpp,ALL,probe1,1ada7a0617,theta0,0.18752500414848328
m0,"cos(g_maskdistill,g_couple)",scannetpp,ALL,probe1,1ada7a0617,theta0,0.3135191798210144
m0,"cos(g_maskdistill,g_rel_rot)",scannetpp,ALL,probe1,1ada7a0617,theta0,0.3001312017440796
m0,"cos(g_maskdistill,g_rel_tdir)",scannetpp,ALL,probe1,1ada7a0617,theta0,0.27371346950531006
m0,"cos(g_rkd_sh_d,g_rkd_sh_a)",scannetpp,ALL,probe1,1ada7a0617,theta0,0.4384794235229492
m0,"cos(g_rkd_sh_d,g_couple)",scannetpp,ALL,probe1,1ada7a0617,theta0,0.7141287326812744
m0,"cos(g_rkd_sh_d,g_rel_rot)",scannetpp,ALL,probe1,1ada7a0617,theta0,0.1252344697713852
m0,"cos(g_rkd_sh_d,g_rel_tdir)",scannetpp,ALL,probe1,1ada7a0617,theta0,0.4514461159706116
m0,"cos(g_rkd_sh_a,g_couple)",scannetpp,ALL,probe1,1ada7a0617,theta0,0.25095728039741516
m0,"cos(g_rkd_sh_a,g_rel_rot)",scannetpp,ALL,probe1,1ada7a0617,theta0,0.03915442153811455
m0,"cos(g_rkd_sh_a,g_rel_tdir)",scannetpp,ALL,probe1,1ada7a0617,theta0,0.6491837501525879
m0,"cos(g_couple,g_rel_rot)",scannetpp,ALL,probe1,1ada7a0617,theta0,0.061971116811037064
m0,"cos(g_couple,g_rel_tdir)",scannetpp,ALL,probe1,1ada7a0617,theta0,0.1461649090051651
m0,"cos(g_rel_rot,g_rel_tdir)",scannetpp,ALL,probe1,1ada7a0617,theta0,0.24177046120166779
m0,"cos(g_rel_rot,g_base)",scannetpp,lora_early,probe1,1ada7a0617,theta0,0.32779043912887573
m0,"cos(g_rel_tdir,g_base)",scannetpp,lora_early,probe1,1ada7a0617,theta0,0.4631686210632324
m0,"cos(g_rel_rot,g_base)",scannetpp,lora_late,probe1,1ada7a0617,theta0,0.13102522492408752
m0,"cos(g_rel_tdir,g_base)",scannetpp,lora_late,probe1,1ada7a0617,theta0,0.24141375720500946
m0,"cos(g_rel_rot,g_base)",scannetpp,cam_token,probe1,1ada7a0617,theta0,-0.11053849011659622
m0,"cos(g_rel_tdir,g_base)",scannetpp,cam_token,probe1,1ada7a0617,theta0,0.17709170281887054
m0,"cos(g_rel_rot,g_base)",scannetpp,ALL,probe1,1ada7a0617,theta0,0.2693871855735779
m0,"cos(g_rel_tdir,g_base)",scannetpp,ALL,probe1,1ada7a0617,theta0,0.3639832139015198
m0,loss[maskdistill],scannetpp,-,probe1,1ada7a0617,theta0,0.16978006064891815
m0,loss[rkd_sh_d],scannetpp,-,probe1,1ada7a0617,theta0,3.66941858374048e-05
m0,loss[rkd_sh_a],scannetpp,-,probe1,1ada7a0617,theta0,0.0006327846786007285
m0,loss[couple],scannetpp,-,probe1,1ada7a0617,theta0,0.0005450777825899422
m0,loss[rel_rot],scannetpp,-,probe1,1ada7a0617,theta0,0.00030211664852686226
m0,loss[rel_tdir],scannetpp,-,probe1,1ada7a0617,theta0,0.0022976300679147243
clean,"cos(g_maskdistill,g_rkd_sh_d)",scannetpp,lora_early,probe0,1ada7a0617,theta_base,0.6635442972183228
clean,"cos(g_maskdistill,g_rkd_sh_a)",scannetpp,lora_early,probe0,1ada7a0617,theta_base,-0.6598617434501648
clean,"cos(g_maskdistill,g_couple)",scannetpp,lora_early,probe0,1ada7a0617,theta_base,0.6542681455612183
clean,"cos(g_maskdistill,g_rel_rot)",scannetpp,lora_early,probe0,1ada7a0617,theta_base,0.6467860341072083
clean,"cos(g_maskdistill,g_rel_tdir)",scannetpp,lora_early,probe0,1ada7a0617,theta_base,-0.6521425247192383
clean,"cos(g_rkd_sh_d,g_rkd_sh_a)",scannetpp,lora_early,probe0,1ada7a0617,theta_base,-0.9719821214675903
clean,"cos(g_rkd_sh_d,g_couple)",scannetpp,lora_early,probe0,1ada7a0617,theta_base,0.9873608946800232
clean,"cos(g_rkd_sh_d,g_rel_rot)",scannetpp,lora_early,probe0,1ada7a0617,theta_base,0.9896126985549927
clean,"cos(g_rkd_sh_d,g_rel_tdir)",scannetpp,lora_early,probe0,1ada7a0617,theta_base,-0.9516295790672302
clean,"cos(g_rkd_sh_a,g_couple)",scannetpp,lora_early,probe0,1ada7a0617,theta_base,-0.9877325892448425
clean,"cos(g_rkd_sh_a,g_rel_rot)",scannetpp,lora_early,probe0,1ada7a0617,theta_base,-0.9773890376091003
clean,"cos(g_rkd_sh_a,g_rel_tdir)",scannetpp,lora_early,probe0,1ada7a0617,theta_base,0.9903707504272461
clean,"cos(g_couple,g_rel_rot)",scannetpp,lora_early,probe0,1ada7a0617,theta_base,0.9945958852767944
clean,"cos(g_couple,g_rel_tdir)",scannetpp,lora_early,probe0,1ada7a0617,theta_base,-0.9720898270606995
clean,"cos(g_rel_rot,g_rel_tdir)",scannetpp,lora_early,probe0,1ada7a0617,theta_base,-0.9597830176353455
clean,"cos(g_maskdistill,g_rkd_sh_d)",scannetpp,lora_late,probe0,1ada7a0617,theta_base,0.27250078320503235
clean,"cos(g_maskdistill,g_rkd_sh_a)",scannetpp,lora_late,probe0,1ada7a0617,theta_base,-0.2903865575790405
clean,"cos(g_maskdistill,g_couple)",scannetpp,lora_late,probe0,1ada7a0617,theta_base,0.6049638986587524
clean,"cos(g_maskdistill,g_rel_rot)",scannetpp,lora_late,probe0,1ada7a0617,theta_base,0.37742879986763
clean,"cos(g_maskdistill,g_rel_tdir)",scannetpp,lora_late,probe0,1ada7a0617,theta_base,-0.22316399216651917
clean,"cos(g_rkd_sh_d,g_rkd_sh_a)",scannetpp,lora_late,probe0,1ada7a0617,theta_base,-0.21293815970420837
clean,"cos(g_rkd_sh_d,g_couple)",scannetpp,lora_late,probe0,1ada7a0617,theta_base,0.48153191804885864
clean,"cos(g_rkd_sh_d,g_rel_rot)",scannetpp,lora_late,probe0,1ada7a0617,theta_base,0.3946511745452881
clean,"cos(g_rkd_sh_d,g_rel_tdir)",scannetpp,lora_late,probe0,1ada7a0617,theta_base,-0.1451294720172882
clean,"cos(g_rkd_sh_a,g_couple)",scannetpp,lora_late,probe0,1ada7a0617,theta_base,-0.4625190496444702
clean,"cos(g_rkd_sh_a,g_rel_rot)",scannetpp,lora_late,probe0,1ada7a0617,theta_base,-0.34404680132865906
clean,"cos(g_rkd_sh_a,g_rel_tdir)",scannetpp,lora_late,probe0,1ada7a0617,theta_base,0.7988491058349609
clean,"cos(g_couple,g_rel_rot)",scannetpp,lora_late,probe0,1ada7a0617,theta_base,0.5959017276763916
clean,"cos(g_couple,g_rel_tdir)",scannetpp,lora_late,probe0,1ada7a0617,theta_base,-0.3930521011352539
clean,"cos(g_rel_rot,g_rel_tdir)",scannetpp,lora_late,probe0,1ada7a0617,theta_base,-0.2155870795249939
clean,"cos(g_maskdistill,g_rkd_sh_d)",scannetpp,cam_token,probe0,1ada7a0617,theta_base,-0.008174087852239609
clean,"cos(g_maskdistill,g_rkd_sh_a)",scannetpp,cam_token,probe0,1ada7a0617,theta_base,0.11965753138065338
clean,"cos(g_maskdistill,g_couple)",scannetpp,cam_token,probe0,1ada7a0617,theta_base,-0.08973810076713562
clean,"cos(g_maskdistill,g_rel_rot)",scannetpp,cam_token,probe0,1ada7a0617,theta_base,-0.0480983704328537
clean,"cos(g_maskdistill,g_rel_tdir)",scannetpp,cam_token,probe0,1ada7a0617,theta_base,0.14691989123821259
clean,"cos(g_rkd_sh_d,g_rkd_sh_a)",scannetpp,cam_token,probe0,1ada7a0617,theta_base,-0.3088891804218292
clean,"cos(g_rkd_sh_d,g_couple)",scannetpp,cam_token,probe0,1ada7a0617,theta_base,0.6502260565757751
clean,"cos(g_rkd_sh_d,g_rel_rot)",scannetpp,cam_token,probe0,1ada7a0617,theta_base,0.5090859532356262
clean,"cos(g_rkd_sh_d,g_rel_tdir)",scannetpp,cam_token,probe0,1ada7a0617,theta_base,-0.28870904445648193
clean,"cos(g_rkd_sh_a,g_couple)",scannetpp,cam_token,probe0,1ada7a0617,theta_base,-0.623816967010498
clean,"cos(g_rkd_sh_a,g_rel_rot)",scannetpp,cam_token,probe0,1ada7a0617,theta_base,-0.40533697605133057
clean,"cos(g_rkd_sh_a,g_rel_tdir)",scannetpp,cam_token,probe0,1ada7a0617,theta_base,0.8057416677474976
clean,"cos(g_couple,g_rel_rot)",scannetpp,cam_token,probe0,1ada7a0617,theta_base,0.7386226654052734
clean,"cos(g_couple,g_rel_tdir)",scannetpp,cam_token,probe0,1ada7a0617,theta_base,-0.6069532632827759
clean,"cos(g_rel_rot,g_rel_tdir)",scannetpp,cam_token,probe0,1ada7a0617,theta_base,-0.31588393449783325
clean,"cos(g_maskdistill,g_rkd_sh_d)",scannetpp,ALL,probe0,1ada7a0617,theta_base,0.5636210441589355
clean,"cos(g_maskdistill,g_rkd_sh_a)",scannetpp,ALL,probe0,1ada7a0617,theta_base,-0.5904514789581299
clean,"cos(g_maskdistill,g_couple)",scannetpp,ALL,probe0,1ada7a0617,theta_base,0.6443324089050293
clean,"cos(g_maskdistill,g_rel_rot)",scannetpp,ALL,probe0,1ada7a0617,theta_base,0.6044954061508179
clean,"cos(g_maskdistill,g_rel_tdir)",scannetpp,ALL,probe0,1ada7a0617,theta_base,-0.5605822801589966
clean,"cos(g_rkd_sh_d,g_rkd_sh_a)",scannetpp,ALL,probe0,1ada7a0617,theta_base,-0.7622670531272888
clean,"cos(g_rkd_sh_d,g_couple)",scannetpp,ALL,probe0,1ada7a0617,theta_base,0.8579146265983582
clean,"cos(g_rkd_sh_d,g_rel_rot)",scannetpp,ALL,probe0,1ada7a0617,theta_base,0.8356435894966125
clean,"cos(g_rkd_sh_d,g_rel_tdir)",scannetpp,ALL,probe0,1ada7a0617,theta_base,-0.7113795876502991
clean,"cos(g_rkd_sh_a,g_couple)",scannetpp,ALL,probe0,1ada7a0617,theta_base,-0.8960756063461304
clean,"cos(g_rkd_sh_a,g_rel_rot)",scannetpp,ALL,probe0,1ada7a0617,theta_base,-0.8516530990600586
clean,"cos(g_rkd_sh_a,g_rel_tdir)",scannetpp,ALL,probe0,1ada7a0617,theta_base,0.9411053657531738
clean,"cos(g_couple,g_rel_rot)",scannetpp,ALL,probe0,1ada7a0617,theta_base,0.9394623041152954
clean,"cos(g_couple,g_rel_tdir)",scannetpp,ALL,probe0,1ada7a0617,theta_base,-0.8528270721435547
clean,"cos(g_rel_rot,g_rel_tdir)",scannetpp,ALL,probe0,1ada7a0617,theta_base,-0.7922741174697876
clean,"cos(g_rel_rot,g_base)",scannetpp,lora_early,probe0,1ada7a0617,theta_base,0.8044095039367676
clean,"cos(g_rel_tdir,g_base)",scannetpp,lora_early,probe0,1ada7a0617,theta_base,-0.7983852624893188
clean,"cos(g_rel_rot,g_base)",scannetpp,lora_late,probe0,1ada7a0617,theta_base,0.48392897844314575
clean,"cos(g_rel_tdir,g_base)",scannetpp,lora_late,probe0,1ada7a0617,theta_base,-0.20711521804332733
clean,"cos(g_rel_rot,g_base)",scannetpp,cam_token,probe0,1ada7a0617,theta_base,0.06673425436019897
clean,"cos(g_rel_tdir,g_base)",scannetpp,cam_token,probe0,1ada7a0617,theta_base,0.0857970342040062
clean,"cos(g_rel_rot,g_base)",scannetpp,ALL,probe0,1ada7a0617,theta_base,0.7563505172729492
clean,"cos(g_rel_tdir,g_base)",scannetpp,ALL,probe0,1ada7a0617,theta_base,-0.679661214351654
clean,loss[maskdistill],scannetpp,-,probe0,1ada7a0617,theta_base,0.007405146025121212
clean,loss[rkd_sh_d],scannetpp,-,probe0,1ada7a0617,theta_base,4.334074674261501e-06
clean,loss[rkd_sh_a],scannetpp,-,probe0,1ada7a0617,theta_base,9.452873200643808e-06
clean,loss[couple],scannetpp,-,probe0,1ada7a0617,theta_base,1.9375869669602253e-05
clean,loss[rel_rot],scannetpp,-,probe0,1ada7a0617,theta_base,4.3716740037780255e-05
clean,loss[rel_tdir],scannetpp,-,probe0,1ada7a0617,theta_base,0.0001138448715209961
m0,"cos(g_maskdistill,g_rkd_sh_d)",scannetpp,lora_early,probe0,1ada7a0617,theta_base,0.08504839241504669
m0,"cos(g_maskdistill,g_rkd_sh_a)",scannetpp,lora_early,probe0,1ada7a0617,theta_base,0.10501627624034882
m0,"cos(g_maskdistill,g_couple)",scannetpp,lora_early,probe0,1ada7a0617,theta_base,-0.19453740119934082
m0,"cos(g_maskdistill,g_rel_rot)",scannetpp,lora_early,probe0,1ada7a0617,theta_base,-0.22398845851421356
m0,"cos(g_maskdistill,g_rel_tdir)",scannetpp,lora_early,probe0,1ada7a0617,theta_base,0.2979828417301178
m0,"cos(g_rkd_sh_d,g_rkd_sh_a)",scannetpp,lora_early,probe0,1ada7a0617,theta_base,0.38718318939208984
m0,"cos(g_rkd_sh_d,g_couple)",scannetpp,lora_early,probe0,1ada7a0617,theta_base,-0.09316849708557129
m0,"cos(g_rkd_sh_d,g_rel_rot)",scannetpp,lora_early,probe0,1ada7a0617,theta_base,-0.04426199570298195
m0,"cos(g_rkd_sh_d,g_rel_tdir)",scannetpp,lora_early,probe0,1ada7a0617,theta_base,0.45951253175735474
m0,"cos(g_rkd_sh_a,g_couple)",scannetpp,lora_early,probe0,1ada7a0617,theta_base,-0.2335452437400818
m0,"cos(g_rkd_sh_a,g_rel_rot)",scannetpp,lora_early,probe0,1ada7a0617,theta_base,-0.13438338041305542
m0,"cos(g_rkd_sh_a,g_rel_tdir)",scannetpp,lora_early,probe0,1ada7a0617,theta_base,0.8865711688995361
m0,"cos(g_couple,g_rel_rot)",scannetpp,lora_early,probe0,1ada7a0617,theta_base,0.6796318888664246
m0,"cos(g_couple,g_rel_tdir)",scannetpp,lora_early,probe0,1ada7a0617,theta_base,-0.20108914375305176
m0,"cos(g_rel_rot,g_rel_tdir)",scannetpp,lora_early,probe0,1ada7a0617,theta_base,-0.023560896515846252
m0,"cos(g_maskdistill,g_rkd_sh_d)",scannetpp,lora_late,probe0,1ada7a0617,theta_base,0.01010450441390276
m0,"cos(g_maskdistill,g_rkd_sh_a)",scannetpp,lora_late,probe0,1ada7a0617,theta_base,0.09167133271694183
m0,"cos(g_maskdistill,g_couple)",scannetpp,lora_late,probe0,1ada7a0617,theta_base,0.004156898707151413
m0,"cos(g_maskdistill,g_rel_rot)",scannetpp,lora_late,probe0,1ada7a0617,theta_base,0.03316620737314224
m0,"cos(g_maskdistill,g_rel_tdir)",scannetpp,lora_late,probe0,1ada7a0617,theta_base,0.13594412803649902
m0,"cos(g_rkd_sh_d,g_rkd_sh_a)",scannetpp,lora_late,probe0,1ada7a0617,theta_base,0.18672636151313782
m0,"cos(g_rkd_sh_d,g_couple)",scannetpp,lora_late,probe0,1ada7a0617,theta_base,0.2323380559682846
m0,"cos(g_rkd_sh_d,g_rel_rot)",scannetpp,lora_late,probe0,1ada7a0617,theta_base,-0.11218783259391785
m0,"cos(g_rkd_sh_d,g_rel_tdir)",scannetpp,lora_late,probe0,1ada7a0617,theta_base,0.18193602561950684
m0,"cos(g_rkd_sh_a,g_couple)",scannetpp,lora_late,probe0,1ada7a0617,theta_base,-0.05429335683584213
m0,"cos(g_rkd_sh_a,g_rel_rot)",scannetpp,lora_late,probe0,1ada7a0617,theta_base,-0.015855081379413605
m0,"cos(g_rkd_sh_a,g_rel_tdir)",scannetpp,lora_late,probe0,1ada7a0617,theta_base,0.800352931022644
m0,"cos(g_couple,g_rel_rot)",scannetpp,lora_late,probe0,1ada7a0617,theta_base,0.017162304371595383
m0,"cos(g_couple,g_rel_tdir)",scannetpp,lora_late,probe0,1ada7a0617,theta_base,-0.018601521849632263
m0,"cos(g_rel_rot,g_rel_tdir)",scannetpp,lora_late,probe0,1ada7a0617,theta_base,0.14152389764785767
m0,"cos(g_maskdistill,g_rkd_sh_d)",scannetpp,cam_token,probe0,1ada7a0617,theta_base,0.22766946256160736
m0,"cos(g_maskdistill,g_rkd_sh_a)",scannetpp,cam_token,probe0,1ada7a0617,theta_base,0.20021769404411316
m0,"cos(g_maskdistill,g_couple)",scannetpp,cam_token,probe0,1ada7a0617,theta_base,-0.2554399371147156
m0,"cos(g_maskdistill,g_rel_rot)",scannetpp,cam_token,probe0,1ada7a0617,theta_base,-0.19643938541412354
m0,"cos(g_maskdistill,g_rel_tdir)",scannetpp,cam_token,probe0,1ada7a0617,theta_base,0.22688639163970947
m0,"cos(g_rkd_sh_d,g_rkd_sh_a)",scannetpp,cam_token,probe0,1ada7a0617,theta_base,0.19880269467830658
m0,"cos(g_rkd_sh_d,g_couple)",scannetpp,cam_token,probe0,1ada7a0617,theta_base,0.005015760660171509
m0,"cos(g_rkd_sh_d,g_rel_rot)",scannetpp,cam_token,probe0,1ada7a0617,theta_base,-0.08362215012311935
m0,"cos(g_rkd_sh_d,g_rel_tdir)",scannetpp,cam_token,probe0,1ada7a0617,theta_base,0.19264435768127441
m0,"cos(g_rkd_sh_a,g_couple)",scannetpp,cam_token,probe0,1ada7a0617,theta_base,-0.2940253019332886
m0,"cos(g_rkd_sh_a,g_rel_rot)",scannetpp,cam_token,probe0,1ada7a0617,theta_base,-0.11053460836410522
m0,"cos(g_rkd_sh_a,g_rel_tdir)",scannetpp,cam_token,probe0,1ada7a0617,theta_base,0.7679088115692139
m0,"cos(g_couple,g_rel_rot)",scannetpp,cam_token,probe0,1ada7a0617,theta_base,0.017309218645095825
m0,"cos(g_couple,g_rel_tdir)",scannetpp,cam_token,probe0,1ada7a0617,theta_base,-0.3134893774986267
m0,"cos(g_rel_rot,g_rel_tdir)",scannetpp,cam_token,probe0,1ada7a0617,theta_base,0.03729961812496185
m0,"cos(g_maskdistill,g_rkd_sh_d)",scannetpp,ALL,probe0,1ada7a0617,theta_base,0.05466444045305252
m0,"cos(g_maskdistill,g_rkd_sh_a)",scannetpp,ALL,probe0,1ada7a0617,theta_base,0.08370000869035721
m0,"cos(g_maskdistill,g_couple)",scannetpp,ALL,probe0,1ada7a0617,theta_base,-0.1685699224472046
m0,"cos(g_maskdistill,g_rel_rot)",scannetpp,ALL,probe0,1ada7a0617,theta_base,-0.1753590703010559
m0,"cos(g_maskdistill,g_rel_tdir)",scannetpp,ALL,probe0,1ada7a0617,theta_base,0.24811014533042908
m0,"cos(g_rkd_sh_d,g_rkd_sh_a)",scannetpp,ALL,probe0,1ada7a0617,theta_base,0.269711971282959
m0,"cos(g_rkd_sh_d,g_couple)",scannetpp,ALL,probe0,1ada7a0617,theta_base,0.039528533816337585
m0,"cos(g_rkd_sh_d,g_rel_rot)",scannetpp,ALL,probe0,1ada7a0617,theta_base,-0.07485344260931015
m0,"cos(g_rkd_sh_d,g_rel_tdir)",scannetpp,ALL,probe0,1ada7a0617,theta_base,0.3083353042602539
m0,"cos(g_rkd_sh_a,g_couple)",scannetpp,ALL,probe0,1ada7a0617,theta_base,-0.1632956862449646
m0,"cos(g_rkd_sh_a,g_rel_rot)",scannetpp,ALL,probe0,1ada7a0617,theta_base,-0.08302025496959686
m0,"cos(g_rkd_sh_a,g_rel_tdir)",scannetpp,ALL,probe0,1ada7a0617,theta_base,0.8391982316970825
m0,"cos(g_couple,g_rel_rot)",scannetpp,ALL,probe0,1ada7a0617,theta_base,0.4780815541744232
m0,"cos(g_couple,g_rel_tdir)",scannetpp,ALL,probe0,1ada7a0617,theta_base,-0.1473613679409027
m0,"cos(g_rel_rot,g_rel_tdir)",scannetpp,ALL,probe0,1ada7a0617,theta_base,0.03512255847454071
m0,"cos(g_rel_rot,g_base)",scannetpp,lora_early,probe0,1ada7a0617,theta_base,-0.1676558554172516
m0,"cos(g_rel_tdir,g_base)",scannetpp,lora_early,probe0,1ada7a0617,theta_base,0.30868518352508545
m0,"cos(g_rel_rot,g_base)",scannetpp,lora_late,probe0,1ada7a0617,theta_base,0.030587725341320038
m0,"cos(g_rel_tdir,g_base)",scannetpp,lora_late,probe0,1ada7a0617,theta_base,0.2636265158653259
m0,"cos(g_rel_rot,g_base)",scannetpp,cam_token,probe0,1ada7a0617,theta_base,-0.20124199986457825
m0,"cos(g_rel_tdir,g_base)",scannetpp,cam_token,probe0,1ada7a0617,theta_base,0.23954622447490692
m0,"cos(g_rel_rot,g_base)",scannetpp,ALL,probe0,1ada7a0617,theta_base,-0.1308371126651764
m0,"cos(g_rel_tdir,g_base)",scannetpp,ALL,probe0,1ada7a0617,theta_base,0.2691764235496521
m0,loss[maskdistill],scannetpp,-,probe0,1ada7a0617,theta_base,0.15074670314788818
m0,loss[rkd_sh_d],scannetpp,-,probe0,1ada7a0617,theta_base,2.9290481506905053e-06
m0,loss[rkd_sh_a],scannetpp,-,probe0,1ada7a0617,theta_base,5.6394957937300205e-05
m0,loss[couple],scannetpp,-,probe0,1ada7a0617,theta_base,0.00018554064445197582
m0,loss[rel_rot],scannetpp,-,probe0,1ada7a0617,theta_base,5.507106470759027e-05
m0,loss[rel_tdir],scannetpp,-,probe0,1ada7a0617,theta_base,0.0005900065298192203
clean,"cos(g_maskdistill,g_rkd_sh_d)",scannetpp,lora_early,probe1,1ada7a0617,theta_base,-0.02993978001177311
clean,"cos(g_maskdistill,g_rkd_sh_a)",scannetpp,lora_early,probe1,1ada7a0617,theta_base,-0.053322672843933105
clean,"cos(g_maskdistill,g_couple)",scannetpp,lora_early,probe1,1ada7a0617,theta_base,0.028057999908924103
clean,"cos(g_maskdistill,g_rel_rot)",scannetpp,lora_early,probe1,1ada7a0617,theta_base,-0.05093522369861603
clean,"cos(g_maskdistill,g_rel_tdir)",scannetpp,lora_early,probe1,1ada7a0617,theta_base,-0.07045011222362518
clean,"cos(g_rkd_sh_d,g_rkd_sh_a)",scannetpp,lora_early,probe1,1ada7a0617,theta_base,0.11536888778209686
clean,"cos(g_rkd_sh_d,g_couple)",scannetpp,lora_early,probe1,1ada7a0617,theta_base,0.6609334945678711
clean,"cos(g_rkd_sh_d,g_rel_rot)",scannetpp,lora_early,probe1,1ada7a0617,theta_base,-0.47202804684638977
clean,"cos(g_rkd_sh_d,g_rel_tdir)",scannetpp,lora_early,probe1,1ada7a0617,theta_base,0.09845756739377975
clean,"cos(g_rkd_sh_a,g_couple)",scannetpp,lora_early,probe1,1ada7a0617,theta_base,-0.03277124464511871
clean,"cos(g_rkd_sh_a,g_rel_rot)",scannetpp,lora_early,probe1,1ada7a0617,theta_base,-0.02852049469947815
clean,"cos(g_rkd_sh_a,g_rel_tdir)",scannetpp,lora_early,probe1,1ada7a0617,theta_base,0.9609285593032837
clean,"cos(g_couple,g_rel_rot)",scannetpp,lora_early,probe1,1ada7a0617,theta_base,-0.5105119347572327
clean,"cos(g_couple,g_rel_tdir)",scannetpp,lora_early,probe1,1ada7a0617,theta_base,-0.11007671803236008
clean,"cos(g_rel_rot,g_rel_tdir)",scannetpp,lora_early,probe1,1ada7a0617,theta_base,-0.019018009305000305
clean,"cos(g_maskdistill,g_rkd_sh_d)",scannetpp,lora_late,probe1,1ada7a0617,theta_base,0.023423418402671814
clean,"cos(g_maskdistill,g_rkd_sh_a)",scannetpp,lora_late,probe1,1ada7a0617,theta_base,-0.01846401020884514
clean,"cos(g_maskdistill,g_couple)",scannetpp,lora_late,probe1,1ada7a0617,theta_base,0.09170584380626678
clean,"cos(g_maskdistill,g_rel_rot)",scannetpp,lora_late,probe1,1ada7a0617,theta_base,-0.01807226985692978
clean,"cos(g_maskdistill,g_rel_tdir)",scannetpp,lora_late,probe1,1ada7a0617,theta_base,-0.024054616689682007
clean,"cos(g_rkd_sh_d,g_rkd_sh_a)",scannetpp,lora_late,probe1,1ada7a0617,theta_base,-0.054765887558460236
clean,"cos(g_rkd_sh_d,g_couple)",scannetpp,lora_late,probe1,1ada7a0617,theta_base,0.45483851432800293
clean,"cos(g_rkd_sh_d,g_rel_rot)",scannetpp,lora_late,probe1,1ada7a0617,theta_base,-0.22323210537433624
clean,"cos(g_rkd_sh_d,g_rel_tdir)",scannetpp,lora_late,probe1,1ada7a0617,theta_base,-0.019264988601207733
clean,"cos(g_rkd_sh_a,g_couple)",scannetpp,lora_late,probe1,1ada7a0617,theta_base,0.05707700178027153
clean,"cos(g_rkd_sh_a,g_rel_rot)",scannetpp,lora_late,probe1,1ada7a0617,theta_base,0.0848434790968895
clean,"cos(g_rkd_sh_a,g_rel_tdir)",scannetpp,lora_late,probe1,1ada7a0617,theta_base,0.9574124813079834
clean,"cos(g_couple,g_rel_rot)",scannetpp,lora_late,probe1,1ada7a0617,theta_base,-0.34074872732162476
clean,"cos(g_couple,g_rel_tdir)",scannetpp,lora_late,probe1,1ada7a0617,theta_base,0.05213867872953415
clean,"cos(g_rel_rot,g_rel_tdir)",scannetpp,lora_late,probe1,1ada7a0617,theta_base,0.054094601422548294
clean,"cos(g_maskdistill,g_rkd_sh_d)",scannetpp,cam_token,probe1,1ada7a0617,theta_base,0.14301332831382751
clean,"cos(g_maskdistill,g_rkd_sh_a)",scannetpp,cam_token,probe1,1ada7a0617,theta_base,0.006917963270097971
clean,"cos(g_maskdistill,g_couple)",scannetpp,cam_token,probe1,1ada7a0617,theta_base,0.2840774655342102
clean,"cos(g_maskdistill,g_rel_rot)",scannetpp,cam_token,probe1,1ada7a0617,theta_base,-0.20778539776802063
clean,"cos(g_maskdistill,g_rel_tdir)",scannetpp,cam_token,probe1,1ada7a0617,theta_base,-0.006247121840715408
clean,"cos(g_rkd_sh_d,g_rkd_sh_a)",scannetpp,cam_token,probe1,1ada7a0617,theta_base,0.5900471806526184
clean,"cos(g_rkd_sh_d,g_couple)",scannetpp,cam_token,probe1,1ada7a0617,theta_base,0.1088576465845108
clean,"cos(g_rkd_sh_d,g_rel_rot)",scannetpp,cam_token,probe1,1ada7a0617,theta_base,-0.20565900206565857
clean,"cos(g_rkd_sh_d,g_rel_tdir)",scannetpp,cam_token,probe1,1ada7a0617,theta_base,0.5316753387451172
clean,"cos(g_rkd_sh_a,g_couple)",scannetpp,cam_token,probe1,1ada7a0617,theta_base,-0.42870327830314636
clean,"cos(g_rkd_sh_a,g_rel_rot)",scannetpp,cam_token,probe1,1ada7a0617,theta_base,-0.04470726102590561
clean,"cos(g_rkd_sh_a,g_rel_tdir)",scannetpp,cam_token,probe1,1ada7a0617,theta_base,0.988469660282135
clean,"cos(g_couple,g_rel_rot)",scannetpp,cam_token,probe1,1ada7a0617,theta_base,-0.4052250385284424
clean,"cos(g_couple,g_rel_tdir)",scannetpp,cam_token,probe1,1ada7a0617,theta_base,-0.413781076669693
clean,"cos(g_rel_rot,g_rel_tdir)",scannetpp,cam_token,probe1,1ada7a0617,theta_base,-0.0740843266248703
clean,"cos(g_maskdistill,g_rkd_sh_d)",scannetpp,ALL,probe1,1ada7a0617,theta_base,-0.0019806416239589453
clean,"cos(g_maskdistill,g_rkd_sh_a)",scannetpp,ALL,probe1,1ada7a0617,theta_base,-0.016499843448400497
clean,"cos(g_maskdistill,g_couple)",scannetpp,ALL,probe1,1ada7a0617,theta_base,0.034107133746147156
clean,"cos(g_maskdistill,g_rel_rot)",scannetpp,ALL,probe1,1ada7a0617,theta_base,-0.03015574999153614
clean,"cos(g_maskdistill,g_rel_tdir)",scannetpp,ALL,probe1,1ada7a0617,theta_base,-0.022557977586984634
clean,"cos(g_rkd_sh_d,g_rkd_sh_a)",scannetpp,ALL,probe1,1ada7a0617,theta_base,-0.02338235080242157
clean,"cos(g_rkd_sh_d,g_couple)",scannetpp,ALL,probe1,1ada7a0617,theta_base,0.4802512526512146
clean,"cos(g_rkd_sh_d,g_rel_rot)",scannetpp,ALL,probe1,1ada7a0617,theta_base,-0.26106908917427063
clean,"cos(g_rkd_sh_d,g_rel_tdir)",scannetpp,ALL,probe1,1ada7a0617,theta_base,0.00452064722776413
clean,"cos(g_rkd_sh_a,g_couple)",scannetpp,ALL,probe1,1ada7a0617,theta_base,0.035003144294023514
clean,"cos(g_rkd_sh_a,g_rel_rot)",scannetpp,ALL,probe1,1ada7a0617,theta_base,0.0670432299375534
clean,"cos(g_rkd_sh_a,g_rel_tdir)",scannetpp,ALL,probe1,1ada7a0617,theta_base,0.9585889577865601
clean,"cos(g_couple,g_rel_rot)",scannetpp,ALL,probe1,1ada7a0617,theta_base,-0.37620556354522705
clean,"cos(g_couple,g_rel_tdir)",scannetpp,ALL,probe1,1ada7a0617,theta_base,0.02175699546933174
clean,"cos(g_rel_rot,g_rel_tdir)",scannetpp,ALL,probe1,1ada7a0617,theta_base,0.04172126203775406
clean,"cos(g_rel_rot,g_base)",scannetpp,lora_early,probe1,1ada7a0617,theta_base,-0.11904006451368332
clean,"cos(g_rel_tdir,g_base)",scannetpp,lora_early,probe1,1ada7a0617,theta_base,-0.011239633895456791
clean,"cos(g_rel_rot,g_base)",scannetpp,lora_late,probe1,1ada7a0617,theta_base,-0.15774361789226532
clean,"cos(g_rel_tdir,g_base)",scannetpp,lora_late,probe1,1ada7a0617,theta_base,0.6160722970962524
clean,"cos(g_rel_rot,g_base)",scannetpp,cam_token,probe1,1ada7a0617,theta_base,-0.2562331557273865
clean,"cos(g_rel_tdir,g_base)",scannetpp,cam_token,probe1,1ada7a0617,theta_base,0.14217409491539001
clean,"cos(g_rel_rot,g_base)",scannetpp,ALL,probe1,1ada7a0617,theta_base,-0.10703234374523163
clean,"cos(g_rel_tdir,g_base)",scannetpp,ALL,probe1,1ada7a0617,theta_base,0.22217004001140594
clean,loss[maskdistill],scannetpp,-,probe1,1ada7a0617,theta_base,0.010130377486348152
clean,loss[rkd_sh_d],scannetpp,-,probe1,1ada7a0617,theta_base,3.375873120603501e-06
clean,loss[rkd_sh_a],scannetpp,-,probe1,1ada7a0617,theta_base,3.0685405363328755e-05
clean,loss[couple],scannetpp,-,probe1,1ada7a0617,theta_base,0.00011505421571200714
clean,loss[rel_rot],scannetpp,-,probe1,1ada7a0617,theta_base,1.0481446224730462e-05
clean,loss[rel_tdir],scannetpp,-,probe1,1ada7a0617,theta_base,2.2530555725097656e-05
m0,"cos(g_maskdistill,g_rkd_sh_d)",scannetpp,lora_early,probe1,1ada7a0617,theta_base,0.1988174319267273
m0,"cos(g_maskdistill,g_rkd_sh_a)",scannetpp,lora_early,probe1,1ada7a0617,theta_base,0.20502209663391113
m0,"cos(g_maskdistill,g_couple)",scannetpp,lora_early,probe1,1ada7a0617,theta_base,0.18518362939357758
m0,"cos(g_maskdistill,g_rel_rot)",scannetpp,lora_early,probe1,1ada7a0617,theta_base,0.13300323486328125
m0,"cos(g_maskdistill,g_rel_tdir)",scannetpp,lora_early,probe1,1ada7a0617,theta_base,0.23794463276863098
m0,"cos(g_rkd_sh_d,g_rkd_sh_a)",scannetpp,lora_early,probe1,1ada7a0617,theta_base,0.5954509973526001
m0,"cos(g_rkd_sh_d,g_couple)",scannetpp,lora_early,probe1,1ada7a0617,theta_base,0.38179707527160645
m0,"cos(g_rkd_sh_d,g_rel_rot)",scannetpp,lora_early,probe1,1ada7a0617,theta_base,-0.1492902785539627
m0,"cos(g_rkd_sh_d,g_rel_tdir)",scannetpp,lora_early,probe1,1ada7a0617,theta_base,0.5779404640197754
m0,"cos(g_rkd_sh_a,g_couple)",scannetpp,lora_early,probe1,1ada7a0617,theta_base,0.09059557318687439
m0,"cos(g_rkd_sh_a,g_rel_rot)",scannetpp,lora_early,probe1,1ada7a0617,theta_base,-0.10000264644622803
m0,"cos(g_rkd_sh_a,g_rel_tdir)",scannetpp,lora_early,probe1,1ada7a0617,theta_base,0.6535391211509705
m0,"cos(g_couple,g_rel_rot)",scannetpp,lora_early,probe1,1ada7a0617,theta_base,-0.2906208038330078
m0,"cos(g_couple,g_rel_tdir)",scannetpp,lora_early,probe1,1ada7a0617,theta_base,-0.0422472283244133
m0,"cos(g_rel_rot,g_rel_tdir)",scannetpp,lora_early,probe1,1ada7a0617,theta_base,0.19494977593421936
m0,"cos(g_maskdistill,g_rkd_sh_d)",scannetpp,lora_late,probe1,1ada7a0617,theta_base,0.03365519642829895
m0,"cos(g_maskdistill,g_rkd_sh_a)",scannetpp,lora_late,probe1,1ada7a0617,theta_base,0.03179113566875458
m0,"cos(g_maskdistill,g_couple)",scannetpp,lora_late,probe1,1ada7a0617,theta_base,0.05503993108868599
m0,"cos(g_maskdistill,g_rel_rot)",scannetpp,lora_late,probe1,1ada7a0617,theta_base,0.06819724291563034
m0,"cos(g_maskdistill,g_rel_tdir)",scannetpp,lora_late,probe1,1ada7a0617,theta_base,0.040870167315006256
m0,"cos(g_rkd_sh_d,g_rkd_sh_a)",scannetpp,lora_late,probe1,1ada7a0617,theta_base,0.2363891303539276
m0,"cos(g_rkd_sh_d,g_couple)",scannetpp,lora_late,probe1,1ada7a0617,theta_base,0.3287338614463806
m0,"cos(g_rkd_sh_d,g_rel_rot)",scannetpp,lora_late,probe1,1ada7a0617,theta_base,-0.04925697669386864
m0,"cos(g_rkd_sh_d,g_rel_tdir)",scannetpp,lora_late,probe1,1ada7a0617,theta_base,0.4884532690048218
m0,"cos(g_rkd_sh_a,g_couple)",scannetpp,lora_late,probe1,1ada7a0617,theta_base,0.03164295107126236
m0,"cos(g_rkd_sh_a,g_rel_rot)",scannetpp,lora_late,probe1,1ada7a0617,theta_base,0.042455002665519714
m0,"cos(g_rkd_sh_a,g_rel_tdir)",scannetpp,lora_late,probe1,1ada7a0617,theta_base,0.5371457934379578
m0,"cos(g_couple,g_rel_rot)",scannetpp,lora_late,probe1,1ada7a0617,theta_base,-0.18169550597667694
m0,"cos(g_couple,g_rel_tdir)",scannetpp,lora_late,probe1,1ada7a0617,theta_base,-0.0700797438621521
m0,"cos(g_rel_rot,g_rel_tdir)",scannetpp,lora_late,probe1,1ada7a0617,theta_base,0.1462116241455078
m0,"cos(g_maskdistill,g_rkd_sh_d)",scannetpp,cam_token,probe1,1ada7a0617,theta_base,0.15912775695323944
m0,"cos(g_maskdistill,g_rkd_sh_a)",scannetpp,cam_token,probe1,1ada7a0617,theta_base,0.19119828939437866
m0,"cos(g_maskdistill,g_couple)",scannetpp,cam_token,probe1,1ada7a0617,theta_base,0.25039219856262207
m0,"cos(g_maskdistill,g_rel_rot)",scannetpp,cam_token,probe1,1ada7a0617,theta_base,-0.24710039794445038
m0,"cos(g_maskdistill,g_rel_tdir)",scannetpp,cam_token,probe1,1ada7a0617,theta_base,-0.0323757603764534
m0,"cos(g_rkd_sh_d,g_rkd_sh_a)",scannetpp,cam_token,probe1,1ada7a0617,theta_base,0.5143844485282898
m0,"cos(g_rkd_sh_d,g_couple)",scannetpp,cam_token,probe1,1ada7a0617,theta_base,0.44272950291633606
m0,"cos(g_rkd_sh_d,g_rel_rot)",scannetpp,cam_token,probe1,1ada7a0617,theta_base,-0.1455065757036209
m0,"cos(g_rkd_sh_d,g_rel_tdir)",scannetpp,cam_token,probe1,1ada7a0617,theta_base,0.20412617921829224
m0,"cos(g_rkd_sh_a,g_couple)",scannetpp,cam_token,probe1,1ada7a0617,theta_base,0.09749425947666168
m0,"cos(g_rkd_sh_a,g_rel_rot)",scannetpp,cam_token,probe1,1ada7a0617,theta_base,-0.09698398411273956
m0,"cos(g_rkd_sh_a,g_rel_tdir)",scannetpp,cam_token,probe1,1ada7a0617,theta_base,0.4496283531188965
m0,"cos(g_couple,g_rel_rot)",scannetpp,cam_token,probe1,1ada7a0617,theta_base,-0.20422890782356262
m0,"cos(g_couple,g_rel_tdir)",scannetpp,cam_token,probe1,1ada7a0617,theta_base,0.17509949207305908
m0,"cos(g_rel_rot,g_rel_tdir)",scannetpp,cam_token,probe1,1ada7a0617,theta_base,0.15989398956298828
m0,"cos(g_maskdistill,g_rkd_sh_d)",scannetpp,ALL,probe1,1ada7a0617,theta_base,0.1616930365562439
m0,"cos(g_maskdistill,g_rkd_sh_a)",scannetpp,ALL,probe1,1ada7a0617,theta_base,0.1616487205028534
m0,"cos(g_maskdistill,g_couple)",scannetpp,ALL,probe1,1ada7a0617,theta_base,0.16027510166168213
m0,"cos(g_maskdistill,g_rel_rot)",scannetpp,ALL,probe1,1ada7a0617,theta_base,0.10531851649284363
m0,"cos(g_maskdistill,g_rel_tdir)",scannetpp,ALL,probe1,1ada7a0617,theta_base,0.169523224234581
m0,"cos(g_rkd_sh_d,g_rkd_sh_a)",scannetpp,ALL,probe1,1ada7a0617,theta_base,0.4768577218055725
m0,"cos(g_rkd_sh_d,g_couple)",scannetpp,ALL,probe1,1ada7a0617,theta_base,0.36673760414123535
m0,"cos(g_rkd_sh_d,g_rel_rot)",scannetpp,ALL,probe1,1ada7a0617,theta_base,-0.11122570931911469
m0,"cos(g_rkd_sh_d,g_rel_tdir)",scannetpp,ALL,probe1,1ada7a0617,theta_base,0.5327547788619995
m0,"cos(g_rkd_sh_a,g_couple)",scannetpp,ALL,probe1,1ada7a0617,theta_base,0.07263079285621643
m0,"cos(g_rkd_sh_a,g_rel_rot)",scannetpp,ALL,probe1,1ada7a0617,theta_base,-0.044047120958566666
m0,"cos(g_rkd_sh_a,g_rel_tdir)",scannetpp,ALL,probe1,1ada7a0617,theta_base,0.5992875099182129
m0,"cos(g_couple,g_rel_rot)",scannetpp,ALL,probe1,1ada7a0617,theta_base,-0.2480107545852661
m0,"cos(g_couple,g_rel_tdir)",scannetpp,ALL,probe1,1ada7a0617,theta_base,-0.04918571189045906
m0,"cos(g_rel_rot,g_rel_tdir)",scannetpp,ALL,probe1,1ada7a0617,theta_base,0.17243993282318115
m0,"cos(g_rel_rot,g_base)",scannetpp,lora_early,probe1,1ada7a0617,theta_base,0.015876159071922302
m0,"cos(g_rel_tdir,g_base)",scannetpp,lora_early,probe1,1ada7a0617,theta_base,0.2950916886329651
m0,"cos(g_rel_rot,g_base)",scannetpp,lora_late,probe1,1ada7a0617,theta_base,-0.010494520887732506
m0,"cos(g_rel_tdir,g_base)",scannetpp,lora_late,probe1,1ada7a0617,theta_base,0.16198265552520752
m0,"cos(g_rel_rot,g_base)",scannetpp,cam_token,probe1,1ada7a0617,theta_base,-0.2759629487991333
m0,"cos(g_rel_tdir,g_base)",scannetpp,cam_token,probe1,1ada7a0617,theta_base,0.08955700695514679
m0,"cos(g_rel_rot,g_base)",scannetpp,ALL,probe1,1ada7a0617,theta_base,0.005690121091902256
m0,"cos(g_rel_tdir,g_base)",scannetpp,ALL,probe1,1ada7a0617,theta_base,0.2384469211101532
m0,loss[maskdistill],scannetpp,-,probe1,1ada7a0617,theta_base,0.16872447729110718
m0,loss[rkd_sh_d],scannetpp,-,probe1,1ada7a0617,theta_base,3.660543370642699e-05
m0,loss[rkd_sh_a],scannetpp,-,probe1,1ada7a0617,theta_base,0.0006348516326397657
m0,loss[couple],scannetpp,-,probe1,1ada7a0617,theta_base,0.0006054195109754801
m0,loss[rel_rot],scannetpp,-,probe1,1ada7a0617,theta_base,0.0002985102473758161
m0,loss[rel_tdir],scannetpp,-,probe1,1ada7a0617,theta_base,0.0023361644707620144
clean,"cos(g_maskdistill,g_rkd_sh_d)",scannetpp,lora_early,probe0,1ada7a0617,theta_rel,0.12599046528339386
clean,"cos(g_maskdistill,g_rkd_sh_a)",scannetpp,lora_early,probe0,1ada7a0617,theta_rel,-0.1392403393983841
clean,"cos(g_maskdistill,g_couple)",scannetpp,lora_early,probe0,1ada7a0617,theta_rel,0.12138247489929199
clean,"cos(g_maskdistill,g_rel_rot)",scannetpp,lora_early,probe0,1ada7a0617,theta_rel,0.06427633762359619
clean,"cos(g_maskdistill,g_rel_tdir)",scannetpp,lora_early,probe0,1ada7a0617,theta_rel,-0.11466414481401443
clean,"cos(g_rkd_sh_d,g_rkd_sh_a)",scannetpp,lora_early,probe0,1ada7a0617,theta_rel,0.034131862223148346
clean,"cos(g_rkd_sh_d,g_couple)",scannetpp,lora_early,probe0,1ada7a0617,theta_rel,0.23480913043022156
clean,"cos(g_rkd_sh_d,g_rel_rot)",scannetpp,lora_early,probe0,1ada7a0617,theta_rel,0.42961663007736206
clean,"cos(g_rkd_sh_d,g_rel_tdir)",scannetpp,lora_early,probe0,1ada7a0617,theta_rel,0.27490198612213135
clean,"cos(g_rkd_sh_a,g_couple)",scannetpp,lora_early,probe0,1ada7a0617,theta_rel,-0.18455404043197632
clean,"cos(g_rkd_sh_a,g_rel_rot)",scannetpp,lora_early,probe0,1ada7a0617,theta_rel,0.1961568295955658
clean,"cos(g_rkd_sh_a,g_rel_tdir)",scannetpp,lora_early,probe0,1ada7a0617,theta_rel,0.7804186940193176
clean,"cos(g_couple,g_rel_rot)",scannetpp,lora_early,probe0,1ada7a0617,theta_rel,0.32798904180526733
clean,"cos(g_couple,g_rel_tdir)",scannetpp,lora_early,probe0,1ada7a0617,theta_rel,-0.04882993921637535
clean,"cos(g_rel_rot,g_rel_tdir)",scannetpp,lora_early,probe0,1ada7a0617,theta_rel,0.27998992800712585
clean,"cos(g_maskdistill,g_rkd_sh_d)",scannetpp,lora_late,probe0,1ada7a0617,theta_rel,0.035079024732112885
clean,"cos(g_maskdistill,g_rkd_sh_a)",scannetpp,lora_late,probe0,1ada7a0617,theta_rel,0.03164017200469971
clean,"cos(g_maskdistill,g_couple)",scannetpp,lora_late,probe0,1ada7a0617,theta_rel,0.11432643234729767
clean,"cos(g_maskdistill,g_rel_rot)",scannetpp,lora_late,probe0,1ada7a0617,theta_rel,0.005810423754155636
clean,"cos(g_maskdistill,g_rel_tdir)",scannetpp,lora_late,probe0,1ada7a0617,theta_rel,0.06441312283277512
clean,"cos(g_rkd_sh_d,g_rkd_sh_a)",scannetpp,lora_late,probe0,1ada7a0617,theta_rel,-0.02778048813343048
clean,"cos(g_rkd_sh_d,g_couple)",scannetpp,lora_late,probe0,1ada7a0617,theta_rel,0.3239012062549591
clean,"cos(g_rkd_sh_d,g_rel_rot)",scannetpp,lora_late,probe0,1ada7a0617,theta_rel,0.24142685532569885
clean,"cos(g_rkd_sh_d,g_rel_tdir)",scannetpp,lora_late,probe0,1ada7a0617,theta_rel,0.02893499657511711
clean,"cos(g_rkd_sh_a,g_couple)",scannetpp,lora_late,probe0,1ada7a0617,theta_rel,-0.06809516996145248
clean,"cos(g_rkd_sh_a,g_rel_rot)",scannetpp,lora_late,probe0,1ada7a0617,theta_rel,-0.0609113834798336
clean,"cos(g_rkd_sh_a,g_rel_tdir)",scannetpp,lora_late,probe0,1ada7a0617,theta_rel,0.7588615417480469
clean,"cos(g_couple,g_rel_rot)",scannetpp,lora_late,probe0,1ada7a0617,theta_rel,0.2268199622631073
clean,"cos(g_couple,g_rel_tdir)",scannetpp,lora_late,probe0,1ada7a0617,theta_rel,-0.04287516325712204
clean,"cos(g_rel_rot,g_rel_tdir)",scannetpp,lora_late,probe0,1ada7a0617,theta_rel,0.04943983629345894
clean,"cos(g_maskdistill,g_rkd_sh_d)",scannetpp,cam_token,probe0,1ada7a0617,theta_rel,0.10674585402011871
clean,"cos(g_maskdistill,g_rkd_sh_a)",scannetpp,cam_token,probe0,1ada7a0617,theta_rel,0.017184605821967125
clean,"cos(g_maskdistill,g_couple)",scannetpp,cam_token,probe0,1ada7a0617,theta_rel,0.1544291377067566
clean,"cos(g_maskdistill,g_rel_rot)",scannetpp,cam_token,probe0,1ada7a0617,theta_rel,0.0886353999376297
clean,"cos(g_maskdistill,g_rel_tdir)",scannetpp,cam_token,probe0,1ada7a0617,theta_rel,0.034058596938848495
clean,"cos(g_rkd_sh_d,g_rkd_sh_a)",scannetpp,cam_token,probe0,1ada7a0617,theta_rel,0.05344567447900772
clean,"cos(g_rkd_sh_d,g_couple)",scannetpp,cam_token,probe0,1ada7a0617,theta_rel,0.2641635537147522
clean,"cos(g_rkd_sh_d,g_rel_rot)",scannetpp,cam_token,probe0,1ada7a0617,theta_rel,0.15805752575397491
clean,"cos(g_rkd_sh_d,g_rel_tdir)",scannetpp,cam_token,probe0,1ada7a0617,theta_rel,0.06848663836717606
clean,"cos(g_rkd_sh_a,g_couple)",scannetpp,cam_token,probe0,1ada7a0617,theta_rel,-0.3046756982803345
clean,"cos(g_rkd_sh_a,g_rel_rot)",scannetpp,cam_token,probe0,1ada7a0617,theta_rel,-0.02268390543758869
clean,"cos(g_rkd_sh_a,g_rel_tdir)",scannetpp,cam_token,probe0,1ada7a0617,theta_rel,0.7274219989776611
clean,"cos(g_couple,g_rel_rot)",scannetpp,cam_token,probe0,1ada7a0617,theta_rel,0.3974378705024719
clean,"cos(g_couple,g_rel_tdir)",scannetpp,cam_token,probe0,1ada7a0617,theta_rel,-0.31262117624282837
clean,"cos(g_rel_rot,g_rel_tdir)",scannetpp,cam_token,probe0,1ada7a0617,theta_rel,0.0651172399520874
clean,"cos(g_maskdistill,g_rkd_sh_d)",scannetpp,ALL,probe0,1ada7a0617,theta_rel,0.04299871623516083
clean,"cos(g_maskdistill,g_rkd_sh_a)",scannetpp,ALL,probe0,1ada7a0617,theta_rel,-0.021663900464773178
clean,"cos(g_maskdistill,g_couple)",scannetpp,ALL,probe0,1ada7a0617,theta_rel,0.0983746200799942
clean,"cos(g_maskdistill,g_rel_rot)",scannetpp,ALL,probe0,1ada7a0617,theta_rel,0.017600782215595245
clean,"cos(g_maskdistill,g_rel_tdir)",scannetpp,ALL,probe0,1ada7a0617,theta_rel,-0.009387141093611717
clean,"cos(g_rkd_sh_d,g_rkd_sh_a)",scannetpp,ALL,probe0,1ada7a0617,theta_rel,-0.022503292188048363
clean,"cos(g_rkd_sh_d,g_couple)",scannetpp,ALL,probe0,1ada7a0617,theta_rel,0.3026816248893738
clean,"cos(g_rkd_sh_d,g_rel_rot)",scannetpp,ALL,probe0,1ada7a0617,theta_rel,0.2503872513771057
clean,"cos(g_rkd_sh_d,g_rel_tdir)",scannetpp,ALL,probe0,1ada7a0617,theta_rel,0.05075822025537491
clean,"cos(g_rkd_sh_a,g_couple)",scannetpp,ALL,probe0,1ada7a0617,theta_rel,-0.08657931536436081
clean,"cos(g_rkd_sh_a,g_rel_rot)",scannetpp,ALL,probe0,1ada7a0617,theta_rel,-0.042979687452316284
clean,"cos(g_rkd_sh_a,g_rel_tdir)",scannetpp,ALL,probe0,1ada7a0617,theta_rel,0.7582475543022156
clean,"cos(g_couple,g_rel_rot)",scannetpp,ALL,probe0,1ada7a0617,theta_rel,0.23192165791988373
clean,"cos(g_couple,g_rel_tdir)",scannetpp,ALL,probe0,1ada7a0617,theta_rel,-0.047062113881111145
clean,"cos(g_rel_rot,g_rel_tdir)",scannetpp,ALL,probe0,1ada7a0617,theta_rel,0.06841102987527847
clean,"cos(g_rel_rot,g_base)",scannetpp,lora_early,probe0,1ada7a0617,theta_rel,0.10462971776723862
clean,"cos(g_rel_tdir,g_base)",scannetpp,lora_early,probe0,1ada7a0617,theta_rel,-0.0835837870836258
clean,"cos(g_rel_rot,g_base)",scannetpp,lora_late,probe0,1ada7a0617,theta_rel,0.07997238636016846
clean,"cos(g_rel_tdir,g_base)",scannetpp,lora_late,probe0,1ada7a0617,theta_rel,0.20631784200668335
clean,"cos(g_rel_rot,g_base)",scannetpp,cam_token,probe0,1ada7a0617,theta_rel,0.11583194136619568
clean,"cos(g_rel_tdir,g_base)",scannetpp,cam_token,probe0,1ada7a0617,theta_rel,0.05550568178296089
clean,"cos(g_rel_rot,g_base)",scannetpp,ALL,probe0,1ada7a0617,theta_rel,0.06073235720396042
clean,"cos(g_rel_tdir,g_base)",scannetpp,ALL,probe0,1ada7a0617,theta_rel,0.06750272214412689
clean,loss[maskdistill],scannetpp,-,probe0,1ada7a0617,theta_rel,0.007366379722952843
clean,loss[rkd_sh_d],scannetpp,-,probe0,1ada7a0617,theta_rel,3.831192771031056e-06
clean,loss[rkd_sh_a],scannetpp,-,probe0,1ada7a0617,theta_rel,1.2094478734070435e-05
clean,loss[couple],scannetpp,-,probe0,1ada7a0617,theta_rel,2.3671034796279855e-05
clean,loss[rel_rot],scannetpp,-,probe0,1ada7a0617,theta_rel,6.706541171297431e-05
clean,loss[rel_tdir],scannetpp,-,probe0,1ada7a0617,theta_rel,0.00014022986579220742
m0,"cos(g_maskdistill,g_rkd_sh_d)",scannetpp,lora_early,probe0,1ada7a0617,theta_rel,-0.15785382688045502
m0,"cos(g_maskdistill,g_rkd_sh_a)",scannetpp,lora_early,probe0,1ada7a0617,theta_rel,-0.07488152384757996
m0,"cos(g_maskdistill,g_couple)",scannetpp,lora_early,probe0,1ada7a0617,theta_rel,0.16041699051856995
m0,"cos(g_maskdistill,g_rel_rot)",scannetpp,lora_early,probe0,1ada7a0617,theta_rel,0.043920647352933884
m0,"cos(g_maskdistill,g_rel_tdir)",scannetpp,lora_early,probe0,1ada7a0617,theta_rel,-0.1746445745229721
m0,"cos(g_rkd_sh_d,g_rkd_sh_a)",scannetpp,lora_early,probe0,1ada7a0617,theta_rel,0.678679347038269
m0,"cos(g_rkd_sh_d,g_couple)",scannetpp,lora_early,probe0,1ada7a0617,theta_rel,-0.6497477889060974
m0,"cos(g_rkd_sh_d,g_rel_rot)",scannetpp,lora_early,probe0,1ada7a0617,theta_rel,-0.6463202238082886
m0,"cos(g_rkd_sh_d,g_rel_tdir)",scannetpp,lora_early,probe0,1ada7a0617,theta_rel,0.5357390642166138
m0,"cos(g_rkd_sh_a,g_couple)",scannetpp,lora_early,probe0,1ada7a0617,theta_rel,-0.6194716691970825
m0,"cos(g_rkd_sh_a,g_rel_rot)",scannetpp,lora_early,probe0,1ada7a0617,theta_rel,-0.5507102012634277
m0,"cos(g_rkd_sh_a,g_rel_tdir)",scannetpp,lora_early,probe0,1ada7a0617,theta_rel,0.8875448703765869
m0,"cos(g_couple,g_rel_rot)",scannetpp,lora_early,probe0,1ada7a0617,theta_rel,0.8164170980453491
m0,"cos(g_couple,g_rel_tdir)",scannetpp,lora_early,probe0,1ada7a0617,theta_rel,-0.4454500079154968
m0,"cos(g_rel_rot,g_rel_tdir)",scannetpp,lora_early,probe0,1ada7a0617,theta_rel,-0.2716161608695984
m0,"cos(g_maskdistill,g_rkd_sh_d)",scannetpp,lora_late,probe0,1ada7a0617,theta_rel,0.005896497052162886
m0,"cos(g_maskdistill,g_rkd_sh_a)",scannetpp,lora_late,probe0,1ada7a0617,theta_rel,0.06843943893909454
m0,"cos(g_maskdistill,g_couple)",scannetpp,lora_late,probe0,1ada7a0617,theta_rel,0.01760617271065712
m0,"cos(g_maskdistill,g_rel_rot)",scannetpp,lora_late,probe0,1ada7a0617,theta_rel,0.0570923388004303
m0,"cos(g_maskdistill,g_rel_tdir)",scannetpp,lora_late,probe0,1ada7a0617,theta_rel,0.11077144742012024
m0,"cos(g_rkd_sh_d,g_rkd_sh_a)",scannetpp,lora_late,probe0,1ada7a0617,theta_rel,0.342949241399765
m0,"cos(g_rkd_sh_d,g_couple)",scannetpp,lora_late,probe0,1ada7a0617,theta_rel,-0.2636543810367584
m0,"cos(g_rkd_sh_d,g_rel_rot)",scannetpp,lora_late,probe0,1ada7a0617,theta_rel,-0.08117957413196564
m0,"cos(g_rkd_sh_d,g_rel_tdir)",scannetpp,lora_late,probe0,1ada7a0617,theta_rel,0.2599185109138489
m0,"cos(g_rkd_sh_a,g_couple)",scannetpp,lora_late,probe0,1ada7a0617,theta_rel,-0.1388205587863922
m0,"cos(g_rkd_sh_a,g_rel_rot)",scannetpp,lora_late,probe0,1ada7a0617,theta_rel,-0.07493254542350769
m0,"cos(g_rkd_sh_a,g_rel_tdir)",scannetpp,lora_late,probe0,1ada7a0617,theta_rel,0.8279438018798828
m0,"cos(g_couple,g_rel_rot)",scannetpp,lora_late,probe0,1ada7a0617,theta_rel,0.3712896704673767
m0,"cos(g_couple,g_rel_tdir)",scannetpp,lora_late,probe0,1ada7a0617,theta_rel,-0.08207836002111435
m0,"cos(g_rel_rot,g_rel_tdir)",scannetpp,lora_late,probe0,1ada7a0617,theta_rel,0.049013152718544006
m0,"cos(g_maskdistill,g_rkd_sh_d)",scannetpp,cam_token,probe0,1ada7a0617,theta_rel,0.3816026449203491
m0,"cos(g_maskdistill,g_rkd_sh_a)",scannetpp,cam_token,probe0,1ada7a0617,theta_rel,0.3509650230407715
m0,"cos(g_maskdistill,g_couple)",scannetpp,cam_token,probe0,1ada7a0617,theta_rel,-0.4024416208267212
m0,"cos(g_maskdistill,g_rel_rot)",scannetpp,cam_token,probe0,1ada7a0617,theta_rel,-0.21248096227645874
m0,"cos(g_maskdistill,g_rel_tdir)",scannetpp,cam_token,probe0,1ada7a0617,theta_rel,0.4520838260650635
m0,"cos(g_rkd_sh_d,g_rkd_sh_a)",scannetpp,cam_token,probe0,1ada7a0617,theta_rel,0.3661186695098877
m0,"cos(g_rkd_sh_d,g_couple)",scannetpp,cam_token,probe0,1ada7a0617,theta_rel,-0.4236674904823303
m0,"cos(g_rkd_sh_d,g_rel_rot)",scannetpp,cam_token,probe0,1ada7a0617,theta_rel,-0.17468246817588806
m0,"cos(g_rkd_sh_d,g_rel_tdir)",scannetpp,cam_token,probe0,1ada7a0617,theta_rel,0.35582566261291504
m0,"cos(g_rkd_sh_a,g_couple)",scannetpp,cam_token,probe0,1ada7a0617,theta_rel,-0.40534311532974243
m0,"cos(g_rkd_sh_a,g_rel_rot)",scannetpp,cam_token,probe0,1ada7a0617,theta_rel,-0.144306942820549
m0,"cos(g_rkd_sh_a,g_rel_tdir)",scannetpp,cam_token,probe0,1ada7a0617,theta_rel,0.8253170251846313
m0,"cos(g_couple,g_rel_rot)",scannetpp,cam_token,probe0,1ada7a0617,theta_rel,0.3888820707798004
m0,"cos(g_couple,g_rel_tdir)",scannetpp,cam_token,probe0,1ada7a0617,theta_rel,-0.43053698539733887
m0,"cos(g_rel_rot,g_rel_tdir)",scannetpp,cam_token,probe0,1ada7a0617,theta_rel,-0.050032928586006165
m0,"cos(g_maskdistill,g_rkd_sh_d)",scannetpp,ALL,probe0,1ada7a0617,theta_rel,-0.12922611832618713
m0,"cos(g_maskdistill,g_rkd_sh_a)",scannetpp,ALL,probe0,1ada7a0617,theta_rel,-0.04388754442334175
m0,"cos(g_maskdistill,g_couple)",scannetpp,ALL,probe0,1ada7a0617,theta_rel,0.14124785363674164
m0,"cos(g_maskdistill,g_rel_rot)",scannetpp,ALL,probe0,1ada7a0617,theta_rel,0.038562506437301636
m0,"cos(g_maskdistill,g_rel_tdir)",scannetpp,ALL,probe0,1ada7a0617,theta_rel,-0.1136653944849968
m0,"cos(g_rkd_sh_d,g_rkd_sh_a)",scannetpp,ALL,probe0,1ada7a0617,theta_rel,0.5651101469993591
m0,"cos(g_rkd_sh_d,g_couple)",scannetpp,ALL,probe0,1ada7a0617,theta_rel,-0.5699201822280884
m0,"cos(g_rkd_sh_d,g_rel_rot)",scannetpp,ALL,probe0,1ada7a0617,theta_rel,-0.47371935844421387
m0,"cos(g_rkd_sh_d,g_rel_tdir)",scannetpp,ALL,probe0,1ada7a0617,theta_rel,0.44405508041381836
m0,"cos(g_rkd_sh_a,g_couple)",scannetpp,ALL,probe0,1ada7a0617,theta_rel,-0.47673189640045166
m0,"cos(g_rkd_sh_a,g_rel_rot)",scannetpp,ALL,probe0,1ada7a0617,theta_rel,-0.37076589465141296
m0,"cos(g_rkd_sh_a,g_rel_tdir)",scannetpp,ALL,probe0,1ada7a0617,theta_rel,0.8639704585075378
m0,"cos(g_couple,g_rel_rot)",scannetpp,ALL,probe0,1ada7a0617,theta_rel,0.6870756149291992
m0,"cos(g_couple,g_rel_tdir)",scannetpp,ALL,probe0,1ada7a0617,theta_rel,-0.33996427059173584
m0,"cos(g_rel_rot,g_rel_tdir)",scannetpp,ALL,probe0,1ada7a0617,theta_rel,-0.15154530107975006
m0,"cos(g_rel_rot,g_base)",scannetpp,lora_early,probe0,1ada7a0617,theta_rel,0.1414516121149063
m0,"cos(g_rel_tdir,g_base)",scannetpp,lora_early,probe0,1ada7a0617,theta_rel,-0.1923743039369583
m0,"cos(g_rel_rot,g_base)",scannetpp,lora_late,probe0,1ada7a0617,theta_rel,0.15462693572044373
m0,"cos(g_rel_tdir,g_base)",scannetpp,lora_late,probe0,1ada7a0617,theta_rel,0.23145617544651031
m0,"cos(g_rel_rot,g_base)",scannetpp,cam_token,probe0,1ada7a0617,theta_rel,-0.19145241379737854
m0,"cos(g_rel_tdir,g_base)",scannetpp,cam_token,probe0,1ada7a0617,theta_rel,0.463670939207077
m0,"cos(g_rel_rot,g_base)",scannetpp,ALL,probe0,1ada7a0617,theta_rel,0.12728269398212433
m0,"cos(g_rel_tdir,g_base)",scannetpp,ALL,probe0,1ada7a0617,theta_rel,-0.109945148229599
m0,loss[maskdistill],scannetpp,-,probe0,1ada7a0617,theta_rel,0.14973367750644684
m0,loss[rkd_sh_d],scannetpp,-,probe0,1ada7a0617,theta_rel,4.278642336430494e-06
m0,loss[rkd_sh_a],scannetpp,-,probe0,1ada7a0617,theta_rel,7.033658039290458e-05
m0,loss[couple],scannetpp,-,probe0,1ada7a0617,theta_rel,0.000172170257428661
m0,loss[rel_rot],scannetpp,-,probe0,1ada7a0617,theta_rel,4.4957858335692436e-05
m0,loss[rel_tdir],scannetpp,-,probe0,1ada7a0617,theta_rel,0.0006142159691080451
clean,"cos(g_maskdistill,g_rkd_sh_d)",scannetpp,lora_early,probe1,1ada7a0617,theta_rel,-0.4218968152999878
clean,"cos(g_maskdistill,g_rkd_sh_a)",scannetpp,lora_early,probe1,1ada7a0617,theta_rel,-0.48867499828338623
clean,"cos(g_maskdistill,g_couple)",scannetpp,lora_early,probe1,1ada7a0617,theta_rel,-0.267433762550354
clean,"cos(g_maskdistill,g_rel_rot)",scannetpp,lora_early,probe1,1ada7a0617,theta_rel,0.39498022198677063
clean,"cos(g_maskdistill,g_rel_tdir)",scannetpp,lora_early,probe1,1ada7a0617,theta_rel,-0.4216017723083496
clean,"cos(g_rkd_sh_d,g_rkd_sh_a)",scannetpp,lora_early,probe1,1ada7a0617,theta_rel,0.6264288425445557
clean,"cos(g_rkd_sh_d,g_couple)",scannetpp,lora_early,probe1,1ada7a0617,theta_rel,0.7568861246109009
clean,"cos(g_rkd_sh_d,g_rel_rot)",scannetpp,lora_early,probe1,1ada7a0617,theta_rel,-0.7231954336166382
clean,"cos(g_rkd_sh_d,g_rel_tdir)",scannetpp,lora_early,probe1,1ada7a0617,theta_rel,0.4606069326400757
clean,"cos(g_rkd_sh_a,g_couple)",scannetpp,lora_early,probe1,1ada7a0617,theta_rel,0.3395612835884094
clean,"cos(g_rkd_sh_a,g_rel_rot)",scannetpp,lora_early,probe1,1ada7a0617,theta_rel,-0.45626354217529297
clean,"cos(g_rkd_sh_a,g_rel_tdir)",scannetpp,lora_early,probe1,1ada7a0617,theta_rel,0.9420309066772461
clean,"cos(g_couple,g_rel_rot)",scannetpp,lora_early,probe1,1ada7a0617,theta_rel,-0.6403577327728271
clean,"cos(g_couple,g_rel_tdir)",scannetpp,lora_early,probe1,1ada7a0617,theta_rel,0.19303518533706665
clean,"cos(g_rel_rot,g_rel_tdir)",scannetpp,lora_early,probe1,1ada7a0617,theta_rel,-0.3255680799484253
clean,"cos(g_maskdistill,g_rkd_sh_d)",scannetpp,lora_late,probe1,1ada7a0617,theta_rel,0.013126046396791935
clean,"cos(g_maskdistill,g_rkd_sh_a)",scannetpp,lora_late,probe1,1ada7a0617,theta_rel,-0.016350166872143745
clean,"cos(g_maskdistill,g_couple)",scannetpp,lora_late,probe1,1ada7a0617,theta_rel,0.0778069868683815
clean,"cos(g_maskdistill,g_rel_rot)",scannetpp,lora_late,probe1,1ada7a0617,theta_rel,-0.003175179474055767
clean,"cos(g_maskdistill,g_rel_tdir)",scannetpp,lora_late,probe1,1ada7a0617,theta_rel,-0.022590411826968193
clean,"cos(g_rkd_sh_d,g_rkd_sh_a)",scannetpp,lora_late,probe1,1ada7a0617,theta_rel,0.08281043916940689
clean,"cos(g_rkd_sh_d,g_couple)",scannetpp,lora_late,probe1,1ada7a0617,theta_rel,0.46398407220840454
clean,"cos(g_rkd_sh_d,g_rel_rot)",scannetpp,lora_late,probe1,1ada7a0617,theta_rel,-0.218897745013237
clean,"cos(g_rkd_sh_d,g_rel_tdir)",scannetpp,lora_late,probe1,1ada7a0617,theta_rel,0.13734188675880432
clean,"cos(g_rkd_sh_a,g_couple)",scannetpp,lora_late,probe1,1ada7a0617,theta_rel,0.06504196673631668
clean,"cos(g_rkd_sh_a,g_rel_rot)",scannetpp,lora_late,probe1,1ada7a0617,theta_rel,0.09488308429718018
clean,"cos(g_rkd_sh_a,g_rel_tdir)",scannetpp,lora_late,probe1,1ada7a0617,theta_rel,0.9403912425041199
clean,"cos(g_couple,g_rel_rot)",scannetpp,lora_late,probe1,1ada7a0617,theta_rel,-0.34156399965286255
clean,"cos(g_couple,g_rel_tdir)",scannetpp,lora_late,probe1,1ada7a0617,theta_rel,0.050132669508457184
clean,"cos(g_rel_rot,g_rel_tdir)",scannetpp,lora_late,probe1,1ada7a0617,theta_rel,0.0622711218893528
clean,"cos(g_maskdistill,g_rkd_sh_d)",scannetpp,cam_token,probe1,1ada7a0617,theta_rel,-0.06522144377231598
clean,"cos(g_maskdistill,g_rkd_sh_a)",scannetpp,cam_token,probe1,1ada7a0617,theta_rel,-0.046739570796489716
clean,"cos(g_maskdistill,g_couple)",scannetpp,cam_token,probe1,1ada7a0617,theta_rel,0.0058702128008008
clean,"cos(g_maskdistill,g_rel_rot)",scannetpp,cam_token,probe1,1ada7a0617,theta_rel,0.16868914663791656
clean,"cos(g_maskdistill,g_rel_tdir)",scannetpp,cam_token,probe1,1ada7a0617,theta_rel,-0.05765390396118164
clean,"cos(g_rkd_sh_d,g_rkd_sh_a)",scannetpp,cam_token,probe1,1ada7a0617,theta_rel,0.6667828559875488
clean,"cos(g_rkd_sh_d,g_couple)",scannetpp,cam_token,probe1,1ada7a0617,theta_rel,0.012761227786540985
clean,"cos(g_rkd_sh_d,g_rel_rot)",scannetpp,cam_token,probe1,1ada7a0617,theta_rel,-0.19289854168891907
clean,"cos(g_rkd_sh_d,g_rel_tdir)",scannetpp,cam_token,probe1,1ada7a0617,theta_rel,0.5597999095916748
clean,"cos(g_rkd_sh_a,g_couple)",scannetpp,cam_token,probe1,1ada7a0617,theta_rel,-0.46029630303382874
clean,"cos(g_rkd_sh_a,g_rel_rot)",scannetpp,cam_token,probe1,1ada7a0617,theta_rel,-0.06286159157752991
clean,"cos(g_rkd_sh_a,g_rel_tdir)",scannetpp,cam_token,probe1,1ada7a0617,theta_rel,0.9539891481399536
clean,"cos(g_couple,g_rel_rot)",scannetpp,cam_token,probe1,1ada7a0617,theta_rel,-0.351592481136322
clean,"cos(g_couple,g_rel_tdir)",scannetpp,cam_token,probe1,1ada7a0617,theta_rel,-0.4348790645599365
clean,"cos(g_rel_rot,g_rel_tdir)",scannetpp,cam_token,probe1,1ada7a0617,theta_rel,-0.07087112963199615
clean,"cos(g_maskdistill,g_rkd_sh_d)",scannetpp,ALL,probe1,1ada7a0617,theta_rel,-0.22320586442947388
clean,"cos(g_maskdistill,g_rkd_sh_a)",scannetpp,ALL,probe1,1ada7a0617,theta_rel,-0.19368791580200195
clean,"cos(g_maskdistill,g_couple)",scannetpp,ALL,probe1,1ada7a0617,theta_rel,-0.12350739538669586
clean,"cos(g_maskdistill,g_rel_rot)",scannetpp,ALL,probe1,1ada7a0617,theta_rel,0.19746439158916473
clean,"cos(g_maskdistill,g_rel_tdir)",scannetpp,ALL,probe1,1ada7a0617,theta_rel,-0.14241711795330048
clean,"cos(g_rkd_sh_d,g_rkd_sh_a)",scannetpp,ALL,probe1,1ada7a0617,theta_rel,0.2117660641670227
clean,"cos(g_rkd_sh_d,g_couple)",scannetpp,ALL,probe1,1ada7a0617,theta_rel,0.5411386489868164
clean,"cos(g_rkd_sh_d,g_rel_rot)",scannetpp,ALL,probe1,1ada7a0617,theta_rel,-0.35802581906318665
clean,"cos(g_rkd_sh_d,g_rel_tdir)",scannetpp,ALL,probe1,1ada7a0617,theta_rel,0.20044751465320587
clean,"cos(g_rkd_sh_a,g_couple)",scannetpp,ALL,probe1,1ada7a0617,theta_rel,0.11292166262865067
clean,"cos(g_rkd_sh_a,g_rel_rot)",scannetpp,ALL,probe1,1ada7a0617,theta_rel,-0.020832745358347893
clean,"cos(g_rkd_sh_a,g_rel_tdir)",scannetpp,ALL,probe1,1ada7a0617,theta_rel,0.93857342004776
clean,"cos(g_couple,g_rel_rot)",scannetpp,ALL,probe1,1ada7a0617,theta_rel,-0.42003384232521057
clean,"cos(g_couple,g_rel_tdir)",scannetpp,ALL,probe1,1ada7a0617,theta_rel,0.06667482107877731
clean,"cos(g_rel_rot,g_rel_tdir)",scannetpp,ALL,probe1,1ada7a0617,theta_rel,-0.007312987931072712
clean,"cos(g_rel_rot,g_base)",scannetpp,lora_early,probe1,1ada7a0617,theta_rel,0.2753133773803711
clean,"cos(g_rel_tdir,g_base)",scannetpp,lora_early,probe1,1ada7a0617,theta_rel,-0.3037915825843811
clean,"cos(g_rel_rot,g_base)",scannetpp,lora_late,probe1,1ada7a0617,theta_rel,-0.1202772706747055
clean,"cos(g_rel_tdir,g_base)",scannetpp,lora_late,probe1,1ada7a0617,theta_rel,0.6636638641357422
clean,"cos(g_rel_rot,g_base)",scannetpp,cam_token,probe1,1ada7a0617,theta_rel,0.10462357103824615
clean,"cos(g_rel_tdir,g_base)",scannetpp,cam_token,probe1,1ada7a0617,theta_rel,0.13792693614959717
clean,"cos(g_rel_rot,g_base)",scannetpp,ALL,probe1,1ada7a0617,theta_rel,0.08880593627691269
clean,"cos(g_rel_tdir,g_base)",scannetpp,ALL,probe1,1ada7a0617,theta_rel,0.14966470003128052
clean,loss[maskdistill],scannetpp,-,probe1,1ada7a0617,theta_rel,0.010124812833964825
clean,loss[rkd_sh_d],scannetpp,-,probe1,1ada7a0617,theta_rel,3.5329612728673965e-06
clean,loss[rkd_sh_a],scannetpp,-,probe1,1ada7a0617,theta_rel,5.117694308864884e-05
clean,loss[couple],scannetpp,-,probe1,1ada7a0617,theta_rel,0.00013232680794317275
clean,loss[rel_rot],scannetpp,-,probe1,1ada7a0617,theta_rel,2.463719283696264e-05
clean,loss[rel_tdir],scannetpp,-,probe1,1ada7a0617,theta_rel,3.692507743835449e-05
m0,"cos(g_maskdistill,g_rkd_sh_d)",scannetpp,lora_early,probe1,1ada7a0617,theta_rel,0.23388788104057312
m0,"cos(g_maskdistill,g_rkd_sh_a)",scannetpp,lora_early,probe1,1ada7a0617,theta_rel,0.2868465483188629
m0,"cos(g_maskdistill,g_couple)",scannetpp,lora_early,probe1,1ada7a0617,theta_rel,0.05627173185348511
m0,"cos(g_maskdistill,g_rel_rot)",scannetpp,lora_early,probe1,1ada7a0617,theta_rel,0.4039558470249176
m0,"cos(g_maskdistill,g_rel_tdir)",scannetpp,lora_early,probe1,1ada7a0617,theta_rel,0.34272676706314087
m0,"cos(g_rkd_sh_d,g_rkd_sh_a)",scannetpp,lora_early,probe1,1ada7a0617,theta_rel,0.7795993089675903
m0,"cos(g_rkd_sh_d,g_couple)",scannetpp,lora_early,probe1,1ada7a0617,theta_rel,-0.15236303210258484
m0,"cos(g_rkd_sh_d,g_rel_rot)",scannetpp,lora_early,probe1,1ada7a0617,theta_rel,0.14819999039173126
m0,"cos(g_rkd_sh_d,g_rel_tdir)",scannetpp,lora_early,probe1,1ada7a0617,theta_rel,0.7873039245605469
m0,"cos(g_rkd_sh_a,g_couple)",scannetpp,lora_early,probe1,1ada7a0617,theta_rel,-0.20915678143501282
m0,"cos(g_rkd_sh_a,g_rel_rot)",scannetpp,lora_early,probe1,1ada7a0617,theta_rel,0.14849506318569183
m0,"cos(g_rkd_sh_a,g_rel_tdir)",scannetpp,lora_early,probe1,1ada7a0617,theta_rel,0.8398059606552124
m0,"cos(g_couple,g_rel_rot)",scannetpp,lora_early,probe1,1ada7a0617,theta_rel,-0.277907133102417
m0,"cos(g_couple,g_rel_tdir)",scannetpp,lora_early,probe1,1ada7a0617,theta_rel,-0.21095137298107147
m0,"cos(g_rel_rot,g_rel_tdir)",scannetpp,lora_early,probe1,1ada7a0617,theta_rel,0.33026808500289917
m0,"cos(g_maskdistill,g_rkd_sh_d)",scannetpp,lora_late,probe1,1ada7a0617,theta_rel,0.08497397601604462
m0,"cos(g_maskdistill,g_rkd_sh_a)",scannetpp,lora_late,probe1,1ada7a0617,theta_rel,0.08098428696393967
m0,"cos(g_maskdistill,g_couple)",scannetpp,lora_late,probe1,1ada7a0617,theta_rel,0.03641030192375183
m0,"cos(g_maskdistill,g_rel_rot)",scannetpp,lora_late,probe1,1ada7a0617,theta_rel,0.18311312794685364
m0,"cos(g_maskdistill,g_rel_tdir)",scannetpp,lora_late,probe1,1ada7a0617,theta_rel,0.11331267654895782
m0,"cos(g_rkd_sh_d,g_rkd_sh_a)",scannetpp,lora_late,probe1,1ada7a0617,theta_rel,0.4859945774078369
m0,"cos(g_rkd_sh_d,g_couple)",scannetpp,lora_late,probe1,1ada7a0617,theta_rel,0.001436728984117508
m0,"cos(g_rkd_sh_d,g_rel_rot)",scannetpp,lora_late,probe1,1ada7a0617,theta_rel,0.09996337443590164
m0,"cos(g_rkd_sh_d,g_rel_tdir)",scannetpp,lora_late,probe1,1ada7a0617,theta_rel,0.6551765203475952
m0,"cos(g_rkd_sh_a,g_couple)",scannetpp,lora_late,probe1,1ada7a0617,theta_rel,-0.07961180806159973
m0,"cos(g_rkd_sh_a,g_rel_rot)",scannetpp,lora_late,probe1,1ada7a0617,theta_rel,0.07823196053504944
m0,"cos(g_rkd_sh_a,g_rel_tdir)",scannetpp,lora_late,probe1,1ada7a0617,theta_rel,0.7048817873001099
m0,"cos(g_couple,g_rel_rot)",scannetpp,lora_late,probe1,1ada7a0617,theta_rel,-0.13484004139900208
m0,"cos(g_couple,g_rel_tdir)",scannetpp,lora_late,probe1,1ada7a0617,theta_rel,-0.11435481160879135
m0,"cos(g_rel_rot,g_rel_tdir)",scannetpp,lora_late,probe1,1ada7a0617,theta_rel,0.171523317694664
m0,"cos(g_maskdistill,g_rkd_sh_d)",scannetpp,cam_token,probe1,1ada7a0617,theta_rel,0.11356502771377563
m0,"cos(g_maskdistill,g_rkd_sh_a)",scannetpp,cam_token,probe1,1ada7a0617,theta_rel,0.1316710114479065
m0,"cos(g_maskdistill,g_couple)",scannetpp,cam_token,probe1,1ada7a0617,theta_rel,-0.012248434126377106
m0,"cos(g_maskdistill,g_rel_rot)",scannetpp,cam_token,probe1,1ada7a0617,theta_rel,0.022459302097558975
m0,"cos(g_maskdistill,g_rel_tdir)",scannetpp,cam_token,probe1,1ada7a0617,theta_rel,0.07409340143203735
m0,"cos(g_rkd_sh_d,g_rkd_sh_a)",scannetpp,cam_token,probe1,1ada7a0617,theta_rel,0.4996063709259033
m0,"cos(g_rkd_sh_d,g_couple)",scannetpp,cam_token,probe1,1ada7a0617,theta_rel,0.14488807320594788
m0,"cos(g_rkd_sh_d,g_rel_rot)",scannetpp,cam_token,probe1,1ada7a0617,theta_rel,-0.06280453503131866
m0,"cos(g_rkd_sh_d,g_rel_tdir)",scannetpp,cam_token,probe1,1ada7a0617,theta_rel,0.32722145318984985
m0,"cos(g_rkd_sh_a,g_couple)",scannetpp,cam_token,probe1,1ada7a0617,theta_rel,0.04101436957716942
m0,"cos(g_rkd_sh_a,g_rel_rot)",scannetpp,cam_token,probe1,1ada7a0617,theta_rel,0.04655531793832779
m0,"cos(g_rkd_sh_a,g_rel_tdir)",scannetpp,cam_token,probe1,1ada7a0617,theta_rel,0.682429313659668
m0,"cos(g_couple,g_rel_rot)",scannetpp,cam_token,probe1,1ada7a0617,theta_rel,-0.19533592462539673
m0,"cos(g_couple,g_rel_tdir)",scannetpp,cam_token,probe1,1ada7a0617,theta_rel,0.13738372921943665
m0,"cos(g_rel_rot,g_rel_tdir)",scannetpp,cam_token,probe1,1ada7a0617,theta_rel,0.14800935983657837
m0,"cos(g_maskdistill,g_rkd_sh_d)",scannetpp,ALL,probe1,1ada7a0617,theta_rel,0.19674116373062134
m0,"cos(g_maskdistill,g_rkd_sh_a)",scannetpp,ALL,probe1,1ada7a0617,theta_rel,0.22820228338241577
m0,"cos(g_maskdistill,g_couple)",scannetpp,ALL,probe1,1ada7a0617,theta_rel,0.05190248042345047
m0,"cos(g_maskdistill,g_rel_rot)",scannetpp,ALL,probe1,1ada7a0617,theta_rel,0.33629390597343445
m0,"cos(g_maskdistill,g_rel_tdir)",scannetpp,ALL,probe1,1ada7a0617,theta_rel,0.2660534977912903
m0,"cos(g_rkd_sh_d,g_rkd_sh_a)",scannetpp,ALL,probe1,1ada7a0617,theta_rel,0.6742587089538574
m0,"cos(g_rkd_sh_d,g_couple)",scannetpp,ALL,probe1,1ada7a0617,theta_rel,-0.10834825038909912
m0,"cos(g_rkd_sh_d,g_rel_rot)",scannetpp,ALL,probe1,1ada7a0617,theta_rel,0.13019365072250366
m0,"cos(g_rkd_sh_d,g_rel_tdir)",scannetpp,ALL,probe1,1ada7a0617,theta_rel,0.7298583388328552
m0,"cos(g_rkd_sh_a,g_couple)",scannetpp,ALL,probe1,1ada7a0617,theta_rel,-0.16646863520145416
m0,"cos(g_rkd_sh_a,g_rel_rot)",scannetpp,ALL,probe1,1ada7a0617,theta_rel,0.12139547616243362
m0,"cos(g_rkd_sh_a,g_rel_tdir)",scannetpp,ALL,probe1,1ada7a0617,theta_rel,0.7828185558319092
m0,"cos(g_couple,g_rel_rot)",scannetpp,ALL,probe1,1ada7a0617,theta_rel,-0.2320147454738617
m0,"cos(g_couple,g_rel_tdir)",scannetpp,ALL,probe1,1ada7a0617,theta_rel,-0.17348845303058624
m0,"cos(g_rel_rot,g_rel_tdir)",scannetpp,ALL,probe1,1ada7a0617,theta_rel,0.26483821868896484
m0,"cos(g_rel_rot,g_base)",scannetpp,lora_early,probe1,1ada7a0617,theta_rel,0.3318856954574585
m0,"cos(g_rel_tdir,g_base)",scannetpp,lora_early,probe1,1ada7a0617,theta_rel,0.3784557580947876
m0,"cos(g_rel_rot,g_base)",scannetpp,lora_late,probe1,1ada7a0617,theta_rel,0.14217598736286163
m0,"cos(g_rel_tdir,g_base)",scannetpp,lora_late,probe1,1ada7a0617,theta_rel,0.24213334918022156
m0,"cos(g_rel_rot,g_base)",scannetpp,cam_token,probe1,1ada7a0617,theta_rel,-0.0037616798654198647
m0,"cos(g_rel_tdir,g_base)",scannetpp,cam_token,probe1,1ada7a0617,theta_rel,0.2151714265346527
m0,"cos(g_rel_rot,g_base)",scannetpp,ALL,probe1,1ada7a0617,theta_rel,0.2742401957511902
m0,"cos(g_rel_tdir,g_base)",scannetpp,ALL,probe1,1ada7a0617,theta_rel,0.32267770171165466
m0,loss[maskdistill],scannetpp,-,probe1,1ada7a0617,theta_rel,0.1673281490802765
m0,loss[rkd_sh_d],scannetpp,-,probe1,1ada7a0617,theta_rel,3.196245961589739e-05
m0,loss[rkd_sh_a],scannetpp,-,probe1,1ada7a0617,theta_rel,0.0006164457299746573
m0,loss[couple],scannetpp,-,probe1,1ada7a0617,theta_rel,0.00043318048119544983
m0,loss[rel_rot],scannetpp,-,probe1,1ada7a0617,theta_rel,0.00027998624136671424
m0,loss[rel_tdir],scannetpp,-,probe1,1ada7a0617,theta_rel,0.002288738964125514
clean,"cos(g_maskdistill,g_rkd_sh_d)",scannetpp,lora_early,probe0,21d970d8de,theta0,-0.33805322647094727
clean,"cos(g_maskdistill,g_rkd_sh_a)",scannetpp,lora_early,probe0,21d970d8de,theta0,-0.5023074150085449
clean,"cos(g_maskdistill,g_couple)",scannetpp,lora_early,probe0,21d970d8de,theta0,-0.3906661868095398
clean,"cos(g_maskdistill,g_rel_rot)",scannetpp,lora_early,probe0,21d970d8de,theta0,0.43680673837661743
clean,"cos(g_maskdistill,g_rel_tdir)",scannetpp,lora_early,probe0,21d970d8de,theta0,-0.506874680519104
clean,"cos(g_rkd_sh_d,g_rkd_sh_a)",scannetpp,lora_early,probe0,21d970d8de,theta0,0.9128014445304871
clean,"cos(g_rkd_sh_d,g_couple)",scannetpp,lora_early,probe0,21d970d8de,theta0,0.9779467582702637
clean,"cos(g_rkd_sh_d,g_rel_rot)",scannetpp,lora_early,probe0,21d970d8de,theta0,-0.5847494006156921
clean,"cos(g_rkd_sh_d,g_rel_tdir)",scannetpp,lora_early,probe0,21d970d8de,theta0,0.912629246711731
clean,"cos(g_rkd_sh_a,g_couple)",scannetpp,lora_early,probe0,21d970d8de,theta0,0.8888975977897644
clean,"cos(g_rkd_sh_a,g_rel_rot)",scannetpp,lora_early,probe0,21d970d8de,theta0,-0.7791531682014465
clean,"cos(g_rkd_sh_a,g_rel_tdir)",scannetpp,lora_early,probe0,21d970d8de,theta0,0.9982095956802368
clean,"cos(g_couple,g_rel_rot)",scannetpp,lora_early,probe0,21d970d8de,theta0,-0.5267045497894287
clean,"cos(g_couple,g_rel_tdir)",scannetpp,lora_early,probe0,21d970d8de,theta0,0.891228199005127
clean,"cos(g_rel_rot,g_rel_tdir)",scannetpp,lora_early,probe0,21d970d8de,theta0,-0.7500081658363342
clean,"cos(g_maskdistill,g_rkd_sh_d)",scannetpp,lora_late,probe0,21d970d8de,theta0,0.20021742582321167
clean,"cos(g_maskdistill,g_rkd_sh_a)",scannetpp,lora_late,probe0,21d970d8de,theta0,0.058132994920015335
clean,"cos(g_maskdistill,g_couple)",scannetpp,lora_late,probe0,21d970d8de,theta0,0.11277362704277039
clean,"cos(g_maskdistill,g_rel_rot)",scannetpp,lora_late,probe0,21d970d8de,theta0,0.005227027460932732
clean,"cos(g_maskdistill,g_rel_tdir)",scannetpp,lora_late,probe0,21d970d8de,theta0,0.0585876926779747
clean,"cos(g_rkd_sh_d,g_rkd_sh_a)",scannetpp,lora_late,probe0,21d970d8de,theta0,0.7851027250289917
clean,"cos(g_rkd_sh_d,g_couple)",scannetpp,lora_late,probe0,21d970d8de,theta0,0.7771345376968384
clean,"cos(g_rkd_sh_d,g_rel_rot)",scannetpp,lora_late,probe0,21d970d8de,theta0,-0.250953733921051
clean,"cos(g_rkd_sh_d,g_rel_tdir)",scannetpp,lora_late,probe0,21d970d8de,theta0,0.7427159547805786
clean,"cos(g_rkd_sh_a,g_couple)",scannetpp,lora_late,probe0,21d970d8de,theta0,0.6307064294815063
clean,"cos(g_rkd_sh_a,g_rel_rot)",scannetpp,lora_late,probe0,21d970d8de,theta0,-0.3213379979133606
clean,"cos(g_rkd_sh_a,g_rel_tdir)",scannetpp,lora_late,probe0,21d970d8de,theta0,0.9769448041915894
clean,"cos(g_couple,g_rel_rot)",scannetpp,lora_late,probe0,21d970d8de,theta0,-0.028932413086295128
clean,"cos(g_couple,g_rel_tdir)",scannetpp,lora_late,probe0,21d970d8de,theta0,0.6118839979171753
clean,"cos(g_rel_rot,g_rel_tdir)",scannetpp,lora_late,probe0,21d970d8de,theta0,-0.18833410739898682
clean,"cos(g_maskdistill,g_rkd_sh_d)",scannetpp,cam_token,probe0,21d970d8de,theta0,-0.35404032468795776
clean,"cos(g_maskdistill,g_rkd_sh_a)",scannetpp,cam_token,probe0,21d970d8de,theta0,-0.5871416330337524
clean,"cos(g_maskdistill,g_couple)",scannetpp,cam_token,probe0,21d970d8de,theta0,-0.24836570024490356
clean,"cos(g_maskdistill,g_rel_rot)",scannetpp,cam_token,probe0,21d970d8de,theta0,0.17300383746623993
clean,"cos(g_maskdistill,g_rel_tdir)",scannetpp,cam_token,probe0,21d970d8de,theta0,-0.5930116176605225
clean,"cos(g_rkd_sh_d,g_rkd_sh_a)",scannetpp,cam_token,probe0,21d970d8de,theta0,0.894133448600769
clean,"cos(g_rkd_sh_d,g_couple)",scannetpp,cam_token,probe0,21d970d8de,theta0,0.6504808068275452
clean,"cos(g_rkd_sh_d,g_rel_rot)",scannetpp,cam_token,probe0,21d970d8de,theta0,-0.3799668550491333
clean,"cos(g_rkd_sh_d,g_rel_tdir)",scannetpp,cam_token,probe0,21d970d8de,theta0,0.8702571392059326
clean,"cos(g_rkd_sh_a,g_couple)",scannetpp,cam_token,probe0,21d970d8de,theta0,0.5959004163742065
clean,"cos(g_rkd_sh_a,g_rel_rot)",scannetpp,cam_token,probe0,21d970d8de,theta0,-0.3928171396255493
clean,"cos(g_rkd_sh_a,g_rel_tdir)",scannetpp,cam_token,probe0,21d970d8de,theta0,0.986874520778656
clean,"cos(g_couple,g_rel_rot)",scannetpp,cam_token,probe0,21d970d8de,theta0,0.013546142727136612
clean,"cos(g_couple,g_rel_tdir)",scannetpp,cam_token,probe0,21d970d8de,theta0,0.6016744375228882
clean,"cos(g_rel_rot,g_rel_tdir)",scannetpp,cam_token,probe0,21d970d8de,theta0,-0.26972445845603943
clean,"cos(g_maskdistill,g_rkd_sh_d)",scannetpp,ALL,probe0,21d970d8de,theta0,-0.2709736227989197
clean,"cos(g_maskdistill,g_rkd_sh_a)",scannetpp,ALL,probe0,21d970d8de,theta0,-0.4444390535354614
clean,"cos(g_maskdistill,g_couple)",scannetpp,ALL,probe0,21d970d8de,theta0,-0.32800108194351196
clean,"cos(g_maskdistill,g_rel_rot)",scannetpp,ALL,probe0,21d970d8de,theta0,0.32815179228782654
clean,"cos(g_maskdistill,g_rel_tdir)",scannetpp,ALL,probe0,21d970d8de,theta0,-0.4484178125858307
clean,"cos(g_rkd_sh_d,g_rkd_sh_a)",scannetpp,ALL,probe0,21d970d8de,theta0,0.8971996307373047
clean,"cos(g_rkd_sh_d,g_couple)",scannetpp,ALL,probe0,21d970d8de,theta0,0.951816201210022
clean,"cos(g_rkd_sh_d,g_rel_rot)",scannetpp,ALL,probe0,21d970d8de,theta0,-0.4901513159275055
clean,"cos(g_rkd_sh_d,g_rel_tdir)",scannetpp,ALL,probe0,21d970d8de,theta0,0.8925522565841675
clean,"cos(g_rkd_sh_a,g_couple)",scannetpp,ALL,probe0,21d970d8de,theta0,0.859489917755127
clean,"cos(g_rkd_sh_a,g_rel_rot)",scannetpp,ALL,probe0,21d970d8de,theta0,-0.6514914035797119
clean,"cos(g_rkd_sh_a,g_rel_tdir)",scannetpp,ALL,probe0,21d970d8de,theta0,0.9963545203208923
clean,"cos(g_couple,g_rel_rot)",scannetpp,ALL,probe0,21d970d8de,theta0,-0.39850905537605286
clean,"cos(g_couple,g_rel_tdir)",scannetpp,ALL,probe0,21d970d8de,theta0,0.8595889806747437
clean,"cos(g_rel_rot,g_rel_tdir)",scannetpp,ALL,probe0,21d970d8de,theta0,-0.6055198907852173
clean,"cos(g_rel_rot,g_base)",scannetpp,lora_early,probe0,21d970d8de,theta0,-0.5232491493225098
clean,"cos(g_rel_tdir,g_base)",scannetpp,lora_early,probe0,21d970d8de,theta0,0.7365249395370483
clean,"cos(g_rel_rot,g_base)",scannetpp,lora_late,probe0,21d970d8de,theta0,-0.23127394914627075
clean,"cos(g_rel_tdir,g_base)",scannetpp,lora_late,probe0,21d970d8de,theta0,0.7623251676559448
clean,"cos(g_rel_rot,g_base)",scannetpp,cam_token,probe0,21d970d8de,theta0,-0.21798385679721832
clean,"cos(g_rel_tdir,g_base)",scannetpp,cam_token,probe0,21d970d8de,theta0,0.39108583331108093
clean,"cos(g_rel_rot,g_base)",scannetpp,ALL,probe0,21d970d8de,theta0,-0.43732672929763794
clean,"cos(g_rel_tdir,g_base)",scannetpp,ALL,probe0,21d970d8de,theta0,0.7325054407119751
clean,loss[maskdistill],scannetpp,-,probe0,21d970d8de,theta0,0.02562834322452545
clean,loss[rkd_sh_d],scannetpp,-,probe0,21d970d8de,theta0,0.00014737615128979087
clean,loss[rkd_sh_a],scannetpp,-,probe0,21d970d8de,theta0,0.000928500376176089
clean,loss[couple],scannetpp,-,probe0,21d970d8de,theta0,1.2988241905986797e-05
clean,loss[rel_rot],scannetpp,-,probe0,21d970d8de,theta0,6.978146848268807e-05
clean,loss[rel_tdir],scannetpp,-,probe0,21d970d8de,theta0,0.001237849472090602
m0,"cos(g_maskdistill,g_rkd_sh_d)",scannetpp,lora_early,probe0,21d970d8de,theta0,-0.3359803557395935
m0,"cos(g_maskdistill,g_rkd_sh_a)",scannetpp,lora_early,probe0,21d970d8de,theta0,0.5165804624557495
m0,"cos(g_maskdistill,g_couple)",scannetpp,lora_early,probe0,21d970d8de,theta0,0.4620707631111145
m0,"cos(g_maskdistill,g_rel_rot)",scannetpp,lora_early,probe0,21d970d8de,theta0,0.5638027787208557
m0,"cos(g_maskdistill,g_rel_tdir)",scannetpp,lora_early,probe0,21d970d8de,theta0,0.18775832653045654
m0,"cos(g_rkd_sh_d,g_rkd_sh_a)",scannetpp,lora_early,probe0,21d970d8de,theta0,0.33620333671569824
m0,"cos(g_rkd_sh_d,g_couple)",scannetpp,lora_early,probe0,21d970d8de,theta0,0.3024636507034302
m0,"cos(g_rkd_sh_d,g_rel_rot)",scannetpp,lora_early,probe0,21d970d8de,theta0,-0.4515540599822998
m0,"cos(g_rkd_sh_d,g_rel_tdir)",scannetpp,lora_early,probe0,21d970d8de,theta0,0.6102216243743896
m0,"cos(g_rkd_sh_a,g_couple)",scannetpp,lora_early,probe0,21d970d8de,theta0,0.48210006952285767
m0,"cos(g_rkd_sh_a,g_rel_rot)",scannetpp,lora_early,probe0,21d970d8de,theta0,0.3636055588722229
m0,"cos(g_rkd_sh_a,g_rel_tdir)",scannetpp,lora_early,probe0,21d970d8de,theta0,0.891132116317749
m0,"cos(g_couple,g_rel_rot)",scannetpp,lora_early,probe0,21d970d8de,theta0,-0.345966100692749
m0,"cos(g_couple,g_rel_tdir)",scannetpp,lora_early,probe0,21d970d8de,theta0,0.5807263851165771
m0,"cos(g_rel_rot,g_rel_tdir)",scannetpp,lora_early,probe0,21d970d8de,theta0,-0.0470414012670517
m0,"cos(g_maskdistill,g_rkd_sh_d)",scannetpp,lora_late,probe0,21d970d8de,theta0,-0.28249308466911316
m0,"cos(g_maskdistill,g_rkd_sh_a)",scannetpp,lora_late,probe0,21d970d8de,theta0,0.7499046325683594
m0,"cos(g_maskdistill,g_couple)",scannetpp,lora_late,probe0,21d970d8de,theta0,0.5097302198410034
m0,"cos(g_maskdistill,g_rel_rot)",scannetpp,lora_late,probe0,21d970d8de,theta0,0.5594419240951538
m0,"cos(g_maskdistill,g_rel_tdir)",scannetpp,lora_late,probe0,21d970d8de,theta0,0.4010850191116333
m0,"cos(g_rkd_sh_d,g_rkd_sh_a)",scannetpp,lora_late,probe0,21d970d8de,theta0,0.10544893145561218
m0,"cos(g_rkd_sh_d,g_couple)",scannetpp,lora_late,probe0,21d970d8de,theta0,0.2100568413734436
m0,"cos(g_rkd_sh_d,g_rel_rot)",scannetpp,lora_late,probe0,21d970d8de,theta0,-0.34287768602371216
m0,"cos(g_rkd_sh_d,g_rel_tdir)",scannetpp,lora_late,probe0,21d970d8de,theta0,0.3914909362792969
m0,"cos(g_rkd_sh_a,g_couple)",scannetpp,lora_late,probe0,21d970d8de,theta0,0.5334798693656921
m0,"cos(g_rkd_sh_a,g_rel_rot)",scannetpp,lora_late,probe0,21d970d8de,theta0,0.4587923288345337
m0,"cos(g_rkd_sh_a,g_rel_tdir)",scannetpp,lora_late,probe0,21d970d8de,theta0,0.8011611700057983
m0,"cos(g_couple,g_rel_rot)",scannetpp,lora_late,probe0,21d970d8de,theta0,-0.22202691435813904
m0,"cos(g_couple,g_rel_tdir)",scannetpp,lora_late,probe0,21d970d8de,theta0,0.7027007341384888
m0,"cos(g_rel_rot,g_rel_tdir)",scannetpp,lora_late,probe0,21d970d8de,theta0,-0.0890815407037735
m0,"cos(g_maskdistill,g_rkd_sh_d)",scannetpp,cam_token,probe0,21d970d8de,theta0,-0.2772054374217987
m0,"cos(g_maskdistill,g_rkd_sh_a)",scannetpp,cam_token,probe0,21d970d8de,theta0,0.6956352591514587
m0,"cos(g_maskdistill,g_couple)",scannetpp,cam_token,probe0,21d970d8de,theta0,0.491839736700058
m0,"cos(g_maskdistill,g_rel_rot)",scannetpp,cam_token,probe0,21d970d8de,theta0,0.5425748825073242
m0,"cos(g_maskdistill,g_rel_tdir)",scannetpp,cam_token,probe0,21d970d8de,theta0,0.4089673161506653
m0,"cos(g_rkd_sh_d,g_rkd_sh_a)",scannetpp,cam_token,probe0,21d970d8de,theta0,0.15241879224777222
m0,"cos(g_rkd_sh_d,g_couple)",scannetpp,cam_token,probe0,21d970d8de,theta0,0.2409123182296753
m0,"cos(g_rkd_sh_d,g_rel_rot)",scannetpp,cam_token,probe0,21d970d8de,theta0,-0.27204132080078125
m0,"cos(g_rkd_sh_d,g_rel_tdir)",scannetpp,cam_token,probe0,21d970d8de,theta0,0.4584360420703888
m0,"cos(g_rkd_sh_a,g_couple)",scannetpp,cam_token,probe0,21d970d8de,theta0,0.511507511138916
m0,"cos(g_rkd_sh_a,g_rel_rot)",scannetpp,cam_token,probe0,21d970d8de,theta0,0.574195146560669
m0,"cos(g_rkd_sh_a,g_rel_tdir)",scannetpp,cam_token,probe0,21d970d8de,theta0,0.8264199495315552
m0,"cos(g_couple,g_rel_rot)",scannetpp,cam_token,probe0,21d970d8de,theta0,-0.19295090436935425
m0,"cos(g_couple,g_rel_tdir)",scannetpp,cam_token,probe0,21d970d8de,theta0,0.6909879446029663
m0,"cos(g_rel_rot,g_rel_tdir)",scannetpp,cam_token,probe0,21d970d8de,theta0,0.0881008505821228
m0,"cos(g_maskdistill,g_rkd_sh_d)",scannetpp,ALL,probe0,21d970d8de,theta0,-0.3292577266693115
m0,"cos(g_maskdistill,g_rkd_sh_a)",scannetpp,ALL,probe0,21d970d8de,theta0,0.5364917516708374
m0,"cos(g_maskdistill,g_couple)",scannetpp,ALL,probe0,21d970d8de,theta0,0.46752145886421204
m0,"cos(g_maskdistill,g_rel_rot)",scannetpp,ALL,probe0,21d970d8de,theta0,0.5631608366966248
m0,"cos(g_maskdistill,g_rel_tdir)",scannetpp,ALL,probe0,21d970d8de,theta0,0.20455364882946014
m0,"cos(g_rkd_sh_d,g_rkd_sh_a)",scannetpp,ALL,probe0,21d970d8de,theta0,0.3127239942550659
m0,"cos(g_rkd_sh_d,g_couple)",scannetpp,ALL,probe0,21d970d8de,theta0,0.2914160192012787
m0,"cos(g_rkd_sh_d,g_rel_rot)",scannetpp,ALL,probe0,21d970d8de,theta0,-0.4382835924625397
m0,"cos(g_rkd_sh_d,g_rel_tdir)",scannetpp,ALL,probe0,21d970d8de,theta0,0.5869962573051453
m0,"cos(g_rkd_sh_a,g_couple)",scannetpp,ALL,probe0,21d970d8de,theta0,0.48553797602653503
m0,"cos(g_rkd_sh_a,g_rel_rot)",scannetpp,ALL,probe0,21d970d8de,theta0,0.37149566411972046
m0,"cos(g_rkd_sh_a,g_rel_tdir)",scannetpp,ALL,probe0,21d970d8de,theta0,0.8849860429763794
m0,"cos(g_couple,g_rel_rot)",scannetpp,ALL,probe0,21d970d8de,theta0,-0.33208513259887695
m0,"cos(g_couple,g_rel_tdir)",scannetpp,ALL,probe0,21d970d8de,theta0,0.5878181457519531
m0,"cos(g_rel_rot,g_rel_tdir)",scannetpp,ALL,probe0,21d970d8de,theta0,-0.04992084205150604
m0,"cos(g_rel_rot,g_base)",scannetpp,lora_early,probe0,21d970d8de,theta0,0.4933526813983917
m0,"cos(g_rel_tdir,g_base)",scannetpp,lora_early,probe0,21d970d8de,theta0,0.4378674030303955
m0,"cos(g_rel_rot,g_base)",scannetpp,lora_late,probe0,21d970d8de,theta0,0.5042638182640076
m0,"cos(g_rel_tdir,g_base)",scannetpp,lora_late,probe0,21d970d8de,theta0,0.5449928641319275
m0,"cos(g_rel_rot,g_base)",scannetpp,cam_token,probe0,21d970d8de,theta0,0.5245885252952576
m0,"cos(g_rel_tdir,g_base)",scannetpp,cam_token,probe0,21d970d8de,theta0,0.5646740794181824
m0,"cos(g_rel_rot,g_base)",scannetpp,ALL,probe0,21d970d8de,theta0,0.4946078658103943
m0,"cos(g_rel_tdir,g_base)",scannetpp,ALL,probe0,21d970d8de,theta0,0.44414037466049194
m0,loss[maskdistill],scannetpp,-,probe0,21d970d8de,theta0,0.1867079883813858
m0,loss[rkd_sh_d],scannetpp,-,probe0,21d970d8de,theta0,0.000233097787713632
m0,loss[rkd_sh_a],scannetpp,-,probe0,21d970d8de,theta0,0.0021966544445604086
m0,loss[couple],scannetpp,-,probe0,21d970d8de,theta0,0.0009344966965727508
m0,loss[rel_rot],scannetpp,-,probe0,21d970d8de,theta0,0.0006781278061680496
m0,loss[rel_tdir],scannetpp,-,probe0,21d970d8de,theta0,0.002689759014174342
clean,"cos(g_maskdistill,g_rkd_sh_d)",scannetpp,lora_early,probe1,21d970d8de,theta0,0.1656884253025055
clean,"cos(g_maskdistill,g_rkd_sh_a)",scannetpp,lora_early,probe1,21d970d8de,theta0,0.12259957939386368
clean,"cos(g_maskdistill,g_couple)",scannetpp,lora_early,probe1,21d970d8de,theta0,-0.35998597741127014
clean,"cos(g_maskdistill,g_rel_rot)",scannetpp,lora_early,probe1,21d970d8de,theta0,0.037363406270742416
clean,"cos(g_maskdistill,g_rel_tdir)",scannetpp,lora_early,probe1,21d970d8de,theta0,0.10666811466217041
clean,"cos(g_rkd_sh_d,g_rkd_sh_a)",scannetpp,lora_early,probe1,21d970d8de,theta0,0.5078099370002747
clean,"cos(g_rkd_sh_d,g_couple)",scannetpp,lora_early,probe1,21d970d8de,theta0,-0.6520436406135559
clean,"cos(g_rkd_sh_d,g_rel_rot)",scannetpp,lora_early,probe1,21d970d8de,theta0,0.40061068534851074
clean,"cos(g_rkd_sh_d,g_rel_tdir)",scannetpp,lora_early,probe1,21d970d8de,theta0,0.4817180037498474
clean,"cos(g_rkd_sh_a,g_couple)",scannetpp,lora_early,probe1,21d970d8de,theta0,-0.6739932298660278
clean,"cos(g_rkd_sh_a,g_rel_rot)",scannetpp,lora_early,probe1,21d970d8de,theta0,0.7857013940811157
clean,"cos(g_rkd_sh_a,g_rel_tdir)",scannetpp,lora_early,probe1,21d970d8de,theta0,0.9883968830108643
clean,"cos(g_couple,g_rel_rot)",scannetpp,lora_early,probe1,21d970d8de,theta0,-0.5212215185165405
clean,"cos(g_couple,g_rel_tdir)",scannetpp,lora_early,probe1,21d970d8de,theta0,-0.6423006057739258
clean,"cos(g_rel_rot,g_rel_tdir)",scannetpp,lora_early,probe1,21d970d8de,theta0,0.8352406620979309
clean,"cos(g_maskdistill,g_rkd_sh_d)",scannetpp,lora_late,probe1,21d970d8de,theta0,0.08970321714878082
clean,"cos(g_maskdistill,g_rkd_sh_a)",scannetpp,lora_late,probe1,21d970d8de,theta0,0.1395406723022461
clean,"cos(g_maskdistill,g_couple)",scannetpp,lora_late,probe1,21d970d8de,theta0,-0.23496650159358978
clean,"cos(g_maskdistill,g_rel_rot)",scannetpp,lora_late,probe1,21d970d8de,theta0,0.04978632926940918
clean,"cos(g_maskdistill,g_rel_tdir)",scannetpp,lora_late,probe1,21d970d8de,theta0,0.12906776368618011
clean,"cos(g_rkd_sh_d,g_rkd_sh_a)",scannetpp,lora_late,probe1,21d970d8de,theta0,0.5768559575080872
clean,"cos(g_rkd_sh_d,g_couple)",scannetpp,lora_late,probe1,21d970d8de,theta0,-0.3422820568084717
clean,"cos(g_rkd_sh_d,g_rel_rot)",scannetpp,lora_late,probe1,21d970d8de,theta0,0.15143230557441711
clean,"cos(g_rkd_sh_d,g_rel_tdir)",scannetpp,lora_late,probe1,21d970d8de,theta0,0.5447874665260315
clean,"cos(g_rkd_sh_a,g_couple)",scannetpp,lora_late,probe1,21d970d8de,theta0,-0.37440967559814453
clean,"cos(g_rkd_sh_a,g_rel_rot)",scannetpp,lora_late,probe1,21d970d8de,theta0,0.3807150721549988
clean,"cos(g_rkd_sh_a,g_rel_tdir)",scannetpp,lora_late,probe1,21d970d8de,theta0,0.9818642139434814
clean,"cos(g_couple,g_rel_rot)",scannetpp,lora_late,probe1,21d970d8de,theta0,-0.43432849645614624
clean,"cos(g_couple,g_rel_tdir)",scannetpp,lora_late,probe1,21d970d8de,theta0,-0.38890859484672546
clean,"cos(g_rel_rot,g_rel_tdir)",scannetpp,lora_late,probe1,21d970d8de,theta0,0.4919466972351074
clean,"cos(g_maskdistill,g_rkd_sh_d)",scannetpp,cam_token,probe1,21d970d8de,theta0,-0.11080127954483032
clean,"cos(g_maskdistill,g_rkd_sh_a)",scannetpp,cam_token,probe1,21d970d8de,theta0,-0.12976112961769104
clean,"cos(g_maskdistill,g_couple)",scannetpp,cam_token,probe1,21d970d8de,theta0,-0.003654024563729763
clean,"cos(g_maskdistill,g_rel_rot)",scannetpp,cam_token,probe1,21d970d8de,theta0,-0.043193597346544266
clean,"cos(g_maskdistill,g_rel_tdir)",scannetpp,cam_token,probe1,21d970d8de,theta0,-0.13996857404708862
clean,"cos(g_rkd_sh_d,g_rkd_sh_a)",scannetpp,cam_token,probe1,21d970d8de,theta0,0.5776657462120056
clean,"cos(g_rkd_sh_d,g_couple)",scannetpp,cam_token,probe1,21d970d8de,theta0,-0.27665120363235474
clean,"cos(g_rkd_sh_d,g_rel_rot)",scannetpp,cam_token,probe1,21d970d8de,theta0,0.08152751624584198
clean,"cos(g_rkd_sh_d,g_rel_tdir)",scannetpp,cam_token,probe1,21d970d8de,theta0,0.5520796775817871
clean,"cos(g_rkd_sh_a,g_couple)",scannetpp,cam_token,probe1,21d970d8de,theta0,-0.40364915132522583
clean,"cos(g_rkd_sh_a,g_rel_rot)",scannetpp,cam_token,probe1,21d970d8de,theta0,0.3328770697116852
clean,"cos(g_rkd_sh_a,g_rel_tdir)",scannetpp,cam_token,probe1,21d970d8de,theta0,0.9681891798973083
clean,"cos(g_couple,g_rel_rot)",scannetpp,cam_token,probe1,21d970d8de,theta0,-0.3787866532802582
clean,"cos(g_couple,g_rel_tdir)",scannetpp,cam_token,probe1,21d970d8de,theta0,-0.4293583333492279
clean,"cos(g_rel_rot,g_rel_tdir)",scannetpp,cam_token,probe1,21d970d8de,theta0,0.5228924751281738
clean,"cos(g_maskdistill,g_rkd_sh_d)",scannetpp,ALL,probe1,21d970d8de,theta0,0.12340658903121948
clean,"cos(g_maskdistill,g_rkd_sh_a)",scannetpp,ALL,probe1,21d970d8de,theta0,0.12379994243383408
clean,"cos(g_maskdistill,g_couple)",scannetpp,ALL,probe1,21d970d8de,theta0,-0.3025073707103729
clean,"cos(g_maskdistill,g_rel_rot)",scannetpp,ALL,probe1,21d970d8de,theta0,0.03970219939947128
clean,"cos(g_maskdistill,g_rel_tdir)",scannetpp,ALL,probe1,21d970d8de,theta0,0.1106613427400589
clean,"cos(g_rkd_sh_d,g_rkd_sh_a)",scannetpp,ALL,probe1,21d970d8de,theta0,0.5453858375549316
clean,"cos(g_rkd_sh_d,g_couple)",scannetpp,ALL,probe1,21d970d8de,theta0,-0.4756919741630554
clean,"cos(g_rkd_sh_d,g_rel_rot)",scannetpp,ALL,probe1,21d970d8de,theta0,0.24875834584236145
clean,"cos(g_rkd_sh_d,g_rel_tdir)",scannetpp,ALL,probe1,21d970d8de,theta0,0.5152257084846497
clean,"cos(g_rkd_sh_a,g_couple)",scannetpp,ALL,probe1,21d970d8de,theta0,-0.5194538831710815
clean,"cos(g_rkd_sh_a,g_rel_rot)",scannetpp,ALL,probe1,21d970d8de,theta0,0.554741382598877
clean,"cos(g_rkd_sh_a,g_rel_tdir)",scannetpp,ALL,probe1,21d970d8de,theta0,0.9848520755767822
clean,"cos(g_couple,g_rel_rot)",scannetpp,ALL,probe1,21d970d8de,theta0,-0.470466285943985
clean,"cos(g_couple,g_rel_tdir)",scannetpp,ALL,probe1,21d970d8de,theta0,-0.5131176710128784
clean,"cos(g_rel_rot,g_rel_tdir)",scannetpp,ALL,probe1,21d970d8de,theta0,0.640718400478363
clean,"cos(g_rel_rot,g_base)",scannetpp,lora_early,probe1,21d970d8de,theta0,0.3215349316596985
clean,"cos(g_rel_tdir,g_base)",scannetpp,lora_early,probe1,21d970d8de,theta0,0.457139790058136
clean,"cos(g_rel_rot,g_base)",scannetpp,lora_late,probe1,21d970d8de,theta0,0.24382531642913818
clean,"cos(g_rel_tdir,g_base)",scannetpp,lora_late,probe1,21d970d8de,theta0,0.6357170343399048
clean,"cos(g_rel_rot,g_base)",scannetpp,cam_token,probe1,21d970d8de,theta0,0.09453467279672623
clean,"cos(g_rel_tdir,g_base)",scannetpp,cam_token,probe1,21d970d8de,theta0,0.2705177068710327
clean,"cos(g_rel_rot,g_base)",scannetpp,ALL,probe1,21d970d8de,theta0,0.2743591368198395
clean,"cos(g_rel_tdir,g_base)",scannetpp,ALL,probe1,21d970d8de,theta0,0.5234197378158569
clean,loss[maskdistill],scannetpp,-,probe1,21d970d8de,theta0,0.02964107319712639
clean,loss[rkd_sh_d],scannetpp,-,probe1,21d970d8de,theta0,2.126417530234903e-05
clean,loss[rkd_sh_a],scannetpp,-,probe1,21d970d8de,theta0,0.00032927136635407805
clean,loss[couple],scannetpp,-,probe1,21d970d8de,theta0,5.764061370427953e-07
clean,loss[rel_rot],scannetpp,-,probe1,21d970d8de,theta0,0.0002049360191449523
clean,loss[rel_tdir],scannetpp,-,probe1,21d970d8de,theta0,0.0003388921613804996
m0,"cos(g_maskdistill,g_rkd_sh_d)",scannetpp,lora_early,probe1,21d970d8de,theta0,0.723501443862915
m0,"cos(g_maskdistill,g_rkd_sh_a)",scannetpp,lora_early,probe1,21d970d8de,theta0,-0.3743804395198822
m0,"cos(g_maskdistill,g_couple)",scannetpp,lora_early,probe1,21d970d8de,theta0,0.458067923784256
m0,"cos(g_maskdistill,g_rel_rot)",scannetpp,lora_early,probe1,21d970d8de,theta0,-0.043356314301490784
m0,"cos(g_maskdistill,g_rel_tdir)",scannetpp,lora_early,probe1,21d970d8de,theta0,0.6743294596672058
m0,"cos(g_rkd_sh_d,g_rkd_sh_a)",scannetpp,lora_early,probe1,21d970d8de,theta0,-0.3458787500858307
m0,"cos(g_rkd_sh_d,g_couple)",scannetpp,lora_early,probe1,21d970d8de,theta0,0.7594435214996338
m0,"cos(g_rkd_sh_d,g_rel_rot)",scannetpp,lora_early,probe1,21d970d8de,theta0,-0.11172917485237122
m0,"cos(g_rkd_sh_d,g_rel_tdir)",scannetpp,lora_early,probe1,21d970d8de,theta0,0.5385505557060242
m0,"cos(g_rkd_sh_a,g_couple)",scannetpp,lora_early,probe1,21d970d8de,theta0,0.035043537616729736
m0,"cos(g_rkd_sh_a,g_rel_rot)",scannetpp,lora_early,probe1,21d970d8de,theta0,-0.22612117230892181
m0,"cos(g_rkd_sh_a,g_rel_tdir)",scannetpp,lora_early,probe1,21d970d8de,theta0,-0.520535409450531
m0,"cos(g_couple,g_rel_rot)",scannetpp,lora_early,probe1,21d970d8de,theta0,-0.30809152126312256
m0,"cos(g_couple,g_rel_tdir)",scannetpp,lora_early,probe1,21d970d8de,theta0,0.15182220935821533
m0,"cos(g_rel_rot,g_rel_tdir)",scannetpp,lora_early,probe1,21d970d8de,theta0,0.21379917860031128
m0,"cos(g_maskdistill,g_rkd_sh_d)",scannetpp,lora_late,probe1,21d970d8de,theta0,0.6631969809532166
m0,"cos(g_maskdistill,g_rkd_sh_a)",scannetpp,lora_late,probe1,21d970d8de,theta0,-0.372711718082428
m0,"cos(g_maskdistill,g_couple)",scannetpp,lora_late,probe1,21d970d8de,theta0,0.4743938744068146
m0,"cos(g_maskdistill,g_rel_rot)",scannetpp,lora_late,probe1,21d970d8de,theta0,-0.014780627563595772
m0,"cos(g_maskdistill,g_rel_tdir)",scannetpp,lora_late,probe1,21d970d8de,theta0,0.5771902799606323
m0,"cos(g_rkd_sh_d,g_rkd_sh_a)",scannetpp,lora_late,probe1,21d970d8de,theta0,-0.19118081033229828
m0,"cos(g_rkd_sh_d,g_couple)",scannetpp,lora_late,probe1,21d970d8de,theta0,0.6426131725311279
m0,"cos(g_rkd_sh_d,g_rel_rot)",scannetpp,lora_late,probe1,21d970d8de,theta0,-0.06176675483584404
m0,"cos(g_rkd_sh_d,g_rel_tdir)",scannetpp,lora_late,probe1,21d970d8de,theta0,0.38325202465057373
m0,"cos(g_rkd_sh_a,g_couple)",scannetpp,lora_late,probe1,21d970d8de,theta0,0.033629223704338074
m0,"cos(g_rkd_sh_a,g_rel_rot)",scannetpp,lora_late,probe1,21d970d8de,theta0,-0.12494759261608124
m0,"cos(g_rkd_sh_a,g_rel_tdir)",scannetpp,lora_late,probe1,21d970d8de,theta0,-0.35582178831100464
m0,"cos(g_couple,g_rel_rot)",scannetpp,lora_late,probe1,21d970d8de,theta0,-0.2073897123336792
m0,"cos(g_couple,g_rel_tdir)",scannetpp,lora_late,probe1,21d970d8de,theta0,0.22896581888198853
m0,"cos(g_rel_rot,g_rel_tdir)",scannetpp,lora_late,probe1,21d970d8de,theta0,0.15893013775348663
m0,"cos(g_maskdistill,g_rkd_sh_d)",scannetpp,cam_token,probe1,21d970d8de,theta0,0.8485955595970154
m0,"cos(g_maskdistill,g_rkd_sh_a)",scannetpp,cam_token,probe1,21d970d8de,theta0,-0.6013020277023315
m0,"cos(g_maskdistill,g_couple)",scannetpp,cam_token,probe1,21d970d8de,theta0,0.44866040349006653
m0,"cos(g_maskdistill,g_rel_rot)",scannetpp,cam_token,probe1,21d970d8de,theta0,0.3044319152832031
m0,"cos(g_maskdistill,g_rel_tdir)",scannetpp,cam_token,probe1,21d970d8de,theta0,0.7780922055244446
m0,"cos(g_rkd_sh_d,g_rkd_sh_a)",scannetpp,cam_token,probe1,21d970d8de,theta0,-0.5822906494140625
m0,"cos(g_rkd_sh_d,g_couple)",scannetpp,cam_token,probe1,21d970d8de,theta0,0.5471892356872559
m0,"cos(g_rkd_sh_d,g_rel_rot)",scannetpp,cam_token,probe1,21d970d8de,theta0,0.3471459150314331
m0,"cos(g_rkd_sh_d,g_rel_tdir)",scannetpp,cam_token,probe1,21d970d8de,theta0,0.7974488735198975
m0,"cos(g_rkd_sh_a,g_couple)",scannetpp,cam_token,probe1,21d970d8de,theta0,-0.01768835447728634
m0,"cos(g_rkd_sh_a,g_rel_rot)",scannetpp,cam_token,probe1,21d970d8de,theta0,-0.5011323690414429
m0,"cos(g_rkd_sh_a,g_rel_tdir)",scannetpp,cam_token,probe1,21d970d8de,theta0,-0.771543025970459
m0,"cos(g_couple,g_rel_rot)",scannetpp,cam_token,probe1,21d970d8de,theta0,-0.13822954893112183
m0,"cos(g_couple,g_rel_tdir)",scannetpp,cam_token,probe1,21d970d8de,theta0,0.2402847856283188
m0,"cos(g_rel_rot,g_rel_tdir)",scannetpp,cam_token,probe1,21d970d8de,theta0,0.5793300867080688
m0,"cos(g_maskdistill,g_rkd_sh_d)",scannetpp,ALL,probe1,21d970d8de,theta0,0.7102059125900269
m0,"cos(g_maskdistill,g_rkd_sh_a)",scannetpp,ALL,probe1,21d970d8de,theta0,-0.37505847215652466
m0,"cos(g_maskdistill,g_couple)",scannetpp,ALL,probe1,21d970d8de,theta0,0.46130815148353577
m0,"cos(g_maskdistill,g_rel_rot)",scannetpp,ALL,probe1,21d970d8de,theta0,-0.034295979887247086
m0,"cos(g_maskdistill,g_rel_tdir)",scannetpp,ALL,probe1,21d970d8de,theta0,0.6518419981002808
m0,"cos(g_rkd_sh_d,g_rkd_sh_a)",scannetpp,ALL,probe1,21d970d8de,theta0,-0.31095197796821594
m0,"cos(g_rkd_sh_d,g_couple)",scannetpp,ALL,probe1,21d970d8de,theta0,0.731981635093689
m0,"cos(g_rkd_sh_d,g_rel_rot)",scannetpp,ALL,probe1,21d970d8de,theta0,-0.09579409658908844
m0,"cos(g_rkd_sh_d,g_rel_tdir)",scannetpp,ALL,probe1,21d970d8de,theta0,0.5026132464408875
m0,"cos(g_rkd_sh_a,g_couple)",scannetpp,ALL,probe1,21d970d8de,theta0,0.03448323905467987
m0,"cos(g_rkd_sh_a,g_rel_rot)",scannetpp,ALL,probe1,21d970d8de,theta0,-0.2018020749092102
m0,"cos(g_rkd_sh_a,g_rel_tdir)",scannetpp,ALL,probe1,21d970d8de,theta0,-0.4828094244003296
m0,"cos(g_couple,g_rel_rot)",scannetpp,ALL,probe1,21d970d8de,theta0,-0.28202515840530396
m0,"cos(g_couple,g_rel_tdir)",scannetpp,ALL,probe1,21d970d8de,theta0,0.16909512877464294
m0,"cos(g_rel_rot,g_rel_tdir)",scannetpp,ALL,probe1,21d970d8de,theta0,0.20231032371520996
m0,"cos(g_rel_rot,g_base)",scannetpp,lora_early,probe1,21d970d8de,theta0,-0.06387097388505936
m0,"cos(g_rel_tdir,g_base)",scannetpp,lora_early,probe1,21d970d8de,theta0,0.6532895565032959
m0,"cos(g_rel_rot,g_base)",scannetpp,lora_late,probe1,21d970d8de,theta0,-0.02688039466738701
m0,"cos(g_rel_tdir,g_base)",scannetpp,lora_late,probe1,21d970d8de,theta0,0.5643572807312012
m0,"cos(g_rel_rot,g_base)",scannetpp,cam_token,probe1,21d970d8de,theta0,0.27902039885520935
m0,"cos(g_rel_tdir,g_base)",scannetpp,cam_token,probe1,21d970d8de,theta0,0.7545583248138428
m0,"cos(g_rel_rot,g_base)",scannetpp,ALL,probe1,21d970d8de,theta0,-0.05276912450790405
m0,"cos(g_rel_tdir,g_base)",scannetpp,ALL,probe1,21d970d8de,theta0,0.6326528191566467
m0,loss[maskdistill],scannetpp,-,probe1,21d970d8de,theta0,0.1843775361776352
m0,loss[rkd_sh_d],scannetpp,-,probe1,21d970d8de,theta0,6.152645801194012e-05
m0,loss[rkd_sh_a],scannetpp,-,probe1,21d970d8de,theta0,0.00010283083975082263
m0,loss[couple],scannetpp,-,probe1,21d970d8de,theta0,2.832678774211672e-06
m0,loss[rel_rot],scannetpp,-,probe1,21d970d8de,theta0,0.0005986432661302388
m0,loss[rel_tdir],scannetpp,-,probe1,21d970d8de,theta0,0.0007758637657389045
clean,"cos(g_maskdistill,g_rkd_sh_d)",scannetpp,lora_early,probe0,21d970d8de,theta_base,0.036952756345272064
clean,"cos(g_maskdistill,g_rkd_sh_a)",scannetpp,lora_early,probe0,21d970d8de,theta_base,0.031063662841916084
clean,"cos(g_maskdistill,g_couple)",scannetpp,lora_early,probe0,21d970d8de,theta_base,0.07522748410701752
clean,"cos(g_maskdistill,g_rel_rot)",scannetpp,lora_early,probe0,21d970d8de,theta_base,0.24540594220161438
clean,"cos(g_maskdistill,g_rel_tdir)",scannetpp,lora_early,probe0,21d970d8de,theta_base,0.016724897548556328
clean,"cos(g_rkd_sh_d,g_rkd_sh_a)",scannetpp,lora_early,probe0,21d970d8de,theta_base,0.8561815023422241
clean,"cos(g_rkd_sh_d,g_couple)",scannetpp,lora_early,probe0,21d970d8de,theta_base,0.9504431486129761
clean,"cos(g_rkd_sh_d,g_rel_rot)",scannetpp,lora_early,probe0,21d970d8de,theta_base,-0.3774726390838623
clean,"cos(g_rkd_sh_d,g_rel_tdir)",scannetpp,lora_early,probe0,21d970d8de,theta_base,0.8458129167556763
clean,"cos(g_rkd_sh_a,g_couple)",scannetpp,lora_early,probe0,21d970d8de,theta_base,0.7574537992477417
clean,"cos(g_rkd_sh_a,g_rel_rot)",scannetpp,lora_early,probe0,21d970d8de,theta_base,-0.45390427112579346
clean,"cos(g_rkd_sh_a,g_rel_tdir)",scannetpp,lora_early,probe0,21d970d8de,theta_base,0.9960328340530396
clean,"cos(g_couple,g_rel_rot)",scannetpp,lora_early,probe0,21d970d8de,theta_base,-0.18050947785377502
clean,"cos(g_couple,g_rel_tdir)",scannetpp,lora_early,probe0,21d970d8de,theta_base,0.7471110224723816
clean,"cos(g_rel_rot,g_rel_tdir)",scannetpp,lora_early,probe0,21d970d8de,theta_base,-0.42959165573120117
clean,"cos(g_maskdistill,g_rkd_sh_d)",scannetpp,lora_late,probe0,21d970d8de,theta_base,0.08200348168611526
clean,"cos(g_maskdistill,g_rkd_sh_a)",scannetpp,lora_late,probe0,21d970d8de,theta_base,-0.004745375365018845
clean,"cos(g_maskdistill,g_couple)",scannetpp,lora_late,probe0,21d970d8de,theta_base,0.06324873119592667
clean,"cos(g_maskdistill,g_rel_rot)",scannetpp,lora_late,probe0,21d970d8de,theta_base,0.09935377538204193
clean,"cos(g_maskdistill,g_rel_tdir)",scannetpp,lora_late,probe0,21d970d8de,theta_base,-0.003020382020622492
clean,"cos(g_rkd_sh_d,g_rkd_sh_a)",scannetpp,lora_late,probe0,21d970d8de,theta_base,0.8386374115943909
clean,"cos(g_rkd_sh_d,g_couple)",scannetpp,lora_late,probe0,21d970d8de,theta_base,0.7956701517105103
clean,"cos(g_rkd_sh_d,g_rel_rot)",scannetpp,lora_late,probe0,21d970d8de,theta_base,-0.19391605257987976
clean,"cos(g_rkd_sh_d,g_rel_tdir)",scannetpp,lora_late,probe0,21d970d8de,theta_base,0.7985885143280029
clean,"cos(g_rkd_sh_a,g_couple)",scannetpp,lora_late,probe0,21d970d8de,theta_base,0.6476837396621704
clean,"cos(g_rkd_sh_a,g_rel_rot)",scannetpp,lora_late,probe0,21d970d8de,theta_base,-0.1896440088748932
clean,"cos(g_rkd_sh_a,g_rel_tdir)",scannetpp,lora_late,probe0,21d970d8de,theta_base,0.9776389002799988
clean,"cos(g_couple,g_rel_rot)",scannetpp,lora_late,probe0,21d970d8de,theta_base,0.03598278388381004
clean,"cos(g_couple,g_rel_tdir)",scannetpp,lora_late,probe0,21d970d8de,theta_base,0.6271178722381592
clean,"cos(g_rel_rot,g_rel_tdir)",scannetpp,lora_late,probe0,21d970d8de,theta_base,-0.09023752808570862
clean,"cos(g_maskdistill,g_rkd_sh_d)",scannetpp,cam_token,probe0,21d970d8de,theta_base,-0.0584602989256382
clean,"cos(g_maskdistill,g_rkd_sh_a)",scannetpp,cam_token,probe0,21d970d8de,theta_base,-0.24412238597869873
clean,"cos(g_maskdistill,g_couple)",scannetpp,cam_token,probe0,21d970d8de,theta_base,0.12349428981542587
clean,"cos(g_maskdistill,g_rel_rot)",scannetpp,cam_token,probe0,21d970d8de,theta_base,0.03881686180830002
clean,"cos(g_maskdistill,g_rel_tdir)",scannetpp,cam_token,probe0,21d970d8de,theta_base,-0.2502377927303314
clean,"cos(g_rkd_sh_d,g_rkd_sh_a)",scannetpp,cam_token,probe0,21d970d8de,theta_base,0.8344800472259521
clean,"cos(g_rkd_sh_d,g_couple)",scannetpp,cam_token,probe0,21d970d8de,theta_base,0.47764599323272705
clean,"cos(g_rkd_sh_d,g_rel_rot)",scannetpp,cam_token,probe0,21d970d8de,theta_base,-0.16265901923179626
clean,"cos(g_rkd_sh_d,g_rel_tdir)",scannetpp,cam_token,probe0,21d970d8de,theta_base,0.7940868139266968
clean,"cos(g_rkd_sh_a,g_couple)",scannetpp,cam_token,probe0,21d970d8de,theta_base,0.3023953437805176
clean,"cos(g_rkd_sh_a,g_rel_rot)",scannetpp,cam_token,probe0,21d970d8de,theta_base,-0.1616557538509369
clean,"cos(g_rkd_sh_a,g_rel_tdir)",scannetpp,cam_token,probe0,21d970d8de,theta_base,0.9726711511611938
clean,"cos(g_couple,g_rel_rot)",scannetpp,cam_token,probe0,21d970d8de,theta_base,0.3120841383934021
clean,"cos(g_couple,g_rel_tdir)",scannetpp,cam_token,probe0,21d970d8de,theta_base,0.3235531151294708
clean,"cos(g_rel_rot,g_rel_tdir)",scannetpp,cam_token,probe0,21d970d8de,theta_base,0.0024419566616415977
clean,"cos(g_maskdistill,g_rkd_sh_d)",scannetpp,ALL,probe0,21d970d8de,theta_base,0.04895181953907013
clean,"cos(g_maskdistill,g_rkd_sh_a)",scannetpp,ALL,probe0,21d970d8de,theta_base,0.021069716662168503
clean,"cos(g_maskdistill,g_couple)",scannetpp,ALL,probe0,21d970d8de,theta_base,0.0718776136636734
clean,"cos(g_maskdistill,g_rel_rot)",scannetpp,ALL,probe0,21d970d8de,theta_base,0.1554909348487854
clean,"cos(g_maskdistill,g_rel_tdir)",scannetpp,ALL,probe0,21d970d8de,theta_base,0.01094583049416542
clean,"cos(g_rkd_sh_d,g_rkd_sh_a)",scannetpp,ALL,probe0,21d970d8de,theta_base,0.8515200018882751
clean,"cos(g_rkd_sh_d,g_couple)",scannetpp,ALL,probe0,21d970d8de,theta_base,0.9051275849342346
clean,"cos(g_rkd_sh_d,g_rel_rot)",scannetpp,ALL,probe0,21d970d8de,theta_base,-0.2573026418685913
clean,"cos(g_rkd_sh_d,g_rel_tdir)",scannetpp,ALL,probe0,21d970d8de,theta_base,0.8333396911621094
clean,"cos(g_rkd_sh_a,g_couple)",scannetpp,ALL,probe0,21d970d8de,theta_base,0.7252222895622253
clean,"cos(g_rkd_sh_a,g_rel_rot)",scannetpp,ALL,probe0,21d970d8de,theta_base,-0.2903139591217041
clean,"cos(g_rkd_sh_a,g_rel_tdir)",scannetpp,ALL,probe0,21d970d8de,theta_base,0.9912747144699097
clean,"cos(g_couple,g_rel_rot)",scannetpp,ALL,probe0,21d970d8de,theta_base,-0.06261299550533295
clean,"cos(g_couple,g_rel_tdir)",scannetpp,ALL,probe0,21d970d8de,theta_base,0.7120301723480225
clean,"cos(g_rel_rot,g_rel_tdir)",scannetpp,ALL,probe0,21d970d8de,theta_base,-0.23618537187576294
clean,"cos(g_rel_rot,g_base)",scannetpp,lora_early,probe0,21d970d8de,theta_base,-0.19719719886779785
clean,"cos(g_rel_tdir,g_base)",scannetpp,lora_early,probe0,21d970d8de,theta_base,0.7792295217514038
clean,"cos(g_rel_rot,g_base)",scannetpp,lora_late,probe0,21d970d8de,theta_base,-0.0812927857041359
clean,"cos(g_rel_tdir,g_base)",scannetpp,lora_late,probe0,21d970d8de,theta_base,0.745554506778717
clean,"cos(g_rel_rot,g_base)",scannetpp,cam_token,probe0,21d970d8de,theta_base,-0.08053568005561829
clean,"cos(g_rel_tdir,g_base)",scannetpp,cam_token,probe0,21d970d8de,theta_base,0.529145359992981
clean,"cos(g_rel_rot,g_base)",scannetpp,ALL,probe0,21d970d8de,theta_base,-0.12571510672569275
clean,"cos(g_rel_tdir,g_base)",scannetpp,ALL,probe0,21d970d8de,theta_base,0.7701863050460815
clean,loss[maskdistill],scannetpp,-,probe0,21d970d8de,theta_base,0.024779196828603745
clean,loss[rkd_sh_d],scannetpp,-,probe0,21d970d8de,theta_base,0.00013217132072895765
clean,loss[rkd_sh_a],scannetpp,-,probe0,21d970d8de,theta_base,0.0009472317760810256
clean,loss[couple],scannetpp,-,probe0,21d970d8de,theta_base,9.432110346097033e-06
clean,loss[rel_rot],scannetpp,-,probe0,21d970d8de,theta_base,6.190250860527158e-05
clean,loss[rel_tdir],scannetpp,-,probe0,21d970d8de,theta_base,0.0012543698539957404
m0,"cos(g_maskdistill,g_rkd_sh_d)",scannetpp,lora_early,probe0,21d970d8de,theta_base,0.2878987491130829
m0,"cos(g_maskdistill,g_rkd_sh_a)",scannetpp,lora_early,probe0,21d970d8de,theta_base,0.08556485921144485
m0,"cos(g_maskdistill,g_couple)",scannetpp,lora_early,probe0,21d970d8de,theta_base,0.6208980083465576
m0,"cos(g_maskdistill,g_rel_rot)",scannetpp,lora_early,probe0,21d970d8de,theta_base,0.3854132294654846
m0,"cos(g_maskdistill,g_rel_tdir)",scannetpp,lora_early,probe0,21d970d8de,theta_base,0.02577049471437931
m0,"cos(g_rkd_sh_d,g_rkd_sh_a)",scannetpp,lora_early,probe0,21d970d8de,theta_base,0.7506269812583923
m0,"cos(g_rkd_sh_d,g_couple)",scannetpp,lora_early,probe0,21d970d8de,theta_base,0.6408867835998535
m0,"cos(g_rkd_sh_d,g_rel_rot)",scannetpp,lora_early,probe0,21d970d8de,theta_base,0.26288285851478577
m0,"cos(g_rkd_sh_d,g_rel_tdir)",scannetpp,lora_early,probe0,21d970d8de,theta_base,0.6517037153244019
m0,"cos(g_rkd_sh_a,g_couple)",scannetpp,lora_early,probe0,21d970d8de,theta_base,0.5082093477249146
m0,"cos(g_rkd_sh_a,g_rel_rot)",scannetpp,lora_early,probe0,21d970d8de,theta_base,0.3776545822620392
m0,"cos(g_rkd_sh_a,g_rel_tdir)",scannetpp,lora_early,probe0,21d970d8de,theta_base,0.9768792390823364
m0,"cos(g_couple,g_rel_rot)",scannetpp,lora_early,probe0,21d970d8de,theta_base,0.0849263072013855
m0,"cos(g_couple,g_rel_tdir)",scannetpp,lora_early,probe0,21d970d8de,theta_base,0.45953571796417236
m0,"cos(g_rel_rot,g_rel_tdir)",scannetpp,lora_early,probe0,21d970d8de,theta_base,0.3024386465549469
m0,"cos(g_maskdistill,g_rkd_sh_d)",scannetpp,lora_late,probe0,21d970d8de,theta_base,0.38922959566116333
m0,"cos(g_maskdistill,g_rkd_sh_a)",scannetpp,lora_late,probe0,21d970d8de,theta_base,0.4500051736831665
m0,"cos(g_maskdistill,g_couple)",scannetpp,lora_late,probe0,21d970d8de,theta_base,0.7051929235458374
m0,"cos(g_maskdistill,g_rel_rot)",scannetpp,lora_late,probe0,21d970d8de,theta_base,0.2942110300064087
m0,"cos(g_maskdistill,g_rel_tdir)",scannetpp,lora_late,probe0,21d970d8de,theta_base,0.44048792123794556
m0,"cos(g_rkd_sh_d,g_rkd_sh_a)",scannetpp,lora_late,probe0,21d970d8de,theta_base,0.8048696517944336
m0,"cos(g_rkd_sh_d,g_couple)",scannetpp,lora_late,probe0,21d970d8de,theta_base,0.6000711917877197
m0,"cos(g_rkd_sh_d,g_rel_rot)",scannetpp,lora_late,probe0,21d970d8de,theta_base,0.16489747166633606
m0,"cos(g_rkd_sh_d,g_rel_tdir)",scannetpp,lora_late,probe0,21d970d8de,theta_base,0.6718080043792725
m0,"cos(g_rkd_sh_a,g_couple)",scannetpp,lora_late,probe0,21d970d8de,theta_base,0.5754075646400452
m0,"cos(g_rkd_sh_a,g_rel_rot)",scannetpp,lora_late,probe0,21d970d8de,theta_base,0.2760915160179138
m0,"cos(g_rkd_sh_a,g_rel_tdir)",scannetpp,lora_late,probe0,21d970d8de,theta_base,0.9285584092140198
m0,"cos(g_couple,g_rel_rot)",scannetpp,lora_late,probe0,21d970d8de,theta_base,0.04395013302564621
m0,"cos(g_couple,g_rel_tdir)",scannetpp,lora_late,probe0,21d970d8de,theta_base,0.539932370185852
m0,"cos(g_rel_rot,g_rel_tdir)",scannetpp,lora_late,probe0,21d970d8de,theta_base,0.10944952070713043
m0,"cos(g_maskdistill,g_rkd_sh_d)",scannetpp,cam_token,probe0,21d970d8de,theta_base,0.32247114181518555
m0,"cos(g_maskdistill,g_rkd_sh_a)",scannetpp,cam_token,probe0,21d970d8de,theta_base,0.2909875214099884
m0,"cos(g_maskdistill,g_couple)",scannetpp,cam_token,probe0,21d970d8de,theta_base,0.566602885723114
m0,"cos(g_maskdistill,g_rel_rot)",scannetpp,cam_token,probe0,21d970d8de,theta_base,0.2671949863433838
m0,"cos(g_maskdistill,g_rel_tdir)",scannetpp,cam_token,probe0,21d970d8de,theta_base,0.24141797423362732
m0,"cos(g_rkd_sh_d,g_rkd_sh_a)",scannetpp,cam_token,probe0,21d970d8de,theta_base,0.7485150098800659
m0,"cos(g_rkd_sh_d,g_couple)",scannetpp,cam_token,probe0,21d970d8de,theta_base,0.5341739654541016
m0,"cos(g_rkd_sh_d,g_rel_rot)",scannetpp,cam_token,probe0,21d970d8de,theta_base,0.2076885998249054
m0,"cos(g_rkd_sh_d,g_rel_tdir)",scannetpp,cam_token,probe0,21d970d8de,theta_base,0.6517765522003174
m0,"cos(g_rkd_sh_a,g_couple)",scannetpp,cam_token,probe0,21d970d8de,theta_base,0.4792785942554474
m0,"cos(g_rkd_sh_a,g_rel_rot)",scannetpp,cam_token,probe0,21d970d8de,theta_base,0.4926348924636841
m0,"cos(g_rkd_sh_a,g_rel_tdir)",scannetpp,cam_token,probe0,21d970d8de,theta_base,0.9391240477561951
m0,"cos(g_couple,g_rel_rot)",scannetpp,cam_token,probe0,21d970d8de,theta_base,0.07447207719087601
m0,"cos(g_couple,g_rel_tdir)",scannetpp,cam_token,probe0,21d970d8de,theta_base,0.4154931306838989
m0,"cos(g_rel_rot,g_rel_tdir)",scannetpp,cam_token,probe0,21d970d8de,theta_base,0.312032550573349
m0,"cos(g_maskdistill,g_rkd_sh_d)",scannetpp,ALL,probe0,21d970d8de,theta_base,0.30563169717788696
m0,"cos(g_maskdistill,g_rkd_sh_a)",scannetpp,ALL,probe0,21d970d8de,theta_base,0.12991175055503845
m0,"cos(g_maskdistill,g_couple)",scannetpp,ALL,probe0,21d970d8de,theta_base,0.6371431350708008
m0,"cos(g_maskdistill,g_rel_rot)",scannetpp,ALL,probe0,21d970d8de,theta_base,0.3659268319606781
m0,"cos(g_maskdistill,g_rel_tdir)",scannetpp,ALL,probe0,21d970d8de,theta_base,0.07177822291851044
m0,"cos(g_rkd_sh_d,g_rkd_sh_a)",scannetpp,ALL,probe0,21d970d8de,theta_base,0.7507992386817932
m0,"cos(g_rkd_sh_d,g_couple)",scannetpp,ALL,probe0,21d970d8de,theta_base,0.6315492391586304
m0,"cos(g_rkd_sh_d,g_rel_rot)",scannetpp,ALL,probe0,21d970d8de,theta_base,0.24295584857463837
m0,"cos(g_rkd_sh_d,g_rel_tdir)",scannetpp,ALL,probe0,21d970d8de,theta_base,0.6456505060195923
m0,"cos(g_rkd_sh_a,g_couple)",scannetpp,ALL,probe0,21d970d8de,theta_base,0.5076439380645752
m0,"cos(g_rkd_sh_a,g_rel_rot)",scannetpp,ALL,probe0,21d970d8de,theta_base,0.3560602366924286
m0,"cos(g_rkd_sh_a,g_rel_tdir)",scannetpp,ALL,probe0,21d970d8de,theta_base,0.9727981090545654
m0,"cos(g_couple,g_rel_rot)",scannetpp,ALL,probe0,21d970d8de,theta_base,0.0758092850446701
m0,"cos(g_couple,g_rel_tdir)",scannetpp,ALL,probe0,21d970d8de,theta_base,0.4577063322067261
m0,"cos(g_rel_rot,g_rel_tdir)",scannetpp,ALL,probe0,21d970d8de,theta_base,0.2703622877597809
m0,"cos(g_rel_rot,g_base)",scannetpp,lora_early,probe0,21d970d8de,theta_base,0.4579435884952545
m0,"cos(g_rel_tdir,g_base)",scannetpp,lora_early,probe0,21d970d8de,theta_base,0.4499306082725525
m0,"cos(g_rel_rot,g_base)",scannetpp,lora_late,probe0,21d970d8de,theta_base,0.2972502112388611
m0,"cos(g_rel_tdir,g_base)",scannetpp,lora_late,probe0,21d970d8de,theta_base,0.6326888799667358
m0,"cos(g_rel_rot,g_base)",scannetpp,cam_token,probe0,21d970d8de,theta_base,0.3490826487541199
m0,"cos(g_rel_tdir,g_base)",scannetpp,cam_token,probe0,21d970d8de,theta_base,0.49387380480766296
m0,"cos(g_rel_rot,g_base)",scannetpp,ALL,probe0,21d970d8de,theta_base,0.4237370193004608
m0,"cos(g_rel_tdir,g_base)",scannetpp,ALL,probe0,21d970d8de,theta_base,0.4624541401863098
m0,loss[maskdistill],scannetpp,-,probe0,21d970d8de,theta_base,0.181751549243927
m0,loss[rkd_sh_d],scannetpp,-,probe0,21d970d8de,theta_base,0.00019300109124742448
m0,loss[rkd_sh_a],scannetpp,-,probe0,21d970d8de,theta_base,0.0019084460800513625
m0,loss[couple],scannetpp,-,probe0,21d970d8de,theta_base,0.0009966151556000113
m0,loss[rel_rot],scannetpp,-,probe0,21d970d8de,theta_base,0.0004867275129072368
m0,loss[rel_tdir],scannetpp,-,probe0,21d970d8de,theta_base,0.0023400387726724148
clean,"cos(g_maskdistill,g_rkd_sh_d)",scannetpp,lora_early,probe1,21d970d8de,theta_base,0.04218009114265442
clean,"cos(g_maskdistill,g_rkd_sh_a)",scannetpp,lora_early,probe1,21d970d8de,theta_base,-0.03161314129829407
clean,"cos(g_maskdistill,g_couple)",scannetpp,lora_early,probe1,21d970d8de,theta_base,0.3005593717098236
clean,"cos(g_maskdistill,g_rel_rot)",scannetpp,lora_early,probe1,21d970d8de,theta_base,-0.06012657284736633
clean,"cos(g_maskdistill,g_rel_tdir)",scannetpp,lora_early,probe1,21d970d8de,theta_base,-0.045606426894664764
clean,"cos(g_rkd_sh_d,g_rkd_sh_a)",scannetpp,lora_early,probe1,21d970d8de,theta_base,0.4475245177745819
clean,"cos(g_rkd_sh_d,g_couple)",scannetpp,lora_early,probe1,21d970d8de,theta_base,0.5930633544921875
clean,"cos(g_rkd_sh_d,g_rel_rot)",scannetpp,lora_early,probe1,21d970d8de,theta_base,0.37158459424972534
clean,"cos(g_rkd_sh_d,g_rel_tdir)",scannetpp,lora_early,probe1,21d970d8de,theta_base,0.3976180851459503
clean,"cos(g_rkd_sh_a,g_couple)",scannetpp,lora_early,probe1,21d970d8de,theta_base,0.261782705783844
clean,"cos(g_rkd_sh_a,g_rel_rot)",scannetpp,lora_early,probe1,21d970d8de,theta_base,0.5300065279006958
clean,"cos(g_rkd_sh_a,g_rel_tdir)",scannetpp,lora_early,probe1,21d970d8de,theta_base,0.9824520945549011
clean,"cos(g_couple,g_rel_rot)",scannetpp,lora_early,probe1,21d970d8de,theta_base,0.31598010659217834
clean,"cos(g_couple,g_rel_tdir)",scannetpp,lora_early,probe1,21d970d8de,theta_base,0.24462029337882996
clean,"cos(g_rel_rot,g_rel_tdir)",scannetpp,lora_early,probe1,21d970d8de,theta_base,0.6096310615539551
clean,"cos(g_maskdistill,g_rkd_sh_d)",scannetpp,lora_late,probe1,21d970d8de,theta_base,0.009541616775095463
clean,"cos(g_maskdistill,g_rkd_sh_a)",scannetpp,lora_late,probe1,21d970d8de,theta_base,0.03166056424379349
clean,"cos(g_maskdistill,g_couple)",scannetpp,lora_late,probe1,21d970d8de,theta_base,0.1256835013628006
clean,"cos(g_maskdistill,g_rel_rot)",scannetpp,lora_late,probe1,21d970d8de,theta_base,-0.03230962157249451
clean,"cos(g_maskdistill,g_rel_tdir)",scannetpp,lora_late,probe1,21d970d8de,theta_base,0.01574501395225525
clean,"cos(g_rkd_sh_d,g_rkd_sh_a)",scannetpp,lora_late,probe1,21d970d8de,theta_base,0.6057941317558289
clean,"cos(g_rkd_sh_d,g_couple)",scannetpp,lora_late,probe1,21d970d8de,theta_base,0.31475868821144104
clean,"cos(g_rkd_sh_d,g_rel_rot)",scannetpp,lora_late,probe1,21d970d8de,theta_base,0.14108869433403015
clean,"cos(g_rkd_sh_d,g_rel_tdir)",scannetpp,lora_late,probe1,21d970d8de,theta_base,0.5628217458724976
clean,"cos(g_rkd_sh_a,g_couple)",scannetpp,lora_late,probe1,21d970d8de,theta_base,0.15531304478645325
clean,"cos(g_rkd_sh_a,g_rel_rot)",scannetpp,lora_late,probe1,21d970d8de,theta_base,0.24228140711784363
clean,"cos(g_rkd_sh_a,g_rel_tdir)",scannetpp,lora_late,probe1,21d970d8de,theta_base,0.9762868881225586
clean,"cos(g_couple,g_rel_rot)",scannetpp,lora_late,probe1,21d970d8de,theta_base,0.3283921778202057
clean,"cos(g_couple,g_rel_tdir)",scannetpp,lora_late,probe1,21d970d8de,theta_base,0.1832301914691925
clean,"cos(g_rel_rot,g_rel_tdir)",scannetpp,lora_late,probe1,21d970d8de,theta_base,0.3855710029602051
clean,"cos(g_maskdistill,g_rkd_sh_d)",scannetpp,cam_token,probe1,21d970d8de,theta_base,-0.04183536022901535
clean,"cos(g_maskdistill,g_rkd_sh_a)",scannetpp,cam_token,probe1,21d970d8de,theta_base,0.018960945308208466
clean,"cos(g_maskdistill,g_couple)",scannetpp,cam_token,probe1,21d970d8de,theta_base,-0.008651457726955414
clean,"cos(g_maskdistill,g_rel_rot)",scannetpp,cam_token,probe1,21d970d8de,theta_base,0.04913269355893135
clean,"cos(g_maskdistill,g_rel_tdir)",scannetpp,cam_token,probe1,21d970d8de,theta_base,0.024621788412332535
clean,"cos(g_rkd_sh_d,g_rkd_sh_a)",scannetpp,cam_token,probe1,21d970d8de,theta_base,0.6689155101776123
clean,"cos(g_rkd_sh_d,g_couple)",scannetpp,cam_token,probe1,21d970d8de,theta_base,0.1967187225818634
clean,"cos(g_rkd_sh_d,g_rel_rot)",scannetpp,cam_token,probe1,21d970d8de,theta_base,0.09213857352733612
clean,"cos(g_rkd_sh_d,g_rel_tdir)",scannetpp,cam_token,probe1,21d970d8de,theta_base,0.6189440488815308
clean,"cos(g_rkd_sh_a,g_couple)",scannetpp,cam_token,probe1,21d970d8de,theta_base,0.11680233478546143
clean,"cos(g_rkd_sh_a,g_rel_rot)",scannetpp,cam_token,probe1,21d970d8de,theta_base,0.2904357612133026
clean,"cos(g_rkd_sh_a,g_rel_tdir)",scannetpp,cam_token,probe1,21d970d8de,theta_base,0.9579135179519653
clean,"cos(g_couple,g_rel_rot)",scannetpp,cam_token,probe1,21d970d8de,theta_base,0.3646419048309326
clean,"cos(g_couple,g_rel_tdir)",scannetpp,cam_token,probe1,21d970d8de,theta_base,0.18983030319213867
clean,"cos(g_rel_rot,g_rel_tdir)",scannetpp,cam_token,probe1,21d970d8de,theta_base,0.5156623125076294
clean,"cos(g_maskdistill,g_rkd_sh_d)",scannetpp,ALL,probe1,21d970d8de,theta_base,0.02391005866229534
clean,"cos(g_maskdistill,g_rkd_sh_a)",scannetpp,ALL,probe1,21d970d8de,theta_base,0.0013109237188473344
clean,"cos(g_maskdistill,g_couple)",scannetpp,ALL,probe1,21d970d8de,theta_base,0.2061585932970047
clean,"cos(g_maskdistill,g_rel_rot)",scannetpp,ALL,probe1,21d970d8de,theta_base,-0.04179363325238228
clean,"cos(g_maskdistill,g_rel_tdir)",scannetpp,ALL,probe1,21d970d8de,theta_base,-0.01394402515143156
clean,"cos(g_rkd_sh_d,g_rkd_sh_a)",scannetpp,ALL,probe1,21d970d8de,theta_base,0.552367091178894
clean,"cos(g_rkd_sh_d,g_couple)",scannetpp,ALL,probe1,21d970d8de,theta_base,0.41356706619262695
clean,"cos(g_rkd_sh_d,g_rel_rot)",scannetpp,ALL,probe1,21d970d8de,theta_base,0.21308457851409912
clean,"cos(g_rkd_sh_d,g_rel_tdir)",scannetpp,ALL,probe1,21d970d8de,theta_base,0.5047405958175659
clean,"cos(g_rkd_sh_a,g_couple)",scannetpp,ALL,probe1,21d970d8de,theta_base,0.19304533302783966
clean,"cos(g_rkd_sh_a,g_rel_rot)",scannetpp,ALL,probe1,21d970d8de,theta_base,0.33250534534454346
clean,"cos(g_rkd_sh_a,g_rel_tdir)",scannetpp,ALL,probe1,21d970d8de,theta_base,0.9780158996582031
clean,"cos(g_couple,g_rel_rot)",scannetpp,ALL,probe1,21d970d8de,theta_base,0.3231604993343353
clean,"cos(g_couple,g_rel_tdir)",scannetpp,ALL,probe1,21d970d8de,theta_base,0.2059938758611679
clean,"cos(g_rel_rot,g_rel_tdir)",scannetpp,ALL,probe1,21d970d8de,theta_base,0.45803558826446533
clean,"cos(g_rel_rot,g_base)",scannetpp,lora_early,probe1,21d970d8de,theta_base,0.13617649674415588
clean,"cos(g_rel_tdir,g_base)",scannetpp,lora_early,probe1,21d970d8de,theta_base,0.3092043399810791
clean,"cos(g_rel_rot,g_base)",scannetpp,lora_late,probe1,21d970d8de,theta_base,0.11021710187196732
clean,"cos(g_rel_tdir,g_base)",scannetpp,lora_late,probe1,21d970d8de,theta_base,0.5573559999465942
clean,"cos(g_rel_rot,g_base)",scannetpp,cam_token,probe1,21d970d8de,theta_base,0.16423025727272034
clean,"cos(g_rel_tdir,g_base)",scannetpp,cam_token,probe1,21d970d8de,theta_base,0.4185865521430969
clean,"cos(g_rel_rot,g_base)",scannetpp,ALL,probe1,21d970d8de,theta_base,0.11717161536216736
clean,"cos(g_rel_tdir,g_base)",scannetpp,ALL,probe1,21d970d8de,theta_base,0.43615642189979553
clean,loss[maskdistill],scannetpp,-,probe1,21d970d8de,theta_base,0.028182726353406906
clean,loss[rkd_sh_d],scannetpp,-,probe1,21d970d8de,theta_base,2.5346322217956185e-05
clean,loss[rkd_sh_a],scannetpp,-,probe1,21d970d8de,theta_base,0.00043820840073749423
clean,loss[couple],scannetpp,-,probe1,21d970d8de,theta_base,6.442247695304104e-07
clean,loss[rel_rot],scannetpp,-,probe1,21d970d8de,theta_base,0.00023722508922219276
clean,loss[rel_tdir],scannetpp,-,probe1,21d970d8de,theta_base,0.0004398226737976074
m0,"cos(g_maskdistill,g_rkd_sh_d)",scannetpp,lora_early,probe1,21d970d8de,theta_base,0.83207106590271
m0,"cos(g_maskdistill,g_rkd_sh_a)",scannetpp,lora_early,probe1,21d970d8de,theta_base,-0.014161966741085052
m0,"cos(g_maskdistill,g_couple)",scannetpp,lora_early,probe1,21d970d8de,theta_base,0.6517288684844971
m0,"cos(g_maskdistill,g_rel_rot)",scannetpp,lora_early,probe1,21d970d8de,theta_base,-0.04008202627301216
m0,"cos(g_maskdistill,g_rel_tdir)",scannetpp,lora_early,probe1,21d970d8de,theta_base,0.8185991048812866
m0,"cos(g_rkd_sh_d,g_rkd_sh_a)",scannetpp,lora_early,probe1,21d970d8de,theta_base,0.07262264937162399
m0,"cos(g_rkd_sh_d,g_couple)",scannetpp,lora_early,probe1,21d970d8de,theta_base,0.7691113352775574
m0,"cos(g_rkd_sh_d,g_rel_rot)",scannetpp,lora_early,probe1,21d970d8de,theta_base,0.05434352159500122
m0,"cos(g_rkd_sh_d,g_rel_tdir)",scannetpp,lora_early,probe1,21d970d8de,theta_base,0.7480323314666748
m0,"cos(g_rkd_sh_a,g_couple)",scannetpp,lora_early,probe1,21d970d8de,theta_base,0.26886776089668274
m0,"cos(g_rkd_sh_a,g_rel_rot)",scannetpp,lora_early,probe1,21d970d8de,theta_base,-0.23467588424682617
m0,"cos(g_rkd_sh_a,g_rel_tdir)",scannetpp,lora_early,probe1,21d970d8de,theta_base,0.07639846205711365
m0,"cos(g_couple,g_rel_rot)",scannetpp,lora_early,probe1,21d970d8de,theta_base,-0.08318042010068893
m0,"cos(g_couple,g_rel_tdir)",scannetpp,lora_early,probe1,21d970d8de,theta_base,0.6081061959266663
m0,"cos(g_rel_rot,g_rel_tdir)",scannetpp,lora_early,probe1,21d970d8de,theta_base,-0.12518621981143951
m0,"cos(g_maskdistill,g_rkd_sh_d)",scannetpp,lora_late,probe1,21d970d8de,theta_base,0.7838898301124573
m0,"cos(g_maskdistill,g_rkd_sh_a)",scannetpp,lora_late,probe1,21d970d8de,theta_base,-0.030989080667495728
m0,"cos(g_maskdistill,g_couple)",scannetpp,lora_late,probe1,21d970d8de,theta_base,0.6345035433769226
m0,"cos(g_maskdistill,g_rel_rot)",scannetpp,lora_late,probe1,21d970d8de,theta_base,0.08075983822345734
m0,"cos(g_maskdistill,g_rel_tdir)",scannetpp,lora_late,probe1,21d970d8de,theta_base,0.6756375432014465
m0,"cos(g_rkd_sh_d,g_rkd_sh_a)",scannetpp,lora_late,probe1,21d970d8de,theta_base,0.08641587197780609
m0,"cos(g_rkd_sh_d,g_couple)",scannetpp,lora_late,probe1,21d970d8de,theta_base,0.6579471826553345
m0,"cos(g_rkd_sh_d,g_rel_rot)",scannetpp,lora_late,probe1,21d970d8de,theta_base,0.08068802952766418
m0,"cos(g_rkd_sh_d,g_rel_tdir)",scannetpp,lora_late,probe1,21d970d8de,theta_base,0.5490236282348633
m0,"cos(g_rkd_sh_a,g_couple)",scannetpp,lora_late,probe1,21d970d8de,theta_base,0.16880005598068237
m0,"cos(g_rkd_sh_a,g_rel_rot)",scannetpp,lora_late,probe1,21d970d8de,theta_base,-0.17127598822116852
m0,"cos(g_rkd_sh_a,g_rel_tdir)",scannetpp,lora_late,probe1,21d970d8de,theta_base,0.09831671416759491
m0,"cos(g_couple,g_rel_rot)",scannetpp,lora_late,probe1,21d970d8de,theta_base,-0.07910759747028351
m0,"cos(g_couple,g_rel_tdir)",scannetpp,lora_late,probe1,21d970d8de,theta_base,0.47185075283050537
m0,"cos(g_rel_rot,g_rel_tdir)",scannetpp,lora_late,probe1,21d970d8de,theta_base,0.03968041390180588
m0,"cos(g_maskdistill,g_rkd_sh_d)",scannetpp,cam_token,probe1,21d970d8de,theta_base,0.8035681247711182
m0,"cos(g_maskdistill,g_rkd_sh_a)",scannetpp,cam_token,probe1,21d970d8de,theta_base,-0.04536762088537216
m0,"cos(g_maskdistill,g_couple)",scannetpp,cam_token,probe1,21d970d8de,theta_base,0.6137572526931763
m0,"cos(g_maskdistill,g_rel_rot)",scannetpp,cam_token,probe1,21d970d8de,theta_base,0.015064677223563194
m0,"cos(g_maskdistill,g_rel_tdir)",scannetpp,cam_token,probe1,21d970d8de,theta_base,0.8089162111282349
m0,"cos(g_rkd_sh_d,g_rkd_sh_a)",scannetpp,cam_token,probe1,21d970d8de,theta_base,0.12542842328548431
m0,"cos(g_rkd_sh_d,g_couple)",scannetpp,cam_token,probe1,21d970d8de,theta_base,0.6805030703544617
m0,"cos(g_rkd_sh_d,g_rel_rot)",scannetpp,cam_token,probe1,21d970d8de,theta_base,0.040459223091602325
m0,"cos(g_rkd_sh_d,g_rel_tdir)",scannetpp,cam_token,probe1,21d970d8de,theta_base,0.7624063491821289
m0,"cos(g_rkd_sh_a,g_couple)",scannetpp,cam_token,probe1,21d970d8de,theta_base,0.20177558064460754
m0,"cos(g_rkd_sh_a,g_rel_rot)",scannetpp,cam_token,probe1,21d970d8de,theta_base,-0.20164400339126587
m0,"cos(g_rkd_sh_a,g_rel_tdir)",scannetpp,cam_token,probe1,21d970d8de,theta_base,0.058636680245399475
m0,"cos(g_couple,g_rel_rot)",scannetpp,cam_token,probe1,21d970d8de,theta_base,-0.15509238839149475
m0,"cos(g_couple,g_rel_tdir)",scannetpp,cam_token,probe1,21d970d8de,theta_base,0.5951246023178101
m0,"cos(g_rel_rot,g_rel_tdir)",scannetpp,cam_token,probe1,21d970d8de,theta_base,-0.045950163155794144
m0,"cos(g_maskdistill,g_rkd_sh_d)",scannetpp,ALL,probe1,21d970d8de,theta_base,0.8174247741699219
m0,"cos(g_maskdistill,g_rkd_sh_a)",scannetpp,ALL,probe1,21d970d8de,theta_base,-0.019184865057468414
m0,"cos(g_maskdistill,g_couple)",scannetpp,ALL,probe1,21d970d8de,theta_base,0.6470918655395508
m0,"cos(g_maskdistill,g_rel_rot)",scannetpp,ALL,probe1,21d970d8de,theta_base,-0.002716273069381714
m0,"cos(g_maskdistill,g_rel_tdir)",scannetpp,ALL,probe1,21d970d8de,theta_base,0.7730101346969604
m0,"cos(g_rkd_sh_d,g_rkd_sh_a)",scannetpp,ALL,probe1,21d970d8de,theta_base,0.07710345834493637
m0,"cos(g_rkd_sh_d,g_couple)",scannetpp,ALL,probe1,21d970d8de,theta_base,0.7367005348205566
m0,"cos(g_rkd_sh_d,g_rel_rot)",scannetpp,ALL,probe1,21d970d8de,theta_base,0.06286606937646866
m0,"cos(g_rkd_sh_d,g_rel_tdir)",scannetpp,ALL,probe1,21d970d8de,theta_base,0.6835440993309021
m0,"cos(g_rkd_sh_a,g_couple)",scannetpp,ALL,probe1,21d970d8de,theta_base,0.23875856399536133
m0,"cos(g_rkd_sh_a,g_rel_rot)",scannetpp,ALL,probe1,21d970d8de,theta_base,-0.21276512742042542
m0,"cos(g_rkd_sh_a,g_rel_tdir)",scannetpp,ALL,probe1,21d970d8de,theta_base,0.08372053503990173
m0,"cos(g_couple,g_rel_rot)",scannetpp,ALL,probe1,21d970d8de,theta_base,-0.08164665102958679
m0,"cos(g_couple,g_rel_tdir)",scannetpp,ALL,probe1,21d970d8de,theta_base,0.5654597282409668
m0,"cos(g_rel_rot,g_rel_tdir)",scannetpp,ALL,probe1,21d970d8de,theta_base,-0.06783777475357056
m0,"cos(g_rel_rot,g_base)",scannetpp,lora_early,probe1,21d970d8de,theta_base,-0.04989380016922951
m0,"cos(g_rel_tdir,g_base)",scannetpp,lora_early,probe1,21d970d8de,theta_base,0.8233975172042847
m0,"cos(g_rel_rot,g_base)",scannetpp,lora_late,probe1,21d970d8de,theta_base,0.07090216875076294
m0,"cos(g_rel_tdir,g_base)",scannetpp,lora_late,probe1,21d970d8de,theta_base,0.6817626953125
m0,"cos(g_rel_rot,g_base)",scannetpp,cam_token,probe1,21d970d8de,theta_base,0.005639676004648209
m0,"cos(g_rel_tdir,g_base)",scannetpp,cam_token,probe1,21d970d8de,theta_base,0.8157027959823608
m0,"cos(g_rel_rot,g_base)",scannetpp,ALL,probe1,21d970d8de,theta_base,-0.012495389208197594
m0,"cos(g_rel_tdir,g_base)",scannetpp,ALL,probe1,21d970d8de,theta_base,0.7781962156295776
m0,loss[maskdistill],scannetpp,-,probe1,21d970d8de,theta_base,0.17890770733356476
m0,loss[rkd_sh_d],scannetpp,-,probe1,21d970d8de,theta_base,7.2360438934993e-05
m0,loss[rkd_sh_a],scannetpp,-,probe1,21d970d8de,theta_base,0.0001045429817168042
m0,loss[couple],scannetpp,-,probe1,21d970d8de,theta_base,1.4966716435083072e-06
m0,loss[rel_rot],scannetpp,-,probe1,21d970d8de,theta_base,0.0005175461410544813
m0,loss[rel_tdir],scannetpp,-,probe1,21d970d8de,theta_base,0.000541945337317884
clean,"cos(g_maskdistill,g_rkd_sh_d)",scannetpp,lora_early,probe0,21d970d8de,theta_rel,-0.30789288878440857
clean,"cos(g_maskdistill,g_rkd_sh_a)",scannetpp,lora_early,probe0,21d970d8de,theta_rel,-0.3746701180934906
clean,"cos(g_maskdistill,g_couple)",scannetpp,lora_early,probe0,21d970d8de,theta_rel,-0.31991904973983765
clean,"cos(g_maskdistill,g_rel_rot)",scannetpp,lora_early,probe0,21d970d8de,theta_rel,0.35701483488082886
clean,"cos(g_maskdistill,g_rel_tdir)",scannetpp,lora_early,probe0,21d970d8de,theta_rel,-0.38045617938041687
clean,"cos(g_rkd_sh_d,g_rkd_sh_a)",scannetpp,lora_early,probe0,21d970d8de,theta_rel,0.8712040781974792
clean,"cos(g_rkd_sh_d,g_couple)",scannetpp,lora_early,probe0,21d970d8de,theta_rel,0.9690617322921753
clean,"cos(g_rkd_sh_d,g_rel_rot)",scannetpp,lora_early,probe0,21d970d8de,theta_rel,-0.47352445125579834
clean,"cos(g_rkd_sh_d,g_rel_tdir)",scannetpp,lora_early,probe0,21d970d8de,theta_rel,0.8631627559661865
clean,"cos(g_rkd_sh_a,g_couple)",scannetpp,lora_early,probe0,21d970d8de,theta_rel,0.8499155044555664
clean,"cos(g_rkd_sh_a,g_rel_rot)",scannetpp,lora_early,probe0,21d970d8de,theta_rel,-0.6849780082702637
clean,"cos(g_rkd_sh_a,g_rel_tdir)",scannetpp,lora_early,probe0,21d970d8de,theta_rel,0.9967241287231445
clean,"cos(g_couple,g_rel_rot)",scannetpp,lora_early,probe0,21d970d8de,theta_rel,-0.3853387236595154
clean,"cos(g_couple,g_rel_tdir)",scannetpp,lora_early,probe0,21d970d8de,theta_rel,0.8468048572540283
clean,"cos(g_rel_rot,g_rel_tdir)",scannetpp,lora_early,probe0,21d970d8de,theta_rel,-0.6410830616950989
clean,"cos(g_maskdistill,g_rkd_sh_d)",scannetpp,lora_late,probe0,21d970d8de,theta_rel,0.06484971940517426
clean,"cos(g_maskdistill,g_rkd_sh_a)",scannetpp,lora_late,probe0,21d970d8de,theta_rel,-0.04911229759454727
clean,"cos(g_maskdistill,g_couple)",scannetpp,lora_late,probe0,21d970d8de,theta_rel,0.05812796205282211
clean,"cos(g_maskdistill,g_rel_rot)",scannetpp,lora_late,probe0,21d970d8de,theta_rel,0.14306259155273438
clean,"cos(g_maskdistill,g_rel_tdir)",scannetpp,lora_late,probe0,21d970d8de,theta_rel,-0.03345811367034912
clean,"cos(g_rkd_sh_d,g_rkd_sh_a)",scannetpp,lora_late,probe0,21d970d8de,theta_rel,0.8204258680343628
clean,"cos(g_rkd_sh_d,g_couple)",scannetpp,lora_late,probe0,21d970d8de,theta_rel,0.8142962455749512
clean,"cos(g_rkd_sh_d,g_rel_rot)",scannetpp,lora_late,probe0,21d970d8de,theta_rel,-0.19495153427124023
clean,"cos(g_rkd_sh_d,g_rel_tdir)",scannetpp,lora_late,probe0,21d970d8de,theta_rel,0.7773683071136475
clean,"cos(g_rkd_sh_a,g_couple)",scannetpp,lora_late,probe0,21d970d8de,theta_rel,0.6737471222877502
clean,"cos(g_rkd_sh_a,g_rel_rot)",scannetpp,lora_late,probe0,21d970d8de,theta_rel,-0.269173264503479
clean,"cos(g_rkd_sh_a,g_rel_tdir)",scannetpp,lora_late,probe0,21d970d8de,theta_rel,0.9723116755485535
clean,"cos(g_couple,g_rel_rot)",scannetpp,lora_late,probe0,21d970d8de,theta_rel,-0.00024211732670664787
clean,"cos(g_couple,g_rel_tdir)",scannetpp,lora_late,probe0,21d970d8de,theta_rel,0.6520284414291382
clean,"cos(g_rel_rot,g_rel_tdir)",scannetpp,lora_late,probe0,21d970d8de,theta_rel,-0.08377481997013092
clean,"cos(g_maskdistill,g_rkd_sh_d)",scannetpp,cam_token,probe0,21d970d8de,theta_rel,0.16085778176784515
clean,"cos(g_maskdistill,g_rkd_sh_a)",scannetpp,cam_token,probe0,21d970d8de,theta_rel,-0.20221930742263794
clean,"cos(g_maskdistill,g_couple)",scannetpp,cam_token,probe0,21d970d8de,theta_rel,0.19114825129508972
clean,"cos(g_maskdistill,g_rel_rot)",scannetpp,cam_token,probe0,21d970d8de,theta_rel,0.14120721817016602
clean,"cos(g_maskdistill,g_rel_tdir)",scannetpp,cam_token,probe0,21d970d8de,theta_rel,-0.21057625114917755
clean,"cos(g_rkd_sh_d,g_rkd_sh_a)",scannetpp,cam_token,probe0,21d970d8de,theta_rel,0.7522488832473755
clean,"cos(g_rkd_sh_d,g_couple)",scannetpp,cam_token,probe0,21d970d8de,theta_rel,0.6762256026268005
clean,"cos(g_rkd_sh_d,g_rel_rot)",scannetpp,cam_token,probe0,21d970d8de,theta_rel,-0.06756158173084259
clean,"cos(g_rkd_sh_d,g_rel_tdir)",scannetpp,cam_token,probe0,21d970d8de,theta_rel,0.7202154397964478
clean,"cos(g_rkd_sh_a,g_couple)",scannetpp,cam_token,probe0,21d970d8de,theta_rel,0.44345611333847046
clean,"cos(g_rkd_sh_a,g_rel_rot)",scannetpp,cam_token,probe0,21d970d8de,theta_rel,-0.24544388055801392
clean,"cos(g_rkd_sh_a,g_rel_tdir)",scannetpp,cam_token,probe0,21d970d8de,theta_rel,0.9705691337585449
clean,"cos(g_couple,g_rel_rot)",scannetpp,cam_token,probe0,21d970d8de,theta_rel,0.23765993118286133
clean,"cos(g_couple,g_rel_tdir)",scannetpp,cam_token,probe0,21d970d8de,theta_rel,0.4420894384384155
clean,"cos(g_rel_rot,g_rel_tdir)",scannetpp,cam_token,probe0,21d970d8de,theta_rel,-0.046143338084220886
clean,"cos(g_maskdistill,g_rkd_sh_d)",scannetpp,ALL,probe0,21d970d8de,theta_rel,-0.2305791974067688
clean,"cos(g_maskdistill,g_rkd_sh_a)",scannetpp,ALL,probe0,21d970d8de,theta_rel,-0.3130369186401367
clean,"cos(g_maskdistill,g_couple)",scannetpp,ALL,probe0,21d970d8de,theta_rel,-0.23830366134643555
clean,"cos(g_maskdistill,g_rel_rot)",scannetpp,ALL,probe0,21d970d8de,theta_rel,0.2673039138317108
clean,"cos(g_maskdistill,g_rel_tdir)",scannetpp,ALL,probe0,21d970d8de,theta_rel,-0.3146669864654541
clean,"cos(g_rkd_sh_d,g_rkd_sh_a)",scannetpp,ALL,probe0,21d970d8de,theta_rel,0.8611890077590942
clean,"cos(g_rkd_sh_d,g_couple)",scannetpp,ALL,probe0,21d970d8de,theta_rel,0.9370852708816528
clean,"cos(g_rkd_sh_d,g_rel_rot)",scannetpp,ALL,probe0,21d970d8de,theta_rel,-0.35658788681030273
clean,"cos(g_rkd_sh_d,g_rel_tdir)",scannetpp,ALL,probe0,21d970d8de,theta_rel,0.8469883799552917
clean,"cos(g_rkd_sh_a,g_couple)",scannetpp,ALL,probe0,21d970d8de,theta_rel,0.8152170181274414
clean,"cos(g_rkd_sh_a,g_rel_rot)",scannetpp,ALL,probe0,21d970d8de,theta_rel,-0.5133960843086243
clean,"cos(g_rkd_sh_a,g_rel_tdir)",scannetpp,ALL,probe0,21d970d8de,theta_rel,0.9928121566772461
clean,"cos(g_couple,g_rel_rot)",scannetpp,ALL,probe0,21d970d8de,theta_rel,-0.23673024773597717
clean,"cos(g_couple,g_rel_tdir)",scannetpp,ALL,probe0,21d970d8de,theta_rel,0.8086836338043213
clean,"cos(g_rel_rot,g_rel_tdir)",scannetpp,ALL,probe0,21d970d8de,theta_rel,-0.43198007345199585
clean,"cos(g_rel_rot,g_base)",scannetpp,lora_early,probe0,21d970d8de,theta_rel,-0.4176742434501648
clean,"cos(g_rel_tdir,g_base)",scannetpp,lora_early,probe0,21d970d8de,theta_rel,0.7386856079101562
clean,"cos(g_rel_rot,g_base)",scannetpp,lora_late,probe0,21d970d8de,theta_rel,-0.10473208874464035
clean,"cos(g_rel_tdir,g_base)",scannetpp,lora_late,probe0,21d970d8de,theta_rel,0.727641224861145
clean,"cos(g_rel_rot,g_base)",scannetpp,cam_token,probe0,21d970d8de,theta_rel,-0.05079363286495209
clean,"cos(g_rel_tdir,g_base)",scannetpp,cam_token,probe0,21d970d8de,theta_rel,0.5774567723274231
clean,"cos(g_rel_rot,g_base)",scannetpp,ALL,probe0,21d970d8de,theta_rel,-0.2889406085014343
clean,"cos(g_rel_tdir,g_base)",scannetpp,ALL,probe0,21d970d8de,theta_rel,0.7319641709327698
clean,loss[maskdistill],scannetpp,-,probe0,21d970d8de,theta_rel,0.02500981092453003
clean,loss[rkd_sh_d],scannetpp,-,probe0,21d970d8de,theta_rel,0.00013556424528360367
clean,loss[rkd_sh_a],scannetpp,-,probe0,21d970d8de,theta_rel,0.0009093292756006122
clean,loss[couple],scannetpp,-,probe0,21d970d8de,theta_rel,1.870500091172289e-05
clean,loss[rel_rot],scannetpp,-,probe0,21d970d8de,theta_rel,0.00019715400412678719
clean,loss[rel_tdir],scannetpp,-,probe0,21d970d8de,theta_rel,0.0013437470188364387
m0,"cos(g_maskdistill,g_rkd_sh_d)",scannetpp,lora_early,probe0,21d970d8de,theta_rel,-0.4037454128265381
m0,"cos(g_maskdistill,g_rkd_sh_a)",scannetpp,lora_early,probe0,21d970d8de,theta_rel,-0.17955707013607025
m0,"cos(g_maskdistill,g_couple)",scannetpp,lora_early,probe0,21d970d8de,theta_rel,0.6184213161468506
m0,"cos(g_maskdistill,g_rel_rot)",scannetpp,lora_early,probe0,21d970d8de,theta_rel,0.3829886317253113
m0,"cos(g_maskdistill,g_rel_tdir)",scannetpp,lora_early,probe0,21d970d8de,theta_rel,-0.25752806663513184
m0,"cos(g_rkd_sh_d,g_rkd_sh_a)",scannetpp,lora_early,probe0,21d970d8de,theta_rel,0.7479345202445984
m0,"cos(g_rkd_sh_d,g_couple)",scannetpp,lora_early,probe0,21d970d8de,theta_rel,0.20939521491527557
m0,"cos(g_rkd_sh_d,g_rel_rot)",scannetpp,lora_early,probe0,21d970d8de,theta_rel,0.11700666695833206
m0,"cos(g_rkd_sh_d,g_rel_tdir)",scannetpp,lora_early,probe0,21d970d8de,theta_rel,0.7460206151008606
m0,"cos(g_rkd_sh_a,g_couple)",scannetpp,lora_early,probe0,21d970d8de,theta_rel,0.35103991627693176
m0,"cos(g_rkd_sh_a,g_rel_rot)",scannetpp,lora_early,probe0,21d970d8de,theta_rel,0.2535261809825897
m0,"cos(g_rkd_sh_a,g_rel_tdir)",scannetpp,lora_early,probe0,21d970d8de,theta_rel,0.9881682991981506
m0,"cos(g_couple,g_rel_rot)",scannetpp,lora_early,probe0,21d970d8de,theta_rel,0.06971164792776108
m0,"cos(g_couple,g_rel_tdir)",scannetpp,lora_early,probe0,21d970d8de,theta_rel,0.29594895243644714
m0,"cos(g_rel_rot,g_rel_tdir)",scannetpp,lora_early,probe0,21d970d8de,theta_rel,0.17891065776348114
m0,"cos(g_maskdistill,g_rkd_sh_d)",scannetpp,lora_late,probe0,21d970d8de,theta_rel,-0.4091167449951172
m0,"cos(g_maskdistill,g_rkd_sh_a)",scannetpp,lora_late,probe0,21d970d8de,theta_rel,0.07164007425308228
m0,"cos(g_maskdistill,g_couple)",scannetpp,lora_late,probe0,21d970d8de,theta_rel,0.7227025032043457
m0,"cos(g_maskdistill,g_rel_rot)",scannetpp,lora_late,probe0,21d970d8de,theta_rel,0.4075115919113159
m0,"cos(g_maskdistill,g_rel_tdir)",scannetpp,lora_late,probe0,21d970d8de,theta_rel,-0.08776161074638367
m0,"cos(g_rkd_sh_d,g_rkd_sh_a)",scannetpp,lora_late,probe0,21d970d8de,theta_rel,0.7329137921333313
m0,"cos(g_rkd_sh_d,g_couple)",scannetpp,lora_late,probe0,21d970d8de,theta_rel,0.05633452907204628
m0,"cos(g_rkd_sh_d,g_rel_rot)",scannetpp,lora_late,probe0,21d970d8de,theta_rel,-0.04759231582283974
m0,"cos(g_rkd_sh_d,g_rel_tdir)",scannetpp,lora_late,probe0,21d970d8de,theta_rel,0.7746317386627197
m0,"cos(g_rkd_sh_a,g_couple)",scannetpp,lora_late,probe0,21d970d8de,theta_rel,0.38589686155319214
m0,"cos(g_rkd_sh_a,g_rel_rot)",scannetpp,lora_late,probe0,21d970d8de,theta_rel,0.20481379330158234
m0,"cos(g_rkd_sh_a,g_rel_tdir)",scannetpp,lora_late,probe0,21d970d8de,theta_rel,0.9068434238433838
m0,"cos(g_couple,g_rel_rot)",scannetpp,lora_late,probe0,21d970d8de,theta_rel,0.14698469638824463
m0,"cos(g_couple,g_rel_tdir)",scannetpp,lora_late,probe0,21d970d8de,theta_rel,0.26736950874328613
m0,"cos(g_rel_rot,g_rel_tdir)",scannetpp,lora_late,probe0,21d970d8de,theta_rel,0.03079695627093315
m0,"cos(g_maskdistill,g_rkd_sh_d)",scannetpp,cam_token,probe0,21d970d8de,theta_rel,-0.38689228892326355
m0,"cos(g_maskdistill,g_rkd_sh_a)",scannetpp,cam_token,probe0,21d970d8de,theta_rel,-0.07477854937314987
m0,"cos(g_maskdistill,g_couple)",scannetpp,cam_token,probe0,21d970d8de,theta_rel,0.6459555625915527
m0,"cos(g_maskdistill,g_rel_rot)",scannetpp,cam_token,probe0,21d970d8de,theta_rel,0.15008744597434998
m0,"cos(g_maskdistill,g_rel_tdir)",scannetpp,cam_token,probe0,21d970d8de,theta_rel,-0.16748298704624176
m0,"cos(g_rkd_sh_d,g_rkd_sh_a)",scannetpp,cam_token,probe0,21d970d8de,theta_rel,0.7141867876052856
m0,"cos(g_rkd_sh_d,g_couple)",scannetpp,cam_token,probe0,21d970d8de,theta_rel,0.08605028688907623
m0,"cos(g_rkd_sh_d,g_rel_rot)",scannetpp,cam_token,probe0,21d970d8de,theta_rel,0.12318778783082962
m0,"cos(g_rkd_sh_d,g_rel_tdir)",scannetpp,cam_token,probe0,21d970d8de,theta_rel,0.7050410509109497
m0,"cos(g_rkd_sh_a,g_couple)",scannetpp,cam_token,probe0,21d970d8de,theta_rel,0.25618869066238403
m0,"cos(g_rkd_sh_a,g_rel_rot)",scannetpp,cam_token,probe0,21d970d8de,theta_rel,0.35049134492874146
m0,"cos(g_rkd_sh_a,g_rel_tdir)",scannetpp,cam_token,probe0,21d970d8de,theta_rel,0.9452013969421387
m0,"cos(g_couple,g_rel_rot)",scannetpp,cam_token,probe0,21d970d8de,theta_rel,-0.1333920806646347
m0,"cos(g_couple,g_rel_tdir)",scannetpp,cam_token,probe0,21d970d8de,theta_rel,0.17855975031852722
m0,"cos(g_rel_rot,g_rel_tdir)",scannetpp,cam_token,probe0,21d970d8de,theta_rel,0.2150113582611084
m0,"cos(g_maskdistill,g_rkd_sh_d)",scannetpp,ALL,probe0,21d970d8de,theta_rel,-0.4034602642059326
m0,"cos(g_maskdistill,g_rkd_sh_a)",scannetpp,ALL,probe0,21d970d8de,theta_rel,-0.15212181210517883
m0,"cos(g_maskdistill,g_couple)",scannetpp,ALL,probe0,21d970d8de,theta_rel,0.6384589672088623
m0,"cos(g_maskdistill,g_rel_rot)",scannetpp,ALL,probe0,21d970d8de,theta_rel,0.386984646320343
m0,"cos(g_maskdistill,g_rel_tdir)",scannetpp,ALL,probe0,21d970d8de,theta_rel,-0.23406514525413513
m0,"cos(g_rkd_sh_d,g_rkd_sh_a)",scannetpp,ALL,probe0,21d970d8de,theta_rel,0.732666552066803
m0,"cos(g_rkd_sh_d,g_couple)",scannetpp,ALL,probe0,21d970d8de,theta_rel,0.18390566110610962
m0,"cos(g_rkd_sh_d,g_rel_rot)",scannetpp,ALL,probe0,21d970d8de,theta_rel,0.08917072415351868
m0,"cos(g_rkd_sh_d,g_rel_tdir)",scannetpp,ALL,probe0,21d970d8de,theta_rel,0.7312811017036438
m0,"cos(g_rkd_sh_a,g_couple)",scannetpp,ALL,probe0,21d970d8de,theta_rel,0.3418191969394684
m0,"cos(g_rkd_sh_a,g_rel_rot)",scannetpp,ALL,probe0,21d970d8de,theta_rel,0.23986949026584625
m0,"cos(g_rkd_sh_a,g_rel_tdir)",scannetpp,ALL,probe0,21d970d8de,theta_rel,0.9854058027267456
m0,"cos(g_couple,g_rel_rot)",scannetpp,ALL,probe0,21d970d8de,theta_rel,0.08399160206317902
m0,"cos(g_couple,g_rel_tdir)",scannetpp,ALL,probe0,21d970d8de,theta_rel,0.28237131237983704
m0,"cos(g_rel_rot,g_rel_tdir)",scannetpp,ALL,probe0,21d970d8de,theta_rel,0.15995150804519653
m0,"cos(g_rel_rot,g_base)",scannetpp,lora_early,probe0,21d970d8de,theta_rel,0.4651215970516205
m0,"cos(g_rel_tdir,g_base)",scannetpp,lora_early,probe0,21d970d8de,theta_rel,0.2633068561553955
m0,"cos(g_rel_rot,g_base)",scannetpp,lora_late,probe0,21d970d8de,theta_rel,0.4154209494590759
m0,"cos(g_rel_tdir,g_base)",scannetpp,lora_late,probe0,21d970d8de,theta_rel,0.1298721730709076
m0,"cos(g_rel_rot,g_base)",scannetpp,cam_token,probe0,21d970d8de,theta_rel,0.2094539999961853
m0,"cos(g_rel_tdir,g_base)",scannetpp,cam_token,probe0,21d970d8de,theta_rel,0.11543403565883636
m0,"cos(g_rel_rot,g_base)",scannetpp,ALL,probe0,21d970d8de,theta_rel,0.4544563293457031
m0,"cos(g_rel_tdir,g_base)",scannetpp,ALL,probe0,21d970d8de,theta_rel,0.24268659949302673
m0,loss[maskdistill],scannetpp,-,probe0,21d970d8de,theta_rel,0.18328022956848145
m0,loss[rkd_sh_d],scannetpp,-,probe0,21d970d8de,theta_rel,0.00020517331722658128
m0,loss[rkd_sh_a],scannetpp,-,probe0,21d970d8de,theta_rel,0.0021360469982028008
m0,loss[couple],scannetpp,-,probe0,21d970d8de,theta_rel,0.0010820486349985003
m0,loss[rel_rot],scannetpp,-,probe0,21d970d8de,theta_rel,0.0004510814032983035
m0,loss[rel_tdir],scannetpp,-,probe0,21d970d8de,theta_rel,0.002844145055860281
clean,"cos(g_maskdistill,g_rkd_sh_d)",scannetpp,lora_early,probe1,21d970d8de,theta_rel,-0.2109331488609314
clean,"cos(g_maskdistill,g_rkd_sh_a)",scannetpp,lora_early,probe1,21d970d8de,theta_rel,0.20472902059555054
clean,"cos(g_maskdistill,g_couple)",scannetpp,lora_early,probe1,21d970d8de,theta_rel,0.3806471526622772
clean,"cos(g_maskdistill,g_rel_rot)",scannetpp,lora_early,probe1,21d970d8de,theta_rel,0.2737548351287842
clean,"cos(g_maskdistill,g_rel_tdir)",scannetpp,lora_early,probe1,21d970d8de,theta_rel,0.2065458744764328
clean,"cos(g_rkd_sh_d,g_rkd_sh_a)",scannetpp,lora_early,probe1,21d970d8de,theta_rel,-0.4086267948150635
clean,"cos(g_rkd_sh_d,g_couple)",scannetpp,lora_early,probe1,21d970d8de,theta_rel,-0.4785264730453491
clean,"cos(g_rkd_sh_d,g_rel_rot)",scannetpp,lora_early,probe1,21d970d8de,theta_rel,-0.4832649230957031
clean,"cos(g_rkd_sh_d,g_rel_tdir)",scannetpp,lora_early,probe1,21d970d8de,theta_rel,-0.4025532603263855
clean,"cos(g_rkd_sh_a,g_couple)",scannetpp,lora_early,probe1,21d970d8de,theta_rel,0.9122525453567505
clean,"cos(g_rkd_sh_a,g_rel_rot)",scannetpp,lora_early,probe1,21d970d8de,theta_rel,0.9332669973373413
clean,"cos(g_rkd_sh_a,g_rel_tdir)",scannetpp,lora_early,probe1,21d970d8de,theta_rel,0.9985610246658325
clean,"cos(g_couple,g_rel_rot)",scannetpp,lora_early,probe1,21d970d8de,theta_rel,0.9184979200363159
clean,"cos(g_couple,g_rel_tdir)",scannetpp,lora_early,probe1,21d970d8de,theta_rel,0.9093713760375977
clean,"cos(g_rel_rot,g_rel_tdir)",scannetpp,lora_early,probe1,21d970d8de,theta_rel,0.9397602677345276
clean,"cos(g_maskdistill,g_rkd_sh_d)",scannetpp,lora_late,probe1,21d970d8de,theta_rel,-0.10149185359477997
clean,"cos(g_maskdistill,g_rkd_sh_a)",scannetpp,lora_late,probe1,21d970d8de,theta_rel,0.2712706923484802
clean,"cos(g_maskdistill,g_couple)",scannetpp,lora_late,probe1,21d970d8de,theta_rel,0.3922523260116577
clean,"cos(g_maskdistill,g_rel_rot)",scannetpp,lora_late,probe1,21d970d8de,theta_rel,0.2776830494403839
clean,"cos(g_maskdistill,g_rel_tdir)",scannetpp,lora_late,probe1,21d970d8de,theta_rel,0.27617502212524414
clean,"cos(g_rkd_sh_d,g_rkd_sh_a)",scannetpp,lora_late,probe1,21d970d8de,theta_rel,0.31546393036842346
clean,"cos(g_rkd_sh_d,g_couple)",scannetpp,lora_late,probe1,21d970d8de,theta_rel,-0.0007387737277895212
clean,"cos(g_rkd_sh_d,g_rel_rot)",scannetpp,lora_late,probe1,21d970d8de,theta_rel,-0.0712057426571846
clean,"cos(g_rkd_sh_d,g_rel_tdir)",scannetpp,lora_late,probe1,21d970d8de,theta_rel,0.2950291931629181
clean,"cos(g_rkd_sh_a,g_couple)",scannetpp,lora_late,probe1,21d970d8de,theta_rel,0.6017048358917236
clean,"cos(g_rkd_sh_a,g_rel_rot)",scannetpp,lora_late,probe1,21d970d8de,theta_rel,0.5102815628051758
clean,"cos(g_rkd_sh_a,g_rel_tdir)",scannetpp,lora_late,probe1,21d970d8de,theta_rel,0.9915285110473633
clean,"cos(g_couple,g_rel_rot)",scannetpp,lora_late,probe1,21d970d8de,theta_rel,0.6244654655456543
clean,"cos(g_couple,g_rel_tdir)",scannetpp,lora_late,probe1,21d970d8de,theta_rel,0.6245869398117065
clean,"cos(g_rel_rot,g_rel_tdir)",scannetpp,lora_late,probe1,21d970d8de,theta_rel,0.5840110778808594
clean,"cos(g_maskdistill,g_rkd_sh_d)",scannetpp,cam_token,probe1,21d970d8de,theta_rel,-0.0959443598985672
clean,"cos(g_maskdistill,g_rkd_sh_a)",scannetpp,cam_token,probe1,21d970d8de,theta_rel,0.15011176466941833
clean,"cos(g_maskdistill,g_couple)",scannetpp,cam_token,probe1,21d970d8de,theta_rel,0.17984971404075623
clean,"cos(g_maskdistill,g_rel_rot)",scannetpp,cam_token,probe1,21d970d8de,theta_rel,0.1358858346939087
clean,"cos(g_maskdistill,g_rel_tdir)",scannetpp,cam_token,probe1,21d970d8de,theta_rel,0.15057693421840668
clean,"cos(g_rkd_sh_d,g_rkd_sh_a)",scannetpp,cam_token,probe1,21d970d8de,theta_rel,-0.333748459815979
clean,"cos(g_rkd_sh_d,g_couple)",scannetpp,cam_token,probe1,21d970d8de,theta_rel,-0.4822467565536499
clean,"cos(g_rkd_sh_d,g_rel_rot)",scannetpp,cam_token,probe1,21d970d8de,theta_rel,-0.3757285475730896
clean,"cos(g_rkd_sh_d,g_rel_tdir)",scannetpp,cam_token,probe1,21d970d8de,theta_rel,-0.3295567035675049
clean,"cos(g_rkd_sh_a,g_couple)",scannetpp,cam_token,probe1,21d970d8de,theta_rel,0.8246291875839233
clean,"cos(g_rkd_sh_a,g_rel_rot)",scannetpp,cam_token,probe1,21d970d8de,theta_rel,0.706153154373169
clean,"cos(g_rkd_sh_a,g_rel_tdir)",scannetpp,cam_token,probe1,21d970d8de,theta_rel,0.9942919015884399
clean,"cos(g_couple,g_rel_rot)",scannetpp,cam_token,probe1,21d970d8de,theta_rel,0.7522798776626587
clean,"cos(g_couple,g_rel_tdir)",scannetpp,cam_token,probe1,21d970d8de,theta_rel,0.8372218608856201
clean,"cos(g_rel_rot,g_rel_tdir)",scannetpp,cam_token,probe1,21d970d8de,theta_rel,0.7667763233184814
clean,"cos(g_maskdistill,g_rkd_sh_d)",scannetpp,ALL,probe1,21d970d8de,theta_rel,-0.15854983031749725
clean,"cos(g_maskdistill,g_rkd_sh_a)",scannetpp,ALL,probe1,21d970d8de,theta_rel,0.2267397791147232
clean,"cos(g_maskdistill,g_couple)",scannetpp,ALL,probe1,21d970d8de,theta_rel,0.3832274079322815
clean,"cos(g_maskdistill,g_rel_rot)",scannetpp,ALL,probe1,21d970d8de,theta_rel,0.27424806356430054
clean,"cos(g_maskdistill,g_rel_tdir)",scannetpp,ALL,probe1,21d970d8de,theta_rel,0.22948408126831055
clean,"cos(g_rkd_sh_d,g_rkd_sh_a)",scannetpp,ALL,probe1,21d970d8de,theta_rel,-0.09826550632715225
clean,"cos(g_rkd_sh_d,g_couple)",scannetpp,ALL,probe1,21d970d8de,theta_rel,-0.26738297939300537
clean,"cos(g_rkd_sh_d,g_rel_rot)",scannetpp,ALL,probe1,21d970d8de,theta_rel,-0.28905051946640015
clean,"cos(g_rkd_sh_d,g_rel_tdir)",scannetpp,ALL,probe1,21d970d8de,theta_rel,-0.10407610237598419
clean,"cos(g_rkd_sh_a,g_couple)",scannetpp,ALL,probe1,21d970d8de,theta_rel,0.8124759793281555
clean,"cos(g_rkd_sh_a,g_rel_rot)",scannetpp,ALL,probe1,21d970d8de,theta_rel,0.7821049094200134
clean,"cos(g_rkd_sh_a,g_rel_tdir)",scannetpp,ALL,probe1,21d970d8de,theta_rel,0.9963221549987793
clean,"cos(g_couple,g_rel_rot)",scannetpp,ALL,probe1,21d970d8de,theta_rel,0.8120341300964355
clean,"cos(g_couple,g_rel_tdir)",scannetpp,ALL,probe1,21d970d8de,theta_rel,0.818204939365387
clean,"cos(g_rel_rot,g_rel_tdir)",scannetpp,ALL,probe1,21d970d8de,theta_rel,0.8125753402709961
clean,"cos(g_rel_rot,g_base)",scannetpp,lora_early,probe1,21d970d8de,theta_rel,0.7852228879928589
clean,"cos(g_rel_tdir,g_base)",scannetpp,lora_early,probe1,21d970d8de,theta_rel,0.786262035369873
clean,"cos(g_rel_rot,g_base)",scannetpp,lora_late,probe1,21d970d8de,theta_rel,0.48959553241729736
clean,"cos(g_rel_tdir,g_base)",scannetpp,lora_late,probe1,21d970d8de,theta_rel,0.7846049070358276
clean,"cos(g_rel_rot,g_base)",scannetpp,cam_token,probe1,21d970d8de,theta_rel,0.601469099521637
clean,"cos(g_rel_tdir,g_base)",scannetpp,cam_token,probe1,21d970d8de,theta_rel,0.8247355818748474
clean,"cos(g_rel_rot,g_base)",scannetpp,ALL,probe1,21d970d8de,theta_rel,0.6748318672180176
clean,"cos(g_rel_tdir,g_base)",scannetpp,ALL,probe1,21d970d8de,theta_rel,0.7851920127868652
clean,loss[maskdistill],scannetpp,-,probe1,21d970d8de,theta_rel,0.02855551615357399
clean,loss[rkd_sh_d],scannetpp,-,probe1,21d970d8de,theta_rel,2.212144318036735e-05
clean,loss[rkd_sh_a],scannetpp,-,probe1,21d970d8de,theta_rel,0.00044582266127690673
clean,loss[couple],scannetpp,-,probe1,21d970d8de,theta_rel,1.6340028423655895e-06
clean,loss[rel_rot],scannetpp,-,probe1,21d970d8de,theta_rel,0.0005128550110384822
clean,loss[rel_tdir],scannetpp,-,probe1,21d970d8de,theta_rel,0.0005012750625610352
m0,"cos(g_maskdistill,g_rkd_sh_d)",scannetpp,lora_early,probe1,21d970d8de,theta_rel,0.7817017436027527
m0,"cos(g_maskdistill,g_rkd_sh_a)",scannetpp,lora_early,probe1,21d970d8de,theta_rel,-0.6259356141090393
m0,"cos(g_maskdistill,g_couple)",scannetpp,lora_early,probe1,21d970d8de,theta_rel,0.6470992565155029
m0,"cos(g_maskdistill,g_rel_rot)",scannetpp,lora_early,probe1,21d970d8de,theta_rel,0.2374541461467743
m0,"cos(g_maskdistill,g_rel_tdir)",scannetpp,lora_early,probe1,21d970d8de,theta_rel,0.8434611558914185
m0,"cos(g_rkd_sh_d,g_rkd_sh_a)",scannetpp,lora_early,probe1,21d970d8de,theta_rel,-0.41650742292404175
m0,"cos(g_rkd_sh_d,g_couple)",scannetpp,lora_early,probe1,21d970d8de,theta_rel,0.7592605352401733
m0,"cos(g_rkd_sh_d,g_rel_rot)",scannetpp,lora_early,probe1,21d970d8de,theta_rel,0.15028201043605804
m0,"cos(g_rkd_sh_d,g_rel_tdir)",scannetpp,lora_early,probe1,21d970d8de,theta_rel,0.717070460319519
m0,"cos(g_rkd_sh_a,g_couple)",scannetpp,lora_early,probe1,21d970d8de,theta_rel,-0.19850236177444458
m0,"cos(g_rkd_sh_a,g_rel_rot)",scannetpp,lora_early,probe1,21d970d8de,theta_rel,-0.25370144844055176
m0,"cos(g_rkd_sh_a,g_rel_tdir)",scannetpp,lora_early,probe1,21d970d8de,theta_rel,-0.3764477074146271
m0,"cos(g_couple,g_rel_rot)",scannetpp,lora_early,probe1,21d970d8de,theta_rel,-0.006916374433785677
m0,"cos(g_couple,g_rel_tdir)",scannetpp,lora_early,probe1,21d970d8de,theta_rel,0.5942609906196594
m0,"cos(g_rel_rot,g_rel_tdir)",scannetpp,lora_early,probe1,21d970d8de,theta_rel,0.14552843570709229
m0,"cos(g_maskdistill,g_rkd_sh_d)",scannetpp,lora_late,probe1,21d970d8de,theta_rel,0.7159850597381592
m0,"cos(g_maskdistill,g_rkd_sh_a)",scannetpp,lora_late,probe1,21d970d8de,theta_rel,-0.48626163601875305
m0,"cos(g_maskdistill,g_couple)",scannetpp,lora_late,probe1,21d970d8de,theta_rel,0.6052411794662476
m0,"cos(g_maskdistill,g_rel_rot)",scannetpp,lora_late,probe1,21d970d8de,theta_rel,0.18455788493156433
m0,"cos(g_maskdistill,g_rel_tdir)",scannetpp,lora_late,probe1,21d970d8de,theta_rel,0.7121012210845947
m0,"cos(g_rkd_sh_d,g_rkd_sh_a)",scannetpp,lora_late,probe1,21d970d8de,theta_rel,-0.2124696969985962
m0,"cos(g_rkd_sh_d,g_couple)",scannetpp,lora_late,probe1,21d970d8de,theta_rel,0.6379119157791138
m0,"cos(g_rkd_sh_d,g_rel_rot)",scannetpp,lora_late,probe1,21d970d8de,theta_rel,0.1339949667453766
m0,"cos(g_rkd_sh_d,g_rel_tdir)",scannetpp,lora_late,probe1,21d970d8de,theta_rel,0.5293853282928467
m0,"cos(g_rkd_sh_a,g_couple)",scannetpp,lora_late,probe1,21d970d8de,theta_rel,-0.15978418290615082
m0,"cos(g_rkd_sh_a,g_rel_rot)",scannetpp,lora_late,probe1,21d970d8de,theta_rel,-0.144551083445549
m0,"cos(g_rkd_sh_a,g_rel_tdir)",scannetpp,lora_late,probe1,21d970d8de,theta_rel,-0.15111353993415833
m0,"cos(g_couple,g_rel_rot)",scannetpp,lora_late,probe1,21d970d8de,theta_rel,-0.05285289138555527
m0,"cos(g_couple,g_rel_tdir)",scannetpp,lora_late,probe1,21d970d8de,theta_rel,0.4792291522026062
m0,"cos(g_rel_rot,g_rel_tdir)",scannetpp,lora_late,probe1,21d970d8de,theta_rel,0.1260223388671875
m0,"cos(g_maskdistill,g_rkd_sh_d)",scannetpp,cam_token,probe1,21d970d8de,theta_rel,0.7990850806236267
m0,"cos(g_maskdistill,g_rkd_sh_a)",scannetpp,cam_token,probe1,21d970d8de,theta_rel,-0.513181209564209
m0,"cos(g_maskdistill,g_couple)",scannetpp,cam_token,probe1,21d970d8de,theta_rel,0.6558756828308105
m0,"cos(g_maskdistill,g_rel_rot)",scannetpp,cam_token,probe1,21d970d8de,theta_rel,0.31317615509033203
m0,"cos(g_maskdistill,g_rel_tdir)",scannetpp,cam_token,probe1,21d970d8de,theta_rel,0.841892659664154
m0,"cos(g_rkd_sh_d,g_rkd_sh_a)",scannetpp,cam_token,probe1,21d970d8de,theta_rel,-0.2806638479232788
m0,"cos(g_rkd_sh_d,g_couple)",scannetpp,cam_token,probe1,21d970d8de,theta_rel,0.6936646103858948
m0,"cos(g_rkd_sh_d,g_rel_rot)",scannetpp,cam_token,probe1,21d970d8de,theta_rel,0.3298889994621277
m0,"cos(g_rkd_sh_d,g_rel_tdir)",scannetpp,cam_token,probe1,21d970d8de,theta_rel,0.7909160852432251
m0,"cos(g_rkd_sh_a,g_couple)",scannetpp,cam_token,probe1,21d970d8de,theta_rel,-0.18371474742889404
m0,"cos(g_rkd_sh_a,g_rel_rot)",scannetpp,cam_token,probe1,21d970d8de,theta_rel,-0.2843402326107025
m0,"cos(g_rkd_sh_a,g_rel_tdir)",scannetpp,cam_token,probe1,21d970d8de,theta_rel,-0.29364490509033203
m0,"cos(g_couple,g_rel_rot)",scannetpp,cam_token,probe1,21d970d8de,theta_rel,-0.012898389250040054
m0,"cos(g_couple,g_rel_tdir)",scannetpp,cam_token,probe1,21d970d8de,theta_rel,0.6161688566207886
m0,"cos(g_rel_rot,g_rel_tdir)",scannetpp,cam_token,probe1,21d970d8de,theta_rel,0.25950828194618225
m0,"cos(g_maskdistill,g_rkd_sh_d)",scannetpp,ALL,probe1,21d970d8de,theta_rel,0.7600125074386597
m0,"cos(g_maskdistill,g_rkd_sh_a)",scannetpp,ALL,probe1,21d970d8de,theta_rel,-0.591023862361908
m0,"cos(g_maskdistill,g_couple)",scannetpp,ALL,probe1,21d970d8de,theta_rel,0.6335207223892212
m0,"cos(g_maskdistill,g_rel_rot)",scannetpp,ALL,probe1,21d970d8de,theta_rel,0.2167346477508545
m0,"cos(g_maskdistill,g_rel_tdir)",scannetpp,ALL,probe1,21d970d8de,theta_rel,0.8042329549789429
m0,"cos(g_rkd_sh_d,g_rkd_sh_a)",scannetpp,ALL,probe1,21d970d8de,theta_rel,-0.35648113489151
m0,"cos(g_rkd_sh_d,g_couple)",scannetpp,ALL,probe1,21d970d8de,theta_rel,0.7199304103851318
m0,"cos(g_rkd_sh_d,g_rel_rot)",scannetpp,ALL,probe1,21d970d8de,theta_rel,0.14456042647361755
m0,"cos(g_rkd_sh_d,g_rel_tdir)",scannetpp,ALL,probe1,21d970d8de,theta_rel,0.6569053530693054
m0,"cos(g_rkd_sh_a,g_couple)",scannetpp,ALL,probe1,21d970d8de,theta_rel,-0.18699291348457336
m0,"cos(g_rkd_sh_a,g_rel_rot)",scannetpp,ALL,probe1,21d970d8de,theta_rel,-0.21433016657829285
m0,"cos(g_rkd_sh_a,g_rel_tdir)",scannetpp,ALL,probe1,21d970d8de,theta_rel,-0.3122536540031433
m0,"cos(g_couple,g_rel_rot)",scannetpp,ALL,probe1,21d970d8de,theta_rel,-0.02357817254960537
m0,"cos(g_couple,g_rel_tdir)",scannetpp,ALL,probe1,21d970d8de,theta_rel,0.5579252243041992
m0,"cos(g_rel_rot,g_rel_tdir)",scannetpp,ALL,probe1,21d970d8de,theta_rel,0.13805890083312988
m0,"cos(g_rel_rot,g_base)",scannetpp,lora_early,probe1,21d970d8de,theta_rel,0.22957924008369446
m0,"cos(g_rel_tdir,g_base)",scannetpp,lora_early,probe1,21d970d8de,theta_rel,0.8527704477310181
m0,"cos(g_rel_rot,g_base)",scannetpp,lora_late,probe1,21d970d8de,theta_rel,0.18038788437843323
m0,"cos(g_rel_tdir,g_base)",scannetpp,lora_late,probe1,21d970d8de,theta_rel,0.7231954336166382
m0,"cos(g_rel_rot,g_base)",scannetpp,cam_token,probe1,21d970d8de,theta_rel,0.3078293204307556
m0,"cos(g_rel_tdir,g_base)",scannetpp,cam_token,probe1,21d970d8de,theta_rel,0.8507314920425415
m0,"cos(g_rel_rot,g_base)",scannetpp,ALL,probe1,21d970d8de,theta_rel,0.21026913821697235
m0,"cos(g_rel_tdir,g_base)",scannetpp,ALL,probe1,21d970d8de,theta_rel,0.8140102028846741
m0,loss[maskdistill],scannetpp,-,probe1,21d970d8de,theta_rel,0.1832137554883957
m0,loss[rkd_sh_d],scannetpp,-,probe1,21d970d8de,theta_rel,0.000115144532173872
m0,loss[rkd_sh_a],scannetpp,-,probe1,21d970d8de,theta_rel,0.00014758211909793317
m0,loss[couple],scannetpp,-,probe1,21d970d8de,theta_rel,4.730380169348791e-06
m0,loss[rel_rot],scannetpp,-,probe1,21d970d8de,theta_rel,0.0007261248538270593
m0,loss[rel_tdir],scannetpp,-,probe1,21d970d8de,theta_rel,0.0007029175758361816
clean,"cos(g_maskdistill,g_rkd_sh_d)",scannetpp,lora_early,probe0,7bc286c1b6,theta0,0.12279592454433441
clean,"cos(g_maskdistill,g_rkd_sh_a)",scannetpp,lora_early,probe0,7bc286c1b6,theta0,0.07861416041851044
clean,"cos(g_maskdistill,g_couple)",scannetpp,lora_early,probe0,7bc286c1b6,theta0,0.08476004749536514
clean,"cos(g_maskdistill,g_rel_rot)",scannetpp,lora_early,probe0,7bc286c1b6,theta0,-0.05335322022438049
clean,"cos(g_maskdistill,g_rel_tdir)",scannetpp,lora_early,probe0,7bc286c1b6,theta0,0.13882778584957123
clean,"cos(g_rkd_sh_d,g_rkd_sh_a)",scannetpp,lora_early,probe0,7bc286c1b6,theta0,0.43014413118362427
clean,"cos(g_rkd_sh_d,g_couple)",scannetpp,lora_early,probe0,7bc286c1b6,theta0,0.2965404987335205
clean,"cos(g_rkd_sh_d,g_rel_rot)",scannetpp,lora_early,probe0,7bc286c1b6,theta0,-0.6524271965026855
clean,"cos(g_rkd_sh_d,g_rel_tdir)",scannetpp,lora_early,probe0,7bc286c1b6,theta0,0.06095690652728081
clean,"cos(g_rkd_sh_a,g_couple)",scannetpp,lora_early,probe0,7bc286c1b6,theta0,0.5226446390151978
clean,"cos(g_rkd_sh_a,g_rel_rot)",scannetpp,lora_early,probe0,7bc286c1b6,theta0,-0.6222855448722839
clean,"cos(g_rkd_sh_a,g_rel_tdir)",scannetpp,lora_early,probe0,7bc286c1b6,theta0,0.20078212022781372
clean,"cos(g_couple,g_rel_rot)",scannetpp,lora_early,probe0,7bc286c1b6,theta0,-0.09769909828901291
clean,"cos(g_couple,g_rel_tdir)",scannetpp,lora_early,probe0,7bc286c1b6,theta0,0.4356549382209778
clean,"cos(g_rel_rot,g_rel_tdir)",scannetpp,lora_early,probe0,7bc286c1b6,theta0,0.15126977860927582
clean,"cos(g_maskdistill,g_rkd_sh_d)",scannetpp,lora_late,probe0,7bc286c1b6,theta0,0.20823988318443298
clean,"cos(g_maskdistill,g_rkd_sh_a)",scannetpp,lora_late,probe0,7bc286c1b6,theta0,0.18423184752464294
clean,"cos(g_maskdistill,g_couple)",scannetpp,lora_late,probe0,7bc286c1b6,theta0,0.1282985955476761
clean,"cos(g_maskdistill,g_rel_rot)",scannetpp,lora_late,probe0,7bc286c1b6,theta0,-0.03691519796848297
clean,"cos(g_maskdistill,g_rel_tdir)",scannetpp,lora_late,probe0,7bc286c1b6,theta0,0.13237743079662323
clean,"cos(g_rkd_sh_d,g_rkd_sh_a)",scannetpp,lora_late,probe0,7bc286c1b6,theta0,0.3209700286388397
clean,"cos(g_rkd_sh_d,g_couple)",scannetpp,lora_late,probe0,7bc286c1b6,theta0,0.20411646366119385
clean,"cos(g_rkd_sh_d,g_rel_rot)",scannetpp,lora_late,probe0,7bc286c1b6,theta0,-0.2963041067123413
clean,"cos(g_rkd_sh_d,g_rel_tdir)",scannetpp,lora_late,probe0,7bc286c1b6,theta0,0.08315728604793549
clean,"cos(g_rkd_sh_a,g_couple)",scannetpp,lora_late,probe0,7bc286c1b6,theta0,0.29884734749794006
clean,"cos(g_rkd_sh_a,g_rel_rot)",scannetpp,lora_late,probe0,7bc286c1b6,theta0,-0.39629873633384705
clean,"cos(g_rkd_sh_a,g_rel_tdir)",scannetpp,lora_late,probe0,7bc286c1b6,theta0,0.038879815489053726
clean,"cos(g_couple,g_rel_rot)",scannetpp,lora_late,probe0,7bc286c1b6,theta0,0.09030593186616898
clean,"cos(g_couple,g_rel_tdir)",scannetpp,lora_late,probe0,7bc286c1b6,theta0,-0.029477404430508614
clean,"cos(g_rel_rot,g_rel_tdir)",scannetpp,lora_late,probe0,7bc286c1b6,theta0,0.1374824047088623
clean,"cos(g_maskdistill,g_rkd_sh_d)",scannetpp,cam_token,probe0,7bc286c1b6,theta0,-0.05020350217819214
clean,"cos(g_maskdistill,g_rkd_sh_a)",scannetpp,cam_token,probe0,7bc286c1b6,theta0,-0.2529308497905731
clean,"cos(g_maskdistill,g_couple)",scannetpp,cam_token,probe0,7bc286c1b6,theta0,-0.09328195452690125
clean,"cos(g_maskdistill,g_rel_rot)",scannetpp,cam_token,probe0,7bc286c1b6,theta0,-0.05989772826433182
clean,"cos(g_maskdistill,g_rel_tdir)",scannetpp,cam_token,probe0,7bc286c1b6,theta0,0.13806016743183136
clean,"cos(g_rkd_sh_d,g_rkd_sh_a)",scannetpp,cam_token,probe0,7bc286c1b6,theta0,0.16417545080184937
clean,"cos(g_rkd_sh_d,g_couple)",scannetpp,cam_token,probe0,7bc286c1b6,theta0,0.026186365634202957
clean,"cos(g_rkd_sh_d,g_rel_rot)",scannetpp,cam_token,probe0,7bc286c1b6,theta0,-0.016392048448324203
clean,"cos(g_rkd_sh_d,g_rel_tdir)",scannetpp,cam_token,probe0,7bc286c1b6,theta0,-0.008957620710134506
clean,"cos(g_rkd_sh_a,g_couple)",scannetpp,cam_token,probe0,7bc286c1b6,theta0,0.03941660374403
clean,"cos(g_rkd_sh_a,g_rel_rot)",scannetpp,cam_token,probe0,7bc286c1b6,theta0,-0.3396894633769989
clean,"cos(g_rkd_sh_a,g_rel_tdir)",scannetpp,cam_token,probe0,7bc286c1b6,theta0,0.1279791295528412
clean,"cos(g_couple,g_rel_rot)",scannetpp,cam_token,probe0,7bc286c1b6,theta0,0.3119398057460785
clean,"cos(g_couple,g_rel_tdir)",scannetpp,cam_token,probe0,7bc286c1b6,theta0,-0.24966762959957123
clean,"cos(g_rel_rot,g_rel_tdir)",scannetpp,cam_token,probe0,7bc286c1b6,theta0,0.07373176515102386
clean,"cos(g_maskdistill,g_rkd_sh_d)",scannetpp,ALL,probe0,7bc286c1b6,theta0,0.1256096065044403
clean,"cos(g_maskdistill,g_rkd_sh_a)",scannetpp,ALL,probe0,7bc286c1b6,theta0,0.09357697516679764
clean,"cos(g_maskdistill,g_couple)",scannetpp,ALL,probe0,7bc286c1b6,theta0,0.07154718041419983
clean,"cos(g_maskdistill,g_rel_rot)",scannetpp,ALL,probe0,7bc286c1b6,theta0,-0.039451420307159424
clean,"cos(g_maskdistill,g_rel_tdir)",scannetpp,ALL,probe0,7bc286c1b6,theta0,0.10544319450855255
clean,"cos(g_rkd_sh_d,g_rkd_sh_a)",scannetpp,ALL,probe0,7bc286c1b6,theta0,0.35006481409072876
clean,"cos(g_rkd_sh_d,g_couple)",scannetpp,ALL,probe0,7bc286c1b6,theta0,0.2191045880317688
clean,"cos(g_rkd_sh_d,g_rel_rot)",scannetpp,ALL,probe0,7bc286c1b6,theta0,-0.40660732984542847
clean,"cos(g_rkd_sh_d,g_rel_tdir)",scannetpp,ALL,probe0,7bc286c1b6,theta0,0.0766664370894432
clean,"cos(g_rkd_sh_a,g_couple)",scannetpp,ALL,probe0,7bc286c1b6,theta0,0.338496595621109
clean,"cos(g_rkd_sh_a,g_rel_rot)",scannetpp,ALL,probe0,7bc286c1b6,theta0,-0.45936524868011475
clean,"cos(g_rkd_sh_a,g_rel_tdir)",scannetpp,ALL,probe0,7bc286c1b6,theta0,0.07796432077884674
clean,"cos(g_couple,g_rel_rot)",scannetpp,ALL,probe0,7bc286c1b6,theta0,0.04828949272632599
clean,"cos(g_couple,g_rel_tdir)",scannetpp,ALL,probe0,7bc286c1b6,theta0,0.056099649518728256
clean,"cos(g_rel_rot,g_rel_tdir)",scannetpp,ALL,probe0,7bc286c1b6,theta0,0.14018167555332184
clean,"cos(g_rel_rot,g_base)",scannetpp,lora_early,probe0,7bc286c1b6,theta0,-0.12799853086471558
clean,"cos(g_rel_tdir,g_base)",scannetpp,lora_early,probe0,7bc286c1b6,theta0,0.1680002361536026
clean,"cos(g_rel_rot,g_base)",scannetpp,lora_late,probe0,7bc286c1b6,theta0,-0.16634827852249146
clean,"cos(g_rel_tdir,g_base)",scannetpp,lora_late,probe0,7bc286c1b6,theta0,0.12428826838731766
clean,"cos(g_rel_rot,g_base)",scannetpp,cam_token,probe0,7bc286c1b6,theta0,-0.06307660043239594
clean,"cos(g_rel_tdir,g_base)",scannetpp,cam_token,probe0,7bc286c1b6,theta0,0.13774274289608002
clean,"cos(g_rel_rot,g_base)",scannetpp,ALL,probe0,7bc286c1b6,theta0,-0.12385673820972443
clean,"cos(g_rel_tdir,g_base)",scannetpp,ALL,probe0,7bc286c1b6,theta0,0.11874891817569733
clean,loss[maskdistill],scannetpp,-,probe0,7bc286c1b6,theta0,0.009500250220298767
clean,loss[rkd_sh_d],scannetpp,-,probe0,7bc286c1b6,theta0,1.6899710999496165e-06
clean,loss[rkd_sh_a],scannetpp,-,probe0,7bc286c1b6,theta0,3.7720808450103505e-06
clean,loss[couple],scannetpp,-,probe0,7bc286c1b6,theta0,2.70759005616128e-06
clean,loss[rel_rot],scannetpp,-,probe0,7bc286c1b6,theta0,6.920049781911075e-05
clean,loss[rel_tdir],scannetpp,-,probe0,7bc286c1b6,theta0,6.663799285888672e-05
m0,"cos(g_maskdistill,g_rkd_sh_d)",scannetpp,lora_early,probe0,7bc286c1b6,theta0,0.1845066249370575
m0,"cos(g_maskdistill,g_rkd_sh_a)",scannetpp,lora_early,probe0,7bc286c1b6,theta0,-0.038380205631256104
m0,"cos(g_maskdistill,g_couple)",scannetpp,lora_early,probe0,7bc286c1b6,theta0,-0.2058783918619156
m0,"cos(g_maskdistill,g_rel_rot)",scannetpp,lora_early,probe0,7bc286c1b6,theta0,0.22898253798484802
m0,"cos(g_maskdistill,g_rel_tdir)",scannetpp,lora_early,probe0,7bc286c1b6,theta0,-0.14948499202728271
m0,"cos(g_rkd_sh_d,g_rkd_sh_a)",scannetpp,lora_early,probe0,7bc286c1b6,theta0,-0.046799760311841965
m0,"cos(g_rkd_sh_d,g_couple)",scannetpp,lora_early,probe0,7bc286c1b6,theta0,-0.015609890222549438
m0,"cos(g_rkd_sh_d,g_rel_rot)",scannetpp,lora_early,probe0,7bc286c1b6,theta0,0.7684400081634521
m0,"cos(g_rkd_sh_d,g_rel_tdir)",scannetpp,lora_early,probe0,7bc286c1b6,theta0,0.3885558545589447
m0,"cos(g_rkd_sh_a,g_couple)",scannetpp,lora_early,probe0,7bc286c1b6,theta0,0.5999676585197449
m0,"cos(g_rkd_sh_a,g_rel_rot)",scannetpp,lora_early,probe0,7bc286c1b6,theta0,0.10466612875461578
m0,"cos(g_rkd_sh_a,g_rel_tdir)",scannetpp,lora_early,probe0,7bc286c1b6,theta0,0.1078006774187088
m0,"cos(g_couple,g_rel_rot)",scannetpp,lora_early,probe0,7bc286c1b6,theta0,0.25362780690193176
m0,"cos(g_couple,g_rel_tdir)",scannetpp,lora_early,probe0,7bc286c1b6,theta0,0.41838499903678894
m0,"cos(g_rel_rot,g_rel_tdir)",scannetpp,lora_early,probe0,7bc286c1b6,theta0,0.5153761506080627
m0,"cos(g_maskdistill,g_rkd_sh_d)",scannetpp,lora_late,probe0,7bc286c1b6,theta0,0.07556794583797455
m0,"cos(g_maskdistill,g_rkd_sh_a)",scannetpp,lora_late,probe0,7bc286c1b6,theta0,-0.05218096077442169
m0,"cos(g_maskdistill,g_couple)",scannetpp,lora_late,probe0,7bc286c1b6,theta0,-0.11566899716854095
m0,"cos(g_maskdistill,g_rel_rot)",scannetpp,lora_late,probe0,7bc286c1b6,theta0,0.14883370697498322
m0,"cos(g_maskdistill,g_rel_tdir)",scannetpp,lora_late,probe0,7bc286c1b6,theta0,0.09325650334358215
m0,"cos(g_rkd_sh_d,g_rkd_sh_a)",scannetpp,lora_late,probe0,7bc286c1b6,theta0,0.11793887615203857
m0,"cos(g_rkd_sh_d,g_couple)",scannetpp,lora_late,probe0,7bc286c1b6,theta0,-0.044201746582984924
m0,"cos(g_rkd_sh_d,g_rel_rot)",scannetpp,lora_late,probe0,7bc286c1b6,theta0,0.30046766996383667
m0,"cos(g_rkd_sh_d,g_rel_tdir)",scannetpp,lora_late,probe0,7bc286c1b6,theta0,0.12570402026176453
m0,"cos(g_rkd_sh_a,g_couple)",scannetpp,lora_late,probe0,7bc286c1b6,theta0,0.24531976878643036
m0,"cos(g_rkd_sh_a,g_rel_rot)",scannetpp,lora_late,probe0,7bc286c1b6,theta0,-0.043636441230773926
m0,"cos(g_rkd_sh_a,g_rel_tdir)",scannetpp,lora_late,probe0,7bc286c1b6,theta0,-0.17375639081001282
m0,"cos(g_couple,g_rel_rot)",scannetpp,lora_late,probe0,7bc286c1b6,theta0,-0.024068154394626617
m0,"cos(g_couple,g_rel_tdir)",scannetpp,lora_late,probe0,7bc286c1b6,theta0,-0.08297313749790192
m0,"cos(g_rel_rot,g_rel_tdir)",scannetpp,lora_late,probe0,7bc286c1b6,theta0,0.16705673933029175
m0,"cos(g_maskdistill,g_rkd_sh_d)",scannetpp,cam_token,probe0,7bc286c1b6,theta0,-0.3505978584289551
m0,"cos(g_maskdistill,g_rkd_sh_a)",scannetpp,cam_token,probe0,7bc286c1b6,theta0,-0.30295559763908386
m0,"cos(g_maskdistill,g_couple)",scannetpp,cam_token,probe0,7bc286c1b6,theta0,-0.21457938849925995
m0,"cos(g_maskdistill,g_rel_rot)",scannetpp,cam_token,probe0,7bc286c1b6,theta0,-0.2744561731815338
m0,"cos(g_maskdistill,g_rel_tdir)",scannetpp,cam_token,probe0,7bc286c1b6,theta0,-0.5053917765617371
m0,"cos(g_rkd_sh_d,g_rkd_sh_a)",scannetpp,cam_token,probe0,7bc286c1b6,theta0,0.17085635662078857
m0,"cos(g_rkd_sh_d,g_couple)",scannetpp,cam_token,probe0,7bc286c1b6,theta0,0.2469380497932434
m0,"cos(g_rkd_sh_d,g_rel_rot)",scannetpp,cam_token,probe0,7bc286c1b6,theta0,0.5875241756439209
m0,"cos(g_rkd_sh_d,g_rel_tdir)",scannetpp,cam_token,probe0,7bc286c1b6,theta0,0.4746060371398926
m0,"cos(g_rkd_sh_a,g_couple)",scannetpp,cam_token,probe0,7bc286c1b6,theta0,0.30623769760131836
m0,"cos(g_rkd_sh_a,g_rel_rot)",scannetpp,cam_token,probe0,7bc286c1b6,theta0,0.15087838470935822
m0,"cos(g_rkd_sh_a,g_rel_tdir)",scannetpp,cam_token,probe0,7bc286c1b6,theta0,0.1880510449409485
m0,"cos(g_couple,g_rel_rot)",scannetpp,cam_token,probe0,7bc286c1b6,theta0,0.2322479784488678
m0,"cos(g_couple,g_rel_tdir)",scannetpp,cam_token,probe0,7bc286c1b6,theta0,0.13920952379703522
m0,"cos(g_rel_rot,g_rel_tdir)",scannetpp,cam_token,probe0,7bc286c1b6,theta0,0.4898907542228699
m0,"cos(g_maskdistill,g_rkd_sh_d)",scannetpp,ALL,probe0,7bc286c1b6,theta0,0.15662184357643127
m0,"cos(g_maskdistill,g_rkd_sh_a)",scannetpp,ALL,probe0,7bc286c1b6,theta0,-0.040455903857946396
m0,"cos(g_maskdistill,g_couple)",scannetpp,ALL,probe0,7bc286c1b6,theta0,-0.1742629110813141
m0,"cos(g_maskdistill,g_rel_rot)",scannetpp,ALL,probe0,7bc286c1b6,theta0,0.2108326554298401
m0,"cos(g_maskdistill,g_rel_tdir)",scannetpp,ALL,probe0,7bc286c1b6,theta0,-0.10440631210803986
m0,"cos(g_rkd_sh_d,g_rkd_sh_a)",scannetpp,ALL,probe0,7bc286c1b6,theta0,0.002906008390709758
m0,"cos(g_rkd_sh_d,g_couple)",scannetpp,ALL,probe0,7bc286c1b6,theta0,-0.022399503737688065
m0,"cos(g_rkd_sh_d,g_rel_rot)",scannetpp,ALL,probe0,7bc286c1b6,theta0,0.6795269250869751
m0,"cos(g_rkd_sh_d,g_rel_tdir)",scannetpp,ALL,probe0,7bc286c1b6,theta0,0.31309932470321655
m0,"cos(g_rkd_sh_a,g_couple)",scannetpp,ALL,probe0,7bc286c1b6,theta0,0.4627573490142822
m0,"cos(g_rkd_sh_a,g_rel_rot)",scannetpp,ALL,probe0,7bc286c1b6,theta0,0.06687507778406143
m0,"cos(g_rkd_sh_a,g_rel_tdir)",scannetpp,ALL,probe0,7bc286c1b6,theta0,0.007381055038422346
m0,"cos(g_couple,g_rel_rot)",scannetpp,ALL,probe0,7bc286c1b6,theta0,0.17871731519699097
m0,"cos(g_couple,g_rel_tdir)",scannetpp,ALL,probe0,7bc286c1b6,theta0,0.23523810505867004
m0,"cos(g_rel_rot,g_rel_tdir)",scannetpp,ALL,probe0,7bc286c1b6,theta0,0.4255511164665222
m0,"cos(g_rel_rot,g_base)",scannetpp,lora_early,probe0,7bc286c1b6,theta0,0.24879580736160278
m0,"cos(g_rel_tdir,g_base)",scannetpp,lora_early,probe0,7bc286c1b6,theta0,-0.13349798321723938
m0,"cos(g_rel_rot,g_base)",scannetpp,lora_late,probe0,7bc286c1b6,theta0,0.15228533744812012
m0,"cos(g_rel_tdir,g_base)",scannetpp,lora_late,probe0,7bc286c1b6,theta0,0.07666697353124619
m0,"cos(g_rel_rot,g_base)",scannetpp,cam_token,probe0,7bc286c1b6,theta0,-0.2699371576309204
m0,"cos(g_rel_tdir,g_base)",scannetpp,cam_token,probe0,7bc286c1b6,theta0,-0.5031610727310181
m0,"cos(g_rel_rot,g_base)",scannetpp,ALL,probe0,7bc286c1b6,theta0,0.22851407527923584
m0,"cos(g_rel_tdir,g_base)",scannetpp,ALL,probe0,7bc286c1b6,theta0,-0.09497744590044022
m0,loss[maskdistill],scannetpp,-,probe0,7bc286c1b6,theta0,0.1591111272573471
m0,loss[rkd_sh_d],scannetpp,-,probe0,7bc286c1b6,theta0,1.0564249350863975e-05
m0,loss[rkd_sh_a],scannetpp,-,probe0,7bc286c1b6,theta0,6.763069450244075e-06
m0,loss[couple],scannetpp,-,probe0,7bc286c1b6,theta0,2.62167964137916e-06
m0,loss[rel_rot],scannetpp,-,probe0,7bc286c1b6,theta0,0.0004238355322740972
m0,loss[rel_tdir],scannetpp,-,probe0,7bc286c1b6,theta0,0.00033411383628845215
clean,"cos(g_maskdistill,g_rkd_sh_d)",scannetpp,lora_early,probe1,7bc286c1b6,theta0,-0.39322373270988464
clean,"cos(g_maskdistill,g_rkd_sh_a)",scannetpp,lora_early,probe1,7bc286c1b6,theta0,-0.3283900022506714
clean,"cos(g_maskdistill,g_couple)",scannetpp,lora_early,probe1,7bc286c1b6,theta0,-0.4073607921600342
clean,"cos(g_maskdistill,g_rel_rot)",scannetpp,lora_early,probe1,7bc286c1b6,theta0,0.14960409700870514
clean,"cos(g_maskdistill,g_rel_tdir)",scannetpp,lora_early,probe1,7bc286c1b6,theta0,-0.3331162929534912
clean,"cos(g_rkd_sh_d,g_rkd_sh_a)",scannetpp,lora_early,probe1,7bc286c1b6,theta0,0.8906113505363464
clean,"cos(g_rkd_sh_d,g_couple)",scannetpp,lora_early,probe1,7bc286c1b6,theta0,0.9385634064674377
clean,"cos(g_rkd_sh_d,g_rel_rot)",scannetpp,lora_early,probe1,7bc286c1b6,theta0,-0.7504043579101562
clean,"cos(g_rkd_sh_d,g_rel_tdir)",scannetpp,lora_early,probe1,7bc286c1b6,theta0,0.9622856974601746
clean,"cos(g_rkd_sh_a,g_couple)",scannetpp,lora_early,probe1,7bc286c1b6,theta0,0.7897070646286011
clean,"cos(g_rkd_sh_a,g_rel_rot)",scannetpp,lora_early,probe1,7bc286c1b6,theta0,-0.7752138376235962
clean,"cos(g_rkd_sh_a,g_rel_tdir)",scannetpp,lora_early,probe1,7bc286c1b6,theta0,0.9417415857315063
clean,"cos(g_couple,g_rel_rot)",scannetpp,lora_early,probe1,7bc286c1b6,theta0,-0.6684907674789429
clean,"cos(g_couple,g_rel_tdir)",scannetpp,lora_early,probe1,7bc286c1b6,theta0,0.9036434888839722
clean,"cos(g_rel_rot,g_rel_tdir)",scannetpp,lora_early,probe1,7bc286c1b6,theta0,-0.8036806583404541
clean,"cos(g_maskdistill,g_rkd_sh_d)",scannetpp,lora_late,probe1,7bc286c1b6,theta0,-0.030616018921136856
clean,"cos(g_maskdistill,g_rkd_sh_a)",scannetpp,lora_late,probe1,7bc286c1b6,theta0,-0.005428318399935961
clean,"cos(g_maskdistill,g_couple)",scannetpp,lora_late,probe1,7bc286c1b6,theta0,-0.05929248780012131
clean,"cos(g_maskdistill,g_rel_rot)",scannetpp,lora_late,probe1,7bc286c1b6,theta0,0.02823992446064949
clean,"cos(g_maskdistill,g_rel_tdir)",scannetpp,lora_late,probe1,7bc286c1b6,theta0,-0.004858946893364191
clean,"cos(g_rkd_sh_d,g_rkd_sh_a)",scannetpp,lora_late,probe1,7bc286c1b6,theta0,-0.004487672820687294
clean,"cos(g_rkd_sh_d,g_couple)",scannetpp,lora_late,probe1,7bc286c1b6,theta0,0.2337900996208191
clean,"cos(g_rkd_sh_d,g_rel_rot)",scannetpp,lora_late,probe1,7bc286c1b6,theta0,0.10719543695449829
clean,"cos(g_rkd_sh_d,g_rel_tdir)",scannetpp,lora_late,probe1,7bc286c1b6,theta0,0.2250235378742218
clean,"cos(g_rkd_sh_a,g_couple)",scannetpp,lora_late,probe1,7bc286c1b6,theta0,-0.0961465835571289
clean,"cos(g_rkd_sh_a,g_rel_rot)",scannetpp,lora_late,probe1,7bc286c1b6,theta0,0.06733416020870209
clean,"cos(g_rkd_sh_a,g_rel_tdir)",scannetpp,lora_late,probe1,7bc286c1b6,theta0,0.6224794387817383
clean,"cos(g_couple,g_rel_rot)",scannetpp,lora_late,probe1,7bc286c1b6,theta0,0.21622124314308167
clean,"cos(g_couple,g_rel_tdir)",scannetpp,lora_late,probe1,7bc286c1b6,theta0,-0.0063399518840014935
clean,"cos(g_rel_rot,g_rel_tdir)",scannetpp,lora_late,probe1,7bc286c1b6,theta0,0.039844878017902374
clean,"cos(g_maskdistill,g_rkd_sh_d)",scannetpp,cam_token,probe1,7bc286c1b6,theta0,0.023381493985652924
clean,"cos(g_maskdistill,g_rkd_sh_a)",scannetpp,cam_token,probe1,7bc286c1b6,theta0,-0.03814447671175003
clean,"cos(g_maskdistill,g_couple)",scannetpp,cam_token,probe1,7bc286c1b6,theta0,-0.007703689858317375
clean,"cos(g_maskdistill,g_rel_rot)",scannetpp,cam_token,probe1,7bc286c1b6,theta0,-0.07540249079465866
clean,"cos(g_maskdistill,g_rel_tdir)",scannetpp,cam_token,probe1,7bc286c1b6,theta0,-0.16662593185901642
clean,"cos(g_rkd_sh_d,g_rkd_sh_a)",scannetpp,cam_token,probe1,7bc286c1b6,theta0,0.28496772050857544
clean,"cos(g_rkd_sh_d,g_couple)",scannetpp,cam_token,probe1,7bc286c1b6,theta0,0.31084510684013367
clean,"cos(g_rkd_sh_d,g_rel_rot)",scannetpp,cam_token,probe1,7bc286c1b6,theta0,0.031529150903224945
clean,"cos(g_rkd_sh_d,g_rel_tdir)",scannetpp,cam_token,probe1,7bc286c1b6,theta0,0.4992157816886902
clean,"cos(g_rkd_sh_a,g_couple)",scannetpp,cam_token,probe1,7bc286c1b6,theta0,0.0825924426317215
clean,"cos(g_rkd_sh_a,g_rel_rot)",scannetpp,cam_token,probe1,7bc286c1b6,theta0,0.10897140204906464
clean,"cos(g_rkd_sh_a,g_rel_tdir)",scannetpp,cam_token,probe1,7bc286c1b6,theta0,0.732392430305481
clean,"cos(g_couple,g_rel_rot)",scannetpp,cam_token,probe1,7bc286c1b6,theta0,0.40534543991088867
clean,"cos(g_couple,g_rel_tdir)",scannetpp,cam_token,probe1,7bc286c1b6,theta0,0.1746179461479187
clean,"cos(g_rel_rot,g_rel_tdir)",scannetpp,cam_token,probe1,7bc286c1b6,theta0,0.16550993919372559
clean,"cos(g_maskdistill,g_rkd_sh_d)",scannetpp,ALL,probe1,7bc286c1b6,theta0,-0.3375338613986969
clean,"cos(g_maskdistill,g_rkd_sh_a)",scannetpp,ALL,probe1,7bc286c1b6,theta0,-0.24711261689662933
clean,"cos(g_maskdistill,g_couple)",scannetpp,ALL,probe1,7bc286c1b6,theta0,-0.3023196756839752
clean,"cos(g_maskdistill,g_rel_rot)",scannetpp,ALL,probe1,7bc286c1b6,theta0,0.07551925629377365
clean,"cos(g_maskdistill,g_rel_tdir)",scannetpp,ALL,probe1,7bc286c1b6,theta0,-0.283583402633667
clean,"cos(g_rkd_sh_d,g_rkd_sh_a)",scannetpp,ALL,probe1,7bc286c1b6,theta0,0.7003175616264343
clean,"cos(g_rkd_sh_d,g_couple)",scannetpp,ALL,probe1,7bc286c1b6,theta0,0.750355064868927
clean,"cos(g_rkd_sh_d,g_rel_rot)",scannetpp,ALL,probe1,7bc286c1b6,theta0,-0.3439764976501465
clean,"cos(g_rkd_sh_d,g_rel_tdir)",scannetpp,ALL,probe1,7bc286c1b6,theta0,0.880091667175293
clean,"cos(g_rkd_sh_a,g_couple)",scannetpp,ALL,probe1,7bc286c1b6,theta0,0.48855072259902954
clean,"cos(g_rkd_sh_a,g_rel_rot)",scannetpp,ALL,probe1,7bc286c1b6,theta0,-0.30662649869918823
clean,"cos(g_rkd_sh_a,g_rel_tdir)",scannetpp,ALL,probe1,7bc286c1b6,theta0,0.8543664813041687
clean,"cos(g_couple,g_rel_rot)",scannetpp,ALL,probe1,7bc286c1b6,theta0,-0.16462326049804688
clean,"cos(g_couple,g_rel_tdir)",scannetpp,ALL,probe1,7bc286c1b6,theta0,0.671553373336792
clean,"cos(g_rel_rot,g_rel_tdir)",scannetpp,ALL,probe1,7bc286c1b6,theta0,-0.3841172456741333
clean,"cos(g_rel_rot,g_base)",scannetpp,lora_early,probe1,7bc286c1b6,theta0,-0.24598929286003113
clean,"cos(g_rel_tdir,g_base)",scannetpp,lora_early,probe1,7bc286c1b6,theta0,0.15383757650852203
clean,"cos(g_rel_rot,g_base)",scannetpp,lora_late,probe1,7bc286c1b6,theta0,0.10298092663288116
clean,"cos(g_rel_tdir,g_base)",scannetpp,lora_late,probe1,7bc286c1b6,theta0,0.28722065687179565
clean,"cos(g_rel_rot,g_base)",scannetpp,cam_token,probe1,7bc286c1b6,theta0,-0.060275886207818985
clean,"cos(g_rel_tdir,g_base)",scannetpp,cam_token,probe1,7bc286c1b6,theta0,-0.11654145270586014
clean,"cos(g_rel_rot,g_base)",scannetpp,ALL,probe1,7bc286c1b6,theta0,-0.08300427347421646
clean,"cos(g_rel_tdir,g_base)",scannetpp,ALL,probe1,7bc286c1b6,theta0,0.16204938292503357
clean,loss[maskdistill],scannetpp,-,probe1,7bc286c1b6,theta0,0.013346322812139988
clean,loss[rkd_sh_d],scannetpp,-,probe1,7bc286c1b6,theta0,3.525660576997325e-05
clean,loss[rkd_sh_a],scannetpp,-,probe1,7bc286c1b6,theta0,2.392063288425561e-05
clean,loss[couple],scannetpp,-,probe1,7bc286c1b6,theta0,1.1803427696577273e-05
clean,loss[rel_rot],scannetpp,-,probe1,7bc286c1b6,theta0,0.0002503855503164232
clean,loss[rel_tdir],scannetpp,-,probe1,7bc286c1b6,theta0,7.136663043638691e-05
m0,"cos(g_maskdistill,g_rkd_sh_d)",scannetpp,lora_early,probe1,7bc286c1b6,theta0,-0.08096642792224884
m0,"cos(g_maskdistill,g_rkd_sh_a)",scannetpp,lora_early,probe1,7bc286c1b6,theta0,-0.056786924600601196
m0,"cos(g_maskdistill,g_couple)",scannetpp,lora_early,probe1,7bc286c1b6,theta0,0.06432154774665833
m0,"cos(g_maskdistill,g_rel_rot)",scannetpp,lora_early,probe1,7bc286c1b6,theta0,-0.09480826556682587
m0,"cos(g_maskdistill,g_rel_tdir)",scannetpp,lora_early,probe1,7bc286c1b6,theta0,-5.050795152783394e-05
m0,"cos(g_rkd_sh_d,g_rkd_sh_a)",scannetpp,lora_early,probe1,7bc286c1b6,theta0,0.5181050896644592
m0,"cos(g_rkd_sh_d,g_couple)",scannetpp,lora_early,probe1,7bc286c1b6,theta0,0.4062231779098511
m0,"cos(g_rkd_sh_d,g_rel_rot)",scannetpp,lora_early,probe1,7bc286c1b6,theta0,0.46231818199157715
m0,"cos(g_rkd_sh_d,g_rel_tdir)",scannetpp,lora_early,probe1,7bc286c1b6,theta0,0.43231797218322754
m0,"cos(g_rkd_sh_a,g_couple)",scannetpp,lora_early,probe1,7bc286c1b6,theta0,-0.2055712193250656
m0,"cos(g_rkd_sh_a,g_rel_rot)",scannetpp,lora_early,probe1,7bc286c1b6,theta0,0.7068025469779968
m0,"cos(g_rkd_sh_a,g_rel_tdir)",scannetpp,lora_early,probe1,7bc286c1b6,theta0,0.5865998268127441
m0,"cos(g_couple,g_rel_rot)",scannetpp,lora_early,probe1,7bc286c1b6,theta0,-0.12469374388456345
m0,"cos(g_couple,g_rel_tdir)",scannetpp,lora_early,probe1,7bc286c1b6,theta0,0.2878875732421875
m0,"cos(g_rel_rot,g_rel_tdir)",scannetpp,lora_early,probe1,7bc286c1b6,theta0,0.7444754242897034
m0,"cos(g_maskdistill,g_rkd_sh_d)",scannetpp,lora_late,probe1,7bc286c1b6,theta0,-0.13258855044841766
m0,"cos(g_maskdistill,g_rkd_sh_a)",scannetpp,lora_late,probe1,7bc286c1b6,theta0,-0.01386771909892559
m0,"cos(g_maskdistill,g_couple)",scannetpp,lora_late,probe1,7bc286c1b6,theta0,-0.013668717816472054
m0,"cos(g_maskdistill,g_rel_rot)",scannetpp,lora_late,probe1,7bc286c1b6,theta0,0.011301666498184204
m0,"cos(g_maskdistill,g_rel_tdir)",scannetpp,lora_late,probe1,7bc286c1b6,theta0,0.07598111033439636
m0,"cos(g_rkd_sh_d,g_rkd_sh_a)",scannetpp,lora_late,probe1,7bc286c1b6,theta0,0.42958852648735046
m0,"cos(g_rkd_sh_d,g_couple)",scannetpp,lora_late,probe1,7bc286c1b6,theta0,0.13602565228939056
m0,"cos(g_rkd_sh_d,g_rel_rot)",scannetpp,lora_late,probe1,7bc286c1b6,theta0,0.2528083920478821
m0,"cos(g_rkd_sh_d,g_rel_tdir)",scannetpp,lora_late,probe1,7bc286c1b6,theta0,0.2240195870399475
m0,"cos(g_rkd_sh_a,g_couple)",scannetpp,lora_late,probe1,7bc286c1b6,theta0,-0.16990593075752258
m0,"cos(g_rkd_sh_a,g_rel_rot)",scannetpp,lora_late,probe1,7bc286c1b6,theta0,0.28017163276672363
m0,"cos(g_rkd_sh_a,g_rel_tdir)",scannetpp,lora_late,probe1,7bc286c1b6,theta0,0.48412394523620605
m0,"cos(g_couple,g_rel_rot)",scannetpp,lora_late,probe1,7bc286c1b6,theta0,-0.18369221687316895
m0,"cos(g_couple,g_rel_tdir)",scannetpp,lora_late,probe1,7bc286c1b6,theta0,-0.02020512893795967
m0,"cos(g_rel_rot,g_rel_tdir)",scannetpp,lora_late,probe1,7bc286c1b6,theta0,0.4981842637062073
m0,"cos(g_maskdistill,g_rkd_sh_d)",scannetpp,cam_token,probe1,7bc286c1b6,theta0,0.4625057280063629
m0,"cos(g_maskdistill,g_rkd_sh_a)",scannetpp,cam_token,probe1,7bc286c1b6,theta0,0.3682017922401428
m0,"cos(g_maskdistill,g_couple)",scannetpp,cam_token,probe1,7bc286c1b6,theta0,0.3153674900531769
m0,"cos(g_maskdistill,g_rel_rot)",scannetpp,cam_token,probe1,7bc286c1b6,theta0,0.25185778737068176
m0,"cos(g_maskdistill,g_rel_tdir)",scannetpp,cam_token,probe1,7bc286c1b6,theta0,0.41667640209198
m0,"cos(g_rkd_sh_d,g_rkd_sh_a)",scannetpp,cam_token,probe1,7bc286c1b6,theta0,0.40682634711265564
m0,"cos(g_rkd_sh_d,g_couple)",scannetpp,cam_token,probe1,7bc286c1b6,theta0,0.21804311871528625
m0,"cos(g_rkd_sh_d,g_rel_rot)",scannetpp,cam_token,probe1,7bc286c1b6,theta0,0.28673601150512695
m0,"cos(g_rkd_sh_d,g_rel_tdir)",scannetpp,cam_token,probe1,7bc286c1b6,theta0,0.3092252016067505
m0,"cos(g_rkd_sh_a,g_couple)",scannetpp,cam_token,probe1,7bc286c1b6,theta0,-0.03316661715507507
m0,"cos(g_rkd_sh_a,g_rel_rot)",scannetpp,cam_token,probe1,7bc286c1b6,theta0,0.33728498220443726
m0,"cos(g_rkd_sh_a,g_rel_tdir)",scannetpp,cam_token,probe1,7bc286c1b6,theta0,0.5243595838546753
m0,"cos(g_couple,g_rel_rot)",scannetpp,cam_token,probe1,7bc286c1b6,theta0,-0.25230342149734497
m0,"cos(g_couple,g_rel_tdir)",scannetpp,cam_token,probe1,7bc286c1b6,theta0,0.058843303471803665
m0,"cos(g_rel_rot,g_rel_tdir)",scannetpp,cam_token,probe1,7bc286c1b6,theta0,0.45264989137649536
m0,"cos(g_maskdistill,g_rkd_sh_d)",scannetpp,ALL,probe1,7bc286c1b6,theta0,-0.07735719531774521
m0,"cos(g_maskdistill,g_rkd_sh_a)",scannetpp,ALL,probe1,7bc286c1b6,theta0,-0.038374923169612885
m0,"cos(g_maskdistill,g_couple)",scannetpp,ALL,probe1,7bc286c1b6,theta0,0.04999610036611557
m0,"cos(g_maskdistill,g_rel_rot)",scannetpp,ALL,probe1,7bc286c1b6,theta0,-0.05617208778858185
m0,"cos(g_maskdistill,g_rel_tdir)",scannetpp,ALL,probe1,7bc286c1b6,theta0,0.017789393663406372
m0,"cos(g_rkd_sh_d,g_rkd_sh_a)",scannetpp,ALL,probe1,7bc286c1b6,theta0,0.486330509185791
m0,"cos(g_rkd_sh_d,g_couple)",scannetpp,ALL,probe1,7bc286c1b6,theta0,0.318196177482605
m0,"cos(g_rkd_sh_d,g_rel_rot)",scannetpp,ALL,probe1,7bc286c1b6,theta0,0.379888653755188
m0,"cos(g_rkd_sh_d,g_rel_tdir)",scannetpp,ALL,probe1,7bc286c1b6,theta0,0.37809285521507263
m0,"cos(g_rkd_sh_a,g_couple)",scannetpp,ALL,probe1,7bc286c1b6,theta0,-0.19169756770133972
m0,"cos(g_rkd_sh_a,g_rel_rot)",scannetpp,ALL,probe1,7bc286c1b6,theta0,0.5281556844711304
m0,"cos(g_rkd_sh_a,g_rel_tdir)",scannetpp,ALL,probe1,7bc286c1b6,theta0,0.5488722324371338
m0,"cos(g_couple,g_rel_rot)",scannetpp,ALL,probe1,7bc286c1b6,theta0,-0.14854401350021362
m0,"cos(g_couple,g_rel_tdir)",scannetpp,ALL,probe1,7bc286c1b6,theta0,0.19608664512634277
m0,"cos(g_rel_rot,g_rel_tdir)",scannetpp,ALL,probe1,7bc286c1b6,theta0,0.6434213519096375
m0,"cos(g_rel_rot,g_base)",scannetpp,lora_early,probe1,7bc286c1b6,theta0,0.15953639149665833
m0,"cos(g_rel_tdir,g_base)",scannetpp,lora_early,probe1,7bc286c1b6,theta0,0.21608802676200867
m0,"cos(g_rel_rot,g_base)",scannetpp,lora_late,probe1,7bc286c1b6,theta0,0.18739628791809082
m0,"cos(g_rel_tdir,g_base)",scannetpp,lora_late,probe1,7bc286c1b6,theta0,0.3655087947845459
m0,"cos(g_rel_rot,g_base)",scannetpp,cam_token,probe1,7bc286c1b6,theta0,0.2753887474536896
m0,"cos(g_rel_tdir,g_base)",scannetpp,cam_token,probe1,7bc286c1b6,theta0,0.4530060887336731
m0,"cos(g_rel_rot,g_base)",scannetpp,ALL,probe1,7bc286c1b6,theta0,0.15907692909240723
m0,"cos(g_rel_tdir,g_base)",scannetpp,ALL,probe1,7bc286c1b6,theta0,0.24245353043079376
m0,loss[maskdistill],scannetpp,-,probe1,7bc286c1b6,theta0,0.16162967681884766
m0,loss[rkd_sh_d],scannetpp,-,probe1,7bc286c1b6,theta0,4.1058439819607884e-05
m0,loss[rkd_sh_a],scannetpp,-,probe1,7bc286c1b6,theta0,0.0003195189347025007
m0,loss[couple],scannetpp,-,probe1,7bc286c1b6,theta0,2.922053909060196e-06
m0,loss[rel_rot],scannetpp,-,probe1,7bc286c1b6,theta0,0.0013979077339172363
m0,loss[rel_tdir],scannetpp,-,probe1,7bc286c1b6,theta0,0.0004598299856297672
clean,"cos(g_maskdistill,g_rkd_sh_d)",scannetpp,lora_early,probe0,7bc286c1b6,theta_base,0.005373995751142502
clean,"cos(g_maskdistill,g_rkd_sh_a)",scannetpp,lora_early,probe0,7bc286c1b6,theta_base,0.015250526368618011
clean,"cos(g_maskdistill,g_couple)",scannetpp,lora_early,probe0,7bc286c1b6,theta_base,-0.033444784581661224
clean,"cos(g_maskdistill,g_rel_rot)",scannetpp,lora_early,probe0,7bc286c1b6,theta_base,0.19400513172149658
clean,"cos(g_maskdistill,g_rel_tdir)",scannetpp,lora_early,probe0,7bc286c1b6,theta_base,0.09954553842544556
clean,"cos(g_rkd_sh_d,g_rkd_sh_a)",scannetpp,lora_early,probe0,7bc286c1b6,theta_base,0.978126585483551
clean,"cos(g_rkd_sh_d,g_couple)",scannetpp,lora_early,probe0,7bc286c1b6,theta_base,0.40691906213760376
clean,"cos(g_rkd_sh_d,g_rel_rot)",scannetpp,lora_early,probe0,7bc286c1b6,theta_base,0.44335460662841797
clean,"cos(g_rkd_sh_d,g_rel_tdir)",scannetpp,lora_early,probe0,7bc286c1b6,theta_base,0.5676992535591125
clean,"cos(g_rkd_sh_a,g_couple)",scannetpp,lora_early,probe0,7bc286c1b6,theta_base,0.40494802594184875
clean,"cos(g_rkd_sh_a,g_rel_rot)",scannetpp,lora_early,probe0,7bc286c1b6,theta_base,0.5258063077926636
clean,"cos(g_rkd_sh_a,g_rel_tdir)",scannetpp,lora_early,probe0,7bc286c1b6,theta_base,0.5998546481132507
clean,"cos(g_couple,g_rel_rot)",scannetpp,lora_early,probe0,7bc286c1b6,theta_base,0.07701846957206726
clean,"cos(g_couple,g_rel_tdir)",scannetpp,lora_early,probe0,7bc286c1b6,theta_base,0.14491049945354462
clean,"cos(g_rel_rot,g_rel_tdir)",scannetpp,lora_early,probe0,7bc286c1b6,theta_base,0.7554919719696045
clean,"cos(g_maskdistill,g_rkd_sh_d)",scannetpp,lora_late,probe0,7bc286c1b6,theta_base,-0.11024850606918335
clean,"cos(g_maskdistill,g_rkd_sh_a)",scannetpp,lora_late,probe0,7bc286c1b6,theta_base,-0.12140154838562012
clean,"cos(g_maskdistill,g_couple)",scannetpp,lora_late,probe0,7bc286c1b6,theta_base,-0.09461766481399536
clean,"cos(g_maskdistill,g_rel_rot)",scannetpp,lora_late,probe0,7bc286c1b6,theta_base,-0.04360489174723625
clean,"cos(g_maskdistill,g_rel_tdir)",scannetpp,lora_late,probe0,7bc286c1b6,theta_base,-0.014685926958918571
clean,"cos(g_rkd_sh_d,g_rkd_sh_a)",scannetpp,lora_late,probe0,7bc286c1b6,theta_base,0.9613085985183716
clean,"cos(g_rkd_sh_d,g_couple)",scannetpp,lora_late,probe0,7bc286c1b6,theta_base,0.2957916259765625
clean,"cos(g_rkd_sh_d,g_rel_rot)",scannetpp,lora_late,probe0,7bc286c1b6,theta_base,0.35719650983810425
clean,"cos(g_rkd_sh_d,g_rel_tdir)",scannetpp,lora_late,probe0,7bc286c1b6,theta_base,0.5628819465637207
clean,"cos(g_rkd_sh_a,g_couple)",scannetpp,lora_late,probe0,7bc286c1b6,theta_base,0.25682350993156433
clean,"cos(g_rkd_sh_a,g_rel_rot)",scannetpp,lora_late,probe0,7bc286c1b6,theta_base,0.4013005793094635
clean,"cos(g_rkd_sh_a,g_rel_tdir)",scannetpp,lora_late,probe0,7bc286c1b6,theta_base,0.5893529057502747
clean,"cos(g_couple,g_rel_rot)",scannetpp,lora_late,probe0,7bc286c1b6,theta_base,-0.023634620010852814
clean,"cos(g_couple,g_rel_tdir)",scannetpp,lora_late,probe0,7bc286c1b6,theta_base,0.19336795806884766
clean,"cos(g_rel_rot,g_rel_tdir)",scannetpp,lora_late,probe0,7bc286c1b6,theta_base,0.48508718609809875
clean,"cos(g_maskdistill,g_rkd_sh_d)",scannetpp,cam_token,probe0,7bc286c1b6,theta_base,-0.04307921230792999
clean,"cos(g_maskdistill,g_rkd_sh_a)",scannetpp,cam_token,probe0,7bc286c1b6,theta_base,-0.0751715749502182
clean,"cos(g_maskdistill,g_couple)",scannetpp,cam_token,probe0,7bc286c1b6,theta_base,-0.049958307296037674
clean,"cos(g_maskdistill,g_rel_rot)",scannetpp,cam_token,probe0,7bc286c1b6,theta_base,0.06986077129840851
clean,"cos(g_maskdistill,g_rel_tdir)",scannetpp,cam_token,probe0,7bc286c1b6,theta_base,0.06542085111141205
clean,"cos(g_rkd_sh_d,g_rkd_sh_a)",scannetpp,cam_token,probe0,7bc286c1b6,theta_base,0.6283437013626099
clean,"cos(g_rkd_sh_d,g_couple)",scannetpp,cam_token,probe0,7bc286c1b6,theta_base,0.06615312397480011
clean,"cos(g_rkd_sh_d,g_rel_rot)",scannetpp,cam_token,probe0,7bc286c1b6,theta_base,0.174518883228302
clean,"cos(g_rkd_sh_d,g_rel_tdir)",scannetpp,cam_token,probe0,7bc286c1b6,theta_base,0.18561527132987976
clean,"cos(g_rkd_sh_a,g_couple)",scannetpp,cam_token,probe0,7bc286c1b6,theta_base,-0.04030418023467064
clean,"cos(g_rkd_sh_a,g_rel_rot)",scannetpp,cam_token,probe0,7bc286c1b6,theta_base,0.2946506142616272
clean,"cos(g_rkd_sh_a,g_rel_tdir)",scannetpp,cam_token,probe0,7bc286c1b6,theta_base,0.3017631471157074
clean,"cos(g_couple,g_rel_rot)",scannetpp,cam_token,probe0,7bc286c1b6,theta_base,-0.06177434325218201
clean,"cos(g_couple,g_rel_tdir)",scannetpp,cam_token,probe0,7bc286c1b6,theta_base,0.255700021982193
clean,"cos(g_rel_rot,g_rel_tdir)",scannetpp,cam_token,probe0,7bc286c1b6,theta_base,0.4212798476219177
clean,"cos(g_maskdistill,g_rkd_sh_d)",scannetpp,ALL,probe0,7bc286c1b6,theta_base,-0.022070499137043953
clean,"cos(g_maskdistill,g_rkd_sh_a)",scannetpp,ALL,probe0,7bc286c1b6,theta_base,-0.019644249230623245
clean,"cos(g_maskdistill,g_couple)",scannetpp,ALL,probe0,7bc286c1b6,theta_base,-0.03327679634094238
clean,"cos(g_maskdistill,g_rel_rot)",scannetpp,ALL,probe0,7bc286c1b6,theta_base,0.10815873742103577
clean,"cos(g_maskdistill,g_rel_tdir)",scannetpp,ALL,probe0,7bc286c1b6,theta_base,0.04126109555363655
clean,"cos(g_rkd_sh_d,g_rkd_sh_a)",scannetpp,ALL,probe0,7bc286c1b6,theta_base,0.9646497368812561
clean,"cos(g_rkd_sh_d,g_couple)",scannetpp,ALL,probe0,7bc286c1b6,theta_base,0.3080270290374756
clean,"cos(g_rkd_sh_d,g_rel_rot)",scannetpp,ALL,probe0,7bc286c1b6,theta_base,0.37720173597335815
clean,"cos(g_rkd_sh_d,g_rel_tdir)",scannetpp,ALL,probe0,7bc286c1b6,theta_base,0.5632195472717285
clean,"cos(g_rkd_sh_a,g_couple)",scannetpp,ALL,probe0,7bc286c1b6,theta_base,0.2753128409385681
clean,"cos(g_rkd_sh_a,g_rel_rot)",scannetpp,ALL,probe0,7bc286c1b6,theta_base,0.4340001046657562
clean,"cos(g_rkd_sh_a,g_rel_tdir)",scannetpp,ALL,probe0,7bc286c1b6,theta_base,0.5910887718200684
clean,"cos(g_couple,g_rel_rot)",scannetpp,ALL,probe0,7bc286c1b6,theta_base,-0.0019670771434903145
clean,"cos(g_couple,g_rel_tdir)",scannetpp,ALL,probe0,7bc286c1b6,theta_base,0.18398061394691467
clean,"cos(g_rel_rot,g_rel_tdir)",scannetpp,ALL,probe0,7bc286c1b6,theta_base,0.5538551807403564
clean,"cos(g_rel_rot,g_base)",scannetpp,lora_early,probe0,7bc286c1b6,theta_base,0.2479170560836792
clean,"cos(g_rel_tdir,g_base)",scannetpp,lora_early,probe0,7bc286c1b6,theta_base,0.1626981943845749
clean,"cos(g_rel_rot,g_base)",scannetpp,lora_late,probe0,7bc286c1b6,theta_base,0.20357444882392883
clean,"cos(g_rel_tdir,g_base)",scannetpp,lora_late,probe0,7bc286c1b6,theta_base,0.36547890305519104
clean,"cos(g_rel_rot,g_base)",scannetpp,cam_token,probe0,7bc286c1b6,theta_base,0.1074901670217514
clean,"cos(g_rel_tdir,g_base)",scannetpp,cam_token,probe0,7bc286c1b6,theta_base,0.12399853765964508
clean,"cos(g_rel_rot,g_base)",scannetpp,ALL,probe0,7bc286c1b6,theta_base,0.19391146302223206
clean,"cos(g_rel_tdir,g_base)",scannetpp,ALL,probe0,7bc286c1b6,theta_base,0.16621771454811096
clean,loss[maskdistill],scannetpp,-,probe0,7bc286c1b6,theta_base,0.010678388178348541
clean,loss[rkd_sh_d],scannetpp,-,probe0,7bc286c1b6,theta_base,6.520958777400665e-07
clean,loss[rkd_sh_a],scannetpp,-,probe0,7bc286c1b6,theta_base,2.489865801180713e-05
clean,loss[couple],scannetpp,-,probe0,7bc286c1b6,theta_base,6.28789439360844e-06
clean,loss[rel_rot],scannetpp,-,probe0,7bc286c1b6,theta_base,7.67827732488513e-05
clean,loss[rel_tdir],scannetpp,-,probe0,7bc286c1b6,theta_base,8.417169738095254e-05
m0,"cos(g_maskdistill,g_rkd_sh_d)",scannetpp,lora_early,probe0,7bc286c1b6,theta_base,0.7291368842124939
m0,"cos(g_maskdistill,g_rkd_sh_a)",scannetpp,lora_early,probe0,7bc286c1b6,theta_base,0.7154739499092102
m0,"cos(g_maskdistill,g_couple)",scannetpp,lora_early,probe0,7bc286c1b6,theta_base,-0.6843570470809937
m0,"cos(g_maskdistill,g_rel_rot)",scannetpp,lora_early,probe0,7bc286c1b6,theta_base,0.695503830909729
m0,"cos(g_maskdistill,g_rel_tdir)",scannetpp,lora_early,probe0,7bc286c1b6,theta_base,0.7300880551338196
m0,"cos(g_rkd_sh_d,g_rkd_sh_a)",scannetpp,lora_early,probe0,7bc286c1b6,theta_base,0.9869674444198608
m0,"cos(g_rkd_sh_d,g_couple)",scannetpp,lora_early,probe0,7bc286c1b6,theta_base,-0.9110074639320374
m0,"cos(g_rkd_sh_d,g_rel_rot)",scannetpp,lora_early,probe0,7bc286c1b6,theta_base,0.9591001272201538
m0,"cos(g_rkd_sh_d,g_rel_tdir)",scannetpp,lora_early,probe0,7bc286c1b6,theta_base,0.9872788190841675
m0,"cos(g_rkd_sh_a,g_couple)",scannetpp,lora_early,probe0,7bc286c1b6,theta_base,-0.9111570715904236
m0,"cos(g_rkd_sh_a,g_rel_rot)",scannetpp,lora_early,probe0,7bc286c1b6,theta_base,0.9334174394607544
m0,"cos(g_rkd_sh_a,g_rel_tdir)",scannetpp,lora_early,probe0,7bc286c1b6,theta_base,0.98731529712677
m0,"cos(g_couple,g_rel_rot)",scannetpp,lora_early,probe0,7bc286c1b6,theta_base,-0.8560500144958496
m0,"cos(g_couple,g_rel_tdir)",scannetpp,lora_early,probe0,7bc286c1b6,theta_base,-0.9054927825927734
m0,"cos(g_rel_rot,g_rel_tdir)",scannetpp,lora_early,probe0,7bc286c1b6,theta_base,0.9597748517990112
m0,"cos(g_maskdistill,g_rkd_sh_d)",scannetpp,lora_late,probe0,7bc286c1b6,theta_base,0.2065063714981079
m0,"cos(g_maskdistill,g_rkd_sh_a)",scannetpp,lora_late,probe0,7bc286c1b6,theta_base,0.15050825476646423
m0,"cos(g_maskdistill,g_couple)",scannetpp,lora_late,probe0,7bc286c1b6,theta_base,-0.06624428927898407
m0,"cos(g_maskdistill,g_rel_rot)",scannetpp,lora_late,probe0,7bc286c1b6,theta_base,0.20447686314582825
m0,"cos(g_maskdistill,g_rel_tdir)",scannetpp,lora_late,probe0,7bc286c1b6,theta_base,0.1812763512134552
m0,"cos(g_rkd_sh_d,g_rkd_sh_a)",scannetpp,lora_late,probe0,7bc286c1b6,theta_base,0.7329967617988586
m0,"cos(g_rkd_sh_d,g_couple)",scannetpp,lora_late,probe0,7bc286c1b6,theta_base,-0.23177428543567657
m0,"cos(g_rkd_sh_d,g_rel_rot)",scannetpp,lora_late,probe0,7bc286c1b6,theta_base,0.4133142828941345
m0,"cos(g_rkd_sh_d,g_rel_tdir)",scannetpp,lora_late,probe0,7bc286c1b6,theta_base,0.6537042260169983
m0,"cos(g_rkd_sh_a,g_couple)",scannetpp,lora_late,probe0,7bc286c1b6,theta_base,-0.2315652221441269
m0,"cos(g_rkd_sh_a,g_rel_rot)",scannetpp,lora_late,probe0,7bc286c1b6,theta_base,0.2275432050228119
m0,"cos(g_rkd_sh_a,g_rel_tdir)",scannetpp,lora_late,probe0,7bc286c1b6,theta_base,0.7036693692207336
m0,"cos(g_couple,g_rel_rot)",scannetpp,lora_late,probe0,7bc286c1b6,theta_base,-0.056099746376276016
m0,"cos(g_couple,g_rel_tdir)",scannetpp,lora_late,probe0,7bc286c1b6,theta_base,-0.20318984985351562
m0,"cos(g_rel_rot,g_rel_tdir)",scannetpp,lora_late,probe0,7bc286c1b6,theta_base,0.36581170558929443
m0,"cos(g_maskdistill,g_rkd_sh_d)",scannetpp,cam_token,probe0,7bc286c1b6,theta_base,0.08627396821975708
m0,"cos(g_maskdistill,g_rkd_sh_a)",scannetpp,cam_token,probe0,7bc286c1b6,theta_base,0.06170116737484932
m0,"cos(g_maskdistill,g_couple)",scannetpp,cam_token,probe0,7bc286c1b6,theta_base,-0.15091073513031006
m0,"cos(g_maskdistill,g_rel_rot)",scannetpp,cam_token,probe0,7bc286c1b6,theta_base,-0.21100103855133057
m0,"cos(g_maskdistill,g_rel_tdir)",scannetpp,cam_token,probe0,7bc286c1b6,theta_base,-0.20410706102848053
m0,"cos(g_rkd_sh_d,g_rkd_sh_a)",scannetpp,cam_token,probe0,7bc286c1b6,theta_base,0.8972824811935425
m0,"cos(g_rkd_sh_d,g_couple)",scannetpp,cam_token,probe0,7bc286c1b6,theta_base,-0.36991673707962036
m0,"cos(g_rkd_sh_d,g_rel_rot)",scannetpp,cam_token,probe0,7bc286c1b6,theta_base,0.6793623566627502
m0,"cos(g_rkd_sh_d,g_rel_tdir)",scannetpp,cam_token,probe0,7bc286c1b6,theta_base,0.8356330394744873
m0,"cos(g_rkd_sh_a,g_couple)",scannetpp,cam_token,probe0,7bc286c1b6,theta_base,-0.3964754045009613
m0,"cos(g_rkd_sh_a,g_rel_rot)",scannetpp,cam_token,probe0,7bc286c1b6,theta_base,0.618622899055481
m0,"cos(g_rkd_sh_a,g_rel_tdir)",scannetpp,cam_token,probe0,7bc286c1b6,theta_base,0.8694300651550293
m0,"cos(g_couple,g_rel_rot)",scannetpp,cam_token,probe0,7bc286c1b6,theta_base,-0.26384806632995605
m0,"cos(g_couple,g_rel_tdir)",scannetpp,cam_token,probe0,7bc286c1b6,theta_base,-0.404959499835968
m0,"cos(g_rel_rot,g_rel_tdir)",scannetpp,cam_token,probe0,7bc286c1b6,theta_base,0.7088978290557861
m0,"cos(g_maskdistill,g_rkd_sh_d)",scannetpp,ALL,probe0,7bc286c1b6,theta_base,0.7022931575775146
m0,"cos(g_maskdistill,g_rkd_sh_a)",scannetpp,ALL,probe0,7bc286c1b6,theta_base,0.6848397254943848
m0,"cos(g_maskdistill,g_couple)",scannetpp,ALL,probe0,7bc286c1b6,theta_base,-0.6124897003173828
m0,"cos(g_maskdistill,g_rel_rot)",scannetpp,ALL,probe0,7bc286c1b6,theta_base,0.6586484313011169
m0,"cos(g_maskdistill,g_rel_tdir)",scannetpp,ALL,probe0,7bc286c1b6,theta_base,0.6969585418701172
m0,"cos(g_rkd_sh_d,g_rkd_sh_a)",scannetpp,ALL,probe0,7bc286c1b6,theta_base,0.9769332408905029
m0,"cos(g_rkd_sh_d,g_couple)",scannetpp,ALL,probe0,7bc286c1b6,theta_base,-0.8361359238624573
m0,"cos(g_rkd_sh_d,g_rel_rot)",scannetpp,ALL,probe0,7bc286c1b6,theta_base,0.9249526262283325
m0,"cos(g_rkd_sh_d,g_rel_tdir)",scannetpp,ALL,probe0,7bc286c1b6,theta_base,0.9717375040054321
m0,"cos(g_rkd_sh_a,g_couple)",scannetpp,ALL,probe0,7bc286c1b6,theta_base,-0.834921658039093
m0,"cos(g_rkd_sh_a,g_rel_rot)",scannetpp,ALL,probe0,7bc286c1b6,theta_base,0.8887253999710083
m0,"cos(g_rkd_sh_a,g_rel_tdir)",scannetpp,ALL,probe0,7bc286c1b6,theta_base,0.9734082221984863
m0,"cos(g_couple,g_rel_rot)",scannetpp,ALL,probe0,7bc286c1b6,theta_base,-0.7570531368255615
m0,"cos(g_couple,g_rel_tdir)",scannetpp,ALL,probe0,7bc286c1b6,theta_base,-0.8248757123947144
m0,"cos(g_rel_rot,g_rel_tdir)",scannetpp,ALL,probe0,7bc286c1b6,theta_base,0.9190206527709961
m0,"cos(g_rel_rot,g_base)",scannetpp,lora_early,probe0,7bc286c1b6,theta_base,0.9004396796226501
m0,"cos(g_rel_tdir,g_base)",scannetpp,lora_early,probe0,7bc286c1b6,theta_base,0.949259877204895
m0,"cos(g_rel_rot,g_base)",scannetpp,lora_late,probe0,7bc286c1b6,theta_base,0.2913758158683777
m0,"cos(g_rel_tdir,g_base)",scannetpp,lora_late,probe0,7bc286c1b6,theta_base,0.610885500907898
m0,"cos(g_rel_rot,g_base)",scannetpp,cam_token,probe0,7bc286c1b6,theta_base,0.07327786087989807
m0,"cos(g_rel_tdir,g_base)",scannetpp,cam_token,probe0,7bc286c1b6,theta_base,0.18247626721858978
m0,"cos(g_rel_rot,g_base)",scannetpp,ALL,probe0,7bc286c1b6,theta_base,0.8630520105361938
m0,"cos(g_rel_tdir,g_base)",scannetpp,ALL,probe0,7bc286c1b6,theta_base,0.933218240737915
m0,loss[maskdistill],scannetpp,-,probe0,7bc286c1b6,theta_base,0.12628144025802612
m0,loss[rkd_sh_d],scannetpp,-,probe0,7bc286c1b6,theta_base,1.7281279724556953e-05
m0,loss[rkd_sh_a],scannetpp,-,probe0,7bc286c1b6,theta_base,0.0003116183797828853
m0,loss[couple],scannetpp,-,probe0,7bc286c1b6,theta_base,2.588624283816898e-07
m0,loss[rel_rot],scannetpp,-,probe0,7bc286c1b6,theta_base,0.000724612909834832
m0,loss[rel_tdir],scannetpp,-,probe0,7bc286c1b6,theta_base,0.0006064176559448242
clean,"cos(g_maskdistill,g_rkd_sh_d)",scannetpp,lora_early,probe1,7bc286c1b6,theta_base,-0.10908051580190659
clean,"cos(g_maskdistill,g_rkd_sh_a)",scannetpp,lora_early,probe1,7bc286c1b6,theta_base,0.07909725606441498
clean,"cos(g_maskdistill,g_couple)",scannetpp,lora_early,probe1,7bc286c1b6,theta_base,-0.09468027949333191
clean,"cos(g_maskdistill,g_rel_rot)",scannetpp,lora_early,probe1,7bc286c1b6,theta_base,0.07383522391319275
clean,"cos(g_maskdistill,g_rel_tdir)",scannetpp,lora_early,probe1,7bc286c1b6,theta_base,0.015061654150485992
clean,"cos(g_rkd_sh_d,g_rkd_sh_a)",scannetpp,lora_early,probe1,7bc286c1b6,theta_base,0.7942016124725342
clean,"cos(g_rkd_sh_d,g_couple)",scannetpp,lora_early,probe1,7bc286c1b6,theta_base,0.8268833160400391
clean,"cos(g_rkd_sh_d,g_rel_rot)",scannetpp,lora_early,probe1,7bc286c1b6,theta_base,-0.6563801169395447
clean,"cos(g_rkd_sh_d,g_rel_tdir)",scannetpp,lora_early,probe1,7bc286c1b6,theta_base,0.9382537603378296
clean,"cos(g_rkd_sh_a,g_couple)",scannetpp,lora_early,probe1,7bc286c1b6,theta_base,0.46851587295532227
clean,"cos(g_rkd_sh_a,g_rel_rot)",scannetpp,lora_early,probe1,7bc286c1b6,theta_base,-0.6180130243301392
clean,"cos(g_rkd_sh_a,g_rel_tdir)",scannetpp,lora_early,probe1,7bc286c1b6,theta_base,0.9184898734092712
clean,"cos(g_couple,g_rel_rot)",scannetpp,lora_early,probe1,7bc286c1b6,theta_base,-0.4651426076889038
clean,"cos(g_couple,g_rel_tdir)",scannetpp,lora_early,probe1,7bc286c1b6,theta_base,0.7216810584068298
clean,"cos(g_rel_rot,g_rel_tdir)",scannetpp,lora_early,probe1,7bc286c1b6,theta_base,-0.7007027864456177
clean,"cos(g_maskdistill,g_rkd_sh_d)",scannetpp,lora_late,probe1,7bc286c1b6,theta_base,0.036919478327035904
clean,"cos(g_maskdistill,g_rkd_sh_a)",scannetpp,lora_late,probe1,7bc286c1b6,theta_base,-9.071873500943184e-05
clean,"cos(g_maskdistill,g_couple)",scannetpp,lora_late,probe1,7bc286c1b6,theta_base,0.06107843667268753
clean,"cos(g_maskdistill,g_rel_rot)",scannetpp,lora_late,probe1,7bc286c1b6,theta_base,0.008771845139563084
clean,"cos(g_maskdistill,g_rel_tdir)",scannetpp,lora_late,probe1,7bc286c1b6,theta_base,0.01489162165671587
clean,"cos(g_rkd_sh_d,g_rkd_sh_a)",scannetpp,lora_late,probe1,7bc286c1b6,theta_base,0.07528482377529144
clean,"cos(g_rkd_sh_d,g_couple)",scannetpp,lora_late,probe1,7bc286c1b6,theta_base,0.2277662456035614
clean,"cos(g_rkd_sh_d,g_rel_rot)",scannetpp,lora_late,probe1,7bc286c1b6,theta_base,0.13652926683425903
clean,"cos(g_rkd_sh_d,g_rel_tdir)",scannetpp,lora_late,probe1,7bc286c1b6,theta_base,0.24491053819656372
clean,"cos(g_rkd_sh_a,g_couple)",scannetpp,lora_late,probe1,7bc286c1b6,theta_base,-0.07592132687568665
clean,"cos(g_rkd_sh_a,g_rel_rot)",scannetpp,lora_late,probe1,7bc286c1b6,theta_base,0.0949322059750557
clean,"cos(g_rkd_sh_a,g_rel_tdir)",scannetpp,lora_late,probe1,7bc286c1b6,theta_base,0.7441413998603821
clean,"cos(g_couple,g_rel_rot)",scannetpp,lora_late,probe1,7bc286c1b6,theta_base,0.24460481107234955
clean,"cos(g_couple,g_rel_tdir)",scannetpp,lora_late,probe1,7bc286c1b6,theta_base,-0.019010283052921295
clean,"cos(g_rel_rot,g_rel_tdir)",scannetpp,lora_late,probe1,7bc286c1b6,theta_base,0.07806287705898285
clean,"cos(g_maskdistill,g_rkd_sh_d)",scannetpp,cam_token,probe1,7bc286c1b6,theta_base,-0.017702188342809677
clean,"cos(g_maskdistill,g_rkd_sh_a)",scannetpp,cam_token,probe1,7bc286c1b6,theta_base,0.11659114807844162
clean,"cos(g_maskdistill,g_couple)",scannetpp,cam_token,probe1,7bc286c1b6,theta_base,0.13015016913414001
clean,"cos(g_maskdistill,g_rel_rot)",scannetpp,cam_token,probe1,7bc286c1b6,theta_base,-0.008067714050412178
clean,"cos(g_maskdistill,g_rel_tdir)",scannetpp,cam_token,probe1,7bc286c1b6,theta_base,0.10372111201286316
clean,"cos(g_rkd_sh_d,g_rkd_sh_a)",scannetpp,cam_token,probe1,7bc286c1b6,theta_base,0.26543542742729187
clean,"cos(g_rkd_sh_d,g_couple)",scannetpp,cam_token,probe1,7bc286c1b6,theta_base,0.2228402942419052
clean,"cos(g_rkd_sh_d,g_rel_rot)",scannetpp,cam_token,probe1,7bc286c1b6,theta_base,0.029329683631658554
clean,"cos(g_rkd_sh_d,g_rel_tdir)",scannetpp,cam_token,probe1,7bc286c1b6,theta_base,0.4623172879219055
clean,"cos(g_rkd_sh_a,g_couple)",scannetpp,cam_token,probe1,7bc286c1b6,theta_base,-0.008190850727260113
clean,"cos(g_rkd_sh_a,g_rel_rot)",scannetpp,cam_token,probe1,7bc286c1b6,theta_base,0.12341746687889099
clean,"cos(g_rkd_sh_a,g_rel_tdir)",scannetpp,cam_token,probe1,7bc286c1b6,theta_base,0.8344313502311707
clean,"cos(g_couple,g_rel_rot)",scannetpp,cam_token,probe1,7bc286c1b6,theta_base,0.35969990491867065
clean,"cos(g_couple,g_rel_tdir)",scannetpp,cam_token,probe1,7bc286c1b6,theta_base,0.013331408612430096
clean,"cos(g_rel_rot,g_rel_tdir)",scannetpp,cam_token,probe1,7bc286c1b6,theta_base,0.21979820728302002
clean,"cos(g_maskdistill,g_rkd_sh_d)",scannetpp,ALL,probe1,7bc286c1b6,theta_base,-0.09103548526763916
clean,"cos(g_maskdistill,g_rkd_sh_a)",scannetpp,ALL,probe1,7bc286c1b6,theta_base,0.061067134141922
clean,"cos(g_maskdistill,g_couple)",scannetpp,ALL,probe1,7bc286c1b6,theta_base,-0.04364472255110741
clean,"cos(g_maskdistill,g_rel_rot)",scannetpp,ALL,probe1,7bc286c1b6,theta_base,0.03122851625084877
clean,"cos(g_maskdistill,g_rel_tdir)",scannetpp,ALL,probe1,7bc286c1b6,theta_base,0.01515556313097477
clean,"cos(g_rkd_sh_d,g_rkd_sh_a)",scannetpp,ALL,probe1,7bc286c1b6,theta_base,0.6112780570983887
clean,"cos(g_rkd_sh_d,g_couple)",scannetpp,ALL,probe1,7bc286c1b6,theta_base,0.5662720203399658
clean,"cos(g_rkd_sh_d,g_rel_rot)",scannetpp,ALL,probe1,7bc286c1b6,theta_base,-0.20293933153152466
clean,"cos(g_rkd_sh_d,g_rel_tdir)",scannetpp,ALL,probe1,7bc286c1b6,theta_base,0.821515679359436
clean,"cos(g_rkd_sh_a,g_couple)",scannetpp,ALL,probe1,7bc286c1b6,theta_base,0.21515241265296936
clean,"cos(g_rkd_sh_a,g_rel_rot)",scannetpp,ALL,probe1,7bc286c1b6,theta_base,-0.15580907464027405
clean,"cos(g_rkd_sh_a,g_rel_tdir)",scannetpp,ALL,probe1,7bc286c1b6,theta_base,0.8597755432128906
clean,"cos(g_couple,g_rel_rot)",scannetpp,ALL,probe1,7bc286c1b6,theta_base,0.04326147958636284
clean,"cos(g_couple,g_rel_tdir)",scannetpp,ALL,probe1,7bc286c1b6,theta_base,0.4196808338165283
clean,"cos(g_rel_rot,g_rel_tdir)",scannetpp,ALL,probe1,7bc286c1b6,theta_base,-0.22918915748596191
clean,"cos(g_rel_rot,g_base)",scannetpp,lora_early,probe1,7bc286c1b6,theta_base,-0.16012269258499146
clean,"cos(g_rel_tdir,g_base)",scannetpp,lora_early,probe1,7bc286c1b6,theta_base,0.35159555077552795
clean,"cos(g_rel_rot,g_base)",scannetpp,lora_late,probe1,7bc286c1b6,theta_base,0.09126037359237671
clean,"cos(g_rel_tdir,g_base)",scannetpp,lora_late,probe1,7bc286c1b6,theta_base,0.41211676597595215
clean,"cos(g_rel_rot,g_base)",scannetpp,cam_token,probe1,7bc286c1b6,theta_base,0.021829737350344658
clean,"cos(g_rel_tdir,g_base)",scannetpp,cam_token,probe1,7bc286c1b6,theta_base,0.2367863655090332
clean,"cos(g_rel_rot,g_base)",scannetpp,ALL,probe1,7bc286c1b6,theta_base,-0.03366561979055405
clean,"cos(g_rel_tdir,g_base)",scannetpp,ALL,probe1,7bc286c1b6,theta_base,0.3578290641307831
clean,loss[maskdistill],scannetpp,-,probe1,7bc286c1b6,theta_base,0.013402855023741722
clean,loss[rkd_sh_d],scannetpp,-,probe1,7bc286c1b6,theta_base,3.241385638830252e-05
clean,loss[rkd_sh_a],scannetpp,-,probe1,7bc286c1b6,theta_base,4.978609649697319e-05
clean,loss[couple],scannetpp,-,probe1,7bc286c1b6,theta_base,6.351576303131878e-06
clean,loss[rel_rot],scannetpp,-,probe1,7bc286c1b6,theta_base,0.0001365355565212667
clean,loss[rel_tdir],scannetpp,-,probe1,7bc286c1b6,theta_base,7.218122482299805e-05
m0,"cos(g_maskdistill,g_rkd_sh_d)",scannetpp,lora_early,probe1,7bc286c1b6,theta_base,-0.17119599878787994
m0,"cos(g_maskdistill,g_rkd_sh_a)",scannetpp,lora_early,probe1,7bc286c1b6,theta_base,0.14442595839500427
m0,"cos(g_maskdistill,g_couple)",scannetpp,lora_early,probe1,7bc286c1b6,theta_base,0.2387358397245407
m0,"cos(g_maskdistill,g_rel_rot)",scannetpp,lora_early,probe1,7bc286c1b6,theta_base,0.17514780163764954
m0,"cos(g_maskdistill,g_rel_tdir)",scannetpp,lora_early,probe1,7bc286c1b6,theta_base,0.2166578471660614
m0,"cos(g_rkd_sh_d,g_rkd_sh_a)",scannetpp,lora_early,probe1,7bc286c1b6,theta_base,0.2810920476913452
m0,"cos(g_rkd_sh_d,g_couple)",scannetpp,lora_early,probe1,7bc286c1b6,theta_base,-0.40637239813804626
m0,"cos(g_rkd_sh_d,g_rel_rot)",scannetpp,lora_early,probe1,7bc286c1b6,theta_base,0.38272249698638916
m0,"cos(g_rkd_sh_d,g_rel_tdir)",scannetpp,lora_early,probe1,7bc286c1b6,theta_base,0.32718485593795776
m0,"cos(g_rkd_sh_a,g_couple)",scannetpp,lora_early,probe1,7bc286c1b6,theta_base,0.5076140761375427
m0,"cos(g_rkd_sh_a,g_rel_rot)",scannetpp,lora_early,probe1,7bc286c1b6,theta_base,0.65474534034729
m0,"cos(g_rkd_sh_a,g_rel_tdir)",scannetpp,lora_early,probe1,7bc286c1b6,theta_base,0.8121640086174011
m0,"cos(g_couple,g_rel_rot)",scannetpp,lora_early,probe1,7bc286c1b6,theta_base,0.40061017870903015
m0,"cos(g_couple,g_rel_tdir)",scannetpp,lora_early,probe1,7bc286c1b6,theta_base,0.39721840620040894
m0,"cos(g_rel_rot,g_rel_tdir)",scannetpp,lora_early,probe1,7bc286c1b6,theta_base,0.7627744674682617
m0,"cos(g_maskdistill,g_rkd_sh_d)",scannetpp,lora_late,probe1,7bc286c1b6,theta_base,-0.09870544075965881
m0,"cos(g_maskdistill,g_rkd_sh_a)",scannetpp,lora_late,probe1,7bc286c1b6,theta_base,-0.00014250446110963821
m0,"cos(g_maskdistill,g_couple)",scannetpp,lora_late,probe1,7bc286c1b6,theta_base,0.06925725191831589
m0,"cos(g_maskdistill,g_rel_rot)",scannetpp,lora_late,probe1,7bc286c1b6,theta_base,-0.007307416759431362
m0,"cos(g_maskdistill,g_rel_tdir)",scannetpp,lora_late,probe1,7bc286c1b6,theta_base,-0.009265866130590439
m0,"cos(g_rkd_sh_d,g_rkd_sh_a)",scannetpp,lora_late,probe1,7bc286c1b6,theta_base,0.2857402563095093
m0,"cos(g_rkd_sh_d,g_couple)",scannetpp,lora_late,probe1,7bc286c1b6,theta_base,-0.20288854837417603
m0,"cos(g_rkd_sh_d,g_rel_rot)",scannetpp,lora_late,probe1,7bc286c1b6,theta_base,0.2276686429977417
m0,"cos(g_rkd_sh_d,g_rel_tdir)",scannetpp,lora_late,probe1,7bc286c1b6,theta_base,0.2972939610481262
m0,"cos(g_rkd_sh_a,g_couple)",scannetpp,lora_late,probe1,7bc286c1b6,theta_base,0.11130984872579575
m0,"cos(g_rkd_sh_a,g_rel_rot)",scannetpp,lora_late,probe1,7bc286c1b6,theta_base,0.3423338830471039
m0,"cos(g_rkd_sh_a,g_rel_tdir)",scannetpp,lora_late,probe1,7bc286c1b6,theta_base,0.41202956438064575
m0,"cos(g_couple,g_rel_rot)",scannetpp,lora_late,probe1,7bc286c1b6,theta_base,0.20450183749198914
m0,"cos(g_couple,g_rel_tdir)",scannetpp,lora_late,probe1,7bc286c1b6,theta_base,0.050305306911468506
m0,"cos(g_rel_rot,g_rel_tdir)",scannetpp,lora_late,probe1,7bc286c1b6,theta_base,0.42635807394981384
m0,"cos(g_maskdistill,g_rkd_sh_d)",scannetpp,cam_token,probe1,7bc286c1b6,theta_base,0.42966634035110474
m0,"cos(g_maskdistill,g_rkd_sh_a)",scannetpp,cam_token,probe1,7bc286c1b6,theta_base,0.1901470273733139
m0,"cos(g_maskdistill,g_couple)",scannetpp,cam_token,probe1,7bc286c1b6,theta_base,-0.036335475742816925
m0,"cos(g_maskdistill,g_rel_rot)",scannetpp,cam_token,probe1,7bc286c1b6,theta_base,0.17794731259346008
m0,"cos(g_maskdistill,g_rel_tdir)",scannetpp,cam_token,probe1,7bc286c1b6,theta_base,0.31000590324401855
m0,"cos(g_rkd_sh_d,g_rkd_sh_a)",scannetpp,cam_token,probe1,7bc286c1b6,theta_base,0.2427401840686798
m0,"cos(g_rkd_sh_d,g_couple)",scannetpp,cam_token,probe1,7bc286c1b6,theta_base,-0.048562951385974884
m0,"cos(g_rkd_sh_d,g_rel_rot)",scannetpp,cam_token,probe1,7bc286c1b6,theta_base,0.2246866673231125
m0,"cos(g_rkd_sh_d,g_rel_tdir)",scannetpp,cam_token,probe1,7bc286c1b6,theta_base,0.30427539348602295
m0,"cos(g_rkd_sh_a,g_couple)",scannetpp,cam_token,probe1,7bc286c1b6,theta_base,0.14126138389110565
m0,"cos(g_rkd_sh_a,g_rel_rot)",scannetpp,cam_token,probe1,7bc286c1b6,theta_base,0.3897036910057068
m0,"cos(g_rkd_sh_a,g_rel_tdir)",scannetpp,cam_token,probe1,7bc286c1b6,theta_base,0.5081514120101929
m0,"cos(g_couple,g_rel_rot)",scannetpp,cam_token,probe1,7bc286c1b6,theta_base,0.3759181499481201
m0,"cos(g_couple,g_rel_tdir)",scannetpp,cam_token,probe1,7bc286c1b6,theta_base,0.2612588405609131
m0,"cos(g_rel_rot,g_rel_tdir)",scannetpp,cam_token,probe1,7bc286c1b6,theta_base,0.361067533493042
m0,"cos(g_maskdistill,g_rkd_sh_d)",scannetpp,ALL,probe1,7bc286c1b6,theta_base,-0.14878708124160767
m0,"cos(g_maskdistill,g_rkd_sh_a)",scannetpp,ALL,probe1,7bc286c1b6,theta_base,0.11316459625959396
m0,"cos(g_maskdistill,g_couple)",scannetpp,ALL,probe1,7bc286c1b6,theta_base,0.18217027187347412
m0,"cos(g_maskdistill,g_rel_rot)",scannetpp,ALL,probe1,7bc286c1b6,theta_base,0.12949831783771515
m0,"cos(g_maskdistill,g_rel_tdir)",scannetpp,ALL,probe1,7bc286c1b6,theta_base,0.16844743490219116
m0,"cos(g_rkd_sh_d,g_rkd_sh_a)",scannetpp,ALL,probe1,7bc286c1b6,theta_base,0.28237247467041016
m0,"cos(g_rkd_sh_d,g_couple)",scannetpp,ALL,probe1,7bc286c1b6,theta_base,-0.3252907395362854
m0,"cos(g_rkd_sh_d,g_rel_rot)",scannetpp,ALL,probe1,7bc286c1b6,theta_base,0.3250747323036194
m0,"cos(g_rkd_sh_d,g_rel_tdir)",scannetpp,ALL,probe1,7bc286c1b6,theta_base,0.3170853853225708
m0,"cos(g_rkd_sh_a,g_couple)",scannetpp,ALL,probe1,7bc286c1b6,theta_base,0.34809184074401855
m0,"cos(g_rkd_sh_a,g_rel_rot)",scannetpp,ALL,probe1,7bc286c1b6,theta_base,0.5355262160301208
m0,"cos(g_rkd_sh_a,g_rel_tdir)",scannetpp,ALL,probe1,7bc286c1b6,theta_base,0.6731702089309692
m0,"cos(g_couple,g_rel_rot)",scannetpp,ALL,probe1,7bc286c1b6,theta_base,0.3166070282459259
m0,"cos(g_couple,g_rel_tdir)",scannetpp,ALL,probe1,7bc286c1b6,theta_base,0.2581942677497864
m0,"cos(g_rel_rot,g_rel_tdir)",scannetpp,ALL,probe1,7bc286c1b6,theta_base,0.6338912844657898
m0,"cos(g_rel_rot,g_base)",scannetpp,lora_early,probe1,7bc286c1b6,theta_base,0.3263838589191437
m0,"cos(g_rel_tdir,g_base)",scannetpp,lora_early,probe1,7bc286c1b6,theta_base,0.3991696834564209
m0,"cos(g_rel_rot,g_base)",scannetpp,lora_late,probe1,7bc286c1b6,theta_base,0.2038121372461319
m0,"cos(g_rel_tdir,g_base)",scannetpp,lora_late,probe1,7bc286c1b6,theta_base,0.23716884851455688
m0,"cos(g_rel_rot,g_base)",scannetpp,cam_token,probe1,7bc286c1b6,theta_base,0.23316314816474915
m0,"cos(g_rel_tdir,g_base)",scannetpp,cam_token,probe1,7bc286c1b6,theta_base,0.37552177906036377
m0,"cos(g_rel_rot,g_base)",scannetpp,ALL,probe1,7bc286c1b6,theta_base,0.2775460183620453
m0,"cos(g_rel_tdir,g_base)",scannetpp,ALL,probe1,7bc286c1b6,theta_base,0.3488331437110901
m0,loss[maskdistill],scannetpp,-,probe1,7bc286c1b6,theta_base,0.12700970470905304
m0,loss[rkd_sh_d],scannetpp,-,probe1,7bc286c1b6,theta_base,2.6406041797599755e-05
m0,loss[rkd_sh_a],scannetpp,-,probe1,7bc286c1b6,theta_base,0.00017509532335679978
m0,loss[couple],scannetpp,-,probe1,7bc286c1b6,theta_base,4.210374299873365e-06
m0,loss[rel_rot],scannetpp,-,probe1,7bc286c1b6,theta_base,0.0009723537368699908
m0,loss[rel_tdir],scannetpp,-,probe1,7bc286c1b6,theta_base,0.00048605602933093905
clean,"cos(g_maskdistill,g_rkd_sh_d)",scannetpp,lora_early,probe0,7bc286c1b6,theta_rel,-0.07942094653844833
clean,"cos(g_maskdistill,g_rkd_sh_a)",scannetpp,lora_early,probe0,7bc286c1b6,theta_rel,-0.12419549375772476
clean,"cos(g_maskdistill,g_couple)",scannetpp,lora_early,probe0,7bc286c1b6,theta_rel,-0.1840759813785553
clean,"cos(g_maskdistill,g_rel_rot)",scannetpp,lora_early,probe0,7bc286c1b6,theta_rel,0.016039522364735603
clean,"cos(g_maskdistill,g_rel_tdir)",scannetpp,lora_early,probe0,7bc286c1b6,theta_rel,-0.11046724766492844
clean,"cos(g_rkd_sh_d,g_rkd_sh_a)",scannetpp,lora_early,probe0,7bc286c1b6,theta_rel,0.6994373202323914
clean,"cos(g_rkd_sh_d,g_couple)",scannetpp,lora_early,probe0,7bc286c1b6,theta_rel,0.2486797720193863
clean,"cos(g_rkd_sh_d,g_rel_rot)",scannetpp,lora_early,probe0,7bc286c1b6,theta_rel,0.036396365612745285
clean,"cos(g_rkd_sh_d,g_rel_tdir)",scannetpp,lora_early,probe0,7bc286c1b6,theta_rel,0.4990663230419159
clean,"cos(g_rkd_sh_a,g_couple)",scannetpp,lora_early,probe0,7bc286c1b6,theta_rel,0.4514908194541931
clean,"cos(g_rkd_sh_a,g_rel_rot)",scannetpp,lora_early,probe0,7bc286c1b6,theta_rel,0.5354347229003906
clean,"cos(g_rkd_sh_a,g_rel_tdir)",scannetpp,lora_early,probe0,7bc286c1b6,theta_rel,0.9181277751922607
clean,"cos(g_couple,g_rel_rot)",scannetpp,lora_early,probe0,7bc286c1b6,theta_rel,0.11340397596359253
clean,"cos(g_couple,g_rel_tdir)",scannetpp,lora_early,probe0,7bc286c1b6,theta_rel,0.3719497323036194
clean,"cos(g_rel_rot,g_rel_tdir)",scannetpp,lora_early,probe0,7bc286c1b6,theta_rel,0.7659050226211548
clean,"cos(g_maskdistill,g_rkd_sh_d)",scannetpp,lora_late,probe0,7bc286c1b6,theta_rel,-0.02581421472132206
clean,"cos(g_maskdistill,g_rkd_sh_a)",scannetpp,lora_late,probe0,7bc286c1b6,theta_rel,-0.13046154379844666
clean,"cos(g_maskdistill,g_couple)",scannetpp,lora_late,probe0,7bc286c1b6,theta_rel,-0.1051979809999466
clean,"cos(g_maskdistill,g_rel_rot)",scannetpp,lora_late,probe0,7bc286c1b6,theta_rel,-0.08596251159906387
clean,"cos(g_maskdistill,g_rel_tdir)",scannetpp,lora_late,probe0,7bc286c1b6,theta_rel,-0.13551265001296997
clean,"cos(g_rkd_sh_d,g_rkd_sh_a)",scannetpp,lora_late,probe0,7bc286c1b6,theta_rel,0.7509796619415283
clean,"cos(g_rkd_sh_d,g_couple)",scannetpp,lora_late,probe0,7bc286c1b6,theta_rel,0.1638118177652359
clean,"cos(g_rkd_sh_d,g_rel_rot)",scannetpp,lora_late,probe0,7bc286c1b6,theta_rel,0.2301831692457199
clean,"cos(g_rkd_sh_d,g_rel_tdir)",scannetpp,lora_late,probe0,7bc286c1b6,theta_rel,0.616139829158783
clean,"cos(g_rkd_sh_a,g_couple)",scannetpp,lora_late,probe0,7bc286c1b6,theta_rel,0.22543293237686157
clean,"cos(g_rkd_sh_a,g_rel_rot)",scannetpp,lora_late,probe0,7bc286c1b6,theta_rel,0.40644657611846924
clean,"cos(g_rkd_sh_a,g_rel_tdir)",scannetpp,lora_late,probe0,7bc286c1b6,theta_rel,0.8994438648223877
clean,"cos(g_couple,g_rel_rot)",scannetpp,lora_late,probe0,7bc286c1b6,theta_rel,0.09653352200984955
clean,"cos(g_couple,g_rel_tdir)",scannetpp,lora_late,probe0,7bc286c1b6,theta_rel,0.26824718713760376
clean,"cos(g_rel_rot,g_rel_tdir)",scannetpp,lora_late,probe0,7bc286c1b6,theta_rel,0.5096210241317749
clean,"cos(g_maskdistill,g_rkd_sh_d)",scannetpp,cam_token,probe0,7bc286c1b6,theta_rel,0.05599357560276985
clean,"cos(g_maskdistill,g_rkd_sh_a)",scannetpp,cam_token,probe0,7bc286c1b6,theta_rel,-0.005420761648565531
clean,"cos(g_maskdistill,g_couple)",scannetpp,cam_token,probe0,7bc286c1b6,theta_rel,-0.007150833494961262
clean,"cos(g_maskdistill,g_rel_rot)",scannetpp,cam_token,probe0,7bc286c1b6,theta_rel,0.15709590911865234
clean,"cos(g_maskdistill,g_rel_tdir)",scannetpp,cam_token,probe0,7bc286c1b6,theta_rel,0.04004419967532158
clean,"cos(g_rkd_sh_d,g_rkd_sh_a)",scannetpp,cam_token,probe0,7bc286c1b6,theta_rel,0.4083547592163086
clean,"cos(g_rkd_sh_d,g_couple)",scannetpp,cam_token,probe0,7bc286c1b6,theta_rel,0.031791720539331436
clean,"cos(g_rkd_sh_d,g_rel_rot)",scannetpp,cam_token,probe0,7bc286c1b6,theta_rel,-0.06812388449907303
clean,"cos(g_rkd_sh_d,g_rel_tdir)",scannetpp,cam_token,probe0,7bc286c1b6,theta_rel,0.13713514804840088
clean,"cos(g_rkd_sh_a,g_couple)",scannetpp,cam_token,probe0,7bc286c1b6,theta_rel,-0.05240960419178009
clean,"cos(g_rkd_sh_a,g_rel_rot)",scannetpp,cam_token,probe0,7bc286c1b6,theta_rel,0.11632056534290314
clean,"cos(g_rkd_sh_a,g_rel_tdir)",scannetpp,cam_token,probe0,7bc286c1b6,theta_rel,0.6367810368537903
clean,"cos(g_couple,g_rel_rot)",scannetpp,cam_token,probe0,7bc286c1b6,theta_rel,0.0826035663485527
clean,"cos(g_couple,g_rel_tdir)",scannetpp,cam_token,probe0,7bc286c1b6,theta_rel,0.2520475685596466
clean,"cos(g_rel_rot,g_rel_tdir)",scannetpp,cam_token,probe0,7bc286c1b6,theta_rel,0.41534894704818726
clean,"cos(g_maskdistill,g_rkd_sh_d)",scannetpp,ALL,probe0,7bc286c1b6,theta_rel,-0.04331396147608757
clean,"cos(g_maskdistill,g_rkd_sh_a)",scannetpp,ALL,probe0,7bc286c1b6,theta_rel,-0.08744997531175613
clean,"cos(g_maskdistill,g_couple)",scannetpp,ALL,probe0,7bc286c1b6,theta_rel,-0.08524426817893982
clean,"cos(g_maskdistill,g_rel_rot)",scannetpp,ALL,probe0,7bc286c1b6,theta_rel,-0.008355565369129181
clean,"cos(g_maskdistill,g_rel_tdir)",scannetpp,ALL,probe0,7bc286c1b6,theta_rel,-0.08427171409130096
clean,"cos(g_rkd_sh_d,g_rkd_sh_a)",scannetpp,ALL,probe0,7bc286c1b6,theta_rel,0.7378005981445312
clean,"cos(g_rkd_sh_d,g_couple)",scannetpp,ALL,probe0,7bc286c1b6,theta_rel,0.17488431930541992
clean,"cos(g_rkd_sh_d,g_rel_rot)",scannetpp,ALL,probe0,7bc286c1b6,theta_rel,0.17205846309661865
clean,"cos(g_rkd_sh_d,g_rel_tdir)",scannetpp,ALL,probe0,7bc286c1b6,theta_rel,0.5854349136352539
clean,"cos(g_rkd_sh_a,g_couple)",scannetpp,ALL,probe0,7bc286c1b6,theta_rel,0.258556067943573
clean,"cos(g_rkd_sh_a,g_rel_rot)",scannetpp,ALL,probe0,7bc286c1b6,theta_rel,0.4396941065788269
clean,"cos(g_rkd_sh_a,g_rel_tdir)",scannetpp,ALL,probe0,7bc286c1b6,theta_rel,0.9033933281898499
clean,"cos(g_couple,g_rel_rot)",scannetpp,ALL,probe0,7bc286c1b6,theta_rel,0.09599493443965912
clean,"cos(g_couple,g_rel_tdir)",scannetpp,ALL,probe0,7bc286c1b6,theta_rel,0.2809032201766968
clean,"cos(g_rel_rot,g_rel_tdir)",scannetpp,ALL,probe0,7bc286c1b6,theta_rel,0.5840798616409302
clean,"cos(g_rel_rot,g_base)",scannetpp,lora_early,probe0,7bc286c1b6,theta_rel,0.07170655578374863
clean,"cos(g_rel_tdir,g_base)",scannetpp,lora_early,probe0,7bc286c1b6,theta_rel,-0.012911587953567505
clean,"cos(g_rel_rot,g_base)",scannetpp,lora_late,probe0,7bc286c1b6,theta_rel,0.1789301335811615
clean,"cos(g_rel_tdir,g_base)",scannetpp,lora_late,probe0,7bc286c1b6,theta_rel,0.4508269429206848
clean,"cos(g_rel_rot,g_base)",scannetpp,cam_token,probe0,7bc286c1b6,theta_rel,0.17617154121398926
clean,"cos(g_rel_tdir,g_base)",scannetpp,cam_token,probe0,7bc286c1b6,theta_rel,0.1451597809791565
clean,"cos(g_rel_rot,g_base)",scannetpp,ALL,probe0,7bc286c1b6,theta_rel,0.08308669924736023
clean,"cos(g_rel_tdir,g_base)",scannetpp,ALL,probe0,7bc286c1b6,theta_rel,0.10783258825540543
clean,loss[maskdistill],scannetpp,-,probe0,7bc286c1b6,theta_rel,0.010091875679790974
clean,loss[rkd_sh_d],scannetpp,-,probe0,7bc286c1b6,theta_rel,1.0160241572521045e-06
clean,loss[rkd_sh_a],scannetpp,-,probe0,7bc286c1b6,theta_rel,2.192311512771994e-05
clean,loss[couple],scannetpp,-,probe0,7bc286c1b6,theta_rel,5.405340289144078e-06
clean,loss[rel_rot],scannetpp,-,probe0,7bc286c1b6,theta_rel,4.9750986363505945e-05
clean,loss[rel_tdir],scannetpp,-,probe0,7bc286c1b6,theta_rel,2.745787423918955e-05
m0,"cos(g_maskdistill,g_rkd_sh_d)",scannetpp,lora_early,probe0,7bc286c1b6,theta_rel,0.5486876368522644
m0,"cos(g_maskdistill,g_rkd_sh_a)",scannetpp,lora_early,probe0,7bc286c1b6,theta_rel,0.5387541055679321
m0,"cos(g_maskdistill,g_couple)",scannetpp,lora_early,probe0,7bc286c1b6,theta_rel,-0.547252893447876
m0,"cos(g_maskdistill,g_rel_rot)",scannetpp,lora_early,probe0,7bc286c1b6,theta_rel,0.4989207983016968
m0,"cos(g_maskdistill,g_rel_tdir)",scannetpp,lora_early,probe0,7bc286c1b6,theta_rel,0.5433509349822998
m0,"cos(g_rkd_sh_d,g_rkd_sh_a)",scannetpp,lora_early,probe0,7bc286c1b6,theta_rel,0.9797480702400208
m0,"cos(g_rkd_sh_d,g_couple)",scannetpp,lora_early,probe0,7bc286c1b6,theta_rel,-0.8867676258087158
m0,"cos(g_rkd_sh_d,g_rel_rot)",scannetpp,lora_early,probe0,7bc286c1b6,theta_rel,0.9068595170974731
m0,"cos(g_rkd_sh_d,g_rel_tdir)",scannetpp,lora_early,probe0,7bc286c1b6,theta_rel,0.9822263121604919
m0,"cos(g_rkd_sh_a,g_couple)",scannetpp,lora_early,probe0,7bc286c1b6,theta_rel,-0.8916008472442627
m0,"cos(g_rkd_sh_a,g_rel_rot)",scannetpp,lora_early,probe0,7bc286c1b6,theta_rel,0.8693845868110657
m0,"cos(g_rkd_sh_a,g_rel_tdir)",scannetpp,lora_early,probe0,7bc286c1b6,theta_rel,0.9848424196243286
m0,"cos(g_couple,g_rel_rot)",scannetpp,lora_early,probe0,7bc286c1b6,theta_rel,-0.7669659852981567
m0,"cos(g_couple,g_rel_tdir)",scannetpp,lora_early,probe0,7bc286c1b6,theta_rel,-0.8810799717903137
m0,"cos(g_rel_rot,g_rel_tdir)",scannetpp,lora_early,probe0,7bc286c1b6,theta_rel,0.9165648818016052
m0,"cos(g_maskdistill,g_rkd_sh_d)",scannetpp,lora_late,probe0,7bc286c1b6,theta_rel,0.13648003339767456
m0,"cos(g_maskdistill,g_rkd_sh_a)",scannetpp,lora_late,probe0,7bc286c1b6,theta_rel,0.10655403137207031
m0,"cos(g_maskdistill,g_couple)",scannetpp,lora_late,probe0,7bc286c1b6,theta_rel,-0.043882958590984344
m0,"cos(g_maskdistill,g_rel_rot)",scannetpp,lora_late,probe0,7bc286c1b6,theta_rel,0.1417207568883896
m0,"cos(g_maskdistill,g_rel_tdir)",scannetpp,lora_late,probe0,7bc286c1b6,theta_rel,0.15220510959625244
m0,"cos(g_rkd_sh_d,g_rkd_sh_a)",scannetpp,lora_late,probe0,7bc286c1b6,theta_rel,0.6928009986877441
m0,"cos(g_rkd_sh_d,g_couple)",scannetpp,lora_late,probe0,7bc286c1b6,theta_rel,-0.1751410961151123
m0,"cos(g_rkd_sh_d,g_rel_rot)",scannetpp,lora_late,probe0,7bc286c1b6,theta_rel,0.2625911235809326
m0,"cos(g_rkd_sh_d,g_rel_tdir)",scannetpp,lora_late,probe0,7bc286c1b6,theta_rel,0.6100735664367676
m0,"cos(g_rkd_sh_a,g_couple)",scannetpp,lora_late,probe0,7bc286c1b6,theta_rel,-0.19772011041641235
m0,"cos(g_rkd_sh_a,g_rel_rot)",scannetpp,lora_late,probe0,7bc286c1b6,theta_rel,0.142614483833313
m0,"cos(g_rkd_sh_a,g_rel_tdir)",scannetpp,lora_late,probe0,7bc286c1b6,theta_rel,0.6852787733078003
m0,"cos(g_couple,g_rel_rot)",scannetpp,lora_late,probe0,7bc286c1b6,theta_rel,-0.07069508731365204
m0,"cos(g_couple,g_rel_tdir)",scannetpp,lora_late,probe0,7bc286c1b6,theta_rel,-0.18945235013961792
m0,"cos(g_rel_rot,g_rel_tdir)",scannetpp,lora_late,probe0,7bc286c1b6,theta_rel,0.264406681060791
m0,"cos(g_maskdistill,g_rkd_sh_d)",scannetpp,cam_token,probe0,7bc286c1b6,theta_rel,0.08557173609733582
m0,"cos(g_maskdistill,g_rkd_sh_a)",scannetpp,cam_token,probe0,7bc286c1b6,theta_rel,-0.0242175180464983
m0,"cos(g_maskdistill,g_couple)",scannetpp,cam_token,probe0,7bc286c1b6,theta_rel,-0.003917466849088669
m0,"cos(g_maskdistill,g_rel_rot)",scannetpp,cam_token,probe0,7bc286c1b6,theta_rel,-0.06358706951141357
m0,"cos(g_maskdistill,g_rel_tdir)",scannetpp,cam_token,probe0,7bc286c1b6,theta_rel,-0.26150014996528625
m0,"cos(g_rkd_sh_d,g_rkd_sh_a)",scannetpp,cam_token,probe0,7bc286c1b6,theta_rel,0.8319721817970276
m0,"cos(g_rkd_sh_d,g_couple)",scannetpp,cam_token,probe0,7bc286c1b6,theta_rel,-0.32790088653564453
m0,"cos(g_rkd_sh_d,g_rel_rot)",scannetpp,cam_token,probe0,7bc286c1b6,theta_rel,0.5095043182373047
m0,"cos(g_rkd_sh_d,g_rel_tdir)",scannetpp,cam_token,probe0,7bc286c1b6,theta_rel,0.7399081587791443
m0,"cos(g_rkd_sh_a,g_couple)",scannetpp,cam_token,probe0,7bc286c1b6,theta_rel,-0.4057725667953491
m0,"cos(g_rkd_sh_a,g_rel_rot)",scannetpp,cam_token,probe0,7bc286c1b6,theta_rel,0.4412579834461212
m0,"cos(g_rkd_sh_a,g_rel_tdir)",scannetpp,cam_token,probe0,7bc286c1b6,theta_rel,0.8397928476333618
m0,"cos(g_couple,g_rel_rot)",scannetpp,cam_token,probe0,7bc286c1b6,theta_rel,-0.2504335939884186
m0,"cos(g_couple,g_rel_tdir)",scannetpp,cam_token,probe0,7bc286c1b6,theta_rel,-0.46075239777565
m0,"cos(g_rel_rot,g_rel_tdir)",scannetpp,cam_token,probe0,7bc286c1b6,theta_rel,0.5150638222694397
m0,"cos(g_maskdistill,g_rkd_sh_d)",scannetpp,ALL,probe0,7bc286c1b6,theta_rel,0.5255163908004761
m0,"cos(g_maskdistill,g_rkd_sh_a)",scannetpp,ALL,probe0,7bc286c1b6,theta_rel,0.5142049789428711
m0,"cos(g_maskdistill,g_couple)",scannetpp,ALL,probe0,7bc286c1b6,theta_rel,-0.48171311616897583
m0,"cos(g_maskdistill,g_rel_rot)",scannetpp,ALL,probe0,7bc286c1b6,theta_rel,0.4546695351600647
m0,"cos(g_maskdistill,g_rel_tdir)",scannetpp,ALL,probe0,7bc286c1b6,theta_rel,0.5171869397163391
m0,"cos(g_rkd_sh_d,g_rkd_sh_a)",scannetpp,ALL,probe0,7bc286c1b6,theta_rel,0.9653588533401489
m0,"cos(g_rkd_sh_d,g_couple)",scannetpp,ALL,probe0,7bc286c1b6,theta_rel,-0.7950809001922607
m0,"cos(g_rkd_sh_d,g_rel_rot)",scannetpp,ALL,probe0,7bc286c1b6,theta_rel,0.8307549953460693
m0,"cos(g_rkd_sh_d,g_rel_tdir)",scannetpp,ALL,probe0,7bc286c1b6,theta_rel,0.9598791599273682
m0,"cos(g_rkd_sh_a,g_couple)",scannetpp,ALL,probe0,7bc286c1b6,theta_rel,-0.8013659715652466
m0,"cos(g_rkd_sh_a,g_rel_rot)",scannetpp,ALL,probe0,7bc286c1b6,theta_rel,0.7862391471862793
m0,"cos(g_rkd_sh_a,g_rel_tdir)",scannetpp,ALL,probe0,7bc286c1b6,theta_rel,0.9666541218757629
m0,"cos(g_couple,g_rel_rot)",scannetpp,ALL,probe0,7bc286c1b6,theta_rel,-0.6426926851272583
m0,"cos(g_couple,g_rel_tdir)",scannetpp,ALL,probe0,7bc286c1b6,theta_rel,-0.7873115539550781
m0,"cos(g_rel_rot,g_rel_tdir)",scannetpp,ALL,probe0,7bc286c1b6,theta_rel,0.8358182907104492
m0,"cos(g_rel_rot,g_base)",scannetpp,lora_early,probe0,7bc286c1b6,theta_rel,0.7440013885498047
m0,"cos(g_rel_tdir,g_base)",scannetpp,lora_early,probe0,7bc286c1b6,theta_rel,0.8271954655647278
m0,"cos(g_rel_rot,g_base)",scannetpp,lora_late,probe0,7bc286c1b6,theta_rel,0.18881182372570038
m0,"cos(g_rel_tdir,g_base)",scannetpp,lora_late,probe0,7bc286c1b6,theta_rel,0.48638448119163513
m0,"cos(g_rel_rot,g_base)",scannetpp,cam_token,probe0,7bc286c1b6,theta_rel,0.03486209362745285
m0,"cos(g_rel_tdir,g_base)",scannetpp,cam_token,probe0,7bc286c1b6,theta_rel,-0.07306727766990662
m0,"cos(g_rel_rot,g_base)",scannetpp,ALL,probe0,7bc286c1b6,theta_rel,0.6797178387641907
m0,"cos(g_rel_tdir,g_base)",scannetpp,ALL,probe0,7bc286c1b6,theta_rel,0.8066627979278564
m0,loss[maskdistill],scannetpp,-,probe0,7bc286c1b6,theta_rel,0.12937374413013458
m0,loss[rkd_sh_d],scannetpp,-,probe0,7bc286c1b6,theta_rel,5.859369593963493e-06
m0,loss[rkd_sh_a],scannetpp,-,probe0,7bc286c1b6,theta_rel,9.116817818721756e-05
m0,loss[couple],scannetpp,-,probe0,7bc286c1b6,theta_rel,9.654630957811605e-06
m0,loss[rel_rot],scannetpp,-,probe0,7bc286c1b6,theta_rel,0.0008248809026554227
m0,loss[rel_tdir],scannetpp,-,probe0,7bc286c1b6,theta_rel,0.00025807818747125566
clean,"cos(g_maskdistill,g_rkd_sh_d)",scannetpp,lora_early,probe1,7bc286c1b6,theta_rel,-0.11071164906024933
clean,"cos(g_maskdistill,g_rkd_sh_a)",scannetpp,lora_early,probe1,7bc286c1b6,theta_rel,0.22346742451190948
clean,"cos(g_maskdistill,g_couple)",scannetpp,lora_early,probe1,7bc286c1b6,theta_rel,-0.00792004819959402
clean,"cos(g_maskdistill,g_rel_rot)",scannetpp,lora_early,probe1,7bc286c1b6,theta_rel,0.19313141703605652
clean,"cos(g_maskdistill,g_rel_tdir)",scannetpp,lora_early,probe1,7bc286c1b6,theta_rel,0.23801058530807495
clean,"cos(g_rkd_sh_d,g_rkd_sh_a)",scannetpp,lora_early,probe1,7bc286c1b6,theta_rel,0.025419723242521286
clean,"cos(g_rkd_sh_d,g_couple)",scannetpp,lora_early,probe1,7bc286c1b6,theta_rel,0.5465990900993347
clean,"cos(g_rkd_sh_d,g_rel_rot)",scannetpp,lora_early,probe1,7bc286c1b6,theta_rel,-0.2928902506828308
clean,"cos(g_rkd_sh_d,g_rel_tdir)",scannetpp,lora_early,probe1,7bc286c1b6,theta_rel,-0.4064498543739319
clean,"cos(g_rkd_sh_a,g_couple)",scannetpp,lora_early,probe1,7bc286c1b6,theta_rel,-0.30031049251556396
clean,"cos(g_rkd_sh_a,g_rel_rot)",scannetpp,lora_early,probe1,7bc286c1b6,theta_rel,-0.12290263175964355
clean,"cos(g_rkd_sh_a,g_rel_tdir)",scannetpp,lora_early,probe1,7bc286c1b6,theta_rel,0.6182329058647156
clean,"cos(g_couple,g_rel_rot)",scannetpp,lora_early,probe1,7bc286c1b6,theta_rel,-0.038121335208415985
clean,"cos(g_couple,g_rel_tdir)",scannetpp,lora_early,probe1,7bc286c1b6,theta_rel,-0.2820834219455719
clean,"cos(g_rel_rot,g_rel_tdir)",scannetpp,lora_early,probe1,7bc286c1b6,theta_rel,0.25006571412086487
clean,"cos(g_maskdistill,g_rkd_sh_d)",scannetpp,lora_late,probe1,7bc286c1b6,theta_rel,0.03973836451768875
clean,"cos(g_maskdistill,g_rkd_sh_a)",scannetpp,lora_late,probe1,7bc286c1b6,theta_rel,-0.01309043075889349
clean,"cos(g_maskdistill,g_couple)",scannetpp,lora_late,probe1,7bc286c1b6,theta_rel,0.07553720474243164
clean,"cos(g_maskdistill,g_rel_rot)",scannetpp,lora_late,probe1,7bc286c1b6,theta_rel,0.006689267233014107
clean,"cos(g_maskdistill,g_rel_tdir)",scannetpp,lora_late,probe1,7bc286c1b6,theta_rel,0.016847264021635056
clean,"cos(g_rkd_sh_d,g_rkd_sh_a)",scannetpp,lora_late,probe1,7bc286c1b6,theta_rel,0.12206994742155075
clean,"cos(g_rkd_sh_d,g_couple)",scannetpp,lora_late,probe1,7bc286c1b6,theta_rel,0.206412672996521
clean,"cos(g_rkd_sh_d,g_rel_rot)",scannetpp,lora_late,probe1,7bc286c1b6,theta_rel,0.11646289378404617
clean,"cos(g_rkd_sh_d,g_rel_tdir)",scannetpp,lora_late,probe1,7bc286c1b6,theta_rel,0.038825977593660355
clean,"cos(g_rkd_sh_a,g_couple)",scannetpp,lora_late,probe1,7bc286c1b6,theta_rel,-0.05279795452952385
clean,"cos(g_rkd_sh_a,g_rel_rot)",scannetpp,lora_late,probe1,7bc286c1b6,theta_rel,0.04214736074209213
clean,"cos(g_rkd_sh_a,g_rel_tdir)",scannetpp,lora_late,probe1,7bc286c1b6,theta_rel,0.7475712299346924
clean,"cos(g_couple,g_rel_rot)",scannetpp,lora_late,probe1,7bc286c1b6,theta_rel,0.19352899491786957
clean,"cos(g_couple,g_rel_tdir)",scannetpp,lora_late,probe1,7bc286c1b6,theta_rel,-0.046871669590473175
clean,"cos(g_rel_rot,g_rel_tdir)",scannetpp,lora_late,probe1,7bc286c1b6,theta_rel,0.1894652098417282
clean,"cos(g_maskdistill,g_rkd_sh_d)",scannetpp,cam_token,probe1,7bc286c1b6,theta_rel,-0.06356155872344971
clean,"cos(g_maskdistill,g_rkd_sh_a)",scannetpp,cam_token,probe1,7bc286c1b6,theta_rel,-0.179844468832016
clean,"cos(g_maskdistill,g_couple)",scannetpp,cam_token,probe1,7bc286c1b6,theta_rel,0.1243988499045372
clean,"cos(g_maskdistill,g_rel_rot)",scannetpp,cam_token,probe1,7bc286c1b6,theta_rel,-0.009001943282783031
clean,"cos(g_maskdistill,g_rel_tdir)",scannetpp,cam_token,probe1,7bc286c1b6,theta_rel,-0.19421517848968506
clean,"cos(g_rkd_sh_d,g_rkd_sh_a)",scannetpp,cam_token,probe1,7bc286c1b6,theta_rel,0.14134538173675537
clean,"cos(g_rkd_sh_d,g_couple)",scannetpp,cam_token,probe1,7bc286c1b6,theta_rel,0.12035967409610748
clean,"cos(g_rkd_sh_d,g_rel_rot)",scannetpp,cam_token,probe1,7bc286c1b6,theta_rel,0.07743152976036072
clean,"cos(g_rkd_sh_d,g_rel_tdir)",scannetpp,cam_token,probe1,7bc286c1b6,theta_rel,0.19846418499946594
clean,"cos(g_rkd_sh_a,g_couple)",scannetpp,cam_token,probe1,7bc286c1b6,theta_rel,-0.13273504376411438
clean,"cos(g_rkd_sh_a,g_rel_rot)",scannetpp,cam_token,probe1,7bc286c1b6,theta_rel,-0.021020246669650078
clean,"cos(g_rkd_sh_a,g_rel_tdir)",scannetpp,cam_token,probe1,7bc286c1b6,theta_rel,0.682759165763855
clean,"cos(g_couple,g_rel_rot)",scannetpp,cam_token,probe1,7bc286c1b6,theta_rel,0.45430025458335876
clean,"cos(g_couple,g_rel_tdir)",scannetpp,cam_token,probe1,7bc286c1b6,theta_rel,-0.0470934696495533
clean,"cos(g_rel_rot,g_rel_tdir)",scannetpp,cam_token,probe1,7bc286c1b6,theta_rel,0.24627916514873505
clean,"cos(g_maskdistill,g_rkd_sh_d)",scannetpp,ALL,probe1,7bc286c1b6,theta_rel,-0.054384827613830566
clean,"cos(g_maskdistill,g_rkd_sh_a)",scannetpp,ALL,probe1,7bc286c1b6,theta_rel,0.09385019540786743
clean,"cos(g_maskdistill,g_couple)",scannetpp,ALL,probe1,7bc286c1b6,theta_rel,0.021514736115932465
clean,"cos(g_maskdistill,g_rel_rot)",scannetpp,ALL,probe1,7bc286c1b6,theta_rel,0.06615521013736725
clean,"cos(g_maskdistill,g_rel_tdir)",scannetpp,ALL,probe1,7bc286c1b6,theta_rel,0.11576467752456665
clean,"cos(g_rkd_sh_d,g_rkd_sh_a)",scannetpp,ALL,probe1,7bc286c1b6,theta_rel,0.09065331518650055
clean,"cos(g_rkd_sh_d,g_couple)",scannetpp,ALL,probe1,7bc286c1b6,theta_rel,0.30453306436538696
clean,"cos(g_rkd_sh_d,g_rel_rot)",scannetpp,ALL,probe1,7bc286c1b6,theta_rel,0.017352325841784477
clean,"cos(g_rkd_sh_d,g_rel_tdir)",scannetpp,ALL,probe1,7bc286c1b6,theta_rel,-0.1040884256362915
clean,"cos(g_rkd_sh_a,g_couple)",scannetpp,ALL,probe1,7bc286c1b6,theta_rel,-0.10950395464897156
clean,"cos(g_rkd_sh_a,g_rel_rot)",scannetpp,ALL,probe1,7bc286c1b6,theta_rel,0.012996235862374306
clean,"cos(g_rkd_sh_a,g_rel_tdir)",scannetpp,ALL,probe1,7bc286c1b6,theta_rel,0.7155295610427856
clean,"cos(g_couple,g_rel_rot)",scannetpp,ALL,probe1,7bc286c1b6,theta_rel,0.15458345413208008
clean,"cos(g_couple,g_rel_tdir)",scannetpp,ALL,probe1,7bc286c1b6,theta_rel,-0.10350048542022705
clean,"cos(g_rel_rot,g_rel_tdir)",scannetpp,ALL,probe1,7bc286c1b6,theta_rel,0.19801479578018188
clean,"cos(g_rel_rot,g_base)",scannetpp,lora_early,probe1,7bc286c1b6,theta_rel,0.16204746067523956
clean,"cos(g_rel_tdir,g_base)",scannetpp,lora_early,probe1,7bc286c1b6,theta_rel,0.2843570113182068
clean,"cos(g_rel_rot,g_base)",scannetpp,lora_late,probe1,7bc286c1b6,theta_rel,0.05648523569107056
clean,"cos(g_rel_tdir,g_base)",scannetpp,lora_late,probe1,7bc286c1b6,theta_rel,0.3795194625854492
clean,"cos(g_rel_rot,g_base)",scannetpp,cam_token,probe1,7bc286c1b6,theta_rel,0.006014222279191017
clean,"cos(g_rel_tdir,g_base)",scannetpp,cam_token,probe1,7bc286c1b6,theta_rel,-0.10823138058185577
clean,"cos(g_rel_rot,g_base)",scannetpp,ALL,probe1,7bc286c1b6,theta_rel,0.07396882772445679
clean,"cos(g_rel_tdir,g_base)",scannetpp,ALL,probe1,7bc286c1b6,theta_rel,0.26232051849365234
clean,loss[maskdistill],scannetpp,-,probe1,7bc286c1b6,theta_rel,0.013069081120193005
clean,loss[rkd_sh_d],scannetpp,-,probe1,7bc286c1b6,theta_rel,2.4043305529630743e-05
clean,loss[rkd_sh_a],scannetpp,-,probe1,7bc286c1b6,theta_rel,4.2939056584145874e-05
clean,loss[couple],scannetpp,-,probe1,7bc286c1b6,theta_rel,7.757537787256297e-06
clean,loss[rel_rot],scannetpp,-,probe1,7bc286c1b6,theta_rel,0.00017876620404422283
clean,loss[rel_tdir],scannetpp,-,probe1,7bc286c1b6,theta_rel,6.482999015133828e-05
m0,"cos(g_maskdistill,g_rkd_sh_d)",scannetpp,lora_early,probe1,7bc286c1b6,theta_rel,-0.08628802001476288
m0,"cos(g_maskdistill,g_rkd_sh_a)",scannetpp,lora_early,probe1,7bc286c1b6,theta_rel,0.07472948729991913
m0,"cos(g_maskdistill,g_couple)",scannetpp,lora_early,probe1,7bc286c1b6,theta_rel,0.10870704054832458
m0,"cos(g_maskdistill,g_rel_rot)",scannetpp,lora_early,probe1,7bc286c1b6,theta_rel,0.08486589789390564
m0,"cos(g_maskdistill,g_rel_tdir)",scannetpp,lora_early,probe1,7bc286c1b6,theta_rel,-0.025639712810516357
m0,"cos(g_rkd_sh_d,g_rkd_sh_a)",scannetpp,lora_early,probe1,7bc286c1b6,theta_rel,0.42969396710395813
m0,"cos(g_rkd_sh_d,g_couple)",scannetpp,lora_early,probe1,7bc286c1b6,theta_rel,-0.422831267118454
m0,"cos(g_rkd_sh_d,g_rel_rot)",scannetpp,lora_early,probe1,7bc286c1b6,theta_rel,0.496756374835968
m0,"cos(g_rkd_sh_d,g_rel_tdir)",scannetpp,lora_early,probe1,7bc286c1b6,theta_rel,0.6400747299194336
m0,"cos(g_rkd_sh_a,g_couple)",scannetpp,lora_early,probe1,7bc286c1b6,theta_rel,0.2768239378929138
m0,"cos(g_rkd_sh_a,g_rel_rot)",scannetpp,lora_early,probe1,7bc286c1b6,theta_rel,0.6974554061889648
m0,"cos(g_rkd_sh_a,g_rel_tdir)",scannetpp,lora_early,probe1,7bc286c1b6,theta_rel,0.5108621716499329
m0,"cos(g_couple,g_rel_rot)",scannetpp,lora_early,probe1,7bc286c1b6,theta_rel,0.23545898497104645
m0,"cos(g_couple,g_rel_tdir)",scannetpp,lora_early,probe1,7bc286c1b6,theta_rel,-0.15102940797805786
m0,"cos(g_rel_rot,g_rel_tdir)",scannetpp,lora_early,probe1,7bc286c1b6,theta_rel,0.7260875701904297
m0,"cos(g_maskdistill,g_rkd_sh_d)",scannetpp,lora_late,probe1,7bc286c1b6,theta_rel,-0.1005503237247467
m0,"cos(g_maskdistill,g_rkd_sh_a)",scannetpp,lora_late,probe1,7bc286c1b6,theta_rel,-0.0043069785460829735
m0,"cos(g_maskdistill,g_couple)",scannetpp,lora_late,probe1,7bc286c1b6,theta_rel,0.07859509438276291
m0,"cos(g_maskdistill,g_rel_rot)",scannetpp,lora_late,probe1,7bc286c1b6,theta_rel,0.0043905614875257015
m0,"cos(g_maskdistill,g_rel_tdir)",scannetpp,lora_late,probe1,7bc286c1b6,theta_rel,-0.014621774666011333
m0,"cos(g_rkd_sh_d,g_rkd_sh_a)",scannetpp,lora_late,probe1,7bc286c1b6,theta_rel,0.3387727737426758
m0,"cos(g_rkd_sh_d,g_couple)",scannetpp,lora_late,probe1,7bc286c1b6,theta_rel,-0.17339175939559937
m0,"cos(g_rkd_sh_d,g_rel_rot)",scannetpp,lora_late,probe1,7bc286c1b6,theta_rel,0.27714574337005615
m0,"cos(g_rkd_sh_d,g_rel_tdir)",scannetpp,lora_late,probe1,7bc286c1b6,theta_rel,0.3044029772281647
m0,"cos(g_rkd_sh_a,g_couple)",scannetpp,lora_late,probe1,7bc286c1b6,theta_rel,0.08736920356750488
m0,"cos(g_rkd_sh_a,g_rel_rot)",scannetpp,lora_late,probe1,7bc286c1b6,theta_rel,0.35488229990005493
m0,"cos(g_rkd_sh_a,g_rel_tdir)",scannetpp,lora_late,probe1,7bc286c1b6,theta_rel,0.4335108995437622
m0,"cos(g_couple,g_rel_rot)",scannetpp,lora_late,probe1,7bc286c1b6,theta_rel,0.18295669555664062
m0,"cos(g_couple,g_rel_tdir)",scannetpp,lora_late,probe1,7bc286c1b6,theta_rel,0.03118838183581829
m0,"cos(g_rel_rot,g_rel_tdir)",scannetpp,lora_late,probe1,7bc286c1b6,theta_rel,0.45502790808677673
m0,"cos(g_maskdistill,g_rkd_sh_d)",scannetpp,cam_token,probe1,7bc286c1b6,theta_rel,0.2557792067527771
m0,"cos(g_maskdistill,g_rkd_sh_a)",scannetpp,cam_token,probe1,7bc286c1b6,theta_rel,0.3096863031387329
m0,"cos(g_maskdistill,g_couple)",scannetpp,cam_token,probe1,7bc286c1b6,theta_rel,0.2529817521572113
m0,"cos(g_maskdistill,g_rel_rot)",scannetpp,cam_token,probe1,7bc286c1b6,theta_rel,0.16939562559127808
m0,"cos(g_maskdistill,g_rel_tdir)",scannetpp,cam_token,probe1,7bc286c1b6,theta_rel,-0.07283027470111847
m0,"cos(g_rkd_sh_d,g_rkd_sh_a)",scannetpp,cam_token,probe1,7bc286c1b6,theta_rel,0.25225311517715454
m0,"cos(g_rkd_sh_d,g_couple)",scannetpp,cam_token,probe1,7bc286c1b6,theta_rel,0.020049093291163445
m0,"cos(g_rkd_sh_d,g_rel_rot)",scannetpp,cam_token,probe1,7bc286c1b6,theta_rel,0.2708868384361267
m0,"cos(g_rkd_sh_d,g_rel_tdir)",scannetpp,cam_token,probe1,7bc286c1b6,theta_rel,0.23984016478061676
m0,"cos(g_rkd_sh_a,g_couple)",scannetpp,cam_token,probe1,7bc286c1b6,theta_rel,0.20871996879577637
m0,"cos(g_rkd_sh_a,g_rel_rot)",scannetpp,cam_token,probe1,7bc286c1b6,theta_rel,0.42518776655197144
m0,"cos(g_rkd_sh_a,g_rel_tdir)",scannetpp,cam_token,probe1,7bc286c1b6,theta_rel,0.35048148036003113
m0,"cos(g_couple,g_rel_rot)",scannetpp,cam_token,probe1,7bc286c1b6,theta_rel,0.42651355266571045
m0,"cos(g_couple,g_rel_tdir)",scannetpp,cam_token,probe1,7bc286c1b6,theta_rel,0.07506157457828522
m0,"cos(g_rel_rot,g_rel_tdir)",scannetpp,cam_token,probe1,7bc286c1b6,theta_rel,0.38134175539016724
m0,"cos(g_maskdistill,g_rkd_sh_d)",scannetpp,ALL,probe1,7bc286c1b6,theta_rel,-0.08090691268444061
m0,"cos(g_maskdistill,g_rkd_sh_a)",scannetpp,ALL,probe1,7bc286c1b6,theta_rel,0.052421730011701584
m0,"cos(g_maskdistill,g_couple)",scannetpp,ALL,probe1,7bc286c1b6,theta_rel,0.09018431603908539
m0,"cos(g_maskdistill,g_rel_rot)",scannetpp,ALL,probe1,7bc286c1b6,theta_rel,0.0583253875374794
m0,"cos(g_maskdistill,g_rel_tdir)",scannetpp,ALL,probe1,7bc286c1b6,theta_rel,-0.022382650524377823
m0,"cos(g_rkd_sh_d,g_rkd_sh_a)",scannetpp,ALL,probe1,7bc286c1b6,theta_rel,0.3889724016189575
m0,"cos(g_rkd_sh_d,g_couple)",scannetpp,ALL,probe1,7bc286c1b6,theta_rel,-0.3105115294456482
m0,"cos(g_rkd_sh_d,g_rel_rot)",scannetpp,ALL,probe1,7bc286c1b6,theta_rel,0.3944704234600067
m0,"cos(g_rkd_sh_d,g_rel_tdir)",scannetpp,ALL,probe1,7bc286c1b6,theta_rel,0.5175528526306152
m0,"cos(g_rkd_sh_a,g_couple)",scannetpp,ALL,probe1,7bc286c1b6,theta_rel,0.18452569842338562
m0,"cos(g_rkd_sh_a,g_rel_rot)",scannetpp,ALL,probe1,7bc286c1b6,theta_rel,0.5266743302345276
m0,"cos(g_rkd_sh_a,g_rel_tdir)",scannetpp,ALL,probe1,7bc286c1b6,theta_rel,0.4752100110054016
m0,"cos(g_couple,g_rel_rot)",scannetpp,ALL,probe1,7bc286c1b6,theta_rel,0.2097141146659851
m0,"cos(g_couple,g_rel_tdir)",scannetpp,ALL,probe1,7bc286c1b6,theta_rel,-0.07217596471309662
m0,"cos(g_rel_rot,g_rel_tdir)",scannetpp,ALL,probe1,7bc286c1b6,theta_rel,0.5990955829620361
m0,"cos(g_rel_rot,g_base)",scannetpp,lora_early,probe1,7bc286c1b6,theta_rel,0.2593528926372528
m0,"cos(g_rel_tdir,g_base)",scannetpp,lora_early,probe1,7bc286c1b6,theta_rel,0.10512720048427582
m0,"cos(g_rel_rot,g_base)",scannetpp,lora_late,probe1,7bc286c1b6,theta_rel,0.24876773357391357
m0,"cos(g_rel_tdir,g_base)",scannetpp,lora_late,probe1,7bc286c1b6,theta_rel,0.2723653316497803
m0,"cos(g_rel_rot,g_base)",scannetpp,cam_token,probe1,7bc286c1b6,theta_rel,0.2312012016773224
m0,"cos(g_rel_tdir,g_base)",scannetpp,cam_token,probe1,7bc286c1b6,theta_rel,-0.014645019546151161
m0,"cos(g_rel_rot,g_base)",scannetpp,ALL,probe1,7bc286c1b6,theta_rel,0.22963425517082214
m0,"cos(g_rel_tdir,g_base)",scannetpp,ALL,probe1,7bc286c1b6,theta_rel,0.13307876884937286
m0,loss[maskdistill],scannetpp,-,probe1,7bc286c1b6,theta_rel,0.13017551600933075
m0,loss[rkd_sh_d],scannetpp,-,probe1,7bc286c1b6,theta_rel,3.162536449963227e-05
m0,loss[rkd_sh_a],scannetpp,-,probe1,7bc286c1b6,theta_rel,0.0002350382274016738
m0,loss[couple],scannetpp,-,probe1,7bc286c1b6,theta_rel,1.3153199688531458e-05
m0,loss[rel_rot],scannetpp,-,probe1,7bc286c1b6,theta_rel,0.001137258717790246
m0,loss[rel_tdir],scannetpp,-,probe1,7bc286c1b6,theta_rel,0.0006151596899144351
clean,"cos(g_maskdistill,g_rkd_sh_d)",scannetpp,lora_early,probe0,9071e139d9,theta0,0.4587680995464325
clean,"cos(g_maskdistill,g_rkd_sh_a)",scannetpp,lora_early,probe0,9071e139d9,theta0,0.6080305576324463
clean,"cos(g_maskdistill,g_couple)",scannetpp,lora_early,probe0,9071e139d9,theta0,0.3568798899650574
clean,"cos(g_maskdistill,g_rel_rot)",scannetpp,lora_early,probe0,9071e139d9,theta0,0.6639496088027954
clean,"cos(g_maskdistill,g_rel_tdir)",scannetpp,lora_early,probe0,9071e139d9,theta0,0.609112024307251
clean,"cos(g_rkd_sh_d,g_rkd_sh_a)",scannetpp,lora_early,probe0,9071e139d9,theta0,0.6010661125183105
clean,"cos(g_rkd_sh_d,g_couple)",scannetpp,lora_early,probe0,9071e139d9,theta0,0.5034000873565674
clean,"cos(g_rkd_sh_d,g_rel_rot)",scannetpp,lora_early,probe0,9071e139d9,theta0,0.49519088864326477
clean,"cos(g_rkd_sh_d,g_rel_tdir)",scannetpp,lora_early,probe0,9071e139d9,theta0,0.4775099754333496
clean,"cos(g_rkd_sh_a,g_couple)",scannetpp,lora_early,probe0,9071e139d9,theta0,0.39980757236480713
clean,"cos(g_rkd_sh_a,g_rel_rot)",scannetpp,lora_early,probe0,9071e139d9,theta0,0.5829925537109375
clean,"cos(g_rkd_sh_a,g_rel_tdir)",scannetpp,lora_early,probe0,9071e139d9,theta0,0.9741663336753845
clean,"cos(g_couple,g_rel_rot)",scannetpp,lora_early,probe0,9071e139d9,theta0,0.8072702288627625
clean,"cos(g_couple,g_rel_tdir)",scannetpp,lora_early,probe0,9071e139d9,theta0,0.4169972538948059
clean,"cos(g_rel_rot,g_rel_tdir)",scannetpp,lora_early,probe0,9071e139d9,theta0,0.6061714291572571
clean,"cos(g_maskdistill,g_rkd_sh_d)",scannetpp,lora_late,probe0,9071e139d9,theta0,-0.26682621240615845
clean,"cos(g_maskdistill,g_rkd_sh_a)",scannetpp,lora_late,probe0,9071e139d9,theta0,0.13567711412906647
clean,"cos(g_maskdistill,g_couple)",scannetpp,lora_late,probe0,9071e139d9,theta0,0.32833942770957947
clean,"cos(g_maskdistill,g_rel_rot)",scannetpp,lora_late,probe0,9071e139d9,theta0,0.5454064607620239
clean,"cos(g_maskdistill,g_rel_tdir)",scannetpp,lora_late,probe0,9071e139d9,theta0,0.30780109763145447
clean,"cos(g_rkd_sh_d,g_rkd_sh_a)",scannetpp,lora_late,probe0,9071e139d9,theta0,-0.19264796376228333
clean,"cos(g_rkd_sh_d,g_couple)",scannetpp,lora_late,probe0,9071e139d9,theta0,0.07472330331802368
clean,"cos(g_rkd_sh_d,g_rel_rot)",scannetpp,lora_late,probe0,9071e139d9,theta0,-0.08895255625247955
clean,"cos(g_rkd_sh_d,g_rel_tdir)",scannetpp,lora_late,probe0,9071e139d9,theta0,-0.44511666893959045
clean,"cos(g_rkd_sh_a,g_couple)",scannetpp,lora_late,probe0,9071e139d9,theta0,-0.03184504806995392
clean,"cos(g_rkd_sh_a,g_rel_rot)",scannetpp,lora_late,probe0,9071e139d9,theta0,0.04386527091264725
clean,"cos(g_rkd_sh_a,g_rel_tdir)",scannetpp,lora_late,probe0,9071e139d9,theta0,0.88933265209198
clean,"cos(g_couple,g_rel_rot)",scannetpp,lora_late,probe0,9071e139d9,theta0,0.45441919565200806
clean,"cos(g_couple,g_rel_tdir)",scannetpp,lora_late,probe0,9071e139d9,theta0,0.0020750523544847965
clean,"cos(g_rel_rot,g_rel_tdir)",scannetpp,lora_late,probe0,9071e139d9,theta0,0.16207222640514374
clean,"cos(g_maskdistill,g_rkd_sh_d)",scannetpp,cam_token,probe0,9071e139d9,theta0,-0.16071495413780212
clean,"cos(g_maskdistill,g_rkd_sh_a)",scannetpp,cam_token,probe0,9071e139d9,theta0,0.2894245982170105
clean,"cos(g_maskdistill,g_couple)",scannetpp,cam_token,probe0,9071e139d9,theta0,0.6167995929718018
clean,"cos(g_maskdistill,g_rel_rot)",scannetpp,cam_token,probe0,9071e139d9,theta0,0.6499887108802795
clean,"cos(g_maskdistill,g_rel_tdir)",scannetpp,cam_token,probe0,9071e139d9,theta0,0.4642510414123535
clean,"cos(g_rkd_sh_d,g_rkd_sh_a)",scannetpp,cam_token,probe0,9071e139d9,theta0,0.29410311579704285
clean,"cos(g_rkd_sh_d,g_couple)",scannetpp,cam_token,probe0,9071e139d9,theta0,0.11115846037864685
clean,"cos(g_rkd_sh_d,g_rel_rot)",scannetpp,cam_token,probe0,9071e139d9,theta0,0.03975949063897133
clean,"cos(g_rkd_sh_d,g_rel_tdir)",scannetpp,cam_token,probe0,9071e139d9,theta0,0.08220013976097107
clean,"cos(g_rkd_sh_a,g_couple)",scannetpp,cam_token,probe0,9071e139d9,theta0,0.2930060625076294
clean,"cos(g_rkd_sh_a,g_rel_rot)",scannetpp,cam_token,probe0,9071e139d9,theta0,0.4826621413230896
clean,"cos(g_rkd_sh_a,g_rel_tdir)",scannetpp,cam_token,probe0,9071e139d9,theta0,0.9510946273803711
clean,"cos(g_couple,g_rel_rot)",scannetpp,cam_token,probe0,9071e139d9,theta0,0.6727670431137085
clean,"cos(g_couple,g_rel_tdir)",scannetpp,cam_token,probe0,9071e139d9,theta0,0.39149755239486694
clean,"cos(g_rel_rot,g_rel_tdir)",scannetpp,cam_token,probe0,9071e139d9,theta0,0.5674947500228882
clean,"cos(g_maskdistill,g_rkd_sh_d)",scannetpp,ALL,probe0,9071e139d9,theta0,0.36021843552589417
clean,"cos(g_maskdistill,g_rkd_sh_a)",scannetpp,ALL,probe0,9071e139d9,theta0,0.5524590015411377
clean,"cos(g_maskdistill,g_couple)",scannetpp,ALL,probe0,9071e139d9,theta0,0.3528994917869568
clean,"cos(g_maskdistill,g_rel_rot)",scannetpp,ALL,probe0,9071e139d9,theta0,0.6429382562637329
clean,"cos(g_maskdistill,g_rel_tdir)",scannetpp,ALL,probe0,9071e139d9,theta0,0.5687292814254761
clean,"cos(g_rkd_sh_d,g_rkd_sh_a)",scannetpp,ALL,probe0,9071e139d9,theta0,0.5427072644233704
clean,"cos(g_rkd_sh_d,g_couple)",scannetpp,ALL,probe0,9071e139d9,theta0,0.4540483355522156
clean,"cos(g_rkd_sh_d,g_rel_rot)",scannetpp,ALL,probe0,9071e139d9,theta0,0.4110231399536133
clean,"cos(g_rkd_sh_d,g_rel_tdir)",scannetpp,ALL,probe0,9071e139d9,theta0,0.39990973472595215
clean,"cos(g_rkd_sh_a,g_couple)",scannetpp,ALL,probe0,9071e139d9,theta0,0.3625243306159973
clean,"cos(g_rkd_sh_a,g_rel_rot)",scannetpp,ALL,probe0,9071e139d9,theta0,0.5180901288986206
clean,"cos(g_rkd_sh_a,g_rel_tdir)",scannetpp,ALL,probe0,9071e139d9,theta0,0.9684065580368042
clean,"cos(g_couple,g_rel_rot)",scannetpp,ALL,probe0,9071e139d9,theta0,0.7508019804954529
clean,"cos(g_couple,g_rel_tdir)",scannetpp,ALL,probe0,9071e139d9,theta0,0.37692221999168396
clean,"cos(g_rel_rot,g_rel_tdir)",scannetpp,ALL,probe0,9071e139d9,theta0,0.5468659400939941
clean,"cos(g_rel_rot,g_base)",scannetpp,lora_early,probe0,9071e139d9,theta0,0.6842666268348694
clean,"cos(g_rel_tdir,g_base)",scannetpp,lora_early,probe0,9071e139d9,theta0,0.9475893974304199
clean,"cos(g_rel_rot,g_base)",scannetpp,lora_late,probe0,9071e139d9,theta0,0.3859666883945465
clean,"cos(g_rel_tdir,g_base)",scannetpp,lora_late,probe0,9071e139d9,theta0,0.8140084743499756
clean,"cos(g_rel_rot,g_base)",scannetpp,cam_token,probe0,9071e139d9,theta0,0.6913480162620544
clean,"cos(g_rel_tdir,g_base)",scannetpp,cam_token,probe0,9071e139d9,theta0,0.9279539585113525
clean,"cos(g_rel_rot,g_base)",scannetpp,ALL,probe0,9071e139d9,theta0,0.6396970152854919
clean,"cos(g_rel_tdir,g_base)",scannetpp,ALL,probe0,9071e139d9,theta0,0.9391573667526245
clean,loss[maskdistill],scannetpp,-,probe0,9071e139d9,theta0,0.036956481635570526
clean,loss[rkd_sh_d],scannetpp,-,probe0,9071e139d9,theta0,4.416172487253789e-06
clean,loss[rkd_sh_a],scannetpp,-,probe0,9071e139d9,theta0,0.0008949683979153633
clean,loss[couple],scannetpp,-,probe0,9071e139d9,theta0,0.0006150511908344924
clean,loss[rel_rot],scannetpp,-,probe0,9071e139d9,theta0,0.0004164344572927803
clean,loss[rel_tdir],scannetpp,-,probe0,9071e139d9,theta0,0.0008865892887115479
m0,"cos(g_maskdistill,g_rkd_sh_d)",scannetpp,lora_early,probe0,9071e139d9,theta0,-0.13883966207504272
m0,"cos(g_maskdistill,g_rkd_sh_a)",scannetpp,lora_early,probe0,9071e139d9,theta0,-0.19316986203193665
m0,"cos(g_maskdistill,g_couple)",scannetpp,lora_early,probe0,9071e139d9,theta0,0.1735345423221588
m0,"cos(g_maskdistill,g_rel_rot)",scannetpp,lora_early,probe0,9071e139d9,theta0,-0.19590826332569122
m0,"cos(g_maskdistill,g_rel_tdir)",scannetpp,lora_early,probe0,9071e139d9,theta0,-0.26667535305023193
m0,"cos(g_rkd_sh_d,g_rkd_sh_a)",scannetpp,lora_early,probe0,9071e139d9,theta0,0.9128512740135193
m0,"cos(g_rkd_sh_d,g_couple)",scannetpp,lora_early,probe0,9071e139d9,theta0,0.12677833437919617
m0,"cos(g_rkd_sh_d,g_rel_rot)",scannetpp,lora_early,probe0,9071e139d9,theta0,0.16315411031246185
m0,"cos(g_rkd_sh_d,g_rel_tdir)",scannetpp,lora_early,probe0,9071e139d9,theta0,0.8479679226875305
m0,"cos(g_rkd_sh_a,g_couple)",scannetpp,lora_early,probe0,9071e139d9,theta0,0.09214851260185242
m0,"cos(g_rkd_sh_a,g_rel_rot)",scannetpp,lora_early,probe0,9071e139d9,theta0,0.19486850500106812
m0,"cos(g_rkd_sh_a,g_rel_tdir)",scannetpp,lora_early,probe0,9071e139d9,theta0,0.9544016122817993
m0,"cos(g_couple,g_rel_rot)",scannetpp,lora_early,probe0,9071e139d9,theta0,0.2708081901073456
m0,"cos(g_couple,g_rel_tdir)",scannetpp,lora_early,probe0,9071e139d9,theta0,0.0092952661216259
m0,"cos(g_rel_rot,g_rel_tdir)",scannetpp,lora_early,probe0,9071e139d9,theta0,0.20192855596542358
m0,"cos(g_maskdistill,g_rkd_sh_d)",scannetpp,lora_late,probe0,9071e139d9,theta0,-0.13231927156448364
m0,"cos(g_maskdistill,g_rkd_sh_a)",scannetpp,lora_late,probe0,9071e139d9,theta0,-0.092707559466362
m0,"cos(g_maskdistill,g_couple)",scannetpp,lora_late,probe0,9071e139d9,theta0,0.11202739179134369
m0,"cos(g_maskdistill,g_rel_rot)",scannetpp,lora_late,probe0,9071e139d9,theta0,-0.021475255489349365
m0,"cos(g_maskdistill,g_rel_tdir)",scannetpp,lora_late,probe0,9071e139d9,theta0,-0.13079547882080078
m0,"cos(g_rkd_sh_d,g_rkd_sh_a)",scannetpp,lora_late,probe0,9071e139d9,theta0,0.8748739957809448
m0,"cos(g_rkd_sh_d,g_couple)",scannetpp,lora_late,probe0,9071e139d9,theta0,0.10786248743534088
m0,"cos(g_rkd_sh_d,g_rel_rot)",scannetpp,lora_late,probe0,9071e139d9,theta0,0.13691207766532898
m0,"cos(g_rkd_sh_d,g_rel_tdir)",scannetpp,lora_late,probe0,9071e139d9,theta0,0.7724791169166565
m0,"cos(g_rkd_sh_a,g_couple)",scannetpp,lora_late,probe0,9071e139d9,theta0,0.1270243525505066
m0,"cos(g_rkd_sh_a,g_rel_rot)",scannetpp,lora_late,probe0,9071e139d9,theta0,0.16222065687179565
m0,"cos(g_rkd_sh_a,g_rel_tdir)",scannetpp,lora_late,probe0,9071e139d9,theta0,0.9503711462020874
m0,"cos(g_couple,g_rel_rot)",scannetpp,lora_late,probe0,9071e139d9,theta0,0.3572317361831665
m0,"cos(g_couple,g_rel_tdir)",scannetpp,lora_late,probe0,9071e139d9,theta0,0.11962360143661499
m0,"cos(g_rel_rot,g_rel_tdir)",scannetpp,lora_late,probe0,9071e139d9,theta0,0.231767475605011
m0,"cos(g_maskdistill,g_rkd_sh_d)",scannetpp,cam_token,probe0,9071e139d9,theta0,-0.5591005086898804
m0,"cos(g_maskdistill,g_rkd_sh_a)",scannetpp,cam_token,probe0,9071e139d9,theta0,-0.4749358296394348
m0,"cos(g_maskdistill,g_couple)",scannetpp,cam_token,probe0,9071e139d9,theta0,0.34729793667793274
m0,"cos(g_maskdistill,g_rel_rot)",scannetpp,cam_token,probe0,9071e139d9,theta0,-0.07143111526966095
m0,"cos(g_maskdistill,g_rel_tdir)",scannetpp,cam_token,probe0,9071e139d9,theta0,-0.5693359375
m0,"cos(g_rkd_sh_d,g_rkd_sh_a)",scannetpp,cam_token,probe0,9071e139d9,theta0,0.9063694477081299
m0,"cos(g_rkd_sh_d,g_couple)",scannetpp,cam_token,probe0,9071e139d9,theta0,-0.26824599504470825
m0,"cos(g_rkd_sh_d,g_rel_rot)",scannetpp,cam_token,probe0,9071e139d9,theta0,0.034415412694215775
m0,"cos(g_rkd_sh_d,g_rel_tdir)",scannetpp,cam_token,probe0,9071e139d9,theta0,0.8647977113723755
m0,"cos(g_rkd_sh_a,g_couple)",scannetpp,cam_token,probe0,9071e139d9,theta0,-0.20909473299980164
m0,"cos(g_rkd_sh_a,g_rel_rot)",scannetpp,cam_token,probe0,9071e139d9,theta0,0.055850110948085785
m0,"cos(g_rkd_sh_a,g_rel_tdir)",scannetpp,cam_token,probe0,9071e139d9,theta0,0.9687492847442627
m0,"cos(g_couple,g_rel_rot)",scannetpp,cam_token,probe0,9071e139d9,theta0,0.3933108448982239
m0,"cos(g_couple,g_rel_tdir)",scannetpp,cam_token,probe0,9071e139d9,theta0,-0.19224011898040771
m0,"cos(g_rel_rot,g_rel_tdir)",scannetpp,cam_token,probe0,9071e139d9,theta0,0.15120293200016022
m0,"cos(g_maskdistill,g_rkd_sh_d)",scannetpp,ALL,probe0,9071e139d9,theta0,-0.13965009152889252
m0,"cos(g_maskdistill,g_rkd_sh_a)",scannetpp,ALL,probe0,9071e139d9,theta0,-0.17602188885211945
m0,"cos(g_maskdistill,g_couple)",scannetpp,ALL,probe0,9071e139d9,theta0,0.1598912477493286
m0,"cos(g_maskdistill,g_rel_rot)",scannetpp,ALL,probe0,9071e139d9,theta0,-0.13427762687206268
m0,"cos(g_maskdistill,g_rel_tdir)",scannetpp,ALL,probe0,9071e139d9,theta0,-0.24155429005622864
m0,"cos(g_rkd_sh_d,g_rkd_sh_a)",scannetpp,ALL,probe0,9071e139d9,theta0,0.9038114547729492
m0,"cos(g_rkd_sh_d,g_couple)",scannetpp,ALL,probe0,9071e139d9,theta0,0.11913416534662247
m0,"cos(g_rkd_sh_d,g_rel_rot)",scannetpp,ALL,probe0,9071e139d9,theta0,0.14660905301570892
m0,"cos(g_rkd_sh_d,g_rel_tdir)",scannetpp,ALL,probe0,9071e139d9,theta0,0.8295268416404724
m0,"cos(g_rkd_sh_a,g_couple)",scannetpp,ALL,probe0,9071e139d9,theta0,0.09938261657953262
m0,"cos(g_rkd_sh_a,g_rel_rot)",scannetpp,ALL,probe0,9071e139d9,theta0,0.1752481758594513
m0,"cos(g_rkd_sh_a,g_rel_tdir)",scannetpp,ALL,probe0,9071e139d9,theta0,0.9533641934394836
m0,"cos(g_couple,g_rel_rot)",scannetpp,ALL,probe0,9071e139d9,theta0,0.29769378900527954
m0,"cos(g_couple,g_rel_tdir)",scannetpp,ALL,probe0,9071e139d9,theta0,0.037744008004665375
m0,"cos(g_rel_rot,g_rel_tdir)",scannetpp,ALL,probe0,9071e139d9,theta0,0.20537251234054565
m0,"cos(g_rel_rot,g_base)",scannetpp,lora_early,probe0,9071e139d9,theta0,0.16568368673324585
m0,"cos(g_rel_tdir,g_base)",scannetpp,lora_early,probe0,9071e139d9,theta0,0.9207606315612793
m0,"cos(g_rel_rot,g_base)",scannetpp,lora_late,probe0,9071e139d9,theta0,0.16614343225955963
m0,"cos(g_rel_tdir,g_base)",scannetpp,lora_late,probe0,9071e139d9,theta0,0.9384793043136597
m0,"cos(g_rel_rot,g_base)",scannetpp,cam_token,probe0,9071e139d9,theta0,0.04797449707984924
m0,"cos(g_rel_tdir,g_base)",scannetpp,cam_token,probe0,9071e139d9,theta0,0.8945621252059937
m0,"cos(g_rel_rot,g_base)",scannetpp,ALL,probe0,9071e139d9,theta0,0.15912237763404846
m0,"cos(g_rel_tdir,g_base)",scannetpp,ALL,probe0,9071e139d9,theta0,0.9249944686889648
m0,loss[maskdistill],scannetpp,-,probe0,9071e139d9,theta0,0.17607928812503815
m0,loss[rkd_sh_d],scannetpp,-,probe0,9071e139d9,theta0,1.7214186300407164e-05
m0,loss[rkd_sh_a],scannetpp,-,probe0,9071e139d9,theta0,0.007126201875507832
m0,loss[couple],scannetpp,-,probe0,9071e139d9,theta0,0.00020162439614068717
m0,loss[rel_rot],scannetpp,-,probe0,9071e139d9,theta0,0.001449959585443139
m0,loss[rel_tdir],scannetpp,-,probe0,9071e139d9,theta0,0.007900248281657696
clean,"cos(g_maskdistill,g_rkd_sh_d)",scannetpp,lora_early,probe1,9071e139d9,theta0,0.17958196997642517
clean,"cos(g_maskdistill,g_rkd_sh_a)",scannetpp,lora_early,probe1,9071e139d9,theta0,0.18943272531032562
clean,"cos(g_maskdistill,g_couple)",scannetpp,lora_early,probe1,9071e139d9,theta0,0.009489047341048717
clean,"cos(g_maskdistill,g_rel_rot)",scannetpp,lora_early,probe1,9071e139d9,theta0,0.01603606343269348
clean,"cos(g_maskdistill,g_rel_tdir)",scannetpp,lora_early,probe1,9071e139d9,theta0,0.01768607646226883
clean,"cos(g_rkd_sh_d,g_rkd_sh_a)",scannetpp,lora_early,probe1,9071e139d9,theta0,0.48085272312164307
clean,"cos(g_rkd_sh_d,g_couple)",scannetpp,lora_early,probe1,9071e139d9,theta0,-0.7144575119018555
clean,"cos(g_rkd_sh_d,g_rel_rot)",scannetpp,lora_early,probe1,9071e139d9,theta0,0.4934341311454773
clean,"cos(g_rkd_sh_d,g_rel_tdir)",scannetpp,lora_early,probe1,9071e139d9,theta0,0.5715795159339905
clean,"cos(g_rkd_sh_a,g_couple)",scannetpp,lora_early,probe1,9071e139d9,theta0,-0.4599491357803345
clean,"cos(g_rkd_sh_a,g_rel_rot)",scannetpp,lora_early,probe1,9071e139d9,theta0,0.08881182223558426
clean,"cos(g_rkd_sh_a,g_rel_tdir)",scannetpp,lora_early,probe1,9071e139d9,theta0,0.8547327518463135
clean,"cos(g_couple,g_rel_rot)",scannetpp,lora_early,probe1,9071e139d9,theta0,-0.6021230220794678
clean,"cos(g_couple,g_rel_tdir)",scannetpp,lora_early,probe1,9071e139d9,theta0,-0.6644875407218933
clean,"cos(g_rel_rot,g_rel_tdir)",scannetpp,lora_early,probe1,9071e139d9,theta0,0.28954383730888367
clean,"cos(g_maskdistill,g_rkd_sh_d)",scannetpp,lora_late,probe1,9071e139d9,theta0,-0.043863534927368164
clean,"cos(g_maskdistill,g_rkd_sh_a)",scannetpp,lora_late,probe1,9071e139d9,theta0,-0.0543399378657341
clean,"cos(g_maskdistill,g_couple)",scannetpp,lora_late,probe1,9071e139d9,theta0,0.04379640147089958
clean,"cos(g_maskdistill,g_rel_rot)",scannetpp,lora_late,probe1,9071e139d9,theta0,0.01207924447953701
clean,"cos(g_maskdistill,g_rel_tdir)",scannetpp,lora_late,probe1,9071e139d9,theta0,-0.044560398906469345
clean,"cos(g_rkd_sh_d,g_rkd_sh_a)",scannetpp,lora_late,probe1,9071e139d9,theta0,0.4161200225353241
clean,"cos(g_rkd_sh_d,g_couple)",scannetpp,lora_late,probe1,9071e139d9,theta0,-0.5911288261413574
clean,"cos(g_rkd_sh_d,g_rel_rot)",scannetpp,lora_late,probe1,9071e139d9,theta0,0.2055814564228058
clean,"cos(g_rkd_sh_d,g_rel_tdir)",scannetpp,lora_late,probe1,9071e139d9,theta0,0.3645845055580139
clean,"cos(g_rkd_sh_a,g_couple)",scannetpp,lora_late,probe1,9071e139d9,theta0,-0.3567503094673157
clean,"cos(g_rkd_sh_a,g_rel_rot)",scannetpp,lora_late,probe1,9071e139d9,theta0,0.06510443985462189
clean,"cos(g_rkd_sh_a,g_rel_tdir)",scannetpp,lora_late,probe1,9071e139d9,theta0,0.7737298607826233
clean,"cos(g_couple,g_rel_rot)",scannetpp,lora_late,probe1,9071e139d9,theta0,-0.24745741486549377
clean,"cos(g_couple,g_rel_tdir)",scannetpp,lora_late,probe1,9071e139d9,theta0,-0.3900369703769684
clean,"cos(g_rel_rot,g_rel_tdir)",scannetpp,lora_late,probe1,9071e139d9,theta0,0.2031038999557495
clean,"cos(g_maskdistill,g_rkd_sh_d)",scannetpp,cam_token,probe1,9071e139d9,theta0,0.13393735885620117
clean,"cos(g_maskdistill,g_rkd_sh_a)",scannetpp,cam_token,probe1,9071e139d9,theta0,0.16173380613327026
clean,"cos(g_maskdistill,g_couple)",scannetpp,cam_token,probe1,9071e139d9,theta0,0.13039812445640564
clean,"cos(g_maskdistill,g_rel_rot)",scannetpp,cam_token,probe1,9071e139d9,theta0,0.10406811535358429
clean,"cos(g_maskdistill,g_rel_tdir)",scannetpp,cam_token,probe1,9071e139d9,theta0,0.04453786462545395
clean,"cos(g_rkd_sh_d,g_rkd_sh_a)",scannetpp,cam_token,probe1,9071e139d9,theta0,0.07905565947294235
clean,"cos(g_rkd_sh_d,g_couple)",scannetpp,cam_token,probe1,9071e139d9,theta0,-0.349484920501709
clean,"cos(g_rkd_sh_d,g_rel_rot)",scannetpp,cam_token,probe1,9071e139d9,theta0,0.15860435366630554
clean,"cos(g_rkd_sh_d,g_rel_tdir)",scannetpp,cam_token,probe1,9071e139d9,theta0,0.6398358941078186
clean,"cos(g_rkd_sh_a,g_couple)",scannetpp,cam_token,probe1,9071e139d9,theta0,0.21335725486278534
clean,"cos(g_rkd_sh_a,g_rel_rot)",scannetpp,cam_token,probe1,9071e139d9,theta0,-0.004073701798915863
clean,"cos(g_rkd_sh_a,g_rel_tdir)",scannetpp,cam_token,probe1,9071e139d9,theta0,0.21620452404022217
clean,"cos(g_couple,g_rel_rot)",scannetpp,cam_token,probe1,9071e139d9,theta0,-0.24289536476135254
clean,"cos(g_couple,g_rel_tdir)",scannetpp,cam_token,probe1,9071e139d9,theta0,-0.13218525052070618
clean,"cos(g_rel_rot,g_rel_tdir)",scannetpp,cam_token,probe1,9071e139d9,theta0,0.08469295501708984
clean,"cos(g_maskdistill,g_rkd_sh_d)",scannetpp,ALL,probe1,9071e139d9,theta0,0.1034761518239975
clean,"cos(g_maskdistill,g_rkd_sh_a)",scannetpp,ALL,probe1,9071e139d9,theta0,0.08046036958694458
clean,"cos(g_maskdistill,g_couple)",scannetpp,ALL,probe1,9071e139d9,theta0,0.013350998051464558
clean,"cos(g_maskdistill,g_rel_rot)",scannetpp,ALL,probe1,9071e139d9,theta0,0.009284313768148422
clean,"cos(g_maskdistill,g_rel_tdir)",scannetpp,ALL,probe1,9071e139d9,theta0,0.0018399357795715332
clean,"cos(g_rkd_sh_d,g_rkd_sh_a)",scannetpp,ALL,probe1,9071e139d9,theta0,0.4265950620174408
clean,"cos(g_rkd_sh_d,g_couple)",scannetpp,ALL,probe1,9071e139d9,theta0,-0.6375091075897217
clean,"cos(g_rkd_sh_d,g_rel_rot)",scannetpp,ALL,probe1,9071e139d9,theta0,0.2706719636917114
clean,"cos(g_rkd_sh_d,g_rel_tdir)",scannetpp,ALL,probe1,9071e139d9,theta0,0.4255785346031189
clean,"cos(g_rkd_sh_a,g_couple)",scannetpp,ALL,probe1,9071e139d9,theta0,-0.37674593925476074
clean,"cos(g_rkd_sh_a,g_rel_rot)",scannetpp,ALL,probe1,9071e139d9,theta0,0.06884381920099258
clean,"cos(g_rkd_sh_a,g_rel_tdir)",scannetpp,ALL,probe1,9071e139d9,theta0,0.7869549989700317
clean,"cos(g_couple,g_rel_rot)",scannetpp,ALL,probe1,9071e139d9,theta0,-0.3281005024909973
clean,"cos(g_couple,g_rel_tdir)",scannetpp,ALL,probe1,9071e139d9,theta0,-0.46814003586769104
clean,"cos(g_rel_rot,g_rel_tdir)",scannetpp,ALL,probe1,9071e139d9,theta0,0.21820269525051117
clean,"cos(g_rel_rot,g_base)",scannetpp,lora_early,probe1,9071e139d9,theta0,0.002682741731405258
clean,"cos(g_rel_tdir,g_base)",scannetpp,lora_early,probe1,9071e139d9,theta0,0.016874246299266815
clean,"cos(g_rel_rot,g_base)",scannetpp,lora_late,probe1,9071e139d9,theta0,-0.014307554811239243
clean,"cos(g_rel_tdir,g_base)",scannetpp,lora_late,probe1,9071e139d9,theta0,0.03162789344787598
clean,"cos(g_rel_rot,g_base)",scannetpp,cam_token,probe1,9071e139d9,theta0,0.08599430322647095
clean,"cos(g_rel_tdir,g_base)",scannetpp,cam_token,probe1,9071e139d9,theta0,0.06850534677505493
clean,"cos(g_rel_rot,g_base)",scannetpp,ALL,probe1,9071e139d9,theta0,-0.000802183523774147
clean,"cos(g_rel_tdir,g_base)",scannetpp,ALL,probe1,9071e139d9,theta0,0.014371346682310104
clean,loss[maskdistill],scannetpp,-,probe1,9071e139d9,theta0,0.008698688820004463
clean,loss[rkd_sh_d],scannetpp,-,probe1,9071e139d9,theta0,3.787278546951711e-05
clean,loss[rkd_sh_a],scannetpp,-,probe1,9071e139d9,theta0,5.585558028542437e-06
clean,loss[couple],scannetpp,-,probe1,9071e139d9,theta0,4.6850724174873903e-05
clean,loss[rel_rot],scannetpp,-,probe1,9071e139d9,theta0,8.006451935216319e-06
clean,loss[rel_tdir],scannetpp,-,probe1,9071e139d9,theta0,1.2248754501342773e-05
m0,"cos(g_maskdistill,g_rkd_sh_d)",scannetpp,lora_early,probe1,9071e139d9,theta0,0.11717517673969269
m0,"cos(g_maskdistill,g_rkd_sh_a)",scannetpp,lora_early,probe1,9071e139d9,theta0,0.03230404853820801
m0,"cos(g_maskdistill,g_couple)",scannetpp,lora_early,probe1,9071e139d9,theta0,-0.04950597137212753
m0,"cos(g_maskdistill,g_rel_rot)",scannetpp,lora_early,probe1,9071e139d9,theta0,-0.017338763922452927
m0,"cos(g_maskdistill,g_rel_tdir)",scannetpp,lora_early,probe1,9071e139d9,theta0,0.048778943717479706
m0,"cos(g_rkd_sh_d,g_rkd_sh_a)",scannetpp,lora_early,probe1,9071e139d9,theta0,0.42376500368118286
m0,"cos(g_rkd_sh_d,g_couple)",scannetpp,lora_early,probe1,9071e139d9,theta0,-0.5672550201416016
m0,"cos(g_rkd_sh_d,g_rel_rot)",scannetpp,lora_early,probe1,9071e139d9,theta0,-0.5530569553375244
m0,"cos(g_rkd_sh_d,g_rel_tdir)",scannetpp,lora_early,probe1,9071e139d9,theta0,0.14565253257751465
m0,"cos(g_rkd_sh_a,g_couple)",scannetpp,lora_early,probe1,9071e139d9,theta0,-0.3765501379966736
m0,"cos(g_rkd_sh_a,g_rel_rot)",scannetpp,lora_early,probe1,9071e139d9,theta0,-0.05346878618001938
m0,"cos(g_rkd_sh_a,g_rel_tdir)",scannetpp,lora_early,probe1,9071e139d9,theta0,0.738707959651947
m0,"cos(g_couple,g_rel_rot)",scannetpp,lora_early,probe1,9071e139d9,theta0,0.5271925330162048
m0,"cos(g_couple,g_rel_tdir)",scannetpp,lora_early,probe1,9071e139d9,theta0,0.0038086757995188236
m0,"cos(g_rel_rot,g_rel_tdir)",scannetpp,lora_early,probe1,9071e139d9,theta0,0.38578319549560547
m0,"cos(g_maskdistill,g_rkd_sh_d)",scannetpp,lora_late,probe1,9071e139d9,theta0,0.10522757470607758
m0,"cos(g_maskdistill,g_rkd_sh_a)",scannetpp,lora_late,probe1,9071e139d9,theta0,0.15906500816345215
m0,"cos(g_maskdistill,g_couple)",scannetpp,lora_late,probe1,9071e139d9,theta0,-0.0938725471496582
m0,"cos(g_maskdistill,g_rel_rot)",scannetpp,lora_late,probe1,9071e139d9,theta0,0.015661804005503654
m0,"cos(g_maskdistill,g_rel_tdir)",scannetpp,lora_late,probe1,9071e139d9,theta0,0.11900714039802551
m0,"cos(g_rkd_sh_d,g_rkd_sh_a)",scannetpp,lora_late,probe1,9071e139d9,theta0,0.42233288288116455
m0,"cos(g_rkd_sh_d,g_couple)",scannetpp,lora_late,probe1,9071e139d9,theta0,-0.5926527380943298
m0,"cos(g_rkd_sh_d,g_rel_rot)",scannetpp,lora_late,probe1,9071e139d9,theta0,-0.24132411181926727
m0,"cos(g_rkd_sh_d,g_rel_tdir)",scannetpp,lora_late,probe1,9071e139d9,theta0,0.19189196825027466
m0,"cos(g_rkd_sh_a,g_couple)",scannetpp,lora_late,probe1,9071e139d9,theta0,-0.3395611345767975
m0,"cos(g_rkd_sh_a,g_rel_rot)",scannetpp,lora_late,probe1,9071e139d9,theta0,-0.07149935513734818
m0,"cos(g_rkd_sh_a,g_rel_tdir)",scannetpp,lora_late,probe1,9071e139d9,theta0,0.6706101894378662
m0,"cos(g_couple,g_rel_rot)",scannetpp,lora_late,probe1,9071e139d9,theta0,0.20247435569763184
m0,"cos(g_couple,g_rel_tdir)",scannetpp,lora_late,probe1,9071e139d9,theta0,-0.15749013423919678
m0,"cos(g_rel_rot,g_rel_tdir)",scannetpp,lora_late,probe1,9071e139d9,theta0,0.3383486866950989
m0,"cos(g_maskdistill,g_rkd_sh_d)",scannetpp,cam_token,probe1,9071e139d9,theta0,0.3657264709472656
m0,"cos(g_maskdistill,g_rkd_sh_a)",scannetpp,cam_token,probe1,9071e139d9,theta0,0.4214613437652588
m0,"cos(g_maskdistill,g_couple)",scannetpp,cam_token,probe1,9071e139d9,theta0,-0.477448433637619
m0,"cos(g_maskdistill,g_rel_rot)",scannetpp,cam_token,probe1,9071e139d9,theta0,0.016105996444821358
m0,"cos(g_maskdistill,g_rel_tdir)",scannetpp,cam_token,probe1,9071e139d9,theta0,0.3477547764778137
m0,"cos(g_rkd_sh_d,g_rkd_sh_a)",scannetpp,cam_token,probe1,9071e139d9,theta0,0.21286556124687195
m0,"cos(g_rkd_sh_d,g_couple)",scannetpp,cam_token,probe1,9071e139d9,theta0,-0.553681492805481
m0,"cos(g_rkd_sh_d,g_rel_rot)",scannetpp,cam_token,probe1,9071e139d9,theta0,-0.0955214574933052
m0,"cos(g_rkd_sh_d,g_rel_tdir)",scannetpp,cam_token,probe1,9071e139d9,theta0,0.2885628938674927
m0,"cos(g_rkd_sh_a,g_couple)",scannetpp,cam_token,probe1,9071e139d9,theta0,-0.1270429491996765
m0,"cos(g_rkd_sh_a,g_rel_rot)",scannetpp,cam_token,probe1,9071e139d9,theta0,-0.19254371523857117
m0,"cos(g_rkd_sh_a,g_rel_tdir)",scannetpp,cam_token,probe1,9071e139d9,theta0,0.36690059304237366
m0,"cos(g_couple,g_rel_rot)",scannetpp,cam_token,probe1,9071e139d9,theta0,-0.08122415840625763
m0,"cos(g_couple,g_rel_tdir)",scannetpp,cam_token,probe1,9071e139d9,theta0,-0.027467885985970497
m0,"cos(g_rel_rot,g_rel_tdir)",scannetpp,cam_token,probe1,9071e139d9,theta0,0.1062646359205246
m0,"cos(g_maskdistill,g_rkd_sh_d)",scannetpp,ALL,probe1,9071e139d9,theta0,0.10710950195789337
m0,"cos(g_maskdistill,g_rkd_sh_a)",scannetpp,ALL,probe1,9071e139d9,theta0,0.05931711196899414
m0,"cos(g_maskdistill,g_couple)",scannetpp,ALL,probe1,9071e139d9,theta0,-0.05966050177812576
m0,"cos(g_maskdistill,g_rel_rot)",scannetpp,ALL,probe1,9071e139d9,theta0,-0.006136363837867975
m0,"cos(g_maskdistill,g_rel_tdir)",scannetpp,ALL,probe1,9071e139d9,theta0,0.058261971920728683
m0,"cos(g_rkd_sh_d,g_rkd_sh_a)",scannetpp,ALL,probe1,9071e139d9,theta0,0.4148477017879486
m0,"cos(g_rkd_sh_d,g_couple)",scannetpp,ALL,probe1,9071e139d9,theta0,-0.5759046077728271
m0,"cos(g_rkd_sh_d,g_rel_rot)",scannetpp,ALL,probe1,9071e139d9,theta0,-0.3766699433326721
m0,"cos(g_rkd_sh_d,g_rel_tdir)",scannetpp,ALL,probe1,9071e139d9,theta0,0.16423100233078003
m0,"cos(g_rkd_sh_a,g_couple)",scannetpp,ALL,probe1,9071e139d9,theta0,-0.3539521396160126
m0,"cos(g_rkd_sh_a,g_rel_rot)",scannetpp,ALL,probe1,9071e139d9,theta0,-0.06504051387310028
m0,"cos(g_rkd_sh_a,g_rel_tdir)",scannetpp,ALL,probe1,9071e139d9,theta0,0.6949493288993835
m0,"cos(g_couple,g_rel_rot)",scannetpp,ALL,probe1,9071e139d9,theta0,0.33854570984840393
m0,"cos(g_couple,g_rel_tdir)",scannetpp,ALL,probe1,9071e139d9,theta0,-0.08053573966026306
m0,"cos(g_rel_rot,g_rel_tdir)",scannetpp,ALL,probe1,9071e139d9,theta0,0.3539973497390747
m0,"cos(g_rel_rot,g_base)",scannetpp,lora_early,probe1,9071e139d9,theta0,-0.047721974551677704
m0,"cos(g_rel_tdir,g_base)",scannetpp,lora_early,probe1,9071e139d9,theta0,0.07612085342407227
m0,"cos(g_rel_rot,g_base)",scannetpp,lora_late,probe1,9071e139d9,theta0,-0.027628477662801743
m0,"cos(g_rel_tdir,g_base)",scannetpp,lora_late,probe1,9071e139d9,theta0,0.20674973726272583
m0,"cos(g_rel_rot,g_base)",scannetpp,cam_token,probe1,9071e139d9,theta0,0.011269877664744854
m0,"cos(g_rel_tdir,g_base)",scannetpp,cam_token,probe1,9071e139d9,theta0,0.3541903793811798
m0,"cos(g_rel_rot,g_base)",scannetpp,ALL,probe1,9071e139d9,theta0,-0.03195108473300934
m0,"cos(g_rel_tdir,g_base)",scannetpp,ALL,probe1,9071e139d9,theta0,0.09307663142681122
m0,loss[maskdistill],scannetpp,-,probe1,9071e139d9,theta0,0.15448017418384552
m0,loss[rkd_sh_d],scannetpp,-,probe1,9071e139d9,theta0,4.3955587898381054e-05
m0,loss[rkd_sh_a],scannetpp,-,probe1,9071e139d9,theta0,1.0047881914942991e-05
m0,loss[couple],scannetpp,-,probe1,9071e139d9,theta0,2.4787261736491928e-06
m0,loss[rel_rot],scannetpp,-,probe1,9071e139d9,theta0,0.00013562006643041968
m0,loss[rel_tdir],scannetpp,-,probe1,9071e139d9,theta0,0.00010628502059262246
clean,"cos(g_maskdistill,g_rkd_sh_d)",scannetpp,lora_early,probe0,9071e139d9,theta_base,0.04984750971198082
clean,"cos(g_maskdistill,g_rkd_sh_a)",scannetpp,lora_early,probe0,9071e139d9,theta_base,0.30178552865982056
clean,"cos(g_maskdistill,g_couple)",scannetpp,lora_early,probe0,9071e139d9,theta_base,-0.033658042550086975
clean,"cos(g_maskdistill,g_rel_rot)",scannetpp,lora_early,probe0,9071e139d9,theta_base,0.2943077087402344
clean,"cos(g_maskdistill,g_rel_tdir)",scannetpp,lora_early,probe0,9071e139d9,theta_base,0.27107781171798706
clean,"cos(g_rkd_sh_d,g_rkd_sh_a)",scannetpp,lora_early,probe0,9071e139d9,theta_base,-0.3808717131614685
clean,"cos(g_rkd_sh_d,g_couple)",scannetpp,lora_early,probe0,9071e139d9,theta_base,0.3337121605873108
clean,"cos(g_rkd_sh_d,g_rel_rot)",scannetpp,lora_early,probe0,9071e139d9,theta_base,0.5762646198272705
clean,"cos(g_rkd_sh_d,g_rel_tdir)",scannetpp,lora_early,probe0,9071e139d9,theta_base,-0.5470345616340637
clean,"cos(g_rkd_sh_a,g_couple)",scannetpp,lora_early,probe0,9071e139d9,theta_base,-0.01651337742805481
clean,"cos(g_rkd_sh_a,g_rel_rot)",scannetpp,lora_early,probe0,9071e139d9,theta_base,-0.03939949721097946
clean,"cos(g_rkd_sh_a,g_rel_tdir)",scannetpp,lora_early,probe0,9071e139d9,theta_base,0.957506537437439
clean,"cos(g_couple,g_rel_rot)",scannetpp,lora_early,probe0,9071e139d9,theta_base,0.60555100440979
clean,"cos(g_couple,g_rel_tdir)",scannetpp,lora_early,probe0,9071e139d9,theta_base,-0.1279255747795105
clean,"cos(g_rel_rot,g_rel_tdir)",scannetpp,lora_early,probe0,9071e139d9,theta_base,-0.15925361216068268
clean,"cos(g_maskdistill,g_rkd_sh_d)",scannetpp,lora_late,probe0,9071e139d9,theta_base,0.15193243324756622
clean,"cos(g_maskdistill,g_rkd_sh_a)",scannetpp,lora_late,probe0,9071e139d9,theta_base,0.33331161737442017
clean,"cos(g_maskdistill,g_couple)",scannetpp,lora_late,probe0,9071e139d9,theta_base,0.3695351183414459
clean,"cos(g_maskdistill,g_rel_rot)",scannetpp,lora_late,probe0,9071e139d9,theta_base,0.5549978613853455
clean,"cos(g_maskdistill,g_rel_tdir)",scannetpp,lora_late,probe0,9071e139d9,theta_base,0.320082426071167
clean,"cos(g_rkd_sh_d,g_rkd_sh_a)",scannetpp,lora_late,probe0,9071e139d9,theta_base,-0.24578505754470825
clean,"cos(g_rkd_sh_d,g_couple)",scannetpp,lora_late,probe0,9071e139d9,theta_base,0.2052871733903885
clean,"cos(g_rkd_sh_d,g_rel_rot)",scannetpp,lora_late,probe0,9071e139d9,theta_base,0.14634516835212708
clean,"cos(g_rkd_sh_d,g_rel_tdir)",scannetpp,lora_late,probe0,9071e139d9,theta_base,-0.37215495109558105
clean,"cos(g_rkd_sh_a,g_couple)",scannetpp,lora_late,probe0,9071e139d9,theta_base,0.05630694329738617
clean,"cos(g_rkd_sh_a,g_rel_rot)",scannetpp,lora_late,probe0,9071e139d9,theta_base,0.1744541972875595
clean,"cos(g_rkd_sh_a,g_rel_tdir)",scannetpp,lora_late,probe0,9071e139d9,theta_base,0.9600739479064941
clean,"cos(g_couple,g_rel_rot)",scannetpp,lora_late,probe0,9071e139d9,theta_base,0.4539499580860138
clean,"cos(g_couple,g_rel_tdir)",scannetpp,lora_late,probe0,9071e139d9,theta_base,0.012951534241437912
clean,"cos(g_rel_rot,g_rel_tdir)",scannetpp,lora_late,probe0,9071e139d9,theta_base,0.16952863335609436
clean,"cos(g_maskdistill,g_rkd_sh_d)",scannetpp,cam_token,probe0,9071e139d9,theta_base,-0.03899635374546051
clean,"cos(g_maskdistill,g_rkd_sh_a)",scannetpp,cam_token,probe0,9071e139d9,theta_base,0.5439218282699585
clean,"cos(g_maskdistill,g_couple)",scannetpp,cam_token,probe0,9071e139d9,theta_base,0.3011835217475891
clean,"cos(g_maskdistill,g_rel_rot)",scannetpp,cam_token,probe0,9071e139d9,theta_base,0.21295896172523499
clean,"cos(g_maskdistill,g_rel_tdir)",scannetpp,cam_token,probe0,9071e139d9,theta_base,0.5097206830978394
clean,"cos(g_rkd_sh_d,g_rkd_sh_a)",scannetpp,cam_token,probe0,9071e139d9,theta_base,-0.3354397714138031
clean,"cos(g_rkd_sh_d,g_couple)",scannetpp,cam_token,probe0,9071e139d9,theta_base,0.15123680233955383
clean,"cos(g_rkd_sh_d,g_rel_rot)",scannetpp,cam_token,probe0,9071e139d9,theta_base,0.11489309370517731
clean,"cos(g_rkd_sh_d,g_rel_tdir)",scannetpp,cam_token,probe0,9071e139d9,theta_base,-0.46655139327049255
clean,"cos(g_rkd_sh_a,g_couple)",scannetpp,cam_token,probe0,9071e139d9,theta_base,0.2191903442144394
clean,"cos(g_rkd_sh_a,g_rel_rot)",scannetpp,cam_token,probe0,9071e139d9,theta_base,0.19577369093894958
clean,"cos(g_rkd_sh_a,g_rel_tdir)",scannetpp,cam_token,probe0,9071e139d9,theta_base,0.9682980179786682
clean,"cos(g_couple,g_rel_rot)",scannetpp,cam_token,probe0,9071e139d9,theta_base,0.4144684374332428
clean,"cos(g_couple,g_rel_tdir)",scannetpp,cam_token,probe0,9071e139d9,theta_base,0.1406353861093521
clean,"cos(g_rel_rot,g_rel_tdir)",scannetpp,cam_token,probe0,9071e139d9,theta_base,0.1648973673582077
clean,"cos(g_maskdistill,g_rkd_sh_d)",scannetpp,ALL,probe0,9071e139d9,theta_base,0.07235211133956909
clean,"cos(g_maskdistill,g_rkd_sh_a)",scannetpp,ALL,probe0,9071e139d9,theta_base,0.3097062408924103
clean,"cos(g_maskdistill,g_couple)",scannetpp,ALL,probe0,9071e139d9,theta_base,0.06847669184207916
clean,"cos(g_maskdistill,g_rel_rot)",scannetpp,ALL,probe0,9071e139d9,theta_base,0.3780009150505066
clean,"cos(g_maskdistill,g_rel_tdir)",scannetpp,ALL,probe0,9071e139d9,theta_base,0.28322499990463257
clean,"cos(g_rkd_sh_d,g_rkd_sh_a)",scannetpp,ALL,probe0,9071e139d9,theta_base,-0.35180556774139404
clean,"cos(g_rkd_sh_d,g_couple)",scannetpp,ALL,probe0,9071e139d9,theta_base,0.31157004833221436
clean,"cos(g_rkd_sh_d,g_rel_rot)",scannetpp,ALL,probe0,9071e139d9,theta_base,0.47300514578819275
clean,"cos(g_rkd_sh_d,g_rel_tdir)",scannetpp,ALL,probe0,9071e139d9,theta_base,-0.51115882396698
clean,"cos(g_rkd_sh_a,g_couple)",scannetpp,ALL,probe0,9071e139d9,theta_base,-0.0005924843717366457
clean,"cos(g_rkd_sh_a,g_rel_rot)",scannetpp,ALL,probe0,9071e139d9,theta_base,0.0194736048579216
clean,"cos(g_rkd_sh_a,g_rel_tdir)",scannetpp,ALL,probe0,9071e139d9,theta_base,0.9579817652702332
clean,"cos(g_couple,g_rel_rot)",scannetpp,ALL,probe0,9071e139d9,theta_base,0.5635969638824463
clean,"cos(g_couple,g_rel_tdir)",scannetpp,ALL,probe0,9071e139d9,theta_base,-0.09837578237056732
clean,"cos(g_rel_rot,g_rel_tdir)",scannetpp,ALL,probe0,9071e139d9,theta_base,-0.07132045179605484
clean,"cos(g_rel_rot,g_base)",scannetpp,lora_early,probe0,9071e139d9,theta_base,0.17651575803756714
clean,"cos(g_rel_tdir,g_base)",scannetpp,lora_early,probe0,9071e139d9,theta_base,0.8145099878311157
clean,"cos(g_rel_rot,g_base)",scannetpp,lora_late,probe0,9071e139d9,theta_base,0.4555893540382385
clean,"cos(g_rel_tdir,g_base)",scannetpp,lora_late,probe0,9071e139d9,theta_base,0.7896290421485901
clean,"cos(g_rel_rot,g_base)",scannetpp,cam_token,probe0,9071e139d9,theta_base,0.2576531767845154
clean,"cos(g_rel_tdir,g_base)",scannetpp,cam_token,probe0,9071e139d9,theta_base,0.8556885719299316
clean,"cos(g_rel_rot,g_base)",scannetpp,ALL,probe0,9071e139d9,theta_base,0.260241836309433
clean,"cos(g_rel_tdir,g_base)",scannetpp,ALL,probe0,9071e139d9,theta_base,0.8057137727737427
clean,loss[maskdistill],scannetpp,-,probe0,9071e139d9,theta_base,0.03482506051659584
clean,loss[rkd_sh_d],scannetpp,-,probe0,9071e139d9,theta_base,3.842370006168494e-06
clean,loss[rkd_sh_a],scannetpp,-,probe0,9071e139d9,theta_base,0.0007168682641349733
clean,loss[couple],scannetpp,-,probe0,9071e139d9,theta_base,0.0004964219988323748
clean,loss[rel_rot],scannetpp,-,probe0,9071e139d9,theta_base,0.00030947825871407986
clean,loss[rel_tdir],scannetpp,-,probe0,9071e139d9,theta_base,0.0005834301700815558
m0,"cos(g_maskdistill,g_rkd_sh_d)",scannetpp,lora_early,probe0,9071e139d9,theta_base,-0.058152906596660614
m0,"cos(g_maskdistill,g_rkd_sh_a)",scannetpp,lora_early,probe0,9071e139d9,theta_base,-0.055727869272232056
m0,"cos(g_maskdistill,g_couple)",scannetpp,lora_early,probe0,9071e139d9,theta_base,0.165431946516037
m0,"cos(g_maskdistill,g_rel_rot)",scannetpp,lora_early,probe0,9071e139d9,theta_base,0.08265887200832367
m0,"cos(g_maskdistill,g_rel_tdir)",scannetpp,lora_early,probe0,9071e139d9,theta_base,-0.1245255097746849
m0,"cos(g_rkd_sh_d,g_rkd_sh_a)",scannetpp,lora_early,probe0,9071e139d9,theta_base,0.8548323512077332
m0,"cos(g_rkd_sh_d,g_couple)",scannetpp,lora_early,probe0,9071e139d9,theta_base,0.3910273015499115
m0,"cos(g_rkd_sh_d,g_rel_rot)",scannetpp,lora_early,probe0,9071e139d9,theta_base,0.22664615511894226
m0,"cos(g_rkd_sh_d,g_rel_tdir)",scannetpp,lora_early,probe0,9071e139d9,theta_base,0.7827762961387634
m0,"cos(g_rkd_sh_a,g_couple)",scannetpp,lora_early,probe0,9071e139d9,theta_base,0.22335252165794373
m0,"cos(g_rkd_sh_a,g_rel_rot)",scannetpp,lora_early,probe0,9071e139d9,theta_base,-0.0035204440355300903
m0,"cos(g_rkd_sh_a,g_rel_tdir)",scannetpp,lora_early,probe0,9071e139d9,theta_base,0.9514600038528442
m0,"cos(g_couple,g_rel_rot)",scannetpp,lora_early,probe0,9071e139d9,theta_base,0.6096843481063843
m0,"cos(g_couple,g_rel_tdir)",scannetpp,lora_early,probe0,9071e139d9,theta_base,0.09726130962371826
m0,"cos(g_rel_rot,g_rel_tdir)",scannetpp,lora_early,probe0,9071e139d9,theta_base,-0.03455621376633644
m0,"cos(g_maskdistill,g_rkd_sh_d)",scannetpp,lora_late,probe0,9071e139d9,theta_base,-0.029222020879387856
m0,"cos(g_maskdistill,g_rkd_sh_a)",scannetpp,lora_late,probe0,9071e139d9,theta_base,0.05083002150058746
m0,"cos(g_maskdistill,g_couple)",scannetpp,lora_late,probe0,9071e139d9,theta_base,0.09624035656452179
m0,"cos(g_maskdistill,g_rel_rot)",scannetpp,lora_late,probe0,9071e139d9,theta_base,0.055640947073698044
m0,"cos(g_maskdistill,g_rel_tdir)",scannetpp,lora_late,probe0,9071e139d9,theta_base,0.021754762157797813
m0,"cos(g_rkd_sh_d,g_rkd_sh_a)",scannetpp,lora_late,probe0,9071e139d9,theta_base,0.8426443338394165
m0,"cos(g_rkd_sh_d,g_couple)",scannetpp,lora_late,probe0,9071e139d9,theta_base,0.31359922885894775
m0,"cos(g_rkd_sh_d,g_rel_rot)",scannetpp,lora_late,probe0,9071e139d9,theta_base,0.23236417770385742
m0,"cos(g_rkd_sh_d,g_rel_tdir)",scannetpp,lora_late,probe0,9071e139d9,theta_base,0.7297605872154236
m0,"cos(g_rkd_sh_a,g_couple)",scannetpp,lora_late,probe0,9071e139d9,theta_base,0.25314217805862427
m0,"cos(g_rkd_sh_a,g_rel_rot)",scannetpp,lora_late,probe0,9071e139d9,theta_base,0.1930546760559082
m0,"cos(g_rkd_sh_a,g_rel_tdir)",scannetpp,lora_late,probe0,9071e139d9,theta_base,0.932297945022583
m0,"cos(g_couple,g_rel_rot)",scannetpp,lora_late,probe0,9071e139d9,theta_base,0.4517951011657715
m0,"cos(g_couple,g_rel_tdir)",scannetpp,lora_late,probe0,9071e139d9,theta_base,0.21119512617588043
m0,"cos(g_rel_rot,g_rel_tdir)",scannetpp,lora_late,probe0,9071e139d9,theta_base,0.25902628898620605
m0,"cos(g_maskdistill,g_rkd_sh_d)",scannetpp,cam_token,probe0,9071e139d9,theta_base,-0.3199153244495392
m0,"cos(g_maskdistill,g_rkd_sh_a)",scannetpp,cam_token,probe0,9071e139d9,theta_base,-0.373318612575531
m0,"cos(g_maskdistill,g_couple)",scannetpp,cam_token,probe0,9071e139d9,theta_base,0.5876494646072388
m0,"cos(g_maskdistill,g_rel_rot)",scannetpp,cam_token,probe0,9071e139d9,theta_base,0.14591246843338013
m0,"cos(g_maskdistill,g_rel_tdir)",scannetpp,cam_token,probe0,9071e139d9,theta_base,-0.4636097252368927
m0,"cos(g_rkd_sh_d,g_rkd_sh_a)",scannetpp,cam_token,probe0,9071e139d9,theta_base,0.9176294207572937
m0,"cos(g_rkd_sh_d,g_couple)",scannetpp,cam_token,probe0,9071e139d9,theta_base,-0.021409960463643074
m0,"cos(g_rkd_sh_d,g_rel_rot)",scannetpp,cam_token,probe0,9071e139d9,theta_base,0.1288394033908844
m0,"cos(g_rkd_sh_d,g_rel_tdir)",scannetpp,cam_token,probe0,9071e139d9,theta_base,0.8396560549736023
m0,"cos(g_rkd_sh_a,g_couple)",scannetpp,cam_token,probe0,9071e139d9,theta_base,-0.07392153888940811
m0,"cos(g_rkd_sh_a,g_rel_rot)",scannetpp,cam_token,probe0,9071e139d9,theta_base,0.15454351902008057
m0,"cos(g_rkd_sh_a,g_rel_tdir)",scannetpp,cam_token,probe0,9071e139d9,theta_base,0.9626516699790955
m0,"cos(g_couple,g_rel_rot)",scannetpp,cam_token,probe0,9071e139d9,theta_base,0.43259990215301514
m0,"cos(g_couple,g_rel_tdir)",scannetpp,cam_token,probe0,9071e139d9,theta_base,-0.1549740731716156
m0,"cos(g_rel_rot,g_rel_tdir)",scannetpp,cam_token,probe0,9071e139d9,theta_base,0.20477107167243958
m0,"cos(g_maskdistill,g_rkd_sh_d)",scannetpp,ALL,probe0,9071e139d9,theta_base,-0.05476754158735275
m0,"cos(g_maskdistill,g_rkd_sh_a)",scannetpp,ALL,probe0,9071e139d9,theta_base,-0.0401269793510437
m0,"cos(g_maskdistill,g_couple)",scannetpp,ALL,probe0,9071e139d9,theta_base,0.15522401034832
m0,"cos(g_maskdistill,g_rel_rot)",scannetpp,ALL,probe0,9071e139d9,theta_base,0.07439668476581573
m0,"cos(g_maskdistill,g_rel_tdir)",scannetpp,ALL,probe0,9071e139d9,theta_base,-0.10098297148942947
m0,"cos(g_rkd_sh_d,g_rkd_sh_a)",scannetpp,ALL,probe0,9071e139d9,theta_base,0.853157103061676
m0,"cos(g_rkd_sh_d,g_couple)",scannetpp,ALL,probe0,9071e139d9,theta_base,0.3750540018081665
m0,"cos(g_rkd_sh_d,g_rel_rot)",scannetpp,ALL,probe0,9071e139d9,theta_base,0.22104497253894806
m0,"cos(g_rkd_sh_d,g_rel_tdir)",scannetpp,ALL,probe0,9071e139d9,theta_base,0.7739531993865967
m0,"cos(g_rkd_sh_a,g_couple)",scannetpp,ALL,probe0,9071e139d9,theta_base,0.22690778970718384
m0,"cos(g_rkd_sh_a,g_rel_rot)",scannetpp,ALL,probe0,9071e139d9,theta_base,0.043066367506980896
m0,"cos(g_rkd_sh_a,g_rel_tdir)",scannetpp,ALL,probe0,9071e139d9,theta_base,0.9479026794433594
m0,"cos(g_couple,g_rel_rot)",scannetpp,ALL,probe0,9071e139d9,theta_base,0.5566406846046448
m0,"cos(g_couple,g_rel_tdir)",scannetpp,ALL,probe0,9071e139d9,theta_base,0.11744621396064758
m0,"cos(g_rel_rot,g_rel_tdir)",scannetpp,ALL,probe0,9071e139d9,theta_base,0.04074430465698242
m0,"cos(g_rel_rot,g_base)",scannetpp,lora_early,probe0,9071e139d9,theta_base,0.015939708799123764
m0,"cos(g_rel_tdir,g_base)",scannetpp,lora_early,probe0,9071e139d9,theta_base,0.9336246252059937
m0,"cos(g_rel_rot,g_base)",scannetpp,lora_late,probe0,9071e139d9,theta_base,0.20422963798046112
m0,"cos(g_rel_tdir,g_base)",scannetpp,lora_late,probe0,9071e139d9,theta_base,0.9205559492111206
m0,"cos(g_rel_rot,g_base)",scannetpp,cam_token,probe0,9071e139d9,theta_base,0.2032826542854309
m0,"cos(g_rel_tdir,g_base)",scannetpp,cam_token,probe0,9071e139d9,theta_base,0.9175681471824646
m0,"cos(g_rel_rot,g_base)",scannetpp,ALL,probe0,9071e139d9,theta_base,0.06067532300949097
m0,"cos(g_rel_tdir,g_base)",scannetpp,ALL,probe0,9071e139d9,theta_base,0.9310967326164246
m0,loss[maskdistill],scannetpp,-,probe0,9071e139d9,theta_base,0.1698428988456726
m0,loss[rkd_sh_d],scannetpp,-,probe0,9071e139d9,theta_base,1.5585063010803424e-05
m0,loss[rkd_sh_a],scannetpp,-,probe0,9071e139d9,theta_base,0.00667575141415
m0,loss[couple],scannetpp,-,probe0,9071e139d9,theta_base,0.00014804366219323128
m0,loss[rel_rot],scannetpp,-,probe0,9071e139d9,theta_base,0.00137430801987648
m0,loss[rel_tdir],scannetpp,-,probe0,9071e139d9,theta_base,0.008195212110877037
clean,"cos(g_maskdistill,g_rkd_sh_d)",scannetpp,lora_early,probe1,9071e139d9,theta_base,-0.04711855575442314
clean,"cos(g_maskdistill,g_rkd_sh_a)",scannetpp,lora_early,probe1,9071e139d9,theta_base,-0.10245861113071442
clean,"cos(g_maskdistill,g_couple)",scannetpp,lora_early,probe1,9071e139d9,theta_base,-0.07135610282421112
clean,"cos(g_maskdistill,g_rel_rot)",scannetpp,lora_early,probe1,9071e139d9,theta_base,0.30773866176605225
clean,"cos(g_maskdistill,g_rel_tdir)",scannetpp,lora_early,probe1,9071e139d9,theta_base,0.17674145102500916
clean,"cos(g_rkd_sh_d,g_rkd_sh_a)",scannetpp,lora_early,probe1,9071e139d9,theta_base,0.6485193967819214
clean,"cos(g_rkd_sh_d,g_couple)",scannetpp,lora_early,probe1,9071e139d9,theta_base,-0.8285812139511108
clean,"cos(g_rkd_sh_d,g_rel_rot)",scannetpp,lora_early,probe1,9071e139d9,theta_base,0.04572933912277222
clean,"cos(g_rkd_sh_d,g_rel_tdir)",scannetpp,lora_early,probe1,9071e139d9,theta_base,0.5553007125854492
clean,"cos(g_rkd_sh_a,g_couple)",scannetpp,lora_early,probe1,9071e139d9,theta_base,-0.619902491569519
clean,"cos(g_rkd_sh_a,g_rel_rot)",scannetpp,lora_early,probe1,9071e139d9,theta_base,-0.04869456589221954
clean,"cos(g_rkd_sh_a,g_rel_tdir)",scannetpp,lora_early,probe1,9071e139d9,theta_base,0.8536065816879272
clean,"cos(g_couple,g_rel_rot)",scannetpp,lora_early,probe1,9071e139d9,theta_base,-0.1814139485359192
clean,"cos(g_couple,g_rel_tdir)",scannetpp,lora_early,probe1,9071e139d9,theta_base,-0.5416439771652222
clean,"cos(g_rel_rot,g_rel_tdir)",scannetpp,lora_early,probe1,9071e139d9,theta_base,0.040907587856054306
clean,"cos(g_maskdistill,g_rkd_sh_d)",scannetpp,lora_late,probe1,9071e139d9,theta_base,-0.020788341760635376
clean,"cos(g_maskdistill,g_rkd_sh_a)",scannetpp,lora_late,probe1,9071e139d9,theta_base,-0.026354307308793068
clean,"cos(g_maskdistill,g_couple)",scannetpp,lora_late,probe1,9071e139d9,theta_base,0.021632662042975426
clean,"cos(g_maskdistill,g_rel_rot)",scannetpp,lora_late,probe1,9071e139d9,theta_base,0.0032511812169104815
clean,"cos(g_maskdistill,g_rel_tdir)",scannetpp,lora_late,probe1,9071e139d9,theta_base,-0.023017000406980515
clean,"cos(g_rkd_sh_d,g_rkd_sh_a)",scannetpp,lora_late,probe1,9071e139d9,theta_base,0.41866135597229004
clean,"cos(g_rkd_sh_d,g_couple)",scannetpp,lora_late,probe1,9071e139d9,theta_base,-0.5810239315032959
clean,"cos(g_rkd_sh_d,g_rel_rot)",scannetpp,lora_late,probe1,9071e139d9,theta_base,-0.007629946805536747
clean,"cos(g_rkd_sh_d,g_rel_tdir)",scannetpp,lora_late,probe1,9071e139d9,theta_base,0.26069405674934387
clean,"cos(g_rkd_sh_a,g_couple)",scannetpp,lora_late,probe1,9071e139d9,theta_base,-0.34944164752960205
clean,"cos(g_rkd_sh_a,g_rel_rot)",scannetpp,lora_late,probe1,9071e139d9,theta_base,-0.0826086699962616
clean,"cos(g_rkd_sh_a,g_rel_tdir)",scannetpp,lora_late,probe1,9071e139d9,theta_base,0.7923021912574768
clean,"cos(g_couple,g_rel_rot)",scannetpp,lora_late,probe1,9071e139d9,theta_base,-0.13967061042785645
clean,"cos(g_couple,g_rel_tdir)",scannetpp,lora_late,probe1,9071e139d9,theta_base,-0.29917144775390625
clean,"cos(g_rel_rot,g_rel_tdir)",scannetpp,lora_late,probe1,9071e139d9,theta_base,0.014388881623744965
clean,"cos(g_maskdistill,g_rkd_sh_d)",scannetpp,cam_token,probe1,9071e139d9,theta_base,0.011892315000295639
clean,"cos(g_maskdistill,g_rkd_sh_a)",scannetpp,cam_token,probe1,9071e139d9,theta_base,0.08119440078735352
clean,"cos(g_maskdistill,g_couple)",scannetpp,cam_token,probe1,9071e139d9,theta_base,-0.130806565284729
clean,"cos(g_maskdistill,g_rel_rot)",scannetpp,cam_token,probe1,9071e139d9,theta_base,-0.012310521677136421
clean,"cos(g_maskdistill,g_rel_tdir)",scannetpp,cam_token,probe1,9071e139d9,theta_base,0.043396636843681335
clean,"cos(g_rkd_sh_d,g_rkd_sh_a)",scannetpp,cam_token,probe1,9071e139d9,theta_base,0.18687766790390015
clean,"cos(g_rkd_sh_d,g_couple)",scannetpp,cam_token,probe1,9071e139d9,theta_base,-0.391421377658844
clean,"cos(g_rkd_sh_d,g_rel_rot)",scannetpp,cam_token,probe1,9071e139d9,theta_base,0.11803539097309113
clean,"cos(g_rkd_sh_d,g_rel_tdir)",scannetpp,cam_token,probe1,9071e139d9,theta_base,0.6069821715354919
clean,"cos(g_rkd_sh_a,g_couple)",scannetpp,cam_token,probe1,9071e139d9,theta_base,0.13359765708446503
clean,"cos(g_rkd_sh_a,g_rel_rot)",scannetpp,cam_token,probe1,9071e139d9,theta_base,-0.20704446732997894
clean,"cos(g_rkd_sh_a,g_rel_tdir)",scannetpp,cam_token,probe1,9071e139d9,theta_base,0.3278500437736511
clean,"cos(g_couple,g_rel_rot)",scannetpp,cam_token,probe1,9071e139d9,theta_base,-0.39380714297294617
clean,"cos(g_couple,g_rel_tdir)",scannetpp,cam_token,probe1,9071e139d9,theta_base,-0.0982743501663208
clean,"cos(g_rel_rot,g_rel_tdir)",scannetpp,cam_token,probe1,9071e139d9,theta_base,-0.1153886467218399
clean,"cos(g_maskdistill,g_rkd_sh_d)",scannetpp,ALL,probe1,9071e139d9,theta_base,-0.03110305219888687
clean,"cos(g_maskdistill,g_rkd_sh_a)",scannetpp,ALL,probe1,9071e139d9,theta_base,-0.04621962830424309
clean,"cos(g_maskdistill,g_couple)",scannetpp,ALL,probe1,9071e139d9,theta_base,-0.03698534891009331
clean,"cos(g_maskdistill,g_rel_rot)",scannetpp,ALL,probe1,9071e139d9,theta_base,0.09556037932634354
clean,"cos(g_maskdistill,g_rel_tdir)",scannetpp,ALL,probe1,9071e139d9,theta_base,0.06695841252803802
clean,"cos(g_rkd_sh_d,g_rkd_sh_a)",scannetpp,ALL,probe1,9071e139d9,theta_base,0.4654088020324707
clean,"cos(g_rkd_sh_d,g_couple)",scannetpp,ALL,probe1,9071e139d9,theta_base,-0.6655580997467041
clean,"cos(g_rkd_sh_d,g_rel_rot)",scannetpp,ALL,probe1,9071e139d9,theta_base,0.00366592756472528
clean,"cos(g_rkd_sh_d,g_rel_tdir)",scannetpp,ALL,probe1,9071e139d9,theta_base,0.32979899644851685
clean,"cos(g_rkd_sh_a,g_couple)",scannetpp,ALL,probe1,9071e139d9,theta_base,-0.40498965978622437
clean,"cos(g_rkd_sh_a,g_rel_rot)",scannetpp,ALL,probe1,9071e139d9,theta_base,-0.07888668775558472
clean,"cos(g_rkd_sh_a,g_rel_tdir)",scannetpp,ALL,probe1,9071e139d9,theta_base,0.7988340854644775
clean,"cos(g_couple,g_rel_rot)",scannetpp,ALL,probe1,9071e139d9,theta_base,-0.14375640451908112
clean,"cos(g_couple,g_rel_tdir)",scannetpp,ALL,probe1,9071e139d9,theta_base,-0.35064566135406494
clean,"cos(g_rel_rot,g_rel_tdir)",scannetpp,ALL,probe1,9071e139d9,theta_base,0.016390232369303703
clean,"cos(g_rel_rot,g_base)",scannetpp,lora_early,probe1,9071e139d9,theta_base,0.30095553398132324
clean,"cos(g_rel_tdir,g_base)",scannetpp,lora_early,probe1,9071e139d9,theta_base,0.1890924870967865
clean,"cos(g_rel_rot,g_base)",scannetpp,lora_late,probe1,9071e139d9,theta_base,-0.057862788438797
clean,"cos(g_rel_tdir,g_base)",scannetpp,lora_late,probe1,9071e139d9,theta_base,0.0433829165995121
clean,"cos(g_rel_rot,g_base)",scannetpp,cam_token,probe1,9071e139d9,theta_base,-0.0512986034154892
clean,"cos(g_rel_tdir,g_base)",scannetpp,cam_token,probe1,9071e139d9,theta_base,0.07992904633283615
clean,"cos(g_rel_rot,g_base)",scannetpp,ALL,probe1,9071e139d9,theta_base,0.07885007560253143
clean,"cos(g_rel_tdir,g_base)",scannetpp,ALL,probe1,9071e139d9,theta_base,0.08620910346508026
clean,loss[maskdistill],scannetpp,-,probe1,9071e139d9,theta_base,0.00864073820412159
clean,loss[rkd_sh_d],scannetpp,-,probe1,9071e139d9,theta_base,4.052120493724942e-05
clean,loss[rkd_sh_a],scannetpp,-,probe1,9071e139d9,theta_base,5.174535090191057e-06
clean,loss[couple],scannetpp,-,probe1,9071e139d9,theta_base,3.8984606362646446e-05
clean,loss[rel_rot],scannetpp,-,probe1,9071e139d9,theta_base,3.558973730832804e-06
clean,loss[rel_tdir],scannetpp,-,probe1,9071e139d9,theta_base,1.3053417205810547e-05
m0,"cos(g_maskdistill,g_rkd_sh_d)",scannetpp,lora_early,probe1,9071e139d9,theta_base,0.14377029240131378
m0,"cos(g_maskdistill,g_rkd_sh_a)",scannetpp,lora_early,probe1,9071e139d9,theta_base,0.017190026119351387
m0,"cos(g_maskdistill,g_couple)",scannetpp,lora_early,probe1,9071e139d9,theta_base,-0.0025332190562039614
m0,"cos(g_maskdistill,g_rel_rot)",scannetpp,lora_early,probe1,9071e139d9,theta_base,0.04896797984838486
m0,"cos(g_maskdistill,g_rel_tdir)",scannetpp,lora_early,probe1,9071e139d9,theta_base,0.08394668996334076
m0,"cos(g_rkd_sh_d,g_rkd_sh_a)",scannetpp,lora_early,probe1,9071e139d9,theta_base,0.21018916368484497
m0,"cos(g_rkd_sh_d,g_couple)",scannetpp,lora_early,probe1,9071e139d9,theta_base,0.20603874325752258
m0,"cos(g_rkd_sh_d,g_rel_rot)",scannetpp,lora_early,probe1,9071e139d9,theta_base,-0.593277096748352
m0,"cos(g_rkd_sh_d,g_rel_tdir)",scannetpp,lora_early,probe1,9071e139d9,theta_base,0.17680880427360535
m0,"cos(g_rkd_sh_a,g_couple)",scannetpp,lora_early,probe1,9071e139d9,theta_base,0.5562614798545837
m0,"cos(g_rkd_sh_a,g_rel_rot)",scannetpp,lora_early,probe1,9071e139d9,theta_base,0.23425258696079254
m0,"cos(g_rkd_sh_a,g_rel_tdir)",scannetpp,lora_early,probe1,9071e139d9,theta_base,0.7495002746582031
m0,"cos(g_couple,g_rel_rot)",scannetpp,lora_early,probe1,9071e139d9,theta_base,-0.07000360637903214
m0,"cos(g_couple,g_rel_tdir)",scannetpp,lora_early,probe1,9071e139d9,theta_base,0.2395838350057602
m0,"cos(g_rel_rot,g_rel_tdir)",scannetpp,lora_early,probe1,9071e139d9,theta_base,0.4388083517551422
m0,"cos(g_maskdistill,g_rkd_sh_d)",scannetpp,lora_late,probe1,9071e139d9,theta_base,0.08376041799783707
m0,"cos(g_maskdistill,g_rkd_sh_a)",scannetpp,lora_late,probe1,9071e139d9,theta_base,0.1208488717675209
m0,"cos(g_maskdistill,g_couple)",scannetpp,lora_late,probe1,9071e139d9,theta_base,0.11262117326259613
m0,"cos(g_maskdistill,g_rel_rot)",scannetpp,lora_late,probe1,9071e139d9,theta_base,0.025363977998495102
m0,"cos(g_maskdistill,g_rel_tdir)",scannetpp,lora_late,probe1,9071e139d9,theta_base,0.08233524858951569
m0,"cos(g_rkd_sh_d,g_rkd_sh_a)",scannetpp,lora_late,probe1,9071e139d9,theta_base,0.4135739803314209
m0,"cos(g_rkd_sh_d,g_couple)",scannetpp,lora_late,probe1,9071e139d9,theta_base,0.5734403729438782
m0,"cos(g_rkd_sh_d,g_rel_rot)",scannetpp,lora_late,probe1,9071e139d9,theta_base,-0.23158979415893555
m0,"cos(g_rkd_sh_d,g_rel_tdir)",scannetpp,lora_late,probe1,9071e139d9,theta_base,0.20849429070949554
m0,"cos(g_rkd_sh_a,g_couple)",scannetpp,lora_late,probe1,9071e139d9,theta_base,0.3495892286300659
m0,"cos(g_rkd_sh_a,g_rel_rot)",scannetpp,lora_late,probe1,9071e139d9,theta_base,-0.08492138981819153
m0,"cos(g_rkd_sh_a,g_rel_tdir)",scannetpp,lora_late,probe1,9071e139d9,theta_base,0.6388068199157715
m0,"cos(g_couple,g_rel_rot)",scannetpp,lora_late,probe1,9071e139d9,theta_base,-0.13039591908454895
m0,"cos(g_couple,g_rel_tdir)",scannetpp,lora_late,probe1,9071e139d9,theta_base,0.19073718786239624
m0,"cos(g_rel_rot,g_rel_tdir)",scannetpp,lora_late,probe1,9071e139d9,theta_base,0.28838300704956055
m0,"cos(g_maskdistill,g_rkd_sh_d)",scannetpp,cam_token,probe1,9071e139d9,theta_base,0.09894987940788269
m0,"cos(g_maskdistill,g_rkd_sh_a)",scannetpp,cam_token,probe1,9071e139d9,theta_base,0.2109220325946808
m0,"cos(g_maskdistill,g_couple)",scannetpp,cam_token,probe1,9071e139d9,theta_base,0.43012261390686035
m0,"cos(g_maskdistill,g_rel_rot)",scannetpp,cam_token,probe1,9071e139d9,theta_base,0.1636964976787567
m0,"cos(g_maskdistill,g_rel_tdir)",scannetpp,cam_token,probe1,9071e139d9,theta_base,0.2761816084384918
m0,"cos(g_rkd_sh_d,g_rkd_sh_a)",scannetpp,cam_token,probe1,9071e139d9,theta_base,0.01418062299489975
m0,"cos(g_rkd_sh_d,g_couple)",scannetpp,cam_token,probe1,9071e139d9,theta_base,0.39916154742240906
m0,"cos(g_rkd_sh_d,g_rel_rot)",scannetpp,cam_token,probe1,9071e139d9,theta_base,0.004295589402318001
m0,"cos(g_rkd_sh_d,g_rel_tdir)",scannetpp,cam_token,probe1,9071e139d9,theta_base,0.19878046214580536
m0,"cos(g_rkd_sh_a,g_couple)",scannetpp,cam_token,probe1,9071e139d9,theta_base,-0.006161773577332497
m0,"cos(g_rkd_sh_a,g_rel_rot)",scannetpp,cam_token,probe1,9071e139d9,theta_base,-0.1625441014766693
m0,"cos(g_rkd_sh_a,g_rel_tdir)",scannetpp,cam_token,probe1,9071e139d9,theta_base,0.25438833236694336
m0,"cos(g_couple,g_rel_rot)",scannetpp,cam_token,probe1,9071e139d9,theta_base,0.3265933394432068
m0,"cos(g_couple,g_rel_tdir)",scannetpp,cam_token,probe1,9071e139d9,theta_base,0.020726997405290604
m0,"cos(g_rel_rot,g_rel_tdir)",scannetpp,cam_token,probe1,9071e139d9,theta_base,0.05710864067077637
m0,"cos(g_maskdistill,g_rkd_sh_d)",scannetpp,ALL,probe1,9071e139d9,theta_base,0.12329740822315216
m0,"cos(g_maskdistill,g_rkd_sh_a)",scannetpp,ALL,probe1,9071e139d9,theta_base,0.03054678626358509
m0,"cos(g_maskdistill,g_couple)",scannetpp,ALL,probe1,9071e139d9,theta_base,0.016854941844940186
m0,"cos(g_maskdistill,g_rel_rot)",scannetpp,ALL,probe1,9071e139d9,theta_base,0.033455993980169296
m0,"cos(g_maskdistill,g_rel_tdir)",scannetpp,ALL,probe1,9071e139d9,theta_base,0.06771232187747955
m0,"cos(g_rkd_sh_d,g_rkd_sh_a)",scannetpp,ALL,probe1,9071e139d9,theta_base,0.2910372018814087
m0,"cos(g_rkd_sh_d,g_couple)",scannetpp,ALL,probe1,9071e139d9,theta_base,0.3494546413421631
m0,"cos(g_rkd_sh_d,g_rel_rot)",scannetpp,ALL,probe1,9071e139d9,theta_base,-0.38992172479629517
m0,"cos(g_rkd_sh_d,g_rel_tdir)",scannetpp,ALL,probe1,9071e139d9,theta_base,0.18607184290885925
m0,"cos(g_rkd_sh_a,g_couple)",scannetpp,ALL,probe1,9071e139d9,theta_base,0.45353925228118896
m0,"cos(g_rkd_sh_a,g_rel_rot)",scannetpp,ALL,probe1,9071e139d9,theta_base,0.04582545906305313
m0,"cos(g_rkd_sh_a,g_rel_tdir)",scannetpp,ALL,probe1,9071e139d9,theta_base,0.6856366395950317
m0,"cos(g_couple,g_rel_rot)",scannetpp,ALL,probe1,9071e139d9,theta_base,-0.09874221682548523
m0,"cos(g_couple,g_rel_tdir)",scannetpp,ALL,probe1,9071e139d9,theta_base,0.21195252239704132
m0,"cos(g_rel_rot,g_rel_tdir)",scannetpp,ALL,probe1,9071e139d9,theta_base,0.34321439266204834
m0,"cos(g_rel_rot,g_base)",scannetpp,lora_early,probe1,9071e139d9,theta_base,0.025788970291614532
m0,"cos(g_rel_tdir,g_base)",scannetpp,lora_early,probe1,9071e139d9,theta_base,0.10337261855602264
m0,"cos(g_rel_rot,g_base)",scannetpp,lora_late,probe1,9071e139d9,theta_base,-0.019318025559186935
m0,"cos(g_rel_tdir,g_base)",scannetpp,lora_late,probe1,9071e139d9,theta_base,0.16153711080551147
m0,"cos(g_rel_rot,g_base)",scannetpp,cam_token,probe1,9071e139d9,theta_base,0.1610565185546875
m0,"cos(g_rel_tdir,g_base)",scannetpp,cam_token,probe1,9071e139d9,theta_base,0.28175246715545654
m0,"cos(g_rel_rot,g_base)",scannetpp,ALL,probe1,9071e139d9,theta_base,0.013095298781991005
m0,"cos(g_rel_tdir,g_base)",scannetpp,ALL,probe1,9071e139d9,theta_base,0.09249486029148102
m0,loss[maskdistill],scannetpp,-,probe1,9071e139d9,theta_base,0.14907045662403107
m0,loss[rkd_sh_d],scannetpp,-,probe1,9071e139d9,theta_base,3.9762904634699225e-05
m0,loss[rkd_sh_a],scannetpp,-,probe1,9071e139d9,theta_base,7.660721166757867e-06
m0,loss[couple],scannetpp,-,probe1,9071e139d9,theta_base,1.7889055925479624e-07
m0,loss[rel_rot],scannetpp,-,probe1,9071e139d9,theta_base,0.00011855010961880907
m0,loss[rel_tdir],scannetpp,-,probe1,9071e139d9,theta_base,8.081396663328633e-05
clean,"cos(g_maskdistill,g_rkd_sh_d)",scannetpp,lora_early,probe0,9071e139d9,theta_rel,0.6330514550209045
clean,"cos(g_maskdistill,g_rkd_sh_a)",scannetpp,lora_early,probe0,9071e139d9,theta_rel,0.6415853500366211
clean,"cos(g_maskdistill,g_couple)",scannetpp,lora_early,probe0,9071e139d9,theta_rel,0.28861021995544434
clean,"cos(g_maskdistill,g_rel_rot)",scannetpp,lora_early,probe0,9071e139d9,theta_rel,0.4998071789741516
clean,"cos(g_maskdistill,g_rel_tdir)",scannetpp,lora_early,probe0,9071e139d9,theta_rel,0.47446030378341675
clean,"cos(g_rkd_sh_d,g_rkd_sh_a)",scannetpp,lora_early,probe0,9071e139d9,theta_rel,0.4787091016769409
clean,"cos(g_rkd_sh_d,g_couple)",scannetpp,lora_early,probe0,9071e139d9,theta_rel,0.5257400274276733
clean,"cos(g_rkd_sh_d,g_rel_rot)",scannetpp,lora_early,probe0,9071e139d9,theta_rel,0.4956582188606262
clean,"cos(g_rkd_sh_d,g_rel_tdir)",scannetpp,lora_early,probe0,9071e139d9,theta_rel,0.21078544855117798
clean,"cos(g_rkd_sh_a,g_couple)",scannetpp,lora_early,probe0,9071e139d9,theta_rel,0.15729402005672455
clean,"cos(g_rkd_sh_a,g_rel_rot)",scannetpp,lora_early,probe0,9071e139d9,theta_rel,0.4461134970188141
clean,"cos(g_rkd_sh_a,g_rel_tdir)",scannetpp,lora_early,probe0,9071e139d9,theta_rel,0.9355685710906982
clean,"cos(g_couple,g_rel_rot)",scannetpp,lora_early,probe0,9071e139d9,theta_rel,0.7749456167221069
clean,"cos(g_couple,g_rel_tdir)",scannetpp,lora_early,probe0,9071e139d9,theta_rel,0.05615459755063057
clean,"cos(g_rel_rot,g_rel_tdir)",scannetpp,lora_early,probe0,9071e139d9,theta_rel,0.3710043430328369
clean,"cos(g_maskdistill,g_rkd_sh_d)",scannetpp,lora_late,probe0,9071e139d9,theta_rel,0.0892631858587265
clean,"cos(g_maskdistill,g_rkd_sh_a)",scannetpp,lora_late,probe0,9071e139d9,theta_rel,0.3876941204071045
clean,"cos(g_maskdistill,g_couple)",scannetpp,lora_late,probe0,9071e139d9,theta_rel,0.38875773549079895
clean,"cos(g_maskdistill,g_rel_rot)",scannetpp,lora_late,probe0,9071e139d9,theta_rel,0.5392712354660034
clean,"cos(g_maskdistill,g_rel_tdir)",scannetpp,lora_late,probe0,9071e139d9,theta_rel,0.37117862701416016
clean,"cos(g_rkd_sh_d,g_rkd_sh_a)",scannetpp,lora_late,probe0,9071e139d9,theta_rel,-0.17008116841316223
clean,"cos(g_rkd_sh_d,g_couple)",scannetpp,lora_late,probe0,9071e139d9,theta_rel,0.1475888192653656
clean,"cos(g_rkd_sh_d,g_rel_rot)",scannetpp,lora_late,probe0,9071e139d9,theta_rel,0.06261946260929108
clean,"cos(g_rkd_sh_d,g_rel_tdir)",scannetpp,lora_late,probe0,9071e139d9,theta_rel,-0.32431820034980774
clean,"cos(g_rkd_sh_a,g_couple)",scannetpp,lora_late,probe0,9071e139d9,theta_rel,0.053686439990997314
clean,"cos(g_rkd_sh_a,g_rel_rot)",scannetpp,lora_late,probe0,9071e139d9,theta_rel,0.22607789933681488
clean,"cos(g_rkd_sh_a,g_rel_tdir)",scannetpp,lora_late,probe0,9071e139d9,theta_rel,0.951852560043335
clean,"cos(g_couple,g_rel_rot)",scannetpp,lora_late,probe0,9071e139d9,theta_rel,0.4745117425918579
clean,"cos(g_couple,g_rel_tdir)",scannetpp,lora_late,probe0,9071e139d9,theta_rel,0.011534345336258411
clean,"cos(g_rel_rot,g_rel_tdir)",scannetpp,lora_late,probe0,9071e139d9,theta_rel,0.2273247241973877
clean,"cos(g_maskdistill,g_rkd_sh_d)",scannetpp,cam_token,probe0,9071e139d9,theta_rel,0.3685421049594879
clean,"cos(g_maskdistill,g_rkd_sh_a)",scannetpp,cam_token,probe0,9071e139d9,theta_rel,0.6059345006942749
clean,"cos(g_maskdistill,g_couple)",scannetpp,cam_token,probe0,9071e139d9,theta_rel,0.464794397354126
clean,"cos(g_maskdistill,g_rel_rot)",scannetpp,cam_token,probe0,9071e139d9,theta_rel,0.40031707286834717
clean,"cos(g_maskdistill,g_rel_tdir)",scannetpp,cam_token,probe0,9071e139d9,theta_rel,0.5462157726287842
clean,"cos(g_rkd_sh_d,g_rkd_sh_a)",scannetpp,cam_token,probe0,9071e139d9,theta_rel,0.24467219412326813
clean,"cos(g_rkd_sh_d,g_couple)",scannetpp,cam_token,probe0,9071e139d9,theta_rel,0.25132495164871216
clean,"cos(g_rkd_sh_d,g_rel_rot)",scannetpp,cam_token,probe0,9071e139d9,theta_rel,0.19645678997039795
clean,"cos(g_rkd_sh_d,g_rel_tdir)",scannetpp,cam_token,probe0,9071e139d9,theta_rel,0.04558287560939789
clean,"cos(g_rkd_sh_a,g_couple)",scannetpp,cam_token,probe0,9071e139d9,theta_rel,0.2995416522026062
clean,"cos(g_rkd_sh_a,g_rel_rot)",scannetpp,cam_token,probe0,9071e139d9,theta_rel,0.5075839757919312
clean,"cos(g_rkd_sh_a,g_rel_tdir)",scannetpp,cam_token,probe0,9071e139d9,theta_rel,0.9657790064811707
clean,"cos(g_couple,g_rel_rot)",scannetpp,cam_token,probe0,9071e139d9,theta_rel,0.5371996164321899
clean,"cos(g_couple,g_rel_tdir)",scannetpp,cam_token,probe0,9071e139d9,theta_rel,0.2483925074338913
clean,"cos(g_rel_rot,g_rel_tdir)",scannetpp,cam_token,probe0,9071e139d9,theta_rel,0.458242267370224
clean,"cos(g_maskdistill,g_rkd_sh_d)",scannetpp,ALL,probe0,9071e139d9,theta_rel,0.5458065271377563
clean,"cos(g_maskdistill,g_rkd_sh_a)",scannetpp,ALL,probe0,9071e139d9,theta_rel,0.5915789604187012
clean,"cos(g_maskdistill,g_couple)",scannetpp,ALL,probe0,9071e139d9,theta_rel,0.3078979253768921
clean,"cos(g_maskdistill,g_rel_rot)",scannetpp,ALL,probe0,9071e139d9,theta_rel,0.5081403255462646
clean,"cos(g_maskdistill,g_rel_tdir)",scannetpp,ALL,probe0,9071e139d9,theta_rel,0.4520941972732544
clean,"cos(g_rkd_sh_d,g_rkd_sh_a)",scannetpp,ALL,probe0,9071e139d9,theta_rel,0.4050704538822174
clean,"cos(g_rkd_sh_d,g_couple)",scannetpp,ALL,probe0,9071e139d9,theta_rel,0.47645872831344604
clean,"cos(g_rkd_sh_d,g_rel_rot)",scannetpp,ALL,probe0,9071e139d9,theta_rel,0.4298538863658905
clean,"cos(g_rkd_sh_d,g_rel_tdir)",scannetpp,ALL,probe0,9071e139d9,theta_rel,0.1386033594608307
clean,"cos(g_rkd_sh_a,g_couple)",scannetpp,ALL,probe0,9071e139d9,theta_rel,0.14107513427734375
clean,"cos(g_rkd_sh_a,g_rel_rot)",scannetpp,ALL,probe0,9071e139d9,theta_rel,0.40558311343193054
clean,"cos(g_rkd_sh_a,g_rel_tdir)",scannetpp,ALL,probe0,9071e139d9,theta_rel,0.9358173608779907
clean,"cos(g_couple,g_rel_rot)",scannetpp,ALL,probe0,9071e139d9,theta_rel,0.7162570953369141
clean,"cos(g_couple,g_rel_tdir)",scannetpp,ALL,probe0,9071e139d9,theta_rel,0.04820173978805542
clean,"cos(g_rel_rot,g_rel_tdir)",scannetpp,ALL,probe0,9071e139d9,theta_rel,0.3410947322845459
clean,"cos(g_rel_rot,g_base)",scannetpp,lora_early,probe0,9071e139d9,theta_rel,0.5550529956817627
clean,"cos(g_rel_tdir,g_base)",scannetpp,lora_early,probe0,9071e139d9,theta_rel,0.8057824373245239
clean,"cos(g_rel_rot,g_base)",scannetpp,lora_late,probe0,9071e139d9,theta_rel,0.4750640392303467
clean,"cos(g_rel_tdir,g_base)",scannetpp,lora_late,probe0,9071e139d9,theta_rel,0.7906141877174377
clean,"cos(g_rel_rot,g_base)",scannetpp,cam_token,probe0,9071e139d9,theta_rel,0.5333611965179443
clean,"cos(g_rel_tdir,g_base)",scannetpp,cam_token,probe0,9071e139d9,theta_rel,0.8597983717918396
clean,"cos(g_rel_rot,g_base)",scannetpp,ALL,probe0,9071e139d9,theta_rel,0.5389938950538635
clean,"cos(g_rel_tdir,g_base)",scannetpp,ALL,probe0,9071e139d9,theta_rel,0.8014552593231201
clean,loss[maskdistill],scannetpp,-,probe0,9071e139d9,theta_rel,0.035280682146549225
clean,loss[rkd_sh_d],scannetpp,-,probe0,9071e139d9,theta_rel,3.708980784722371e-06
clean,loss[rkd_sh_a],scannetpp,-,probe0,9071e139d9,theta_rel,0.0006696201162412763
clean,loss[couple],scannetpp,-,probe0,9071e139d9,theta_rel,0.00047480594366788864
clean,loss[rel_rot],scannetpp,-,probe0,9071e139d9,theta_rel,0.00027698022313416004
clean,loss[rel_tdir],scannetpp,-,probe0,9071e139d9,theta_rel,0.0005766749382019043
m0,"cos(g_maskdistill,g_rkd_sh_d)",scannetpp,lora_early,probe0,9071e139d9,theta_rel,-0.30967509746551514
m0,"cos(g_maskdistill,g_rkd_sh_a)",scannetpp,lora_early,probe0,9071e139d9,theta_rel,-0.29156655073165894
m0,"cos(g_maskdistill,g_couple)",scannetpp,lora_early,probe0,9071e139d9,theta_rel,0.04190198332071304
m0,"cos(g_maskdistill,g_rel_rot)",scannetpp,lora_early,probe0,9071e139d9,theta_rel,-0.06757037341594696
m0,"cos(g_maskdistill,g_rel_tdir)",scannetpp,lora_early,probe0,9071e139d9,theta_rel,-0.29129981994628906
m0,"cos(g_rkd_sh_d,g_rkd_sh_a)",scannetpp,lora_early,probe0,9071e139d9,theta_rel,0.9698773622512817
m0,"cos(g_rkd_sh_d,g_couple)",scannetpp,lora_early,probe0,9071e139d9,theta_rel,-0.514053463935852
m0,"cos(g_rkd_sh_d,g_rel_rot)",scannetpp,lora_early,probe0,9071e139d9,theta_rel,-0.35058078169822693
m0,"cos(g_rkd_sh_d,g_rel_tdir)",scannetpp,lora_early,probe0,9071e139d9,theta_rel,0.9319698214530945
m0,"cos(g_rkd_sh_a,g_couple)",scannetpp,lora_early,probe0,9071e139d9,theta_rel,-0.549630880355835
m0,"cos(g_rkd_sh_a,g_rel_rot)",scannetpp,lora_early,probe0,9071e139d9,theta_rel,-0.3756446838378906
m0,"cos(g_rkd_sh_a,g_rel_tdir)",scannetpp,lora_early,probe0,9071e139d9,theta_rel,0.9715909361839294
m0,"cos(g_couple,g_rel_rot)",scannetpp,lora_early,probe0,9071e139d9,theta_rel,0.884978175163269
m0,"cos(g_couple,g_rel_tdir)",scannetpp,lora_early,probe0,9071e139d9,theta_rel,-0.6376935243606567
m0,"cos(g_rel_rot,g_rel_tdir)",scannetpp,lora_early,probe0,9071e139d9,theta_rel,-0.46744537353515625
m0,"cos(g_maskdistill,g_rkd_sh_d)",scannetpp,lora_late,probe0,9071e139d9,theta_rel,-0.2019837498664856
m0,"cos(g_maskdistill,g_rkd_sh_a)",scannetpp,lora_late,probe0,9071e139d9,theta_rel,-0.1457301378250122
m0,"cos(g_maskdistill,g_couple)",scannetpp,lora_late,probe0,9071e139d9,theta_rel,0.12281371653079987
m0,"cos(g_maskdistill,g_rel_rot)",scannetpp,lora_late,probe0,9071e139d9,theta_rel,0.07202353328466415
m0,"cos(g_maskdistill,g_rel_tdir)",scannetpp,lora_late,probe0,9071e139d9,theta_rel,-0.17027932405471802
m0,"cos(g_rkd_sh_d,g_rkd_sh_a)",scannetpp,lora_late,probe0,9071e139d9,theta_rel,0.9375485181808472
m0,"cos(g_rkd_sh_d,g_couple)",scannetpp,lora_late,probe0,9071e139d9,theta_rel,-0.3508487939834595
m0,"cos(g_rkd_sh_d,g_rel_rot)",scannetpp,lora_late,probe0,9071e139d9,theta_rel,-0.0804833397269249
m0,"cos(g_rkd_sh_d,g_rel_tdir)",scannetpp,lora_late,probe0,9071e139d9,theta_rel,0.8675312995910645
m0,"cos(g_rkd_sh_a,g_couple)",scannetpp,lora_late,probe0,9071e139d9,theta_rel,-0.30831366777420044
m0,"cos(g_rkd_sh_a,g_rel_rot)",scannetpp,lora_late,probe0,9071e139d9,theta_rel,-0.03344186767935753
m0,"cos(g_rkd_sh_a,g_rel_tdir)",scannetpp,lora_late,probe0,9071e139d9,theta_rel,0.9551256895065308
m0,"cos(g_couple,g_rel_rot)",scannetpp,lora_late,probe0,9071e139d9,theta_rel,0.5792266130447388
m0,"cos(g_couple,g_rel_tdir)",scannetpp,lora_late,probe0,9071e139d9,theta_rel,-0.34264689683914185
m0,"cos(g_rel_rot,g_rel_tdir)",scannetpp,lora_late,probe0,9071e139d9,theta_rel,-0.012869716621935368
m0,"cos(g_maskdistill,g_rkd_sh_d)",scannetpp,cam_token,probe0,9071e139d9,theta_rel,-0.2964339256286621
m0,"cos(g_maskdistill,g_rkd_sh_a)",scannetpp,cam_token,probe0,9071e139d9,theta_rel,-0.1683385670185089
m0,"cos(g_maskdistill,g_couple)",scannetpp,cam_token,probe0,9071e139d9,theta_rel,-0.24015991389751434
m0,"cos(g_maskdistill,g_rel_rot)",scannetpp,cam_token,probe0,9071e139d9,theta_rel,-0.13203692436218262
m0,"cos(g_maskdistill,g_rel_tdir)",scannetpp,cam_token,probe0,9071e139d9,theta_rel,-0.08433796465396881
m0,"cos(g_rkd_sh_d,g_rkd_sh_a)",scannetpp,cam_token,probe0,9071e139d9,theta_rel,0.9364543557167053
m0,"cos(g_rkd_sh_d,g_couple)",scannetpp,cam_token,probe0,9071e139d9,theta_rel,-0.34935450553894043
m0,"cos(g_rkd_sh_d,g_rel_rot)",scannetpp,cam_token,probe0,9071e139d9,theta_rel,-0.29856038093566895
m0,"cos(g_rkd_sh_d,g_rel_tdir)",scannetpp,cam_token,probe0,9071e139d9,theta_rel,0.8618939518928528
m0,"cos(g_rkd_sh_a,g_couple)",scannetpp,cam_token,probe0,9071e139d9,theta_rel,-0.36184951663017273
m0,"cos(g_rkd_sh_a,g_rel_rot)",scannetpp,cam_token,probe0,9071e139d9,theta_rel,-0.2894855737686157
m0,"cos(g_rkd_sh_a,g_rel_tdir)",scannetpp,cam_token,probe0,9071e139d9,theta_rel,0.9494264721870422
m0,"cos(g_couple,g_rel_rot)",scannetpp,cam_token,probe0,9071e139d9,theta_rel,0.8137089014053345
m0,"cos(g_couple,g_rel_tdir)",scannetpp,cam_token,probe0,9071e139d9,theta_rel,-0.5055657625198364
m0,"cos(g_rel_rot,g_rel_tdir)",scannetpp,cam_token,probe0,9071e139d9,theta_rel,-0.3566995859146118
m0,"cos(g_maskdistill,g_rkd_sh_d)",scannetpp,ALL,probe0,9071e139d9,theta_rel,-0.2950904965400696
m0,"cos(g_maskdistill,g_rkd_sh_a)",scannetpp,ALL,probe0,9071e139d9,theta_rel,-0.27094393968582153
m0,"cos(g_maskdistill,g_couple)",scannetpp,ALL,probe0,9071e139d9,theta_rel,0.0482124462723732
m0,"cos(g_maskdistill,g_rel_rot)",scannetpp,ALL,probe0,9071e139d9,theta_rel,-0.04617306590080261
m0,"cos(g_maskdistill,g_rel_tdir)",scannetpp,ALL,probe0,9071e139d9,theta_rel,-0.2742326855659485
m0,"cos(g_rkd_sh_d,g_rkd_sh_a)",scannetpp,ALL,probe0,9071e139d9,theta_rel,0.9653304815292358
m0,"cos(g_rkd_sh_d,g_couple)",scannetpp,ALL,probe0,9071e139d9,theta_rel,-0.4949924647808075
m0,"cos(g_rkd_sh_d,g_rel_rot)",scannetpp,ALL,probe0,9071e139d9,theta_rel,-0.3075404167175293
m0,"cos(g_rkd_sh_d,g_rel_tdir)",scannetpp,ALL,probe0,9071e139d9,theta_rel,0.923273503780365
m0,"cos(g_rkd_sh_a,g_couple)",scannetpp,ALL,probe0,9071e139d9,theta_rel,-0.5213143825531006
m0,"cos(g_rkd_sh_a,g_rel_rot)",scannetpp,ALL,probe0,9071e139d9,theta_rel,-0.31995272636413574
m0,"cos(g_rkd_sh_a,g_rel_tdir)",scannetpp,ALL,probe0,9071e139d9,theta_rel,0.9692374467849731
m0,"cos(g_couple,g_rel_rot)",scannetpp,ALL,probe0,9071e139d9,theta_rel,0.8370815515518188
m0,"cos(g_couple,g_rel_tdir)",scannetpp,ALL,probe0,9071e139d9,theta_rel,-0.6051170825958252
m0,"cos(g_rel_rot,g_rel_tdir)",scannetpp,ALL,probe0,9071e139d9,theta_rel,-0.3952421545982361
m0,"cos(g_rel_rot,g_base)",scannetpp,lora_early,probe0,9071e139d9,theta_rel,-0.3742101192474365
m0,"cos(g_rel_tdir,g_base)",scannetpp,lora_early,probe0,9071e139d9,theta_rel,0.9628126621246338
m0,"cos(g_rel_rot,g_base)",scannetpp,lora_late,probe0,9071e139d9,theta_rel,-0.016116002574563026
m0,"cos(g_rel_tdir,g_base)",scannetpp,lora_late,probe0,9071e139d9,theta_rel,0.9459381699562073
m0,"cos(g_rel_rot,g_base)",scannetpp,cam_token,probe0,9071e139d9,theta_rel,-0.29829472303390503
m0,"cos(g_rel_tdir,g_base)",scannetpp,cam_token,probe0,9071e139d9,theta_rel,0.9398441314697266
m0,"cos(g_rel_rot,g_base)",scannetpp,ALL,probe0,9071e139d9,theta_rel,-0.3149392306804657
m0,"cos(g_rel_tdir,g_base)",scannetpp,ALL,probe0,9071e139d9,theta_rel,0.9602179527282715
m0,loss[maskdistill],scannetpp,-,probe0,9071e139d9,theta_rel,0.17226538062095642
m0,loss[rkd_sh_d],scannetpp,-,probe0,9071e139d9,theta_rel,1.795671778381802e-05
m0,loss[rkd_sh_a],scannetpp,-,probe0,9071e139d9,theta_rel,0.008764197118580341
m0,loss[couple],scannetpp,-,probe0,9071e139d9,theta_rel,6.558228778885677e-05
m0,loss[rel_rot],scannetpp,-,probe0,9071e139d9,theta_rel,0.001338230213150382
m0,loss[rel_tdir],scannetpp,-,probe0,9071e139d9,theta_rel,0.00993723701685667
clean,"cos(g_maskdistill,g_rkd_sh_d)",scannetpp,lora_early,probe1,9071e139d9,theta_rel,-0.022942617535591125
clean,"cos(g_maskdistill,g_rkd_sh_a)",scannetpp,lora_early,probe1,9071e139d9,theta_rel,0.07085640728473663
clean,"cos(g_maskdistill,g_couple)",scannetpp,lora_early,probe1,9071e139d9,theta_rel,-0.07956519722938538
clean,"cos(g_maskdistill,g_rel_rot)",scannetpp,lora_early,probe1,9071e139d9,theta_rel,0.247767835855484
clean,"cos(g_maskdistill,g_rel_tdir)",scannetpp,lora_early,probe1,9071e139d9,theta_rel,0.2571631073951721
clean,"cos(g_rkd_sh_d,g_rkd_sh_a)",scannetpp,lora_early,probe1,9071e139d9,theta_rel,0.7428910732269287
clean,"cos(g_rkd_sh_d,g_couple)",scannetpp,lora_early,probe1,9071e139d9,theta_rel,-0.7679250240325928
clean,"cos(g_rkd_sh_d,g_rel_rot)",scannetpp,lora_early,probe1,9071e139d9,theta_rel,0.2458953559398651
clean,"cos(g_rkd_sh_d,g_rel_tdir)",scannetpp,lora_early,probe1,9071e139d9,theta_rel,0.7060158252716064
clean,"cos(g_rkd_sh_a,g_couple)",scannetpp,lora_early,probe1,9071e139d9,theta_rel,-0.6791531443595886
clean,"cos(g_rkd_sh_a,g_rel_rot)",scannetpp,lora_early,probe1,9071e139d9,theta_rel,0.21619123220443726
clean,"cos(g_rkd_sh_a,g_rel_tdir)",scannetpp,lora_early,probe1,9071e139d9,theta_rel,0.8551539778709412
clean,"cos(g_couple,g_rel_rot)",scannetpp,lora_early,probe1,9071e139d9,theta_rel,-0.4392099380493164
clean,"cos(g_couple,g_rel_tdir)",scannetpp,lora_early,probe1,9071e139d9,theta_rel,-0.7310888171195984
clean,"cos(g_rel_rot,g_rel_tdir)",scannetpp,lora_early,probe1,9071e139d9,theta_rel,0.610223650932312
clean,"cos(g_maskdistill,g_rkd_sh_d)",scannetpp,lora_late,probe1,9071e139d9,theta_rel,-0.032651811838150024
clean,"cos(g_maskdistill,g_rkd_sh_a)",scannetpp,lora_late,probe1,9071e139d9,theta_rel,-0.03878474980592728
clean,"cos(g_maskdistill,g_couple)",scannetpp,lora_late,probe1,9071e139d9,theta_rel,0.035161975771188736
clean,"cos(g_maskdistill,g_rel_rot)",scannetpp,lora_late,probe1,9071e139d9,theta_rel,0.013489182107150555
clean,"cos(g_maskdistill,g_rel_tdir)",scannetpp,lora_late,probe1,9071e139d9,theta_rel,-0.01457938738167286
clean,"cos(g_rkd_sh_d,g_rkd_sh_a)",scannetpp,lora_late,probe1,9071e139d9,theta_rel,0.4120531380176544
clean,"cos(g_rkd_sh_d,g_couple)",scannetpp,lora_late,probe1,9071e139d9,theta_rel,-0.5788925886154175
clean,"cos(g_rkd_sh_d,g_rel_rot)",scannetpp,lora_late,probe1,9071e139d9,theta_rel,0.12835358083248138
clean,"cos(g_rkd_sh_d,g_rel_tdir)",scannetpp,lora_late,probe1,9071e139d9,theta_rel,0.3325883746147156
clean,"cos(g_rkd_sh_a,g_couple)",scannetpp,lora_late,probe1,9071e139d9,theta_rel,-0.32384732365608215
clean,"cos(g_rkd_sh_a,g_rel_rot)",scannetpp,lora_late,probe1,9071e139d9,theta_rel,0.015826066955924034
clean,"cos(g_rkd_sh_a,g_rel_tdir)",scannetpp,lora_late,probe1,9071e139d9,theta_rel,0.7346415519714355
clean,"cos(g_couple,g_rel_rot)",scannetpp,lora_late,probe1,9071e139d9,theta_rel,-0.26412874460220337
clean,"cos(g_couple,g_rel_tdir)",scannetpp,lora_late,probe1,9071e139d9,theta_rel,-0.3754815459251404
clean,"cos(g_rel_rot,g_rel_tdir)",scannetpp,lora_late,probe1,9071e139d9,theta_rel,0.5197666883468628
clean,"cos(g_maskdistill,g_rkd_sh_d)",scannetpp,cam_token,probe1,9071e139d9,theta_rel,-0.005902833305299282
clean,"cos(g_maskdistill,g_rkd_sh_a)",scannetpp,cam_token,probe1,9071e139d9,theta_rel,0.05763018876314163
clean,"cos(g_maskdistill,g_couple)",scannetpp,cam_token,probe1,9071e139d9,theta_rel,-0.15057891607284546
clean,"cos(g_maskdistill,g_rel_rot)",scannetpp,cam_token,probe1,9071e139d9,theta_rel,0.1152188628911972
clean,"cos(g_maskdistill,g_rel_tdir)",scannetpp,cam_token,probe1,9071e139d9,theta_rel,0.0892970860004425
clean,"cos(g_rkd_sh_d,g_rkd_sh_a)",scannetpp,cam_token,probe1,9071e139d9,theta_rel,0.6783185601234436
clean,"cos(g_rkd_sh_d,g_couple)",scannetpp,cam_token,probe1,9071e139d9,theta_rel,-0.3783923089504242
clean,"cos(g_rkd_sh_d,g_rel_rot)",scannetpp,cam_token,probe1,9071e139d9,theta_rel,0.1870608627796173
clean,"cos(g_rkd_sh_d,g_rel_tdir)",scannetpp,cam_token,probe1,9071e139d9,theta_rel,0.6739190816879272
clean,"cos(g_rkd_sh_a,g_couple)",scannetpp,cam_token,probe1,9071e139d9,theta_rel,-0.135408416390419
clean,"cos(g_rkd_sh_a,g_rel_rot)",scannetpp,cam_token,probe1,9071e139d9,theta_rel,0.02810743823647499
clean,"cos(g_rkd_sh_a,g_rel_tdir)",scannetpp,cam_token,probe1,9071e139d9,theta_rel,0.7987012267112732
clean,"cos(g_couple,g_rel_rot)",scannetpp,cam_token,probe1,9071e139d9,theta_rel,-0.4180726408958435
clean,"cos(g_couple,g_rel_tdir)",scannetpp,cam_token,probe1,9071e139d9,theta_rel,-0.31577494740486145
clean,"cos(g_rel_rot,g_rel_tdir)",scannetpp,cam_token,probe1,9071e139d9,theta_rel,0.3694046139717102
clean,"cos(g_maskdistill,g_rkd_sh_d)",scannetpp,ALL,probe1,9071e139d9,theta_rel,-0.01882038824260235
clean,"cos(g_maskdistill,g_rkd_sh_a)",scannetpp,ALL,probe1,9071e139d9,theta_rel,0.023340772837400436
clean,"cos(g_maskdistill,g_couple)",scannetpp,ALL,probe1,9071e139d9,theta_rel,-0.035793714225292206
clean,"cos(g_maskdistill,g_rel_rot)",scannetpp,ALL,probe1,9071e139d9,theta_rel,0.10613186657428741
clean,"cos(g_maskdistill,g_rel_tdir)",scannetpp,ALL,probe1,9071e139d9,theta_rel,0.11471164971590042
clean,"cos(g_rkd_sh_d,g_rkd_sh_a)",scannetpp,ALL,probe1,9071e139d9,theta_rel,0.49289771914482117
clean,"cos(g_rkd_sh_d,g_couple)",scannetpp,ALL,probe1,9071e139d9,theta_rel,-0.6350586414337158
clean,"cos(g_rkd_sh_d,g_rel_rot)",scannetpp,ALL,probe1,9071e139d9,theta_rel,0.1553085744380951
clean,"cos(g_rkd_sh_d,g_rel_tdir)",scannetpp,ALL,probe1,9071e139d9,theta_rel,0.43140190839767456
clean,"cos(g_rkd_sh_a,g_couple)",scannetpp,ALL,probe1,9071e139d9,theta_rel,-0.4050633907318115
clean,"cos(g_rkd_sh_a,g_rel_rot)",scannetpp,ALL,probe1,9071e139d9,theta_rel,0.05394008755683899
clean,"cos(g_rkd_sh_a,g_rel_tdir)",scannetpp,ALL,probe1,9071e139d9,theta_rel,0.760178804397583
clean,"cos(g_couple,g_rel_rot)",scannetpp,ALL,probe1,9071e139d9,theta_rel,-0.30334460735321045
clean,"cos(g_couple,g_rel_tdir)",scannetpp,ALL,probe1,9071e139d9,theta_rel,-0.46230071783065796
clean,"cos(g_rel_rot,g_rel_tdir)",scannetpp,ALL,probe1,9071e139d9,theta_rel,0.5348183512687683
clean,"cos(g_rel_rot,g_base)",scannetpp,lora_early,probe1,9071e139d9,theta_rel,0.24354210495948792
clean,"cos(g_rel_tdir,g_base)",scannetpp,lora_early,probe1,9071e139d9,theta_rel,0.27107128500938416
clean,"cos(g_rel_rot,g_base)",scannetpp,lora_late,probe1,9071e139d9,theta_rel,-0.023812459781765938
clean,"cos(g_rel_tdir,g_base)",scannetpp,lora_late,probe1,9071e139d9,theta_rel,0.028112750500440598
clean,"cos(g_rel_rot,g_base)",scannetpp,cam_token,probe1,9071e139d9,theta_rel,0.09345975518226624
clean,"cos(g_rel_tdir,g_base)",scannetpp,cam_token,probe1,9071e139d9,theta_rel,0.11825370788574219
clean,"cos(g_rel_rot,g_base)",scannetpp,ALL,probe1,9071e139d9,theta_rel,0.09598782658576965
clean,"cos(g_rel_tdir,g_base)",scannetpp,ALL,probe1,9071e139d9,theta_rel,0.12977924942970276
clean,loss[maskdistill],scannetpp,-,probe1,9071e139d9,theta_rel,0.008671036921441555
clean,loss[rkd_sh_d],scannetpp,-,probe1,9071e139d9,theta_rel,4.243371222401038e-05
clean,loss[rkd_sh_a],scannetpp,-,probe1,9071e139d9,theta_rel,4.107024324184749e-06
clean,loss[couple],scannetpp,-,probe1,9071e139d9,theta_rel,2.8554868549690582e-05
clean,loss[rel_rot],scannetpp,-,probe1,9071e139d9,theta_rel,1.0660590305633377e-05
clean,loss[rel_tdir],scannetpp,-,probe1,9071e139d9,theta_rel,1.3202428817749023e-05
m0,"cos(g_maskdistill,g_rkd_sh_d)",scannetpp,lora_early,probe1,9071e139d9,theta_rel,0.10733932256698608
m0,"cos(g_maskdistill,g_rkd_sh_a)",scannetpp,lora_early,probe1,9071e139d9,theta_rel,0.016800466924905777
m0,"cos(g_maskdistill,g_couple)",scannetpp,lora_early,probe1,9071e139d9,theta_rel,0.04099209979176521
m0,"cos(g_maskdistill,g_rel_rot)",scannetpp,lora_early,probe1,9071e139d9,theta_rel,0.08038059622049332
m0,"cos(g_maskdistill,g_rel_tdir)",scannetpp,lora_early,probe1,9071e139d9,theta_rel,0.048545435070991516
m0,"cos(g_rkd_sh_d,g_rkd_sh_a)",scannetpp,lora_early,probe1,9071e139d9,theta_rel,0.404562771320343
m0,"cos(g_rkd_sh_d,g_couple)",scannetpp,lora_early,probe1,9071e139d9,theta_rel,-0.3254004716873169
m0,"cos(g_rkd_sh_d,g_rel_rot)",scannetpp,lora_early,probe1,9071e139d9,theta_rel,-0.5186610221862793
m0,"cos(g_rkd_sh_d,g_rel_tdir)",scannetpp,lora_early,probe1,9071e139d9,theta_rel,0.2709980010986328
m0,"cos(g_rkd_sh_a,g_couple)",scannetpp,lora_early,probe1,9071e139d9,theta_rel,-0.5723261833190918
m0,"cos(g_rkd_sh_a,g_rel_rot)",scannetpp,lora_early,probe1,9071e139d9,theta_rel,-0.2032555788755417
m0,"cos(g_rkd_sh_a,g_rel_tdir)",scannetpp,lora_early,probe1,9071e139d9,theta_rel,0.7314869165420532
m0,"cos(g_couple,g_rel_rot)",scannetpp,lora_early,probe1,9071e139d9,theta_rel,0.28564614057540894
m0,"cos(g_couple,g_rel_tdir)",scannetpp,lora_early,probe1,9071e139d9,theta_rel,-0.26993054151535034
m0,"cos(g_rel_rot,g_rel_tdir)",scannetpp,lora_early,probe1,9071e139d9,theta_rel,0.16944624483585358
m0,"cos(g_maskdistill,g_rkd_sh_d)",scannetpp,lora_late,probe1,9071e139d9,theta_rel,0.09691131114959717
m0,"cos(g_maskdistill,g_rkd_sh_a)",scannetpp,lora_late,probe1,9071e139d9,theta_rel,0.1342056393623352
m0,"cos(g_maskdistill,g_couple)",scannetpp,lora_late,probe1,9071e139d9,theta_rel,-0.11754462867975235
m0,"cos(g_maskdistill,g_rel_rot)",scannetpp,lora_late,probe1,9071e139d9,theta_rel,0.031071737408638
m0,"cos(g_maskdistill,g_rel_tdir)",scannetpp,lora_late,probe1,9071e139d9,theta_rel,0.08843481540679932
m0,"cos(g_rkd_sh_d,g_rkd_sh_a)",scannetpp,lora_late,probe1,9071e139d9,theta_rel,0.4398488998413086
m0,"cos(g_rkd_sh_d,g_couple)",scannetpp,lora_late,probe1,9071e139d9,theta_rel,-0.5786293148994446
m0,"cos(g_rkd_sh_d,g_rel_rot)",scannetpp,lora_late,probe1,9071e139d9,theta_rel,-0.23465581238269806
m0,"cos(g_rkd_sh_d,g_rel_tdir)",scannetpp,lora_late,probe1,9071e139d9,theta_rel,0.19536331295967102
m0,"cos(g_rkd_sh_a,g_couple)",scannetpp,lora_late,probe1,9071e139d9,theta_rel,-0.3654673397541046
m0,"cos(g_rkd_sh_a,g_rel_rot)",scannetpp,lora_late,probe1,9071e139d9,theta_rel,-0.1116069033741951
m0,"cos(g_rkd_sh_a,g_rel_tdir)",scannetpp,lora_late,probe1,9071e139d9,theta_rel,0.6311163306236267
m0,"cos(g_couple,g_rel_rot)",scannetpp,lora_late,probe1,9071e139d9,theta_rel,0.1060137003660202
m0,"cos(g_couple,g_rel_tdir)",scannetpp,lora_late,probe1,9071e139d9,theta_rel,-0.19384612143039703
m0,"cos(g_rel_rot,g_rel_tdir)",scannetpp,lora_late,probe1,9071e139d9,theta_rel,0.27262550592422485
m0,"cos(g_maskdistill,g_rkd_sh_d)",scannetpp,cam_token,probe1,9071e139d9,theta_rel,0.11336417496204376
m0,"cos(g_maskdistill,g_rkd_sh_a)",scannetpp,cam_token,probe1,9071e139d9,theta_rel,0.363685667514801
m0,"cos(g_maskdistill,g_couple)",scannetpp,cam_token,probe1,9071e139d9,theta_rel,-0.3395308554172516
m0,"cos(g_maskdistill,g_rel_rot)",scannetpp,cam_token,probe1,9071e139d9,theta_rel,0.14165112376213074
m0,"cos(g_maskdistill,g_rel_tdir)",scannetpp,cam_token,probe1,9071e139d9,theta_rel,0.28595060110092163
m0,"cos(g_rkd_sh_d,g_rkd_sh_a)",scannetpp,cam_token,probe1,9071e139d9,theta_rel,0.18075767159461975
m0,"cos(g_rkd_sh_d,g_couple)",scannetpp,cam_token,probe1,9071e139d9,theta_rel,-0.42628777027130127
m0,"cos(g_rkd_sh_d,g_rel_rot)",scannetpp,cam_token,probe1,9071e139d9,theta_rel,0.020805025473237038
m0,"cos(g_rkd_sh_d,g_rel_tdir)",scannetpp,cam_token,probe1,9071e139d9,theta_rel,0.2652529776096344
m0,"cos(g_rkd_sh_a,g_couple)",scannetpp,cam_token,probe1,9071e139d9,theta_rel,-0.07373383641242981
m0,"cos(g_rkd_sh_a,g_rel_rot)",scannetpp,cam_token,probe1,9071e139d9,theta_rel,-0.21192704141139984
m0,"cos(g_rkd_sh_a,g_rel_tdir)",scannetpp,cam_token,probe1,9071e139d9,theta_rel,0.29536867141723633
m0,"cos(g_couple,g_rel_rot)",scannetpp,cam_token,probe1,9071e139d9,theta_rel,-0.3440471291542053
m0,"cos(g_couple,g_rel_tdir)",scannetpp,cam_token,probe1,9071e139d9,theta_rel,-0.025643564760684967
m0,"cos(g_rel_rot,g_rel_tdir)",scannetpp,cam_token,probe1,9071e139d9,theta_rel,0.004872865043580532
m0,"cos(g_maskdistill,g_rkd_sh_d)",scannetpp,ALL,probe1,9071e139d9,theta_rel,0.09539085626602173
m0,"cos(g_maskdistill,g_rkd_sh_a)",scannetpp,ALL,probe1,9071e139d9,theta_rel,0.037274789065122604
m0,"cos(g_maskdistill,g_couple)",scannetpp,ALL,probe1,9071e139d9,theta_rel,0.005702954716980457
m0,"cos(g_maskdistill,g_rel_rot)",scannetpp,ALL,probe1,9071e139d9,theta_rel,0.04502413421869278
m0,"cos(g_maskdistill,g_rel_tdir)",scannetpp,ALL,probe1,9071e139d9,theta_rel,0.04681799188256264
m0,"cos(g_rkd_sh_d,g_rkd_sh_a)",scannetpp,ALL,probe1,9071e139d9,theta_rel,0.4141238033771515
m0,"cos(g_rkd_sh_d,g_couple)",scannetpp,ALL,probe1,9071e139d9,theta_rel,-0.43245163559913635
m0,"cos(g_rkd_sh_d,g_rel_rot)",scannetpp,ALL,probe1,9071e139d9,theta_rel,-0.3213304877281189
m0,"cos(g_rkd_sh_d,g_rel_tdir)",scannetpp,ALL,probe1,9071e139d9,theta_rel,0.223314106464386
m0,"cos(g_rkd_sh_a,g_couple)",scannetpp,ALL,probe1,9071e139d9,theta_rel,-0.4626452326774597
m0,"cos(g_rkd_sh_a,g_rel_rot)",scannetpp,ALL,probe1,9071e139d9,theta_rel,-0.1387045979499817
m0,"cos(g_rkd_sh_a,g_rel_tdir)",scannetpp,ALL,probe1,9071e139d9,theta_rel,0.6650055646896362
m0,"cos(g_couple,g_rel_rot)",scannetpp,ALL,probe1,9071e139d9,theta_rel,0.15942272543907166
m0,"cos(g_couple,g_rel_tdir)",scannetpp,ALL,probe1,9071e139d9,theta_rel,-0.22228585183620453
m0,"cos(g_rel_rot,g_rel_tdir)",scannetpp,ALL,probe1,9071e139d9,theta_rel,0.23919746279716492
m0,"cos(g_rel_rot,g_base)",scannetpp,lora_early,probe1,9071e139d9,theta_rel,0.05439745634794235
m0,"cos(g_rel_tdir,g_base)",scannetpp,lora_early,probe1,9071e139d9,theta_rel,0.06821174174547195
m0,"cos(g_rel_rot,g_base)",scannetpp,lora_late,probe1,9071e139d9,theta_rel,-0.010161821730434895
m0,"cos(g_rel_tdir,g_base)",scannetpp,lora_late,probe1,9071e139d9,theta_rel,0.1452593207359314
m0,"cos(g_rel_rot,g_base)",scannetpp,cam_token,probe1,9071e139d9,theta_rel,0.13822093605995178
m0,"cos(g_rel_tdir,g_base)",scannetpp,cam_token,probe1,9071e139d9,theta_rel,0.2916486859321594
m0,"cos(g_rel_rot,g_base)",scannetpp,ALL,probe1,9071e139d9,theta_rel,0.02491879276931286
m0,"cos(g_rel_tdir,g_base)",scannetpp,ALL,probe1,9071e139d9,theta_rel,0.06883162260055542
m0,loss[maskdistill],scannetpp,-,probe1,9071e139d9,theta_rel,0.1516391932964325
m0,loss[rkd_sh_d],scannetpp,-,probe1,9071e139d9,theta_rel,3.931552782887593e-05
m0,loss[rkd_sh_a],scannetpp,-,probe1,9071e139d9,theta_rel,5.0871290113718715e-06
m0,loss[couple],scannetpp,-,probe1,9071e139d9,theta_rel,8.974838010544772e-07
m0,loss[rel_rot],scannetpp,-,probe1,9071e139d9,theta_rel,0.00013056083116680384
m0,loss[rel_tdir],scannetpp,-,probe1,9071e139d9,theta_rel,8.403261745115742e-05
