cam_pair,cond,dataset,frames,input,rot_chordal,rot_geodesic_deg,scene,state,t_rel_norm_student,t_rel_norm_teacher,tdir_1mc,tdir_angle_deg,view0_depth_finite_frac,view0_det,view0_orth_err,view1_depth_finite_frac,view1_det,view1_orth_err,view2_depth_finite_frac,view2_det,view2_orth_err,view3_depth_finite_frac,view3_det,view3_orth_err
01,clean,scannetpp,26+93+120+130+153+242+277+322,probe0,0.0019328321795910597,1.7813613414764404,09c1414f1b,theta0,0.761837899684906,0.6366958618164062,0.21790188550949097,26.99463653564453,1.0,0.9999999403953552,8.429376663343646e-08,,,,,,,,,
02,clean,scannetpp,26+93+120+130+153+242+277+322,probe0,0.309318482875824,22.68035316467285,09c1414f1b,theta0,0.8543213605880737,0.7996724843978882,0.025873780250549316,9.226179122924805,,,,1.0,1.0,1.7150814102251388e-08,,,,,,
03,clean,scannetpp,26+93+120+130+153+242+277+322,probe0,0.002278929343447089,1.934112787246704,09c1414f1b,theta0,1.01396906375885,0.9107718467712402,0.025878310203552246,9.226988792419434,,,,,,,1.0,1.0000001192092896,1.903716650986098e-07,,,
12,clean,scannetpp,26+93+120+130+153+242+277+322,probe0,0.2934498190879822,22.083410263061523,09c1414f1b,theta0,0.47013652324676514,0.18919317424297333,0.08133804798126221,16.39655113220215,,,,,,,,,,1.0,1.0,1.2221599376971426e-07
13,clean,scannetpp,26+93+120+130+153+242+277+322,probe0,0.0035888617858290672,2.4272096157073975,09c1414f1b,theta0,0.2524953782558441,0.4248668849468231,0.12164163589477539,20.085834503173828,,,,,,,,,,,,
23,clean,scannetpp,26+93+120+130+153+242+277+322,probe0,0.2858145534992218,21.7906494140625,09c1414f1b,theta0,0.5420748591423035,0.48705631494522095,0.02681499719619751,9.392851829528809,,,,,,,,,,,,
01,m0,scannetpp,26+93+120+130+153+242+277+322,probe0,0.003395774867385626,2.3609888553619385,09c1414f1b,theta0,0.5686803460121155,0.6366958618164062,0.3130943179130554,32.49345779418945,1.0,1.0,5.3151653217620165e-11,,,,,,,,,
02,m0,scannetpp,26+93+120+130+153+242+277+322,probe0,0.23813293874263763,19.869909286499023,09c1414f1b,theta0,0.6776702404022217,0.7996724843978882,0.06813251972198486,14.998249053955078,,,,1.0,1.0000001192092896,2.153037925722856e-08,,,,,,
03,m0,scannetpp,26+93+120+130+153+242+277+322,probe0,3.143414258956909,77.6345443725586,09c1414f1b,theta0,0.7283831834793091,0.9107718467712402,1.5254161357879639,76.27323913574219,,,,,,,1.0,1.0,1.420708457544606e-07,,,
12,m0,scannetpp,26+93+120+130+153+242+277+322,probe0,0.19799242913722992,18.10254669189453,09c1414f1b,theta0,0.37012338638305664,0.18919317424297333,0.018553495407104492,7.810373306274414,,,,,,,,,,1.0,1.0,7.832035464616638e-08
13,m0,scannetpp,26+93+120+130+153+242+277+322,probe0,3.0282368659973145,75.93982696533203,09c1414f1b,theta0,1.2321903705596924,0.4248668849468231,1.9973170757293701,89.92314147949219,,,,,,,,,,,,
23,m0,scannetpp,26+93+120+130+153+242+277+322,probe0,1.8934071063995361,58.22073745727539,09c1414f1b,theta0,1.1588754653930664,0.48705631494522095,1.549628496170044,76.98619842529297,,,,,,,,,,,,
01,m1,scannetpp,26+93+120+130+153+242+277+322,probe0,0.0013678183313459158,1.498546838760376,09c1414f1b,theta0,0.5356972217559814,0.6366958618164062,0.032903432846069336,10.407356262207031,1.0,1.0,5.144932223311027e-12,,,,,,,,,
02,m1,scannetpp,26+93+120+130+153+242+277+322,probe0,0.2468821406364441,20.23541831970215,09c1414f1b,theta0,0.8073834776878357,0.7996724843978882,0.007613062858581543,5.000808238983154,,,,1.0,0.9999999403953552,6.50035261173798e-08,,,,,,
03,m1,scannetpp,26+93+120+130+153+242+277+322,probe0,1.903959035873413,58.398372650146484,09c1414f1b,theta0,0.8566615581512451,0.9107718467712402,0.030668556690216064,10.046745300292969,,,,,,,1.0,1.0,1.793346342537916e-07,,,
12,m1,scannetpp,26+93+120+130+153+242+277+322,probe0,0.22815582156181335,19.445066452026367,09c1414f1b,theta0,0.4241032302379608,0.18919317424297333,0.0493277907371521,12.751622200012207,,,,,,,,,,1.0,1.0000001192092896,1.3441680657422239e-08
13,m1,scannetpp,26+93+120+130+153+242+277+322,probe0,1.8623172044754028,57.69536590576172,09c1414f1b,theta0,0.32506588101387024,0.4248668849468231,0.4980841875076294,41.32658004760742,,,,,,,,,,,,
23,m1,scannetpp,26+93+120+130+153+242+277+322,probe0,0.8778356909751892,38.68986129760742,09c1414f1b,theta0,0.35991623997688293,0.48705631494522095,0.09882473945617676,18.086734771728516,,,,,,,,,,,,
01,m2,scannetpp,26+93+120+130+153+242+277+322,probe0,0.010603624396026134,4.172886371612549,09c1414f1b,theta0,0.6582062244415283,0.6366958618164062,1.1251450777053833,64.06015014648438,1.0,1.0,1.0289993683521015e-11,,,,,,,,,
02,m2,scannetpp,26+93+120+130+153+242+277+322,probe0,0.20778274536132812,18.548572540283203,09c1414f1b,theta0,1.014695167541504,0.7996724843978882,0.647185206413269,47.43646240234375,,,,1.0,0.9999999403953552,7.715722460943653e-08,,,,,,
03,m2,scannetpp,26+93+120+130+153+242+277+322,probe0,3.5719237327575684,83.85649108886719,09c1414f1b,theta0,0.705623209476471,0.9107718467712402,1.627302885055542,79.2602310180664,,,,,,,1.0,0.9999999403953552,1.0502005665102843e-07,,,
12,m2,scannetpp,26+93+120+130+153+242+277+322,probe0,0.1403181403875351,15.220986366271973,09c1414f1b,theta0,0.4579101800918579,0.18919317424297333,0.041428983211517334,11.682280540466309,,,,,,,,,,1.0,1.0000001192092896,8.676980201016704e-08
13,m2,scannetpp,26+93+120+130+153+242+277+322,probe0,3.360584020614624,80.80157470703125,09c1414f1b,theta0,0.10042554885149002,0.4248668849468231,1.6235089302062988,79.14958190917969,,,,,,,,,,,,
23,m2,scannetpp,26+93+120+130+153+242+277+322,probe0,2.371049165725708,65.96857452392578,09c1414f1b,theta0,0.5075877904891968,0.48705631494522095,0.22236347198486328,27.27487564086914,,,,,,,,,,,,
01,m3,scannetpp,26+93+120+130+153+242+277+322,probe0,0.0031440507154911757,2.2719333171844482,09c1414f1b,theta0,0.7197948694229126,0.6366958618164062,0.21348530054092407,26.714534759521484,1.0,1.0,8.429369557916289e-08,,,,,,,,,
02,m3,scannetpp,26+93+120+130+153+242+277+322,probe0,0.23889215290546417,19.901897430419922,09c1414f1b,theta0,0.7987508177757263,0.7996724843978882,0.03035116195678711,9.994500160217285,,,,1.0,1.0,6.037656152813042e-09,,,,,,
03,m3,scannetpp,26+93+120+130+153+242+277+322,probe0,2.9165263175964355,74.28404998779297,09c1414f1b,theta0,0.785270631313324,0.9107718467712402,0.004800081253051758,3.9703962802886963,,,,,,,1.0,1.0,5.209697562236215e-08,,,
12,m3,scannetpp,26+93+120+130+153+242+277+322,probe0,0.23557506501674652,19.761837005615234,09c1414f1b,theta0,0.4213196635246277,0.18919317424297333,0.07891207933425903,16.148515701293945,,,,,,,,,,1.0,1.0,1.3006719257191435e-07
13,m3,scannetpp,26+93+120+130+153+242+277+322,probe0,2.9287912845611572,74.46647644042969,09c1414f1b,theta0,0.12579329311847687,0.4248668849468231,0.9588913917541504,58.63056182861328,,,,,,,,,,,,
23,m3,scannetpp,26+93+120+130+153+242+277+322,probe0,1.701953649520874,54.934566497802734,09c1414f1b,theta0,0.32383060455322266,0.48705631494522095,0.004435420036315918,3.816544532775879,,,,,,,,,,,,
01,clean,scannetpp,23+59+68+228+239+336+346+367,probe1,3.8798110485076904,88.27816772460938,09c1414f1b,theta0,0.6221742033958435,0.5289644002914429,0.7201313972473145,50.21308135986328,1.0,1.0,1.2452092308656848e-11,,,,,,,,,
02,clean,scannetpp,23+59+68+228+239+336+346+367,probe1,3.706613779067993,85.79377746582031,09c1414f1b,theta0,1.1437290906906128,1.0380210876464844,0.012581467628479004,6.43007755279541,,,,1.0,1.0000001192092896,9.513849619224857e-08,,,,,,
03,clean,scannetpp,23+59+68+228+239+336+346+367,probe1,0.9897148609161377,41.1863899230957,09c1414f1b,theta0,1.2128530740737915,1.243851900100708,0.015903770923614502,7.230363368988037,,,,,,,1.0,0.9999999403953552,6.641177208166482e-08,,,
12,clean,scannetpp,23+59+68+228+239+336+346+367,probe1,0.00379602937027812,2.4963808059692383,09c1414f1b,theta0,0.9341095685958862,0.6256978511810303,0.07724344730377197,15.975749015808105,,,,,,,,,,1.0,0.9999999403953552,1.1829419577225053e-07
13,clean,scannetpp,23+59+68+228+239+336+346+367,probe1,6.536712646484375,129.3590545654297,09c1414f1b,theta0,0.9397499561309814,0.8632885217666626,0.1116788387298584,19.237560272216797,,,,,,,,,,,,
23,clean,scannetpp,23+59+68+228+239+336+346+367,probe1,6.400521278381348,126.87920379638672,09c1414f1b,theta0,0.1275574117898941,0.24104918539524078,1.1631954908370972,65.26625061035156,,,,,,,,,,,,
01,m0,scannetpp,23+59+68+228+239+336+346+367,probe1,3.8537240028381348,87.90428924560547,09c1414f1b,theta0,0.6206469535827637,0.5289644002914429,0.5901550054550171,45.176719665527344,1.0,1.0,2.070075187654563e-11,,,,,,,,,
02,m0,scannetpp,23+59+68+228+239+336+346+367,probe1,3.8675670623779297,88.1026840209961,09c1414f1b,theta0,1.2291635274887085,1.0380210876464844,0.036955296993255615,11.03144359588623,,,,1.0,1.0,8.932978090570032e-08,,,,,,
03,m0,scannetpp,23+59+68+228+239+336+346+367,probe1,1.3803054094314575,49.08613586425781,09c1414f1b,theta0,1.244354009628296,1.243851900100708,0.07958483695983887,16.21767234802246,,,,,,,1.0,0.9999999403953552,1.2706975383025565e-07,,,
12,m0,scannetpp,23+59+68+228+239+336+346+367,probe1,0.0012092206161469221,1.4091715812683105,09c1414f1b,theta0,0.6956648230552673,0.6256978511810303,0.5035728812217712,41.56413269042969,,,,,,,,,,1.0,1.0,2.8880821290044878e-08
13,m0,scannetpp,23+59+68+228+239+336+346+367,probe1,6.921544075012207,136.9187469482422,09c1414f1b,theta0,0.6399053931236267,0.8632885217666626,0.8602944612503052,55.260040283203125,,,,,,,,,,,,
23,m0,scannetpp,23+59+68+228+239+336+346+367,probe1,6.930440425872803,137.1056671142578,09c1414f1b,theta0,0.29202449321746826,0.24104918539524078,1.9463841915130615,88.46383666992188,,,,,,,,,,,,
01,m1,scannetpp,23+59+68+228+239+336+346+367,probe1,3.983927011489868,89.76976776123047,09c1414f1b,theta0,0.6209110021591187,0.5289644002914429,0.38666361570358276,36.228336334228516,1.0,1.0,1.7327305768585072e-13,,,,,,,,,
02,m1,scannetpp,23+59+68+228+239+336+346+367,probe1,0.8263405561447144,37.49421310424805,09c1414f1b,theta0,1.0633436441421509,1.0380210876464844,0.001701951026916504,2.3638882637023926,,,,1.0,1.0,5.668105629297315e-08,,,,,,
03,m1,scannetpp,23+59+68+228+239+336+346+367,probe1,0.036314573138952255,7.7263407707214355,09c1414f1b,theta0,1.3492047786712646,1.243851900100708,0.0006898045539855957,1.5048021078109741,,,,,,,1.0,1.0,3.491556910262261e-08,,,
12,m1,scannetpp,23+59+68+228+239+336+346+367,probe1,1.5534069538116455,52.29122543334961,09c1414f1b,theta0,0.5840079188346863,0.6256978511810303,0.1716916561126709,23.914108276367188,,,,,,,,,,1.0,1.0000001192092896,1.8301108184459736e-07
13,m1,scannetpp,23+59+68+228+239+336+346+367,probe1,3.517183303833008,83.06725311279297,09c1414f1b,theta0,0.7884278893470764,0.8632885217666626,0.40745216608047485,37.22425079345703,,,,,,,,,,,,
23,m1,scannetpp,23+59+68+228+239+336+346+367,probe1,0.568861186504364,30.931232452392578,09c1414f1b,theta0,0.3347128629684448,0.24104918539524078,0.19162040948867798,25.285614013671875,,,,,,,,,,,,
01,m2,scannetpp,23+59+68+228+239+336+346+367,probe1,3.862668514251709,88.03248596191406,09c1414f1b,theta0,0.626036524772644,0.5289644002914429,0.5622645020484924,44.038917541503906,1.0,1.0,1.0518546970927911e-11,,,,,,,,,
02,m2,scannetpp,23+59+68+228+239+336+346+367,probe1,3.6428422927856445,84.87726593017578,09c1414f1b,theta0,1.093427300453186,1.0380210876464844,0.004134714603424072,3.6848273277282715,,,,1.0,1.0,9.269575684811571e-08,,,,,,
03,m2,scannetpp,23+59+68+228+239+336+346+367,probe1,0.010603165253996849,4.172698497772217,09c1414f1b,theta0,1.2418005466461182,1.243851900100708,8.13603401184082e-05,0.5166201591491699,,,,,,,1.0,0.9999998807907104,8.816943619649464e-08,,,
12,m2,scannetpp,23+59+68+228+239+336+346+367,probe1,0.006244899705052376,3.202101469039917,09c1414f1b,theta0,0.6411449909210205,0.6256978511810303,0.22988653182983398,27.741497039794922,,,,,,,,,,1.0,0.9999998807907104,9.597727768095865e-08
13,m2,scannetpp,23+59+68+228+239+336+346+367,probe1,3.6680710315704346,85.239990234375,09c1414f1b,theta0,0.7685560584068298,0.8632885217666626,0.2691291570663452,30.067537307739258,,,,,,,,,,,,
23,m2,scannetpp,23+59+68+228+239+336+346+367,probe1,3.4487040042877197,82.07804107666016,09c1414f1b,theta0,0.14926446974277496,0.24104918539524078,0.5073491334915161,41.726932525634766,,,,,,,,,,,,
01,m3,scannetpp,23+59+68+228+239+336+346+367,probe1,3.8778462409973145,88.25000762939453,09c1414f1b,theta0,0.5869965553283691,0.5289644002914429,0.8106670379638672,53.511138916015625,1.0,1.0,7.283914140246428e-13,,,,,,,,,
02,m3,scannetpp,23+59+68+228+239+336+346+367,probe1,3.733487367630005,86.17964935302734,09c1414f1b,theta0,1.2391026020050049,1.0380210876464844,0.040718138217926025,11.58126163482666,,,,1.0,1.0,8.172128929118117e-08,,,,,,
03,m3,scannetpp,23+59+68+228+239+336+346+367,probe1,0.027788899838924408,6.757608890533447,09c1414f1b,theta0,1.36942720413208,1.243851900100708,0.007314860820770264,4.901848793029785,,,,,,,1.0,1.0,6.461111468070158e-08,,,
12,m3,scannetpp,23+59+68+228+239+336+346+367,probe1,0.003215901553630829,2.2976324558258057,09c1414f1b,theta0,0.8264502286911011,0.6256978511810303,0.4583337903022766,39.57123947143555,,,,,,,,,,1.0,0.9999999403953552,6.863309920390748e-08
13,m3,scannetpp,23+59+68+228+239+336+346+367,probe1,3.43540620803833,81.88568878173828,09c1414f1b,theta0,0.9776549339294434,0.8632885217666626,0.3959575891494751,36.676448822021484,,,,,,,,,,,,
23,m3,scannetpp,23+59+68+228+239+336+346+367,probe1,3.2947001457214355,79.8442153930664,09c1414f1b,theta0,0.15327714383602142,0.24104918539524078,0.1813490390777588,24.587696075439453,,,,,,,,,,,,
01,clean,scannetpp,26+93+120+130+153+242+277+322,probe0,0.001781837665475905,1.7100635766983032,09c1414f1b,theta_base,0.7787668704986572,0.6366958618164062,0.23809897899627686,28.24276351928711,1.0,1.0,1.1031702461250514e-11,,,,,,,,,
02,clean,scannetpp,26+93+120+130+153+242+277+322,probe0,0.3069235682487488,22.591230392456055,09c1414f1b,theta_base,0.8547407388687134,0.7996724843978882,0.032646894454956055,10.366595268249512,,,,1.0,1.0000001192092896,6.99804445503105e-08,,,,,,
03,clean,scannetpp,26+93+120+130+153+242+277+322,probe0,0.002230630023404956,1.913359522819519,09c1414f1b,theta_base,1.0198137760162354,0.9107718467712402,0.029698669910430908,9.886204719543457,,,,,,,1.0,1.0,1.1486998374721225e-07,,,
12,clean,scannetpp,26+93+120+130+153+242+277+322,probe0,0.2956346869468689,22.166521072387695,09c1414f1b,theta_base,0.474951833486557,0.18919317424297333,0.08258247375488281,16.52237319946289,,,,,,,,,,1.0,1.0000001192092896,1.7247755579319346e-07
13,clean,scannetpp,26+93+120+130+153+242+277+322,probe0,0.0033967841882258654,2.3613202571868896,09c1414f1b,theta_base,0.24261830747127533,0.4248668849468231,0.1380711793899536,21.41434669494629,,,,,,,,,,,,
23,clean,scannetpp,26+93+120+130+153+242+277+322,probe0,0.29117873311042786,21.99671745300293,09c1414f1b,theta_base,0.5351572036743164,0.48705631494522095,0.024428963661193848,8.964338302612305,,,,,,,,,,,,
01,m0,scannetpp,26+93+120+130+153+242+277+322,probe0,0.005109534598886967,2.8963782787323,09c1414f1b,theta_base,0.5818029046058655,0.6366958618164062,0.21836155652999878,27.02363395690918,1.0,1.0,3.305352866411759e-11,,,,,,,,,
02,m0,scannetpp,26+93+120+130+153+242+277+322,probe0,0.28131967782974243,21.6165714263916,09c1414f1b,theta_base,0.7472100853919983,0.7996724843978882,0.03708958625793457,11.051522254943848,,,,1.0,1.0,6.932224039246648e-08,,,,,,
03,m0,scannetpp,26+93+120+130+153+242+277+322,probe0,3.268641710281372,79.46480560302734,09c1414f1b,theta_base,0.7239792943000793,0.9107718467712402,1.4927453994750977,75.3077392578125,,,,,,,1.0,0.9999997615814209,1.644470870587611e-07,,,
12,m0,scannetpp,26+93+120+130+153+242+277+322,probe0,0.22151730954647064,19.15740203857422,09c1414f1b,theta_base,0.38652971386909485,0.18919317424297333,0.016916990280151367,7.457457542419434,,,,,,,,,,1.0,1.0000001192092896,4.597923108917712e-08
13,m0,scannetpp,26+93+120+130+153+242+277+322,probe0,3.1069211959838867,77.09884643554688,09c1414f1b,theta_base,1.1985232830047607,0.4248668849468231,1.9982739686965942,89.95055389404297,,,,,,,,,,,,
23,m0,scannetpp,26+93+120+130+153+242+277+322,probe0,1.899098515510559,58.31660079956055,09c1414f1b,theta_base,1.1525580883026123,0.48705631494522095,1.4670310020446777,74.5448226928711,,,,,,,,,,,,
01,m1,scannetpp,26+93+120+130+153+242+277+322,probe0,0.0013829516246914864,1.5066217184066772,09c1414f1b,theta_base,0.5444863438606262,0.6366958618164062,0.03643488883972168,10.9532470703125,1.0,1.0,5.1451464616603104e-12,,,,,,,,,
02,m1,scannetpp,26+93+120+130+153+242+277+322,probe0,0.24624159932136536,20.2088623046875,09c1414f1b,theta_base,0.8149555921554565,0.7996724843978882,0.0060811638832092285,4.46914005279541,,,,1.0,1.0000001192092896,2.1029990193710546e-08,,,,,,
03,m1,scannetpp,26+93+120+130+153+242+277+322,probe0,1.5572121143341064,52.36008071899414,09c1414f1b,theta_base,0.8280045986175537,0.9107718467712402,0.043548405170440674,11.978424072265625,,,,,,,1.0,1.0000001192092896,1.79154881152499e-07,,,
12,m1,scannetpp,26+93+120+130+153+242+277+322,probe0,0.227269247174263,19.406890869140625,09c1414f1b,theta_base,0.42721593379974365,0.18919317424297333,0.04785358905792236,12.558843612670898,,,,,,,,,,1.0,1.0000001192092896,6.139010366723596e-08
13,m1,scannetpp,26+93+120+130+153+242+277+322,probe0,1.5181113481521606,51.649375915527344,09c1414f1b,theta_base,0.2971233129501343,0.4248668849468231,0.6557924747467041,47.77035903930664,,,,,,,,,,,,
23,m1,scannetpp,26+93+120+130+153+242+277+322,probe0,0.634859561920166,32.72393035888672,09c1414f1b,theta_base,0.30367445945739746,0.48705631494522095,0.06793862581253052,14.976762771606445,,,,,,,,,,,,
01,m2,scannetpp,26+93+120+130+153+242+277+322,probe0,0.009611843153834343,3.9728610515594482,09c1414f1b,theta_base,0.57789546251297,0.6366958618164062,0.9929600954055786,59.766845703125,1.0,1.0,5.1835822960366595e-12,,,,,,,,,
02,m2,scannetpp,26+93+120+130+153+242+277+322,probe0,0.22681158781051636,19.387147903442383,09c1414f1b,theta_base,0.9772505760192871,0.7996724843978882,0.5758829116821289,44.597347259521484,,,,1.0,1.0,1.251860908269009e-07,,,,,,
03,m2,scannetpp,26+93+120+130+153+242+277+322,probe0,3.553583860397339,83.59221649169922,09c1414f1b,theta_base,0.7090066075325012,0.9107718467712402,1.625274896621704,79.20109558105469,,,,,,,1.0,1.0000001192092896,2.4352527816517977e-07,,,
12,m2,scannetpp,26+93+120+130+153+242+277+322,probe0,0.15839216113090515,16.177738189697266,09c1414f1b,theta_base,0.4577205777168274,0.18919317424297333,0.059972167015075684,14.066587448120117,,,,,,,,,,1.0,1.0,9.860223570967719e-08
13,m2,scannetpp,26+93+120+130+153+242+277+322,probe0,3.350724935531616,80.65849304199219,09c1414f1b,theta_base,0.20979301631450653,0.4248668849468231,1.8072905540466309,84.470703125,,,,,,,,,,,,
23,m2,scannetpp,26+93+120+130+153+242+277+322,probe0,2.307931661605835,64.97478485107422,09c1414f1b,theta_base,0.5290506482124329,0.48705631494522095,0.325366735458374,33.14216613769531,,,,,,,,,,,,
01,m3,scannetpp,26+93+120+130+153+242+277+322,probe0,0.00331429997459054,2.332632541656494,09c1414f1b,theta_base,0.7320958375930786,0.6366958618164062,0.2117239236831665,26.60207176208496,1.0,1.0,3.3012901440310216e-11,,,,,,,,,
02,m3,scannetpp,26+93+120+130+153+242+277+322,probe0,0.23276497423648834,19.642444610595703,09c1414f1b,theta_base,0.8133521676063538,0.7996724843978882,0.03422039747238159,10.614187240600586,,,,1.0,0.9999998807907104,7.48346380419207e-08,,,,,,
03,m3,scannetpp,26+93+120+130+153+242+277+322,probe0,2.0738601684570312,61.21430206298828,09c1414f1b,theta_base,0.8105648159980774,0.9107718467712402,0.014820992946624756,6.979603290557861,,,,,,,1.0,1.0,1.6305519068282592e-07,,,
12,m3,scannetpp,26+93+120+130+153+242+277+322,probe0,0.2333730161190033,19.6683349609375,09c1414f1b,theta_base,0.41565370559692383,0.18919317424297333,0.07211565971374512,15.433026313781738,,,,,,,,,,1.0,1.0,7.357731846013849e-08
13,m3,scannetpp,26+93+120+130+153+242+277+322,probe0,2.096552610397339,61.58452606201172,09c1414f1b,theta_base,0.09299725294113159,0.4248668849468231,0.4835927486419678,40.693912506103516,,,,,,,,,,,,
23,m3,scannetpp,26+93+120+130+153+242+277+322,probe0,1.0363332033157349,42.19044494628906,09c1414f1b,theta_base,0.37968507409095764,0.48705631494522095,0.006254076957702637,4.53228759765625,,,,,,,,,,,,
01,clean,scannetpp,23+59+68+228+239+336+346+367,probe1,3.876310348510742,88.22798919677734,09c1414f1b,theta_base,0.6212189197540283,0.5289644002914429,0.7145899534225464,50.00617980957031,1.0,1.0,7.756612192821866e-12,,,,,,,,,
02,clean,scannetpp,23+59+68+228+239+336+346+367,probe1,3.670858383178711,85.2800521850586,09c1414f1b,theta_base,1.1437920331954956,1.0380210876464844,0.011975765228271484,6.273230075836182,,,,1.0,1.0,9.097460917928402e-08,,,,,,
03,clean,scannetpp,23+59+68+228+239+336+346+367,probe1,0.9979510307312012,41.365230560302734,09c1414f1b,theta_base,1.2144582271575928,1.243851900100708,0.015816211700439453,7.210419178009033,,,,,,,1.0,1.0,1.8013190938859225e-08,,,
12,clean,scannetpp,23+59+68+228+239+336+346+367,probe1,0.005352100357413292,2.9642508029937744,09c1414f1b,theta_base,0.9282437562942505,0.6256978511810303,0.07889008522033691,16.146257400512695,,,,,,,,,,1.0,1.0,6.785145245657986e-08
13,clean,scannetpp,23+59+68+228+239+336+346+367,probe1,6.543341636657715,129.4819793701172,09c1414f1b,theta_base,0.9373825192451477,0.8632885217666626,0.11272525787353516,19.328336715698242,,,,,,,,,,,,
23,clean,scannetpp,23+59+68+228+239+336+346+367,probe1,6.381047248840332,126.53130340576172,09c1414f1b,theta_base,0.12491460889577866,0.24104918539524078,1.1325935125350952,64.29719543457031,,,,,,,,,,,,
01,m0,scannetpp,23+59+68+228+239+336+346+367,probe1,3.866426467895508,88.08634948730469,09c1414f1b,theta_base,0.6203646659851074,0.5289644002914429,0.590592622756958,45.194393157958984,1.0,1.0,5.82521357539445e-12,,,,,,,,,
02,m0,scannetpp,23+59+68+228+239+336+346+367,probe1,3.8564109802246094,87.94279479980469,09c1414f1b,theta_base,1.2268266677856445,1.0380210876464844,0.03975224494934082,11.442619323730469,,,,1.0,1.0,1.459441847373455e-07,,,,,,
03,m0,scannetpp,23+59+68+228+239+336+346+367,probe1,0.38325580954551697,25.286109924316406,09c1414f1b,theta_base,1.2972627878189087,1.243851900100708,0.06851983070373535,15.041065216064453,,,,,,,1.0,1.0000001192092896,1.210868845191726e-07,,,
12,m0,scannetpp,23+59+68+228+239+336+346+367,probe1,0.0012345286086201668,1.423540711402893,09c1414f1b,theta_base,0.6897040605545044,0.6256978511810303,0.5201875567436218,42.27657699584961,,,,,,,,,,1.0,1.0000001192092896,1.379083585106855e-07
13,m0,scannetpp,23+59+68+228+239+336+346+367,probe1,5.580343723297119,113.27133178710938,09c1414f1b,theta_base,0.6977872848510742,0.8632885217666626,0.8209686875343323,53.877357482910156,,,,,,,,,,,,
23,m0,scannetpp,23+59+68+228+239+336+346+367,probe1,5.570557117462158,113.11880493164062,09c1414f1b,theta_base,0.2572133243083954,0.24104918539524078,1.8549699783325195,85.841552734375,,,,,,,,,,,,
01,m1,scannetpp,23+59+68+228+239+336+346+367,probe1,3.982537031173706,89.74987030029297,09c1414f1b,theta_base,0.6231983304023743,0.5289644002914429,0.3825032114982605,36.02617645263672,1.0,1.0,6.473523431714534e-13,,,,,,,,,
02,m1,scannetpp,23+59+68+228+239+336+346+367,probe1,0.19093678891658783,17.774404525756836,09c1414f1b,theta_base,1.0521107912063599,1.0380210876464844,0.0009928345680236816,1.8053690195083618,,,,1.0,1.0,1.365011002008032e-07,,,,,,
03,m1,scannetpp,23+59+68+228+239+336+346+367,probe1,0.03518165647983551,7.604730129241943,09c1414f1b,theta_base,1.3604501485824585,1.243851900100708,0.0005671977996826172,1.3645836114883423,,,,,,,1.0,0.9999998807907104,8.154631814250024e-08,,,
12,m1,scannetpp,23+59+68+228+239+336+346+367,probe1,2.7678956985473633,72.05968475341797,09c1414f1b,theta_base,0.5625658631324768,0.6256978511810303,0.1796814203262329,24.472625732421875,,,,,,,,,,1.0,1.0000001192092896,1.4676014359338296e-07
13,m1,scannetpp,23+59+68+228+239+336+346+367,probe1,3.523710250854492,83.16143035888672,09c1414f1b,theta_base,0.7918338179588318,0.8632885217666626,0.42660295963287354,38.121952056884766,,,,,,,,,,,,
23,m1,scannetpp,23+59+68+228+239+336+346+367,probe1,0.08035872131586075,11.504083633422852,09c1414f1b,theta_base,0.3517964482307434,0.24104918539524078,0.034696102142333984,10.687911033630371,,,,,,,,,,,,
01,m2,scannetpp,23+59+68+228+239+336+346+367,probe1,3.8661983013153076,88.08308410644531,09c1414f1b,theta_base,0.6295011043548584,0.5289644002914429,0.5714227557182312,44.415069580078125,1.0,1.0,2.793078702351126e-12,,,,,,,,,
02,m2,scannetpp,23+59+68+228+239+336+346+367,probe1,3.659411668777466,85.11551666259766,09c1414f1b,theta_base,1.1003992557525635,1.0380210876464844,0.006649017333984375,4.673279285430908,,,,1.0,1.0,9.30528969433908e-08,,,,,,
03,m2,scannetpp,23+59+68+228+239+336+346+367,probe1,0.01049055065959692,4.150486469268799,09c1414f1b,theta_base,1.2405632734298706,1.243851900100708,6.139278411865234e-05,0.4489339292049408,,,,,,,1.0,1.0,6.305873512246762e-08,,,
12,m2,scannetpp,23+59+68+228+239+336+346+367,probe1,0.0056669386103749275,3.050307273864746,09c1414f1b,theta_base,0.6377851963043213,0.6256978511810303,0.2513004541397095,29.03188705444336,,,,,,,,,,1.0,1.0,6.086732895482783e-08
13,m2,scannetpp,23+59+68+228+239+336+346+367,probe1,3.680288076400757,85.41558074951172,09c1414f1b,theta_base,0.764212429523468,0.8632885217666626,0.2762215733528137,30.470624923706055,,,,,,,,,,,,
23,m2,scannetpp,23+59+68+228+239+336+346+367,probe1,3.4738049507141113,82.4408950805664,09c1414f1b,theta_base,0.14075540006160736,0.24104918539524078,0.4473468065261841,39.07453536987305,,,,,,,,,,,,
01,m3,scannetpp,23+59+68+228+239+336+346+367,probe1,3.881747007369995,88.305908203125,09c1414f1b,theta_base,0.588891327381134,0.5289644002914429,0.805437445640564,53.32456970214844,1.0,1.0,3.688215097913394e-12,,,,,,,,,
02,m3,scannetpp,23+59+68+228+239+336+346+367,probe1,3.740983009338379,86.2872543334961,09c1414f1b,theta_base,1.2293914556503296,1.0380210876464844,0.0404282808303833,11.539834022521973,,,,1.0,1.0,1.4913793222604e-07,,,,,,
03,m3,scannetpp,23+59+68+228+239+336+346+367,probe1,0.030605759471654892,7.0922393798828125,09c1414f1b,theta_base,1.3631623983383179,1.243851900100708,0.007097184658050537,4.828319549560547,,,,,,,1.0,0.9999999403953552,6.940198460370084e-08,,,
12,m3,scannetpp,23+59+68+228+239+336+346+367,probe1,0.0031962546054273844,2.2906367778778076,09c1414f1b,theta_base,0.8144225478172302,0.6256978511810303,0.45394444465637207,39.373435974121094,,,,,,,,,,1.0,0.9999999403953552,5.227190058576525e-08
13,m3,scannetpp,23+59+68+228+239+336+346+367,probe1,3.41135311126709,81.53752136230469,09c1414f1b,theta_base,0.968968391418457,0.8632885217666626,0.39316684007644653,36.54238510131836,,,,,,,,,,,,
23,m3,scannetpp,23+59+68+228+239+336+346+367,probe1,3.274193525314331,79.54566955566406,09c1414f1b,theta_base,0.1564158797264099,0.24104918539524078,0.18759822845458984,25.014490127563477,,,,,,,,,,,,
01,clean,scannetpp,26+93+120+130+153+242+277+322,probe0,0.0020036096684634686,1.8133732080459595,09c1414f1b,theta_rel,0.765949547290802,0.6366958618164062,0.21962040662765503,27.10289764404297,1.0,1.0,9.878906720439673e-12,,,,,,,,,
02,clean,scannetpp,26+93+120+130+153+242+277+322,probe0,0.3093896508216858,22.682992935180664,09c1414f1b,theta_rel,0.8563727140426636,0.7996724843978882,0.027183830738067627,9.457375526428223,,,,1.0,1.0000001192092896,1.234367914548784e-07,,,,,,
03,clean,scannetpp,26+93+120+130+153+242+277+322,probe0,0.0022795198019593954,1.934517741203308,09c1414f1b,theta_rel,1.0140361785888672,0.9107718467712402,0.025949835777282715,9.239758491516113,,,,,,,1.0,0.9999999403953552,9.806026213254881e-08,,,
12,clean,scannetpp,26+93+120+130+153+242+277+322,probe0,0.28980159759521484,21.943992614746094,09c1414f1b,theta_rel,0.46918487548828125,0.18919317424297333,0.08209705352783203,16.473403930664062,,,,,,,,,,1.0,0.9999998211860657,2.1634696167893708e-07
13,clean,scannetpp,26+93+120+130+153+242+277+322,probe0,0.003290011780336499,2.3242268562316895,09c1414f1b,theta_rel,0.2485852688550949,0.4248668849468231,0.12683367729187012,20.51456069946289,,,,,,,,,,,,
23,clean,scannetpp,26+93+120+130+153+242+277+322,probe0,0.2846125364303589,21.74423599243164,09c1414f1b,theta_rel,0.5373995900154114,0.48705631494522095,0.025808274745941162,9.214478492736816,,,,,,,,,,,,
01,m0,scannetpp,26+93+120+130+153+242+277+322,probe0,0.0034493510611355305,2.379485845565796,09c1414f1b,theta_rel,0.5665352940559387,0.6366958618164062,0.31593775749206543,32.644771575927734,1.0,1.0,5.1802815509427447e-11,,,,,,,,,
02,m0,scannetpp,26+93+120+130+153+242+277+322,probe0,0.23616547882556915,19.786848068237305,09c1414f1b,theta_rel,0.6721801161766052,0.7996724843978882,0.068417489528656,15.029767990112305,,,,1.0,1.0000001192092896,7.121726497416603e-08,,,,,,
03,m0,scannetpp,26+93+120+130+153+242+277+322,probe0,3.067197799682617,76.5144271850586,09c1414f1b,theta_rel,0.7247545719146729,0.9107718467712402,1.5297226905822754,76.40019989013672,,,,,,,1.0,1.0,1.2652792236167443e-07,,,
12,m0,scannetpp,26+93+120+130+153+242+277+322,probe0,0.19771543145179749,18.089794158935547,09c1414f1b,theta_rel,0.3688652217388153,0.18919317424297333,0.01935511827468872,7.977572441101074,,,,,,,,,,1.0,0.9999998807907104,6.703617572156872e-08
13,m0,scannetpp,26+93+120+130+153+242+277+322,probe0,2.9597361087799072,74.926025390625,09c1414f1b,theta_rel,1.2285454273223877,0.4248668849468231,1.9970355033874512,89.91507720947266,,,,,,,,,,,,
23,m0,scannetpp,26+93+120+130+153+242+277+322,probe0,1.8360886573791504,57.24977111816406,09c1414f1b,theta_rel,1.1537013053894043,0.48705631494522095,1.55000901222229,76.99738311767578,,,,,,,,,,,,
01,m1,scannetpp,26+93+120+130+153+242+277+322,probe0,0.0014357290929183364,1.5349313020706177,09c1414f1b,theta_rel,0.535919189453125,0.6366958618164062,0.029308974742889404,9.820988655090332,1.0,1.0,5.159302672586019e-12,,,,,,,,,
02,m1,scannetpp,26+93+120+130+153+242+277+322,probe0,0.24581393599510193,20.191118240356445,09c1414f1b,theta_rel,0.8102331161499023,0.7996724843978882,0.008434891700744629,5.263990879058838,,,,1.0,1.0,1.2479034694479196e-07,,,,,,
03,m1,scannetpp,26+93+120+130+153+242+277+322,probe0,1.6953123807907104,54.818260192871094,09c1414f1b,theta_rel,0.8446332216262817,0.9107718467712402,0.03793501853942871,11.177165031433105,,,,,,,1.0,1.0000001192092896,1.76513879068807e-07,,,
12,m1,scannetpp,26+93+120+130+153+242+277+322,probe0,0.2260802537202835,19.355558395385742,09c1414f1b,theta_rel,0.4226343333721161,0.18919317424297333,0.049300312995910645,12.748046875,,,,,,,,,,1.0,0.9999998211860657,6.594281387606316e-08
13,m1,scannetpp,26+93+120+130+153+242+277+322,probe0,1.6533623933792114,54.07969284057617,09c1414f1b,theta_rel,0.3142275810241699,0.4248668849468231,0.5458536148071289,43.35841369628906,,,,,,,,,,,,
23,m1,scannetpp,26+93+120+130+153+242+277+322,probe0,0.7308403253555298,35.18559265136719,09c1414f1b,theta_rel,0.33977749943733215,0.48705631494522095,0.09064280986785889,17.31583023071289,,,,,,,,,,,,
01,m2,scannetpp,26+93+120+130+153+242+277+322,probe0,0.010050568729639053,4.062546730041504,09c1414f1b,theta_rel,0.5996487736701965,0.6366958618164062,1.0719448328018188,62.35269546508789,1.0,1.0,8.130856285568783e-14,,,,,,,,,
02,m2,scannetpp,26+93+120+130+153+242+277+322,probe0,0.2138950526714325,18.82187271118164,09c1414f1b,theta_rel,0.9732624888420105,0.7996724843978882,0.6195675134658813,46.3527717590332,,,,1.0,1.0,1.2024258921883302e-07,,,,,,
03,m2,scannetpp,26+93+120+130+153+242+277+322,probe0,3.5550997257232666,83.61406707763672,09c1414f1b,theta_rel,0.708125650882721,0.9107718467712402,1.627364993095398,79.26204681396484,,,,,,,1.0,1.0000001192092896,1.364883104315595e-07,,,
12,m2,scannetpp,26+93+120+130+153+242+277+322,probe0,0.14767661690711975,15.617420196533203,09c1414f1b,theta_rel,0.4500059187412262,0.18919317424297333,0.05423438549041748,13.37353801727295,,,,,,,,,,1.0,1.0,1.394964073142546e-07
13,m2,scannetpp,26+93+120+130+153+242+277+322,probe0,3.3533825874328613,80.69707489013672,09c1414f1b,theta_rel,0.16052363812923431,0.4248668849468231,1.8172184228897095,84.75637817382812,,,,,,,,,,,,
23,m2,scannetpp,26+93+120+130+153+242+277+322,probe0,2.338340997695923,65.4545669555664,09c1414f1b,theta_rel,0.49581143260002136,0.48705631494522095,0.2877686619758606,31.116788864135742,,,,,,,,,,,,
01,m3,scannetpp,26+93+120+130+153+242+277+322,probe0,0.0033359145745635033,2.340172052383423,09c1414f1b,theta_rel,0.7183659672737122,0.6366958618164062,0.2078632116317749,26.354007720947266,1.0,1.0,8.42937097900176e-08,,,,,,,,,
02,m3,scannetpp,26+93+120+130+153+242+277+322,probe0,0.23378945887088776,19.68604278564453,09c1414f1b,theta_rel,0.8039981722831726,0.7996724843978882,0.03179246187210083,10.22966194152832,,,,1.0,0.9999999403953552,9.765376951520466e-09,,,,,,
03,m3,scannetpp,26+93+120+130+153+242+277+322,probe0,2.4960203170776367,67.91419219970703,09c1414f1b,theta_rel,0.7941588163375854,0.9107718467712402,0.010634422302246094,5.911153316497803,,,,,,,1.0,1.0,1.946879137904034e-07,,,
12,m3,scannetpp,26+93+120+130+153+242+277+322,probe0,0.2259884476661682,19.351621627807617,09c1414f1b,theta_rel,0.4128882884979248,0.18919317424297333,0.07292652130126953,15.520078659057617,,,,,,,,,,1.0,1.0,6.015443432261236e-08
13,m3,scannetpp,26+93+120+130+153+242+277+322,probe0,2.4970364570617676,67.92989349365234,09c1414f1b,theta_rel,0.09938213229179382,0.4248668849468231,0.6288373470306396,46.718658447265625,,,,,,,,,,,,
23,m3,scannetpp,26+93+120+130+153+242+277+322,probe0,1.3671399354934692,48.83612060546875,09c1414f1b,theta_rel,0.3602626323699951,0.48705631494522095,0.00627446174621582,4.539671897888184,,,,,,,,,,,,
01,clean,scannetpp,23+59+68+228+239+336+346+367,probe1,3.8745501041412354,88.20277404785156,09c1414f1b,theta_rel,0.6218006014823914,0.5289644002914429,0.7189053297042847,50.1673583984375,1.0,1.0,6.321127215408451e-12,,,,,,,,,
02,clean,scannetpp,23+59+68+228+239+336+346+367,probe1,3.6389150619506836,84.82078552246094,09c1414f1b,theta_rel,1.1386891603469849,1.0380210876464844,0.012174248695373535,6.325054168701172,,,,1.0,1.0000001192092896,1.571906338426743e-08,,,,,,
03,clean,scannetpp,23+59+68+228+239+336+346+367,probe1,1.0502949953079224,42.487369537353516,09c1414f1b,theta_rel,1.2034684419631958,1.243851900100708,0.014241218566894531,6.841546058654785,,,,,,,1.0,1.0000001192092896,1.2102964852545028e-08,,,
12,clean,scannetpp,23+59+68+228+239+336+346+367,probe1,0.007060748524963856,3.4049034118652344,09c1414f1b,theta_rel,0.9275510311126709,0.6256978511810303,0.07675480842590332,15.924809455871582,,,,,,,,,,1.0,1.0,8.694824060739847e-08
13,clean,scannetpp,23+59+68+228+239+336+346+367,probe1,6.602159023284912,130.5823211669922,09c1414f1b,theta_rel,0.925017774105072,0.8632885217666626,0.11395084857940674,19.434139251708984,,,,,,,,,,,,
23,clean,scannetpp,23+59+68+228+239+336+346+367,probe1,6.418140411376953,127.19538879394531,09c1414f1b,theta_rel,0.13122425973415375,0.24104918539524078,1.2153204679489136,66.89984130859375,,,,,,,,,,,,
01,m0,scannetpp,23+59+68+228+239+336+346+367,probe1,3.8535919189453125,87.90239715576172,09c1414f1b,theta_rel,0.6199706196784973,0.5289644002914429,0.5908488631248474,45.204734802246094,1.0,1.0,6.4658031533049165e-12,,,,,,,,,
02,m0,scannetpp,23+59+68+228+239+336+346+367,probe1,3.848771572113037,87.83329772949219,09c1414f1b,theta_rel,1.2247908115386963,1.0380210876464844,0.03875678777694702,11.297977447509766,,,,1.0,0.9999999403953552,6.102694527498898e-08,,,,,,
03,m0,scannetpp,23+59+68+228+239+336+346+367,probe1,1.0133605003356934,41.6981201171875,09c1414f1b,theta_rel,1.2621567249298096,1.243851900100708,0.07496637105941772,15.737003326416016,,,,,,,1.0,0.9999999403953552,7.17847612463629e-08,,,
12,m0,scannetpp,23+59+68+228+239+336+346+367,probe1,0.0011315270094200969,1.3631489276885986,09c1414f1b,theta_rel,0.6896339654922485,0.6256978511810303,0.5114700794219971,41.90399932861328,,,,,,,,,,1.0,1.0000001192092896,1.39526676434798e-07
13,m0,scannetpp,23+59+68+228+239+336+346+367,probe1,6.545737266540527,129.52645874023438,09c1414f1b,theta_rel,0.6603360772132874,0.8632885217666626,0.8415500521659851,54.60395431518555,,,,,,,,,,,,
23,m0,scannetpp,23+59+68+228+239+336+346+367,probe1,6.541471481323242,129.447265625,09c1414f1b,theta_rel,0.27262139320373535,0.24104918539524078,1.916372299194336,87.60354614257812,,,,,,,,,,,,
01,m1,scannetpp,23+59+68+228+239+336+346+367,probe1,3.9746837615966797,89.63737487792969,09c1414f1b,theta_rel,0.6241960525512695,0.5289644002914429,0.3775715231895447,35.7852668762207,1.0,1.0,4.776346419071986e-13,,,,,,,,,
02,m1,scannetpp,23+59+68+228+239+336+346+367,probe1,0.5210537314414978,29.571931838989258,09c1414f1b,theta_rel,1.0602867603302002,1.0380210876464844,0.001523137092590332,2.2362465858459473,,,,1.0,0.9999999403953552,9.440259418624919e-08,,,,,,
03,m1,scannetpp,23+59+68+228+239+336+346+367,probe1,0.032453782856464386,7.303528308868408,09c1414f1b,theta_rel,1.3506429195404053,1.243851900100708,0.0006808042526245117,1.4950168132781982,,,,,,,1.0,1.0000001192092896,1.2908407143186196e-07,,,
12,m1,scannetpp,23+59+68+228+239+336+346+367,probe1,2.005462884902954,60.09031295776367,09c1414f1b,theta_rel,0.5720531940460205,0.6256978511810303,0.17299801111221313,24.006258010864258,,,,,,,,,,1.0,1.0,1.1119941234483122e-07
13,m1,scannetpp,23+59+68+228+239+336+346+367,probe1,3.5408987998962402,83.40933227539062,09c1414f1b,theta_rel,0.7829720377922058,0.8632885217666626,0.41102027893066406,37.39290237426758,,,,,,,,,,,,
23,m1,scannetpp,23+59+68+228+239+336+346+367,probe1,0.3316069543361664,23.494491577148438,09c1414f1b,theta_rel,0.3369104564189911,0.24104918539524078,0.11380702257156372,19.4217472076416,,,,,,,,,,,,
01,m2,scannetpp,23+59+68+228+239+336+346+367,probe1,3.8579163551330566,87.9643783569336,09c1414f1b,theta_rel,0.6269350647926331,0.5289644002914429,0.5644628405570984,44.12944793701172,1.0,1.0,1.0610552367285031e-11,,,,,,,,,
02,m2,scannetpp,23+59+68+228+239+336+346+367,probe1,3.6150755882263184,84.47781372070312,09c1414f1b,theta_rel,1.0995064973831177,1.0380210876464844,0.006606340408325195,4.658249378204346,,,,1.0,1.0000001192092896,7.241774824251479e-08,,,,,,
03,m2,scannetpp,23+59+68+228+239+336+346+367,probe1,0.009132361970841885,3.8723182678222656,09c1414f1b,theta_rel,1.2428467273712158,1.243851900100708,6.854534149169922e-05,0.4743651747703552,,,,,,,1.0,1.0000001192092896,4.036576584098839e-08,,,
12,m2,scannetpp,23+59+68+228+239+336+346+367,probe1,0.007604201324284077,3.5334668159484863,09c1414f1b,theta_rel,0.6343857049942017,0.6256978511810303,0.25408411026000977,29.19578742980957,,,,,,,,,,1.0,1.0000001192092896,7.511008703886546e-08
13,m2,scannetpp,23+59+68+228+239+336+346+367,probe1,3.705728530883789,85.78106689453125,09c1414f1b,theta_rel,0.7636975646018982,0.8632885217666626,0.2805824279785156,30.71609878540039,,,,,,,,,,,,
23,m2,scannetpp,23+59+68+228+239+336+346+367,probe1,3.4632198810577393,82.28791809082031,09c1414f1b,theta_rel,0.1438552290201187,0.24104918539524078,0.4437996745109558,38.913047790527344,,,,,,,,,,,,
01,m3,scannetpp,23+59+68+228+239+336+346+367,probe1,3.8695061206817627,88.13048553466797,09c1414f1b,theta_rel,0.5879558324813843,0.5289644002914429,0.8046143651008606,53.295166015625,1.0,1.0,2.6217138269363227e-12,,,,,,,,,
02,m3,scannetpp,23+59+68+228+239+336+346+367,probe1,3.713510036468506,85.89281463623047,09c1414f1b,theta_rel,1.2303471565246582,1.0380210876464844,0.041050851345062256,11.628660202026367,,,,1.0,1.0,3.5317007984758675e-08,,,,,,
03,m3,scannetpp,23+59+68+228+239+336+346+367,probe1,0.025824211537837982,6.514092445373535,09c1414f1b,theta_rel,1.3631155490875244,1.243851900100708,0.007704377174377441,5.030728816986084,,,,,,,1.0,0.9999999403953552,1.1134682154079201e-07,,,
12,m3,scannetpp,23+59+68+228+239+336+346+367,probe1,0.003649525810033083,2.4477663040161133,09c1414f1b,theta_rel,0.8142818808555603,0.6256978511810303,0.4554939866065979,39.443359375,,,,,,,,,,1.0,0.9999998807907104,1.3662736364494776e-07
13,m3,scannetpp,23+59+68+228+239+336+346+367,probe1,3.441471815109253,81.97344207763672,09c1414f1b,theta_rel,0.9664035439491272,0.8632885217666626,0.39695996046066284,36.72450256347656,,,,,,,,,,,,
23,m3,scannetpp,23+59+68+228+239+336+346+367,probe1,3.2890942096710205,79.76263427734375,09c1414f1b,theta_rel,0.15362191200256348,0.24104918539524078,0.19619983434677124,25.59104347229004,,,,,,,,,,,,
01,clean,scannetpp,14+19+25+26+31+82+84+96,probe0,5.935724402661435e-05,0.31278666853904724,1ada7a0617,theta0,0.1562790721654892,0.15182070434093475,0.00047218799591064453,1.2450553178787231,1.0,1.0,2.301623995559776e-11,,,,,,,,,
02,clean,scannetpp,14+19+25+26+31+82+84+96,probe0,2.734151166805532e-06,0.06255725771188736,1ada7a0617,theta0,0.554972767829895,0.5285765528678894,7.152557373046875e-07,0.04845663905143738,,,,1.0,0.9999998211860657,1.7433694665669464e-07,,,,,,
03,clean,scannetpp,14+19+25+26+31+82+84+96,probe0,7.80856680648867e-06,0.11190583556890488,1ada7a0617,theta0,0.26784712076187134,0.2554643154144287,1.3828277587890625e-05,0.21306245028972626,,,,,,,1.0,0.9999999403953552,7.068181417935193e-08,,,
12,clean,scannetpp,14+19+25+26+31+82+84+96,probe0,7.989235746208578e-05,0.3626169264316559,1ada7a0617,theta0,0.40445008873939514,0.3831309676170349,3.0934810638427734e-05,0.3189810812473297,,,,,,,,,,1.0,1.0,7.566938364789166e-08
13,clean,scannetpp,14+19+25+26+31+82+84+96,probe0,7.459121115971357e-05,0.3516591489315033,1ada7a0617,theta0,0.40714091062545776,0.3901090621948242,0.00010704994201660156,0.5928131341934204,,,,,,,,,,,,
23,clean,scannetpp,14+19+25+26+31+82+84+96,probe0,8.759981938055716e-06,0.11869406700134277,1ada7a0617,theta0,0.8112407326698303,0.7729165554046631,1.9669532775878906e-06,0.07912936806678772,,,,,,,,,,,,
01,m0,scannetpp,14+19+25+26+31+82+84+96,probe0,6.163932994240895e-05,0.3189810812473297,1ada7a0617,theta0,0.1573372781276703,0.15182070434093475,0.003026306629180908,3.152315139770508,1.0,1.0,2.059678989863034e-11,,,,,,,,,
02,m0,scannetpp,14+19+25+26+31+82+84+96,probe0,8.110682392725721e-05,0.36476898193359375,1ada7a0617,theta0,0.5567904114723206,0.5285765528678894,6.181001663208008e-05,0.4502396285533905,,,,1.0,0.9999999403953552,1.9173508292169572e-07,,,,,,
03,m0,scannetpp,14+19+25+26+31+82+84+96,probe0,5.4883683333173394e-05,0.3013159930706024,1ada7a0617,theta0,0.26959729194641113,0.2554643154144287,4.2557716369628906e-05,0.37377700209617615,,,,,,,1.0,0.9999998807907104,1.0174775866289565e-07,,,
12,m0,scannetpp,14+19+25+26+31+82+84+96,probe0,5.1649629313033074e-05,0.29208308458328247,1ada7a0617,theta0,0.40380755066871643,0.3831309676170349,0.00022923946380615234,0.8675040006637573,,,,,,,,,,1.0,0.9999998211860657,1.4404356818431552e-07
13,m0,scannetpp,14+19+25+26+31+82+84+96,probe0,4.4008011172991246e-05,0.26979541778564453,1ada7a0617,theta0,0.41188478469848633,0.3901090621948242,0.00026804208755493164,0.9379522204399109,,,,,,,,,,,,
23,m0,scannetpp,14+19+25+26+31+82+84+96,probe0,2.7359358227840858e-06,0.06852804869413376,1ada7a0617,theta0,0.815147876739502,0.7729165554046631,5.960464477539063e-08,0.0,,,,,,,,,,,,
01,m1,scannetpp,14+19+25+26+31+82+84+96,probe0,0.00010430237307446077,0.41401463747024536,1ada7a0617,theta0,0.15320022404193878,0.15182070434093475,0.0028458237648010254,3.0568463802337646,1.0,1.0,2.0579522461150468e-11,,,,,,,,,
02,m1,scannetpp,14+19+25+26+31+82+84+96,probe0,1.4922858099453151e-05,0.15825878083705902,1ada7a0617,theta0,0.5598808526992798,0.5285765528678894,1.430511474609375e-05,0.2167048156261444,,,,1.0,0.9999999403953552,6.029549126651546e-08,,,,,,
03,m1,scannetpp,14+19+25+26+31+82+84+96,probe0,8.65420006448403e-05,0.3774237036705017,1ada7a0617,theta0,0.2758987843990326,0.2554643154144287,0.00019657611846923828,0.8033255338668823,,,,,,,1.0,0.9999998807907104,6.210678549223303e-08,,,
12,m1,scannetpp,14+19+25+26+31+82+84+96,probe0,0.0001810250396374613,0.5453635454177856,1ada7a0617,theta0,0.4169771671295166,0.3831309676170349,8.386373519897461e-05,0.5248866677284241,,,,,,,,,,1.0,0.9999999403953552,8.658338401801302e-08
13,m1,scannetpp,14+19+25+26+31+82+84+96,probe0,0.0001485901011619717,0.49416425824165344,1ada7a0617,theta0,0.4079344570636749,0.3901090621948242,0.0005140304565429688,1.2990515232086182,,,,,,,,,,,,
23,m1,scannetpp,14+19+25+26+31+82+84+96,probe0,7.365783676505089e-05,0.34717920422554016,1ada7a0617,theta0,0.8245048522949219,0.7729165554046631,2.7894973754882812e-05,0.30261194705963135,,,,,,,,,,,,
01,m2,scannetpp,14+19+25+26+31+82+84+96,probe0,0.00011884086416102946,0.44146209955215454,1ada7a0617,theta0,0.14505267143249512,0.15182070434093475,0.0012865662574768066,2.055189847946167,1.0,1.0,2.05899689659228e-11,,,,,,,,,
02,m2,scannetpp,14+19+25+26+31+82+84+96,probe0,3.363581345183775e-05,0.23406797647476196,1ada7a0617,theta0,0.5586643218994141,0.5285765528678894,1.1444091796875e-05,0.19382666051387787,,,,1.0,1.0000001192092896,1.2863613108038408e-07,,,,,,
03,m2,scannetpp,14+19+25+26+31+82+84+96,probe0,0.00013377524737734348,0.46897220611572266,1ada7a0617,theta0,0.2743156850337982,0.2554643154144287,0.0001646876335144043,0.7354187369346619,,,,,,,1.0,0.9999999403953552,9.228844533026859e-08,,,
12,m2,scannetpp,14+19+25+26+31+82+84+96,probe0,7.801244646543637e-05,0.35718005895614624,1ada7a0617,theta0,0.42196276783943176,0.3831309676170349,4.57763671875e-05,0.3876538872718811,,,,,,,,,,1.0,0.9999999403953552,1.3928368503002275e-07
13,m2,scannetpp,14+19+25+26+31+82+84+96,probe0,3.523474151734263e-05,0.24066275358200073,1ada7a0617,theta0,0.3996376097202301,0.3901090621948242,5.4836273193359375e-06,0.13417038321495056,,,,,,,,,,,,
23,m2,scannetpp,14+19+25+26+31+82+84+96,probe0,4.6180350182112306e-05,0.2755363881587982,1ada7a0617,theta0,0.8212844133377075,0.7729165554046631,5.424022674560547e-06,0.13417038321495056,,,,,,,,,,,,
01,m3,scannetpp,14+19+25+26+31+82+84+96,probe0,0.00021791044855490327,0.5980709791183472,1ada7a0617,theta0,0.15477286279201508,0.15182070434093475,0.00017881393432617188,0.766172468662262,1.0,0.9999999403953552,8.429371689544496e-08,,,,,,,,,
02,m3,scannetpp,14+19+25+26+31+82+84+96,probe0,9.742053225636482e-05,0.40056270360946655,1ada7a0617,theta0,0.5472056865692139,0.5285765528678894,2.7000904083251953e-05,0.29739415645599365,,,,1.0,1.0000001192092896,1.3133963250311353e-07,,,,,,
03,m3,scannetpp,14+19+25+26+31+82+84+96,probe0,0.00021122203906998038,0.5895031094551086,1ada7a0617,theta0,0.27495017647743225,0.2554643154144287,0.0002523064613342285,0.9099973440170288,,,,,,,1.0,1.0,6.124535900653427e-08,,,
12,m3,scannetpp,14+19+25+26+31+82+84+96,probe0,0.00020984193542972207,0.5868416428565979,1ada7a0617,theta0,0.39987656474113464,0.3831309676170349,3.886222839355469e-05,0.35718005895614624,,,,,,,,,,1.0,0.9999998807907104,2.075261988920829e-07
13,m3,scannetpp,14+19+25+26+31+82+84+96,probe0,8.193494431907311e-05,0.36690840125083923,1ada7a0617,theta0,0.41130006313323975,0.3901090621948242,9.274482727050781e-05,0.551784098148346,,,,,,,,,,,,
23,m3,scannetpp,14+19+25+26+31+82+84+96,probe0,6.974541611270979e-05,0.3380412757396698,1ada7a0617,theta0,0.8107277750968933,0.7729165554046631,9.119510650634766e-06,0.17245851457118988,,,,,,,,,,,,
01,clean,scannetpp,17+44+49+66+70+87+92+96,probe1,7.67569690651726e-06,0.11190583556890488,1ada7a0617,theta0,0.5619444847106934,0.5635585188865662,5.364418029785156e-07,0.03956468030810356,1.0,1.0,5.523136635543491e-12,,,,,,,,,
02,clean,scannetpp,17+44+49+66+70+87+92+96,probe1,1.5668982769057038e-06,0.04845663905143738,1ada7a0617,theta0,0.18089509010314941,0.180214062333107,2.014636993408203e-05,0.2571706473827362,,,,1.0,0.9999999403953552,2.3697596418514877e-07,,,,,,
03,clean,scannetpp,17+44+49+66+70+87+92+96,probe1,2.8107538128097076e-06,0.06852804869413376,1ada7a0617,theta0,0.07233584672212601,0.0724702924489975,8.428096771240234e-05,0.5260038375854492,,,,,,,1.0,0.9999999403953552,1.0488992074897396e-07,,,
12,clean,scannetpp,17+44+49+66+70+87+92+96,probe1,7.940740033518523e-06,0.11869406700134277,1ada7a0617,theta0,0.44288963079452515,0.4453349709510803,5.9604644775390625e-06,0.13988231122493744,,,,,,,,,,1.0,0.9999999403953552,1.2204239396851335e-08
13,clean,scannetpp,17+44+49+66+70+87+92+96,probe1,1.6038162357290275e-05,0.16312941908836365,1ada7a0617,theta0,0.5533545613288879,0.5559576153755188,8.344650268554688e-07,0.05233915522694588,,,,,,,,,,,,
23,clean,scannetpp,17+44+49+66+70+87+92+96,probe1,4.362281288194936e-06,0.08392937481403351,1ada7a0617,theta0,0.1682385951280594,0.1678781807422638,1.1622905731201172e-05,0.19583527743816376,,,,,,,,,,,,
01,m0,scannetpp,17+44+49+66+70+87+92+96,probe1,0.00025608116993680596,0.6483091115951538,1ada7a0617,theta0,0.5786744356155396,0.5635585188865662,0.00016349554061889648,0.7327531576156616,1.0,1.0,1.3332488758843741e-11,,,,,,,,,
02,m0,scannetpp,17+44+49+66+70+87+92+96,probe1,0.0002213806874351576,0.602634072303772,1ada7a0617,theta0,0.1789758950471878,0.180214062333107,0.003958940505981445,3.60565185546875,,,,1.0,0.9999998807907104,2.2795660470364965e-07,,,,,,
03,m0,scannetpp,17+44+49+66+70+87+92+96,probe1,4.450618871487677e-05,0.26979541778564453,1ada7a0617,theta0,0.07749492675065994,0.0724702924489975,0.0024700164794921875,2.847851037979126,,,,,,,1.0,1.0000001192092896,3.056037556348201e-08,,,
12,m0,scannetpp,17+44+49+66+70+87+92+96,probe1,0.000590864394325763,0.9851648211479187,1ada7a0617,theta0,0.4542934000492096,0.4453349709510803,8.761882781982422e-05,0.5363187193870544,,,,,,,,,,1.0,1.0,1.197915366901725e-07
13,m0,scannetpp,17+44+49+66+70+87+92+96,probe1,0.0004148253647144884,0.8251940011978149,1ada7a0617,theta0,0.5669177174568176,0.5559576153755188,0.00023365020751953125,0.8758100867271423,,,,,,,,,,,,
23,m0,scannetpp,17+44+49+66+70+87+92+96,probe1,0.0002850419550668448,0.6835691332817078,1ada7a0617,theta0,0.17035549879074097,0.1678781807422638,0.006872057914733887,4.751059055328369,,,,,,,,,,,,
01,m1,scannetpp,17+44+49+66+70+87+92+96,probe1,0.0005780438077636063,0.9739781618118286,1ada7a0617,theta0,0.5595417022705078,0.5635585188865662,7.569789886474609e-06,0.15825878083705902,1.0,1.0,7.616404252078213e-13,,,,,,,,,
02,m1,scannetpp,17+44+49+66+70+87+92+96,probe1,5.0905440730275586e-05,0.28939101099967957,1ada7a0617,theta0,0.17678821086883545,0.180214062333107,0.0009610652923583984,1.7763007879257202,,,,1.0,1.0,1.0761768720612963e-07,,,,,,
03,m1,scannetpp,17+44+49+66+70+87+92+96,probe1,7.966031989781186e-05,0.36153605580329895,1ada7a0617,theta0,0.075889453291893,0.0724702924489975,0.0011075735092163086,1.9069045782089233,,,,,,,1.0,0.9999998807907104,1.0986415333036348e-07,,,
12,m1,scannetpp,17+44+49+66+70+87+92+96,probe1,0.0003804328734986484,0.7903101444244385,1ada7a0617,theta0,0.43782949447631836,0.4453349709510803,1.7881393432617188e-05,0.24228337407112122,,,,,,,,,,1.0,1.0000001192092896,3.442882601234487e-08
13,m1,scannetpp,17+44+49+66+70+87+92+96,probe1,0.000579989340621978,0.975584089756012,1ada7a0617,theta0,0.554516613483429,0.5559576153755188,0.00022101402282714844,0.851797878742218,,,,,,,,,,,,
23,m1,scannetpp,17+44+49+66+70+87+92+96,probe1,0.0001800970348995179,0.543206512928009,1ada7a0617,theta0,0.17045113444328308,0.1678781807422638,0.0022488832473754883,2.7173573970794678,,,,,,,,,,,,
01,m2,scannetpp,17+44+49+66+70+87+92+96,probe1,0.00022709713084623218,0.6110178828239441,1ada7a0617,theta0,0.5734201669692993,0.5635585188865662,0.0001035928726196289,0.5831623077392578,1.0,1.0,1.8913596817188294e-12,,,,,,,,,
02,m2,scannetpp,17+44+49+66+70+87+92+96,probe1,2.5328568881377578e-05,0.20367176830768585,1ada7a0617,theta0,0.17603462934494019,0.180214062333107,3.4868717193603516e-05,0.3380412757396698,,,,1.0,1.0,2.237913605540598e-07,,,,,,
03,m2,scannetpp,17+44+49+66+70+87+92+96,probe1,2.4241599021479487e-05,0.19782350957393646,1ada7a0617,theta0,0.07594913244247437,0.0724702924489975,0.0007905364036560059,1.6110694408416748,,,,,,,1.0,1.0000001192092896,6.206611402603812e-08,,,
12,m2,scannetpp,17+44+49+66+70+87+92+96,probe1,0.000332722847815603,0.7391343712806702,1ada7a0617,theta0,0.4570106267929077,0.4453349709510803,4.947185516357422e-05,0.402997761964798,,,,,,,,,,1.0,1.0,3.680376892134518e-08
13,m2,scannetpp,17+44+49+66+70+87+92+96,probe1,0.00012177250755485147,0.4467492997646332,1ada7a0617,theta0,0.5662252902984619,0.5559576153755188,0.00011873245239257812,0.6243232488632202,,,,,,,,,,,,
23,m2,scannetpp,17+44+49+66+70+87+92+96,probe1,7.031329005258158e-05,0.33919697999954224,1ada7a0617,theta0,0.16211991012096405,0.1678781807422638,0.0009241104125976562,1.741811990737915,,,,,,,,,,,,
01,m3,scannetpp,17+44+49+66+70+87+92+96,probe1,0.00030456145759671926,0.7072058916091919,1ada7a0617,theta0,0.5785489678382874,0.5635585188865662,0.00012117624282836914,0.6305604577064514,1.0,1.0,1.459411584636694e-11,,,,,,,,,
02,m3,scannetpp,17+44+49+66+70+87+92+96,probe1,2.8480933451646706e-06,0.06852804869413376,1ada7a0617,theta0,0.18240192532539368,0.180214062333107,0.00010603666305541992,0.5901665687561035,,,,1.0,0.9999998807907104,1.5687982113377075e-07,,,,,,
03,m3,scannetpp,17+44+49+66+70+87+92+96,probe1,4.9235502956435084e-05,0.28393030166625977,1ada7a0617,theta0,0.07682579010725021,0.0724702924489975,0.0027640461921691895,3.012594223022461,,,,,,,1.0,0.9999998807907104,8.690341957162673e-08,,,
12,m3,scannetpp,17+44+49+66+70+87+92+96,probe1,0.00034539966145530343,0.7532945871353149,1ada7a0617,theta0,0.45864495635032654,0.4453349709510803,0.00011867284774780273,0.6243232488632202,,,,,,,,,,1.0,1.0,7.472133489727639e-08
13,m3,scannetpp,17+44+49+66+70+87+92+96,probe1,0.00018821463163476437,0.5560232400894165,1ada7a0617,theta0,0.5659700036048889,0.5559576153755188,0.0002371668815612793,0.882487416267395,,,,,,,,,,,,
23,m3,scannetpp,17+44+49+66+70+87+92+96,probe1,6.063860564609058e-05,0.3165178596973419,1ada7a0617,theta0,0.16653141379356384,0.1678781807422638,0.0005643963813781738,1.3611376285552979,,,,,,,,,,,,
01,clean,scannetpp,14+19+25+26+31+82+84+96,probe0,6.0619888245128095e-05,0.3152790367603302,1ada7a0617,theta_base,0.1572285145521164,0.15182070434093475,0.000533759593963623,1.3238214254379272,1.0,1.0,5.156700587372054e-12,,,,,,,,,
02,clean,scannetpp,14+19+25+26+31+82+84+96,probe0,8.653318218421191e-06,0.11869406700134277,1ada7a0617,theta_base,0.5552657842636108,0.5285765528678894,3.2186508178710938e-06,0.10279207676649094,,,,1.0,0.9999998807907104,1.5427218613695004e-07,,,,,,
03,clean,scannetpp,14+19+25+26+31+82+84+96,probe0,6.3860697991913185e-06,0.10467831790447235,1ada7a0617,theta_base,0.2676791250705719,0.2554643154144287,1.5616416931152344e-05,0.22641941905021667,,,,,,,1.0,1.0,3.51024453948412e-08,,,
12,clean,scannetpp,14+19+25+26+31+82+84+96,probe0,0.00010328962525818497,0.4121198058128357,1ada7a0617,theta_base,0.4036986231803894,0.3831309676170349,2.2172927856445312e-05,0.26979541778564453,,,,,,,,,,1.0,1.0,8.572940402018503e-08
13,clean,scannetpp,14+19+25+26+31+82+84+96,probe0,7.500012725358829e-05,0.3516591489315033,1ada7a0617,theta_base,0.4081548750400543,0.3901090621948242,0.00010579824447631836,0.5895031094551086,,,,,,,,,,,,
23,clean,scannetpp,14+19+25+26+31+82+84+96,probe0,8.351387805305421e-06,0.11534988880157471,1ada7a0617,theta_base,0.8115078210830688,0.7729165554046631,2.5033950805664062e-06,0.09065409004688263,,,,,,,,,,,,
01,m0,scannetpp,14+19+25+26+31+82+84+96,probe0,6.890553049743176e-05,0.3368816077709198,1ada7a0617,theta_base,0.1576463133096695,0.15182070434093475,0.002977907657623291,3.1269993782043457,1.0,1.0,2.6662504669372478e-12,,,,,,,,,
02,m0,scannetpp,14+19+25+26+31+82+84+96,probe0,8.389919094042853e-05,0.37115025520324707,1ada7a0617,theta_base,0.5563293695449829,0.5285765528678894,6.80088996887207e-05,0.4722982347011566,,,,1.0,1.0,6.447712053159194e-08,,,,,,
03,m0,scannetpp,14+19+25+26+31+82+84+96,probe0,6.012042649672367e-05,0.3140353262424469,1ada7a0617,theta_base,0.26917436718940735,0.2554643154144287,3.2842159271240234e-05,0.3286494016647339,,,,,,,1.0,1.0,1.2217030587180489e-07,,,
12,m0,scannetpp,14+19+25+26+31+82+84+96,probe0,5.91464813624043e-05,0.31027427315711975,1ada7a0617,theta_base,0.4031333923339844,0.3831309676170349,0.0001786947250366211,0.7659170627593994,,,,,,,,,,1.0,0.9999999403953552,9.398559797091366e-08
13,m0,scannetpp,14+19+25+26+31+82+84+96,probe0,5.609868458122946e-05,0.30390244722366333,1ada7a0617,theta_base,0.4117090702056885,0.3901090621948242,0.00028204917907714844,0.9622550010681152,,,,,,,,,,,,
23,m0,scannetpp,14+19+25+26+31+82+84+96,probe0,2.256081415907829e-06,0.05595291033387184,1ada7a0617,theta_base,0.8143385648727417,0.7729165554046631,5.364418029785156e-07,0.03956468030810356,,,,,,,,,,,,
01,m1,scannetpp,14+19+25+26+31+82+84+96,probe0,0.00010231678606942296,0.41021624207496643,1ada7a0617,theta_base,0.15414117276668549,0.15182070434093475,0.0027878880500793457,3.0255625247955322,1.0,1.0,7.252616476133289e-13,,,,,,,,,
02,m1,scannetpp,14+19+25+26+31+82+84+96,probe0,2.5024170099641196e-05,0.20174118876457214,1ada7a0617,theta_base,0.5611191987991333,0.5285765528678894,2.2172927856445312e-05,0.26979541778564453,,,,1.0,1.0,7.510648458719515e-08,,,,,,
03,m1,scannetpp,14+19+25+26+31+82+84+96,probe0,8.185904880519956e-05,0.36690840125083923,1ada7a0617,theta_base,0.27567774057388306,0.2554643154144287,0.00016123056411743164,0.7273927330970764,,,,,,,1.0,1.0,1.35791310640343e-07,,,
12,m1,scannetpp,14+19+25+26+31+82+84+96,probe0,0.00021369304158724844,0.5921525359153748,1ada7a0617,theta_base,0.41718560457229614,0.3831309676170349,7.659196853637695e-05,0.5012410283088684,,,,,,,,,,1.0,1.0,7.988297312522263e-08
13,m1,scannetpp,14+19+25+26+31+82+84+96,probe0,0.00015328841982409358,0.5020211338996887,1ada7a0617,theta_base,0.4086025059223175,0.3901090621948242,0.0005068182945251465,1.289981484413147,,,,,,,,,,,,
23,m1,scannetpp,14+19+25+26+31+82+84+96,probe0,7.354803528869525e-05,0.34717920422554016,1ada7a0617,theta_base,0.8253687620162964,0.7729165554046631,2.8014183044433594e-05,0.30325788259506226,,,,,,,,,,,,
01,m2,scannetpp,14+19+25+26+31+82+84+96,probe0,0.0001024609082378447,0.4111691117286682,1ada7a0617,theta_base,0.14549346268177032,0.15182070434093475,0.0010818243026733398,1.884606122970581,1.0,0.9999999403953552,8.429369557916289e-08,,,,,,,,,
02,m2,scannetpp,14+19+25+26+31+82+84+96,probe0,3.5180481063434854e-05,0.24066275358200073,1ada7a0617,theta_base,0.5575172901153564,0.5285765528678894,7.808208465576172e-06,0.16071255505084991,,,,1.0,0.9999999403953552,1.3567395740210486e-07,,,,,,
03,m2,scannetpp,14+19+25+26+31+82+84+96,probe0,0.00011545728193596005,0.43521255254745483,1ada7a0617,theta_base,0.2736084759235382,0.2554643154144287,0.00015658140182495117,0.7170975208282471,,,,,,,1.0,0.9999998807907104,1.5194518709904514e-07,,,
12,m2,scannetpp,14+19+25+26+31+82+84+96,probe0,4.0630904550198466e-05,0.2594431936740875,1ada7a0617,theta_base,0.4202295243740082,0.3831309676170349,3.439188003540039e-05,0.33571794629096985,,,,,,,,,,1.0,1.000000238418579,1.723231548567128e-07
13,m2,scannetpp,14+19+25+26+31+82+84+96,probe0,3.256747731938958e-05,0.23069991171360016,1ada7a0617,theta_base,0.39952540397644043,0.3901090621948242,7.68899917602539e-06,0.15825878083705902,,,,,,,,,,,,
23,m2,scannetpp,14+19+25+26+31+82+84+96,probe0,2.4984925403259695e-05,0.20174118876457214,1ada7a0617,theta_base,0.8194221258163452,0.7729165554046631,5.781650543212891e-06,0.1370561122894287,,,,,,,,,,,,
01,m3,scannetpp,14+19+25+26+31+82+84+96,probe0,0.00019387496286071837,0.5650989413261414,1ada7a0617,theta_base,0.1549834907054901,0.15182070434093475,0.0001925826072692871,0.7952466607093811,1.0,0.9999999403953552,8.429369557916289e-08,,,,,,,,,
02,m3,scannetpp,14+19+25+26+31+82+84+96,probe0,0.00011332623398629948,0.4316007196903229,1ada7a0617,theta_base,0.5456640720367432,0.5285765528678894,2.6345252990722656e-05,0.29408594965934753,,,,1.0,1.0,6.651006856372987e-08,,,,,,
03,m3,scannetpp,14+19+25+26+31+82+84+96,probe0,0.00019284573500044644,0.5630174875259399,1ada7a0617,theta_base,0.27461209893226624,0.2554643154144287,0.0002384185791015625,0.8847019672393799,,,,,,,1.0,0.9999999403953552,1.408605641017857e-07,,,
12,m3,scannetpp,14+19+25+26+31+82+84+96,probe0,0.00023014482576400042,0.6142119765281677,1ada7a0617,theta_base,0.3981112241744995,0.3831309676170349,4.00543212890625e-05,0.3626169264316559,,,,,,,,,,1.0,1.0000001192092896,1.204155921641359e-07
13,m3,scannetpp,14+19+25+26+31+82+84+96,probe0,7.038807962089777e-05,0.3403487503528595,1ada7a0617,theta_base,0.41109439730644226,0.3901090621948242,8.863210678100586e-05,0.5395923256874084,,,,,,,,,,,,
23,m3,scannetpp,14+19+25+26+31+82+84+96,probe0,8.212510874727741e-05,0.36690840125083923,1ada7a0617,theta_base,0.8087542653083801,0.7729165554046631,1.1086463928222656e-05,0.1907740831375122,,,,,,,,,,,,
01,clean,scannetpp,17+44+49+66+70+87+92+96,probe1,1.5838777471799403e-05,0.16071255505084991,1ada7a0617,theta_base,0.5625180602073669,0.5635585188865662,7.152557373046875e-07,0.04845663905143738,1.0,1.0,1.0304958275586529e-11,,,,,,,,,
02,clean,scannetpp,17+44+49+66+70+87+92+96,probe1,9.543241503706668e-07,0.03956468030810356,1ada7a0617,theta_base,0.1812140792608261,0.180214062333107,2.9802322387695312e-06,0.09891171753406525,,,,1.0,1.0000001192092896,1.4205414800017024e-07,,,,,,
03,clean,scannetpp,17+44+49+66+70+87+92+96,probe1,3.9983628994377796e-06,0.07912936806678772,1ada7a0617,theta_base,0.07286575436592102,0.0724702924489975,0.00011181831359863281,0.605872392654419,,,,,,,1.0,0.9999999403953552,6.999455592904269e-08,,,
12,clean,scannetpp,17+44+49+66+70+87+92+96,probe1,1.8010270650847815e-05,0.17245851457118988,1ada7a0617,theta_base,0.4438760578632355,0.4453349709510803,3.874301910400391e-06,0.11190583556890488,,,,,,,,,,1.0,1.0,8.028199260934343e-08
13,clean,scannetpp,17+44+49+66+70+87+92+96,probe1,2.1522417227970436e-05,0.18767184019088745,1ada7a0617,theta_base,0.5537606477737427,0.5559576153755188,7.152557373046875e-07,0.04845663905143738,,,,,,,,,,,,
23,clean,scannetpp,17+44+49+66+70+87+92+96,probe1,2.5645235837146174e-06,0.06255725771188736,1ada7a0617,theta_base,0.1680394560098648,0.1678781807422638,1.5079975128173828e-05,0.22205635905265808,,,,,,,,,,,,
01,m0,scannetpp,17+44+49+66+70+87+92+96,probe1,0.00023128400789573789,0.616120457649231,1ada7a0617,theta_base,0.5791746973991394,0.5635585188865662,0.00018215179443359375,0.7732905149459839,1.0,1.0,5.397590794459228e-12,,,,,,,,,
02,m0,scannetpp,17+44+49+66+70+87+92+96,probe1,0.00023007209529168904,0.6142119765281677,1ada7a0617,theta_base,0.179275780916214,0.180214062333107,0.003928005695343018,3.591505289077759,,,,1.0,1.0000001192092896,1.7888044112623902e-07,,,,,,
03,m0,scannetpp,17+44+49+66+70+87+92+96,probe1,4.756596536026336e-05,0.2797648310661316,1ada7a0617,theta_base,0.0780775249004364,0.0724702924489975,0.0022475719451904297,2.716564893722534,,,,,,,1.0,1.0,1.8660905709566578e-08,,,
12,m0,scannetpp,17+44+49+66+70+87+92+96,probe1,0.0005751855787821114,0.9715643525123596,1ada7a0617,theta_base,0.45518603920936584,0.4453349709510803,9.03010368347168e-05,0.5446454882621765,,,,,,,,,,1.0,1.0000001192092896,1.0638805036933263e-07
13,m0,scannetpp,17+44+49+66+70+87+92+96,probe1,0.00038390408735722303,0.793275773525238,1ada7a0617,theta_base,0.5676747560501099,0.5559576153755188,0.0002779960632324219,0.9553158283233643,,,,,,,,,,,,
23,m0,scannetpp,17+44+49+66+70+87+92+96,probe1,0.000323049578582868,0.7279305458068848,1ada7a0617,theta_base,0.1710258424282074,0.1678781807422638,0.007290959358215332,4.893808364868164,,,,,,,,,,,,
01,m1,scannetpp,17+44+49+66+70+87+92+96,probe1,0.0006271364400163293,1.0145213603973389,1ada7a0617,theta_base,0.5585523247718811,0.5635585188865662,7.092952728271484e-06,0.1532333940267563,1.0,1.0,5.1671271428244125e-12,,,,,,,,,
02,m1,scannetpp,17+44+49+66+70+87+92+96,probe1,4.6740991820115596e-05,0.2769530415534973,1ada7a0617,theta_base,0.17732761800289154,0.180214062333107,0.0008813142776489258,1.7009987831115723,,,,1.0,1.0,1.2886727063232684e-07,,,,,,
03,m1,scannetpp,17+44+49+66+70+87+92+96,probe1,8.428277942584828e-05,0.37115025520324707,1ada7a0617,theta_base,0.07593026757240295,0.0724702924489975,0.0010911226272583008,1.892688512802124,,,,,,,1.0,0.9999999403953552,1.1395218280085828e-07,,,
12,m1,scannetpp,17+44+49+66+70+87+92+96,probe1,0.0004059933708049357,0.8166127800941467,1ada7a0617,theta_base,0.43674376606941223,0.4453349709510803,3.3736228942871094e-05,0.33279097080230713,,,,,,,,,,1.0,1.0000001192092896,4.2816690637437205e-08
13,m1,scannetpp,17+44+49+66+70+87+92+96,probe1,0.0006542261107824743,1.0362764596939087,1ada7a0617,theta_base,0.5533908009529114,0.5559576153755188,0.00023120641708374023,0.8713301420211792,,,,,,,,,,,,
23,m1,scannetpp,17+44+49+66+70+87+92+96,probe1,0.00018200109479948878,0.5460806488990784,1ada7a0617,theta_base,0.1707974523305893,0.1678781807422638,0.0020301342010498047,2.5817949771881104,,,,,,,,,,,,
01,m2,scannetpp,17+44+49+66+70+87+92+96,probe1,0.00023154843074735254,0.616120457649231,1ada7a0617,theta_base,0.5739554762840271,0.5635585188865662,9.876489639282227e-05,0.5692390203475952,1.0,1.0,1.7007262568743964e-12,,,,,,,,,
02,m2,scannetpp,17+44+49+66+70+87+92+96,probe1,2.393763861618936e-05,0.19782350957393646,1ada7a0617,theta_base,0.17644581198692322,0.180214062333107,2.3245811462402344e-05,0.276245653629303,,,,1.0,1.000000238418579,3.206126564236911e-07,,,,,,
03,m2,scannetpp,17+44+49+66+70+87+92+96,probe1,2.1245959942461923e-05,0.18557488918304443,1ada7a0617,theta_base,0.07577506452798843,0.0724702924489975,0.0007317066192626953,1.5499024391174316,,,,,,,1.0,0.9999998807907104,9.811927981218105e-08,,,
12,m2,scannetpp,17+44+49+66+70+87+92+96,probe1,0.0003467581991571933,0.7543329000473022,1ada7a0617,theta_base,0.4575349986553192,0.4453349709510803,4.738569259643555e-05,0.3946572542190552,,,,,,,,,,1.0,1.0,9.614252149958702e-08
13,m2,scannetpp,17+44+49+66+70+87+92+96,probe1,0.00012826206511817873,0.4579955041408539,1ada7a0617,theta_base,0.5664901733398438,0.5559576153755188,9.202957153320312e-05,0.5496522188186646,,,,,,,,,,,,
23,m2,scannetpp,17+44+49+66+70+87+92+96,probe1,5.996155596221797e-05,0.3140353262424469,1ada7a0617,theta_base,0.16227158904075623,0.1678781807422638,0.0007240772247314453,1.5418004989624023,,,,,,,,,,,,
01,m3,scannetpp,17+44+49+66+70+87+92+96,probe1,0.00031679868698120117,0.7209075689315796,1ada7a0617,theta_base,0.5778566598892212,0.5635585188865662,0.00010627508163452148,0.5908293128013611,1.0,1.0,1.0893287140378849e-11,,,,,,,,,
02,m3,scannetpp,17+44+49+66+70+87+92+96,probe1,2.7782393772213254e-06,0.06852804869413376,1ada7a0617,theta_base,0.18262383341789246,0.180214062333107,0.00010758638381958008,0.5941319465637207,,,,1.0,1.0000001192092896,2.8064667390026443e-07,,,,,,
03,m3,scannetpp,17+44+49+66+70+87+92+96,probe1,4.4019907363690436e-05,0.26979541778564453,1ada7a0617,theta_base,0.07707171887159348,0.0724702924489975,0.00303494930267334,3.1568453311920166,,,,,,,1.0,1.0,1.5719221835297503e-07,,,
12,m3,scannetpp,17+44+49+66+70+87+92+96,probe1,0.00035634959931485355,0.7641265392303467,1ada7a0617,theta_base,0.45757487416267395,0.4453349709510803,0.00012052059173583984,0.6290069818496704,,,,,,,,,,1.0,0.9999998211860657,1.462320113887472e-07
13,m3,scannetpp,17+44+49+66+70+87+92+96,probe1,0.00020748205133713782,0.5828266739845276,1ada7a0617,theta_base,0.5649228692054749,0.5559576153755188,0.00023180246353149414,0.8722279667854309,,,,,,,,,,,,
23,m3,scannetpp,17+44+49+66+70+87+92+96,probe1,4.920116043649614e-05,0.2825486361980438,1ada7a0617,theta_base,0.16648653149604797,0.1678781807422638,0.0005449652671813965,1.3376444578170776,,,,,,,,,,,,
01,clean,scannetpp,14+19+25+26+31+82+84+96,probe0,9.691613377071917e-05,0.3986039161682129,1ada7a0617,theta_rel,0.15727859735488892,0.15182070434093475,0.0006403326988220215,1.4499642848968506,1.0,1.0,5.250619817404045e-12,,,,,,,,,
02,clean,scannetpp,14+19+25+26+31+82+84+96,probe0,1.0639169886417221e-05,0.1312212347984314,1ada7a0617,theta_rel,0.5554580688476562,0.5285765528678894,1.6689300537109375e-06,0.07401874661445618,,,,1.0,1.0000001192092896,1.2341111244040803e-07,,,,,,
03,clean,scannetpp,14+19+25+26+31+82+84+96,probe0,1.2369067007966805e-05,0.14265252649784088,1ada7a0617,theta_rel,0.2679043412208557,0.2554643154144287,1.150369644165039e-05,0.19382666051387787,,,,,,,1.0,1.0,7.051453820849929e-08,,,
12,clean,scannetpp,14+19+25+26+31+82+84+96,probe0,0.00016178726218640804,0.5158621072769165,1ada7a0617,theta_rel,0.4036928415298462,0.3831309676170349,2.8252601623535156e-05,0.3045456111431122,,,,,,,,,,1.0,1.0000001192092896,1.2936560267462482e-07
13,clean,scannetpp,14+19+25+26+31+82+84+96,probe0,9.466835763305426e-05,0.3936643898487091,1ada7a0617,theta_rel,0.4085514545440674,0.3901090621948242,0.0001564621925354004,0.7165516018867493,,,,,,,,,,,,
23,clean,scannetpp,14+19+25+26+31+82+84+96,probe0,2.601248343125917e-05,0.20558422803878784,1ada7a0617,theta_rel,0.8118786215782166,0.7729165554046631,3.159046173095703e-06,0.10087055712938309,,,,,,,,,,,,
01,m0,scannetpp,14+19+25+26+31+82+84+96,probe0,4.958626959705725e-05,0.2853052616119385,1ada7a0617,theta_rel,0.1582394540309906,0.15182070434093475,0.0030994415283203125,3.190218687057495,1.0,1.0,2.0753464918810138e-11,,,,,,,,,
02,m0,scannetpp,14+19+25+26+31+82+84+96,probe0,7.629052561242133e-05,0.35387784242630005,1ada7a0617,theta_rel,0.5557583570480347,0.5285765528678894,6.306171417236328e-05,0.4549950361251831,,,,1.0,0.9999999403953552,1.299004708243956e-07,,,,,,
03,m0,scannetpp,14+19+25+26+31+82+84+96,probe0,6.166913954075426e-05,0.3189810812473297,1ada7a0617,theta_rel,0.26923468708992004,0.2554643154144287,4.1425228118896484e-05,0.36903542280197144,,,,,,,1.0,1.0,8.885898239441303e-08,,,
12,m0,scannetpp,14+19+25+26+31+82+84+96,probe0,3.4739288821583614e-05,0.2373882383108139,1ada7a0617,theta_rel,0.4017423987388611,0.3831309676170349,0.00018227100372314453,0.7735434770584106,,,,,,,,,,1.0,0.9999998807907104,1.436375640651022e-07
13,m0,scannetpp,14+19+25+26+31+82+84+96,probe0,3.562109486665577e-05,0.24228337407112122,1ada7a0617,theta_rel,0.4126613438129425,0.3901090621948242,0.0002987384796142578,0.9903156757354736,,,,,,,,,,,,
23,m0,scannetpp,14+19+25+26+31+82+84+96,probe0,1.1840813385788351e-05,0.13988231122493744,1ada7a0617,theta_rel,0.8138542175292969,0.7729165554046631,3.5762786865234375e-07,0.03426402062177658,,,,,,,,,,,,
01,m1,scannetpp,14+19+25+26+31+82+84+96,probe0,8.389783761231229e-05,0.37115025520324707,1ada7a0617,theta_rel,0.1554633527994156,0.15182070434093475,0.00339353084564209,3.338181495666504,1.0,1.0,2.074002428131827e-11,,,,,,,,,
02,m1,scannetpp,14+19+25+26+31+82+84+96,probe0,1.4882715731801e-05,0.15825878083705902,1ada7a0617,theta_rel,0.5609578490257263,0.5285765528678894,2.4020671844482422e-05,0.2811601758003235,,,,1.0,1.0,1.3810188193019712e-07,,,,,,
03,m1,scannetpp,14+19+25+26+31+82+84+96,probe0,0.00010305190517101437,0.4111691117286682,1ada7a0617,theta_rel,0.27587419748306274,0.2554643154144287,0.0001323223114013672,0.659085214138031,,,,,,,1.0,0.9999998807907104,6.404652452829396e-08,,,
12,m1,scannetpp,14+19+25+26+31+82+84+96,probe0,0.00013393453264143318,0.46897220611572266,1ada7a0617,theta_rel,0.41630446910858154,0.3831309676170349,0.00015854835510253906,0.7214502096176147,,,,,,,,,,1.0,0.9999999403953552,1.1842202241041377e-07
13,m1,scannetpp,14+19+25+26+31+82+84+96,probe0,0.00011253154661972076,0.4297834634780884,1ada7a0617,theta_rel,0.40936478972435,0.3901090621948242,0.0004837512969970703,1.2602086067199707,,,,,,,,,,,,
23,m1,scannetpp,14+19+25+26+31+82+84+96,probe0,7.1643793489784e-05,0.3437809646129608,1ada7a0617,theta_rel,0.8252203464508057,0.7729165554046631,2.6345252990722656e-05,0.29408594965934753,,,,,,,,,,,,
01,m2,scannetpp,14+19+25+26+31+82+84+96,probe0,0.00011288293899269775,0.4297834634780884,1ada7a0617,theta_rel,0.14631451666355133,0.15182070434093475,0.0010027885437011719,1.8144519329071045,1.0,1.0,2.0738594869174065e-11,,,,,,,,,
02,m2,scannetpp,14+19+25+26+31+82+84+96,probe0,3.871286389767192e-05,0.25022920966148376,1ada7a0617,theta_rel,0.5577588677406311,0.5285765528678894,1.1086463928222656e-05,0.1907740831375122,,,,1.0,1.0000001192092896,2.4193832359742373e-07,,,,,,
03,m2,scannetpp,14+19+25+26+31+82+84+96,probe0,9.446510375710204e-05,0.3936643898487091,1ada7a0617,theta_rel,0.2734275758266449,0.2554643154144287,0.0001258254051208496,0.6428533792495728,,,,,,,1.0,1.0000001192092896,9.801445344237436e-08,,,
12,m2,scannetpp,14+19+25+26+31+82+84+96,probe0,0.00010489230044186115,0.41495880484580994,1ada7a0617,theta_rel,0.41977131366729736,0.3831309676170349,8.255243301391602e-05,0.5203939080238342,,,,,,,,,,1.0,1.0,1.0911863057572191e-07
13,m2,scannetpp,14+19+25+26+31+82+84+96,probe0,4.486095713218674e-05,0.27124202251434326,1ada7a0617,theta_rel,0.4001845419406891,0.3901090621948242,1.043081283569336e-05,0.18557488918304443,,,,,,,,,,,,
23,m2,scannetpp,14+19+25+26+31+82+84+96,probe0,3.9821508835302666e-05,0.25487783551216125,1ada7a0617,theta_rel,0.8196410536766052,0.7729165554046631,3.3974647521972656e-06,0.10467831790447235,,,,,,,,,,,,
01,m3,scannetpp,14+19+25+26+31+82+84+96,probe0,0.00011712850391631946,0.4387946128845215,1ada7a0617,theta_rel,0.15528050065040588,0.15182070434093475,0.00014925003051757812,0.6999750733375549,1.0,0.9999999403953552,8.429370268459024e-08,,,,,,,,,
02,m3,scannetpp,14+19+25+26+31+82+84+96,probe0,7.981918315635994e-05,0.3626169264316559,1ada7a0617,theta_rel,0.5466434955596924,0.5285765528678894,2.7239322662353516e-05,0.29870715737342834,,,,1.0,1.0000001192092896,1.43342177238992e-07,,,,,,
03,m3,scannetpp,14+19+25+26+31+82+84+96,probe0,0.00017507403390482068,0.5366833806037903,1ada7a0617,theta_rel,0.27494528889656067,0.2554643154144287,0.0002657771110534668,0.9341893196105957,,,,,,,1.0,1.0,9.01640717643204e-08,,,
12,m3,scannetpp,14+19+25+26+31+82+84+96,probe0,6.0280304751358926e-05,0.3152790367603302,1ada7a0617,theta_rel,0.39882418513298035,0.3831309676170349,5.1856040954589844e-05,0.4125943183898926,,,,,,,,,,1.0,1.0000001192092896,8.48320098612021e-08
13,m3,scannetpp,14+19+25+26+31+82+84+96,probe0,3.7351645005401224e-05,0.24708153307437897,1ada7a0617,theta_rel,0.41197913885116577,0.3901090621948242,7.009506225585938e-05,0.47969770431518555,,,,,,,,,,,,
23,m3,scannetpp,14+19+25+26+31+82+84+96,probe0,3.530963294906542e-05,0.24066275358200073,1ada7a0617,theta_rel,0.8103628754615784,0.7729165554046631,5.245208740234375e-06,0.1312212347984314,,,,,,,,,,,,
01,clean,scannetpp,17+44+49+66+70+87+92+96,probe1,3.794627991737798e-05,0.25022920966148376,1ada7a0617,theta_rel,0.5622183084487915,0.5635585188865662,4.76837158203125e-07,0.03956468030810356,1.0,1.0,1.1793343211718987e-11,,,,,,,,,
02,clean,scannetpp,17+44+49+66+70+87+92+96,probe1,1.4014217413205188e-06,0.03956468030810356,1ada7a0617,theta_rel,0.18115270137786865,0.180214062333107,1.4901161193847656e-06,0.06852804869413376,,,,1.0,1.0000001192092896,6.843176691972985e-08,,,,,,
03,clean,scannetpp,17+44+49+66+70+87+92+96,probe1,5.1963015721412376e-06,0.08846932649612427,1ada7a0617,theta_rel,0.07260839641094208,0.0724702924489975,0.00019317865371704102,0.7962302565574646,,,,,,,1.0,0.9999999403953552,6.292040666266985e-08,,,
12,clean,scannetpp,17+44+49+66+70+87+92+96,probe1,5.382673043641262e-05,0.2960752844810486,1ada7a0617,theta_rel,0.4437088668346405,0.4453349709510803,1.430511474609375e-06,0.06852804869413376,,,,,,,,,,1.0,0.9999999403953552,6.889204229310053e-08
13,clean,scannetpp,17+44+49+66+70+87+92+96,probe1,4.3587446270976216e-05,0.26834094524383545,1ada7a0617,theta_rel,0.5531519055366516,0.5559576153755188,3.2186508178710938e-06,0.10279207676649094,,,,,,,,,,,,
23,clean,scannetpp,17+44+49+66+70+87+92+96,probe1,5.864978902536677e-06,0.09691329300403595,1ada7a0617,theta_rel,0.1678471565246582,0.1678781807422638,2.1755695343017578e-05,0.2668786346912384,,,,,,,,,,,,
01,m0,scannetpp,17+44+49+66+70+87+92+96,probe1,0.0002272885903948918,0.6103770732879639,1ada7a0617,theta_rel,0.5773451924324036,0.5635585188865662,0.00019025802612304688,0.7903101444244385,1.0,1.0,5.787721864269901e-12,,,,,,,,,
02,m0,scannetpp,17+44+49+66+70+87+92+96,probe1,0.00020686459902208298,0.5828266739845276,1ada7a0617,theta_rel,0.1799560934305191,0.180214062333107,0.003735184669494629,3.5022430419921875,,,,1.0,1.000000238418579,3.5959311617261847e-07,,,,,,
03,m0,scannetpp,17+44+49+66+70+87+92+96,probe1,4.159275704296306e-05,0.26094722747802734,1ada7a0617,theta_rel,0.07816045731306076,0.0724702924489975,0.0028191804885864258,3.042531728744507,,,,,,,1.0,1.0,1.0121154048192693e-07,,,
12,m0,scannetpp,17+44+49+66+70+87+92+96,probe1,0.0005328046390786767,0.9350268840789795,1ada7a0617,theta_rel,0.45297864079475403,0.4453349709510803,7.510185241699219e-05,0.4965343773365021,,,,,,,,,,1.0,1.0,1.388234238675068e-07
13,m0,scannetpp,17+44+49+66+70+87+92+96,probe1,0.00040338217513635755,0.8127697706222534,1ada7a0617,theta_rel,0.5653757452964783,0.5559576153755188,0.00025957822799682617,0.9232330322265625,,,,,,,,,,,,
23,m0,scannetpp,17+44+49+66+70+87+92+96,probe1,0.00026798463659361005,0.6632286310195923,1ada7a0617,theta_rel,0.1712498962879181,0.1678781807422638,0.006653130054473877,4.674704551696777,,,,,,,,,,,,
01,m1,scannetpp,17+44+49+66+70+87+92+96,probe1,0.0005783616215921938,0.97437983751297,1ada7a0617,theta_rel,0.5577579140663147,0.5635585188865662,5.602836608886719e-06,0.13562092185020447,1.0,1.0,1.0339509630419297e-11,,,,,,,,,
02,m1,scannetpp,17+44+49+66+70+87+92+96,probe1,6.300855602603406e-05,0.32020559906959534,1ada7a0617,theta_rel,0.17751950025558472,0.180214062333107,0.0009048581123352051,1.723514437675476,,,,1.0,0.9999998211860657,1.615943432398126e-07,,,,,,
03,m1,scannetpp,17+44+49+66+70+87+92+96,probe1,5.7810502767097205e-05,0.30646705627441406,1ada7a0617,theta_rel,0.07549340277910233,0.0724702924489975,0.0011189579963684082,1.9166299104690552,,,,,,,1.0,1.0000001192092896,1.0705903008556561e-07,,,
12,m1,scannetpp,17+44+49+66+70+87+92+96,probe1,0.00028471043333411217,0.6835691332817078,1ada7a0617,theta_rel,0.43575426936149597,0.4453349709510803,3.1948089599609375e-05,0.3238513171672821,,,,,,,,,,1.0,1.0000001192092896,1.5400057407077838e-07
13,m1,scannetpp,17+44+49+66+70+87+92+96,probe1,0.0005961887072771788,0.9891293048858643,1ada7a0617,theta_rel,0.5518274307250977,0.5559576153755188,0.0001990199089050293,0.8084245920181274,,,,,,,,,,,,
23,m1,scannetpp,17+44+49+66+70+87+92+96,probe1,0.0001411812409060076,0.4813265800476074,1ada7a0617,theta_rel,0.17067262530326843,0.1678781807422638,0.0017628073692321777,2.4058265686035156,,,,,,,,,,,,
01,m2,scannetpp,17+44+49+66+70+87+92+96,probe1,0.00025205995189026,0.6434618234634399,1ada7a0617,theta_rel,0.5739176869392395,0.5635585188865662,0.00010275840759277344,0.5808088183403015,1.0,1.0,1.7920333186122184e-12,,,,,,,,,
02,m2,scannetpp,17+44+49+66+70+87+92+96,probe1,2.5987083063228056e-05,0.20558422803878784,1ada7a0617,theta_rel,0.17695532739162445,0.180214062333107,1.806020736694336e-05,0.24389328062534332,,,,1.0,1.0,1.968125218354544e-07,,,,,,
03,m2,scannetpp,17+44+49+66+70+87+92+96,probe1,1.3783643225906417e-05,0.14803752303123474,1ada7a0617,theta_rel,0.07594749331474304,0.0724702924489975,0.0007780790328979492,1.5982643365859985,,,,,,,1.0,1.0000001192092896,1.25524394434251e-07,,,
12,m2,scannetpp,17+44+49+66+70+87+92+96,probe1,0.00031404633773490787,0.7176430225372314,1ada7a0617,theta_rel,0.4573475420475006,0.4453349709510803,4.875659942626953e-05,0.4000738859176636,,,,,,,,,,1.0,1.0000001192092896,9.194901906539599e-08
13,m2,scannetpp,17+44+49+66+70+87+92+96,probe1,0.00015745978453196585,0.5082191824913025,1ada7a0617,theta_rel,0.5665829181671143,0.5559576153755188,0.00010579824447631836,0.5895031094551086,,,,,,,,,,,,
23,m2,scannetpp,17+44+49+66+70+87+92+96,probe1,4.962372622685507e-05,0.2853052616119385,1ada7a0617,theta_rel,0.16265283524990082,0.1678781807422638,0.000657200813293457,1.468870759010315,,,,,,,,,,,,
01,m3,scannetpp,17+44+49+66+70+87+92+96,probe1,0.00027238685288466513,0.6685181260108948,1ada7a0617,theta_rel,0.5770609974861145,0.5635585188865662,8.219480514526367e-05,0.5196413397789001,1.0,1.0,1.1588982377908064e-11,,,,,,,,,
02,m3,scannetpp,17+44+49+66+70+87+92+96,probe1,5.779098160019203e-07,0.0,1ada7a0617,theta_rel,0.18361732363700867,0.180214062333107,7.027387619018555e-05,0.4805127680301666,,,,1.0,1.0000001192092896,2.2790996467847435e-07,,,,,,
03,m3,scannetpp,17+44+49+66+70+87+92+96,probe1,4.158751107752323e-05,0.26094722747802734,1ada7a0617,theta_rel,0.07682381570339203,0.0724702924489975,0.0026286840438842773,2.9379162788391113,,,,,,,1.0,1.0000001192092896,1.8865539175294543e-07,,,
12,m3,scannetpp,17+44+49+66+70+87+92+96,probe1,0.0002576579572632909,0.6501175165176392,1ada7a0617,theta_rel,0.4564719796180725,0.4453349709510803,0.00014257431030273438,0.6841413974761963,,,,,,,,,,1.0,1.0,7.468074159078242e-08
13,m3,scannetpp,17+44+49+66+70+87+92+96,probe1,0.0001946883276104927,0.5650989413261414,1ada7a0617,theta_rel,0.5645215511322021,0.5559576153755188,0.00018739700317382812,0.7843454480171204,,,,,,,,,,,,
23,m3,scannetpp,17+44+49+66+70+87+92+96,probe1,3.2669595384504646e-05,0.23069991171360016,1ada7a0617,theta_rel,0.1681564748287201,0.1678781807422638,0.0004245638847351074,1.1806803941726685,,,,,,,,,,,,
01,clean,scannetpp,56+85+100+167+195+218+258+302,probe0,1.7683629266684875e-05,0.17245851457118988,21d970d8de,theta0,1.2666095495224,1.1711806058883667,4.76837158203125e-07,0.03956468030810356,1.0,1.0,2.1700855359647192e-14,,,,,,,,,
02,clean,scannetpp,56+85+100+167+195+218+258+302,probe0,8.998155681183562e-05,0.3835945427417755,21d970d8de,theta0,1.3454480171203613,1.21013343334198,0.0009856224060058594,1.7988532781600952,,,,1.0,1.0000001192092896,1.2542088256850548e-07,,,,,,
03,clean,scannetpp,56+85+100+167+195+218+258+302,probe0,2.107808177242987e-05,0.18557488918304443,21d970d8de,theta0,0.7667421102523804,0.705170214176178,3.814697265625e-06,0.11190583556890488,,,,,,,1.0,1.000000238418579,1.8374844046320504e-07,,,
12,clean,scannetpp,56+85+100+167+195+218+258+302,probe0,0.0001755368139129132,0.5359537601470947,21d970d8de,theta0,1.8862791061401367,1.6815681457519531,2.0742416381835938e-05,0.26094722747802734,,,,,,,,,,1.0,1.0,8.911503357467154e-08
13,clean,scannetpp,56+85+100+167+195+218+258+302,probe0,7.630394247826189e-05,0.35387784242630005,21d970d8de,theta0,1.5952589511871338,1.4719799757003784,1.4483928680419922e-05,0.21850323677062988,,,,,,,,,,,,
23,clean,scannetpp,56+85+100+167+195+218+258+302,probe0,3.8104786654002964e-05,0.2486603558063507,21d970d8de,theta0,0.597835898399353,0.5347486734390259,0.006401956081390381,4.585608005523682,,,,,,,,,,,,
01,m0,scannetpp,56+85+100+167+195+218+258+302,probe0,0.0005002717953175306,0.9065502285957336,21d970d8de,theta0,1.2638646364212036,1.1711806058883667,0.00036704540252685547,1.097713828086853,1.0,1.0,1.214268052426859e-12,,,,,,,,,
02,m0,scannetpp,56+85+100+167+195+218+258+302,probe0,0.0013526033144444227,1.4904284477233887,21d970d8de,theta0,1.3209306001663208,1.21013343334198,0.0019472241401672363,2.5284781455993652,,,,1.0,1.0,9.805078349245377e-08,,,,,,
03,m0,scannetpp,56+85+100+167+195+218+258+302,probe0,0.0013318494893610477,1.4782994985580444,21d970d8de,theta0,0.7465490102767944,0.705170214176178,0.00047534704208374023,1.2492917776107788,,,,,,,1.0,0.9999997615814209,3.698154671383236e-07,,,
12,m0,scannetpp,56+85+100+167+195+218+258+302,probe0,0.00044429220724850893,0.854092001914978,21d970d8de,theta0,1.8595620393753052,1.6815681457519531,0.0002842545509338379,0.965908408164978,,,,,,,,,,1.0,0.9999999403953552,1.404602727461679e-07
13,m0,scannetpp,56+85+100+167+195+218+258+302,probe0,0.0002434705529594794,0.6318005323410034,21d970d8de,theta0,1.546884536743164,1.4719799757003784,1.1324882507324219e-06,0.06255725771188736,,,,,,,,,,,,
23,m0,scannetpp,56+85+100+167+195+218+258+302,probe0,0.00019627939036581665,0.567862331867218,21d970d8de,theta0,0.5836769342422485,0.5347486734390259,0.013063549995422363,6.552241802215576,,,,,,,,,,,,
01,m1,scannetpp,56+85+100+167+195+218+258+302,probe0,0.00040209380676969886,0.8127697706222534,21d970d8de,theta0,1.244024395942688,1.1711806058883667,2.682209014892578e-06,0.09278742223978043,1.0,1.0,2.103289938049091e-11,,,,,,,,,
02,m1,scannetpp,56+85+100+167+195+218+258+302,probe0,4.8117963160621e-05,0.2811601758003235,21d970d8de,theta0,1.35248601436615,1.21013343334198,0.00031071901321411133,1.0098817348480225,,,,1.0,1.0,1.3261161058153448e-08,,,,,,
03,m1,scannetpp,56+85+100+167+195+218+258+302,probe0,0.0003980069886893034,0.8079403638839722,21d970d8de,theta0,0.7831438183784485,0.705170214176178,7.265806198120117e-05,0.48858925700187683,,,,,,,1.0,0.9999998211860657,2.2152198653202504e-07,,,
12,m1,scannetpp,56+85+100+167+195+218+258+302,probe0,0.0005378852365538478,0.9396197199821472,21d970d8de,theta0,1.8575509786605835,1.6815681457519531,2.7418136596679688e-06,0.09487278759479523,,,,,,,,,,1.0,1.0,1.3210845395406068e-07
13,m1,scannetpp,56+85+100+167+195+218+258+302,probe0,0.00015728699509054422,0.5082191824913025,21d970d8de,theta0,1.5885213613510132,1.4719799757003784,3.5643577575683594e-05,0.34206917881965637,,,,,,,,,,,,
23,m1,scannetpp,56+85+100+167+195+218+258+302,probe0,0.0006434718379750848,1.027553677558899,21d970d8de,theta0,0.5953301191329956,0.5347486734390259,0.0013281702995300293,2.088253974914551,,,,,,,,,,,,
01,m2,scannetpp,56+85+100+167+195+218+258+302,probe0,0.0001834952417993918,0.5496522188186646,21d970d8de,theta0,1.2506405115127563,1.1711806058883667,9.042024612426758e-05,0.5446454882621765,1.0,1.0,8.42937097900176e-08,,,,,,,,,
02,m2,scannetpp,56+85+100+167+195+218+258+302,probe0,0.0003631761355791241,0.7722776532173157,21d970d8de,theta0,1.3616466522216797,1.21013343334198,0.001219332218170166,2.000760555267334,,,,1.0,0.9999998211860657,9.732008265928016e-08,,,,,,
03,m2,scannetpp,56+85+100+167+195+218+258+302,probe0,3.608406041166745e-05,0.24228337407112122,21d970d8de,theta0,0.7671493291854858,0.705170214176178,0.0001551508903503418,0.7138155698776245,,,,,,,1.0,1.0000001192092896,1.5675267661663383e-07,,,
12,m2,scannetpp,56+85+100+167+195+218+258+302,probe0,0.00021486281184479594,0.5941319465637207,21d970d8de,theta0,1.9029719829559326,1.6815681457519531,1.5497207641601562e-05,0.22555352747440338,,,,,,,,,,1.0,0.9999999403953552,1.3767392204044882e-07
13,m2,scannetpp,56+85+100+167+195+218+258+302,probe0,0.00036873319186270237,0.7778319120407104,21d970d8de,theta0,1.5987454652786255,1.4719799757003784,3.5822391510009766e-05,0.3426406979560852,,,,,,,,,,,,
23,m2,scannetpp,56+85+100+167+195+218+258+302,probe0,0.0005307304672896862,0.9329318404197693,21d970d8de,theta0,0.6163603067398071,0.5347486734390259,0.006841003894805908,4.740285873413086,,,,,,,,,,,,
01,m3,scannetpp,56+85+100+167+195+218+258+302,probe0,2.0880459487671033e-05,0.18557488918304443,21d970d8de,theta0,1.2738921642303467,1.1711806058883667,9.119510650634766e-06,0.17245851457118988,1.0,1.0,3.3060904274656577e-12,,,,,,,,,
02,m3,scannetpp,56+85+100+167+195+218+258+302,probe0,0.00010539679351495579,0.41684067249298096,21d970d8de,theta0,1.3337751626968384,1.21013343334198,0.00026929378509521484,0.9402442574501038,,,,1.0,1.0000001192092896,1.4470653297848912e-07,,,,,,
03,m3,scannetpp,56+85+100+167+195+218+258+302,probe0,1.1802770814028918e-06,0.03956468030810356,21d970d8de,theta0,0.7697470784187317,0.705170214176178,1.519918441772461e-05,0.2238117754459381,,,,,,,1.0,0.9999998807907104,2.0732477423734963e-07,,,
12,m3,scannetpp,56+85+100+167+195+218+258+302,probe0,0.00016755814431235194,0.5233933329582214,21d970d8de,theta0,1.8664661645889282,1.6815681457519531,1.6689300537109375e-06,0.07401874661445618,,,,,,,,,,1.0,0.9999998807907104,1.4285484439824359e-07
13,m3,scannetpp,56+85+100+167+195+218+258+302,probe0,2.0436440536286682e-05,0.18130823969841003,21d970d8de,theta0,1.6027324199676514,1.4719799757003784,2.8431415557861328e-05,0.305187463760376,,,,,,,,,,,,
23,m3,scannetpp,56+85+100+167+195+218+258+302,probe0,0.00012743609840981662,0.4571402966976166,21d970d8de,theta0,0.5877752900123596,0.5347486734390259,0.0018060803413391113,2.4350996017456055,,,,,,,,,,,,
01,clean,scannetpp,109+114+132+155+157+163+276+306,probe1,0.000275854195933789,0.6720213890075684,21d970d8de,theta0,0.7353796362876892,0.6525529623031616,8.58306884765625e-06,0.1678587943315506,1.0,1.0,2.9486645330284444e-12,,,,,,,,,
02,clean,scannetpp,109+114+132+155+157+163+276+306,probe1,9.992061677621678e-06,0.12820425629615784,21d970d8de,theta0,0.7784367203712463,0.6990934014320374,1.7881393432617188e-07,0.02797645516693592,,,,1.0,1.0000001192092896,2.355902495310147e-07,,,,,,
03,clean,scannetpp,109+114+132+155+157+163+276+306,probe1,0.00018123190966434777,0.5453635454177856,21d970d8de,theta0,0.8491261601448059,0.7498347163200378,7.033348083496094e-06,0.15195108950138092,,,,,,,1.0,1.0,1.255566388635998e-07,,,
12,clean,scannetpp,109+114+132+155+157+163+276+306,probe1,0.00039076837128959596,0.8006415963172913,21d970d8de,theta0,0.168614000082016,0.15513736009597778,0.0018428564071655273,2.459810972213745,,,,,,,,,,1.0,1.000000238418579,2.754189551978925e-07
13,clean,scannetpp,109+114+132+155+157+163+276+306,probe1,0.00011356812319718301,0.4306930601596832,21d970d8de,theta0,1.0587581396102905,0.938795804977417,6.306171417236328e-05,0.4549950361251831,,,,,,,,,,,,
23,clean,scannetpp,109+114+132+155+157+163+276+306,probe1,0.00025820144219323993,0.6513203978538513,21d970d8de,theta0,0.9494882225990295,0.8449236154556274,0.00011163949966430664,0.6052260398864746,,,,,,,,,,,,
01,m0,scannetpp,109+114+132+155+157+163+276+306,probe1,0.0010803918121382594,1.3317797183990479,21d970d8de,theta0,0.7349001169204712,0.6525529623031616,0.0001888871192932129,0.7873334288597107,1.0,1.0,2.5741214715324645e-12,,,,,,,,,
02,m0,scannetpp,109+114+132+155+157+163+276+306,probe1,0.0001228409819304943,0.4493695795536041,21d970d8de,theta0,0.7919338345527649,0.6990934014320374,3.063678741455078e-05,0.31713545322418213,,,,1.0,0.9999999403953552,1.00954487436411e-07,,,,,,
03,m0,scannetpp,109+114+132+155+157+163+276+306,probe1,0.00011473482300061733,0.4343124032020569,21d970d8de,theta0,0.8295043110847473,0.7498347163200378,2.586841583251953e-05,0.2914124131202698,,,,,,,1.0,1.0,1.5422369870066177e-07,,,
12,m0,scannetpp,109+114+132+155+157+163+276+306,probe1,0.0010418479796499014,1.307759404182434,21d970d8de,theta0,0.18730555474758148,0.15513736009597778,0.003836214542388916,3.54927921295166,,,,,,,,,,1.0,1.0000001192092896,1.3756573480350198e-07
13,m0,scannetpp,109+114+132+155+157+163+276+306,probe1,0.0008646308560855687,1.1915688514709473,21d970d8de,theta0,1.0515772104263306,0.938795804977417,0.00037401914596557617,1.1081815958023071,,,,,,,,,,,,
23,m0,scannetpp,109+114+132+155+157+163+276+306,probe1,0.00036741295480169356,0.7763210535049438,21d970d8de,theta0,0.943481981754303,0.8449236154556274,0.0001995563507080078,0.8093922138214111,,,,,,,,,,,,
01,m1,scannetpp,109+114+132+155+157+163+276+306,probe1,0.00025720419944263995,0.6495152711868286,21d970d8de,theta0,0.7394323348999023,0.6525529623031616,2.09808349609375e-05,0.2624426484107971,1.0,1.0,5.307260273618164e-12,,,,,,,,,
02,m1,scannetpp,109+114+132+155+157+163+276+306,probe1,0.00010793887486215681,0.42057928442955017,21d970d8de,theta0,0.7945538759231567,0.6990934014320374,1.6629695892333984e-05,0.23406797647476196,,,,1.0,1.0,1.5377057138721284e-07,,,,,,
03,m1,scannetpp,109+114+132+155+157+163+276+306,probe1,0.000318877340760082,0.7241573929786682,21d970d8de,theta0,0.8415313959121704,0.7498347163200378,3.403425216674805e-05,0.33455023169517517,,,,,,,1.0,1.0000001192092896,6.635343652305892e-08,,,
12,m1,scannetpp,109+114+132+155+157+163+276+306,probe1,0.0004088358546141535,0.8185274004936218,21d970d8de,theta0,0.173468217253685,0.15513736009597778,0.000807642936706543,1.6283469200134277,,,,,,,,,,1.0,1.0000001192092896,1.855166829045629e-07
13,m1,scannetpp,109+114+132+155+157+163+276+306,probe1,8.642261673230678e-05,0.376385360956192,21d970d8de,theta0,1.060427188873291,0.938795804977417,3.6835670471191406e-05,0.34774234890937805,,,,,,,,,,,,
23,m1,scannetpp,109+114+132+155+157+163+276+306,probe1,0.00031545577803626657,0.719821035861969,21d970d8de,theta0,0.9601151347160339,0.8449236154556274,4.9173831939697266e-05,0.4015384912490845,,,,,,,,,,,,
01,m2,scannetpp,109+114+132+155+157+163+276+306,probe1,0.0008278159657493234,1.1653326749801636,21d970d8de,theta0,0.7219278216362,0.6525529623031616,0.00012767314910888672,0.6474030613899231,1.0,1.0,2.6116738979786724e-12,,,,,,,,,
02,m2,scannetpp,109+114+132+155+157+163+276+306,probe1,0.00013524388486985117,0.47063812613487244,21d970d8de,theta0,0.7898628115653992,0.6990934014320374,3.8743019104003906e-05,0.3566318154335022,,,,1.0,1.000000238418579,3.544889466411405e-07,,,,,,
03,m2,scannetpp,109+114+132+155+157+163+276+306,probe1,0.0005795495235361159,0.975584089756012,21d970d8de,theta0,0.8264925479888916,0.7498347163200378,7.319450378417969e-05,0.4901885986328125,,,,,,,1.0,1.0000001192092896,1.875778252724558e-07,,,
12,m2,scannetpp,109+114+132+155+157+163+276+306,probe1,0.0014592689694836736,1.547375202178955,21d970d8de,theta0,0.17013323307037354,0.15513736009597778,0.008561253547668457,5.30330228805542,,,,,,,,,,1.0,1.000000238418579,2.2354974760219193e-07
13,m2,scannetpp,109+114+132+155+157+163+276+306,probe1,7.652078056707978e-05,0.35387784242630005,21d970d8de,theta0,1.0341190099716187,0.938795804977417,1.055002212524414e-05,0.18557488918304443,,,,,,,,,,,,
23,m2,scannetpp,109+114+132+155+157+163+276+306,probe1,0.0010533933527767658,1.314624547958374,21d970d8de,theta0,0.9489690065383911,0.8449236154556274,0.0004280209541320801,1.185312032699585,,,,,,,,,,,,
01,m3,scannetpp,109+114+132+155+157+163+276+306,probe1,0.00020702106121461838,0.5828266739845276,21d970d8de,theta0,0.7490414381027222,0.6525529623031616,0.00017082691192626953,0.7488656044006348,1.0,1.0,2.5825552633917948e-12,,,,,,,,,
02,m3,scannetpp,109+114+132+155+157+163+276+306,probe1,0.0001253184163942933,0.4528396725654602,21d970d8de,theta0,0.7930046916007996,0.6990934014320374,3.123283386230469e-05,0.32020559906959534,,,,1.0,1.0,1.5865261104863748e-07,,,,,,
03,m3,scannetpp,109+114+132+155+157+163+276+306,probe1,0.0007792522665113211,1.1309040784835815,21d970d8de,theta0,0.7943176031112671,0.7498347163200378,0.00017398595809936523,0.7558876872062683,,,,,,,1.0,1.0,1.7331052504232503e-07,,,
12,m3,scannetpp,109+114+132+155+157+163+276+306,probe1,0.00048130922368727624,0.8882338404655457,21d970d8de,theta0,0.18232102692127228,0.15513736009597778,0.003634810447692871,3.454850912094116,,,,,,,,,,1.0,1.0000003576278687,4.049454105370387e-07
13,m3,scannetpp,109+114+132+155+157+163+276+306,probe1,0.0015480247093364596,1.5939730405807495,21d970d8de,theta0,1.0340522527694702,0.938795804977417,0.0008475780487060547,1.6681220531463623,,,,,,,,,,,,
23,m3,scannetpp,109+114+132+155+157+163+276+306,probe1,0.0005324215744622052,0.9341893196105957,21d970d8de,theta0,0.9238786697387695,0.8449236154556274,0.0009192228317260742,1.7371994256973267,,,,,,,,,,,,
01,clean,scannetpp,56+85+100+167+195+218+258+302,probe0,2.1089103029225953e-05,0.18557488918304443,21d970d8de,theta_base,1.2677828073501587,1.1711806058883667,4.172325134277344e-07,0.03956468030810356,1.0,1.0,4.77783773916024e-13,,,,,,,,,
02,clean,scannetpp,56+85+100+167+195+218+258+302,probe0,6.442102312576026e-05,0.3250574469566345,21d970d8de,theta_base,1.342529535293579,1.21013343334198,0.0010830163955688477,1.8856443166732788,,,,1.0,1.0,7.558050896250279e-08,,,,,,
03,clean,scannetpp,56+85+100+167+195+218+258+302,probe0,2.5508117687422782e-05,0.20558422803878784,21d970d8de,theta_base,0.7679382562637329,0.705170214176178,5.543231964111328e-06,0.13417038321495056,,,,,,,1.0,1.0000001192092896,2.435607484585489e-07,,,
12,clean,scannetpp,56+85+100+167+195+218+258+302,probe0,0.00012609257828444242,0.45370301604270935,21d970d8de,theta_base,1.886468768119812,1.6815681457519531,4.029273986816406e-05,0.36369451880455017,,,,,,,,,,1.0,0.9999999403953552,1.8113462374458322e-07
13,clean,scannetpp,56+85+100+167+195+218+258+302,probe0,9.281610255129635e-05,0.39067068696022034,21d970d8de,theta_base,1.5973827838897705,1.4719799757003784,1.4483928680419922e-05,0.21850323677062988,,,,,,,,,,,,
23,clean,scannetpp,56+85+100+167+195+218+258+302,probe0,4.1488096030661836e-05,0.2594431936740875,21d970d8de,theta_base,0.5934906601905823,0.5347486734390259,0.006382465362548828,4.578597068786621,,,,,,,,,,,,
01,m0,scannetpp,56+85+100+167+195+218+258+302,probe0,0.0003720950917340815,0.7818466424942017,21d970d8de,theta_base,1.2652136087417603,1.1711806058883667,0.0003345608711242676,1.047918677330017,1.0,1.0,1.1749403533434233e-11,,,,,,,,,
02,m0,scannetpp,56+85+100+167+195+218+258+302,probe0,0.0009743153350427747,1.2645490169525146,21d970d8de,theta_base,1.3248798847198486,1.21013343334198,0.0016668438911437988,2.3393354415893555,,,,1.0,1.0,1.0568831498858344e-07,,,,,,
03,m0,scannetpp,56+85+100+167+195+218+258+302,probe0,0.0008562395814806223,1.185312032699585,21d970d8de,theta_base,0.753228485584259,0.705170214176178,0.00042563676834106445,1.1820054054260254,,,,,,,1.0,1.0000001192092896,2.4489074235134467e-07,,,
12,m0,scannetpp,56+85+100+167+195+218+258+302,probe0,0.00034735514782369137,0.7548515200614929,21d970d8de,theta_base,1.8601312637329102,1.6815681457519531,0.0002422332763671875,0.8917517066001892,,,,,,,,,,1.0,1.0000001192092896,1.7337349333956809e-07
13,m0,scannetpp,56+85+100+167+195+218+258+302,probe0,0.00012955562851857394,0.46055182814598083,21d970d8de,theta_base,1.5539000034332275,1.4719799757003784,0.0,0.0,,,,,,,,,,,,
23,m0,scannetpp,56+85+100+167+195+218+258+302,probe0,0.0002408041327726096,0.627449631690979,21d970d8de,theta_base,0.5822775363922119,0.5347486734390259,0.011370956897735596,6.112600326538086,,,,,,,,,,,,
01,m1,scannetpp,56+85+100+167+195+218+258+302,probe0,0.0003602580400183797,0.7692310810089111,21d970d8de,theta_base,1.2469546794891357,1.1711806058883667,2.682209014892578e-06,0.09278742223978043,1.0,1.0,2.6000965703404377e-12,,,,,,,,,
02,m1,scannetpp,56+85+100+167+195+218+258+302,probe0,4.6128076064633206e-05,0.27411243319511414,21d970d8de,theta_base,1.3565768003463745,1.21013343334198,0.00022125244140625,0.8522571921348572,,,,1.0,0.9999998807907104,1.4855120866741345e-07,,,,,,
03,m1,scannetpp,56+85+100+167+195+218+258+302,probe0,0.00024669154663570225,0.6367365717887878,21d970d8de,theta_base,0.7762936353683472,0.705170214176178,4.8160552978515625e-05,0.39762094616889954,,,,,,,1.0,1.0000001192092896,1.2043686581364454e-07,,,
12,m1,scannetpp,56+85+100+167+195+218+258+302,probe0,0.0004387459484860301,0.8485756516456604,21d970d8de,theta_base,1.858923077583313,1.6815681457519531,3.814697265625e-06,0.11190583556890488,,,,,,,,,,1.0,0.9999997615814209,2.3835477236389124e-07
13,m1,scannetpp,56+85+100+167+195+218+258+302,probe0,0.00018832377099897712,0.5567265748977661,21d970d8de,theta_base,1.5842444896697998,1.4719799757003784,3.528594970703125e-05,0.3403487503528595,,,,,,,,,,,,
23,m1,scannetpp,56+85+100+167+195+218+258+302,probe0,0.0004422235651873052,0.851797878742218,21d970d8de,theta_base,0.6057571768760681,0.5347486734390259,0.0014374256134033203,2.172407865524292,,,,,,,,,,,,
01,m2,scannetpp,56+85+100+167+195+218+258+302,probe0,0.00022965237440075725,0.6142119765281677,21d970d8de,theta_base,1.256414532661438,1.1711806058883667,6.687641143798828e-05,0.46855470538139343,1.0,1.0,1.0387369783759759e-11,,,,,,,,,
02,m2,scannetpp,56+85+100+167+195+218+258+302,probe0,0.0002352273731958121,0.6218108534812927,21d970d8de,theta_base,1.3525993824005127,1.21013343334198,0.0009507536888122559,1.7668002843856812,,,,1.0,0.9999999403953552,1.3392860864769318e-07,,,,,,
03,m2,scannetpp,56+85+100+167+195+218+258+302,probe0,4.222129791742191e-05,0.2624426484107971,21d970d8de,theta_base,0.7645502686500549,0.705170214176178,0.00010603666305541992,0.5901665687561035,,,,,,,1.0,1.0,1.196586083551665e-07,,,
12,m2,scannetpp,56+85+100+167+195+218+258+302,probe0,0.00013300527643878013,0.4673002064228058,21d970d8de,theta_base,1.8933509588241577,1.6815681457519531,3.314018249511719e-05,0.32983800768852234,,,,,,,,,,1.0,1.0000001192092896,1.2861544007591874e-07
13,m2,scannetpp,56+85+100+167+195+218+258+302,probe0,0.0004607834853231907,0.8695316314697266,21d970d8de,theta_base,1.5995690822601318,1.4719799757003784,1.901388168334961e-05,0.25022920966148376,,,,,,,,,,,,
23,m2,scannetpp,56+85+100+167+195+218+258+302,probe0,0.0004458677431102842,0.8550080060958862,21d970d8de,theta_base,0.6111172437667847,0.5347486734390259,0.005334317684173584,4.185632228851318,,,,,,,,,,,,
01,m3,scannetpp,56+85+100+167+195+218+258+302,probe0,3.712096804520115e-05,0.24708153307437897,21d970d8de,theta_base,1.2764594554901123,1.1711806058883667,6.9141387939453125e-06,0.15065786242485046,1.0,1.0,1.0759390774162103e-11,,,,,,,,,
02,m3,scannetpp,56+85+100+167+195+218+258+302,probe0,0.00011826299305539578,0.4423476755619049,21d970d8de,theta_base,1.334430456161499,1.21013343334198,0.0003349184989929199,1.0486652851104736,,,,1.0,1.0000001192092896,1.9655622907066572e-07,,,,,,
03,m3,scannetpp,56+85+100+167+195+218+258+302,probe0,1.4689608178741764e-06,0.04845663905143738,21d970d8de,theta_base,0.7694737315177917,0.705170214176178,1.436471939086914e-05,0.2167048156261444,,,,,,,1.0,0.9999997615814209,3.89490082852717e-07,,,
12,m3,scannetpp,56+85+100+167+195+218+258+302,probe0,0.0001372947881463915,0.4756011366844177,21d970d8de,theta_base,1.8706111907958984,1.6815681457519531,2.384185791015625e-06,0.08846932649612427,,,,,,,,,,1.0,1.0,1.0337745237620766e-07
13,m3,scannetpp,56+85+100+167+195+218+258+302,probe0,2.9398313927231357e-05,0.22028695046901703,21d970d8de,theta_base,1.6042091846466064,1.4719799757003784,3.3855438232421875e-05,0.333378404378891,,,,,,,,,,,,
23,m3,scannetpp,56+85+100+167+195+218+258+302,probe0,0.00013663324352819473,0.474777489900589,21d970d8de,theta_base,0.5879133343696594,0.5347486734390259,0.0021314024925231934,2.6454529762268066,,,,,,,,,,,,
01,clean,scannetpp,109+114+132+155+157+163+276+306,probe1,0.0003250773879699409,0.730077862739563,21d970d8de,theta_base,0.7370637655258179,0.6525529623031616,1.1324882507324219e-05,0.19281451404094696,1.0,1.0,3.1660969419117224e-12,,,,,,,,,
02,clean,scannetpp,109+114+132+155+157+163+276+306,probe1,1.61525204021018e-05,0.16071255505084991,21d970d8de,theta_base,0.778872013092041,0.6990934014320374,3.5762786865234375e-07,0.03426402062177658,,,,1.0,1.0,6.564158638866502e-08,,,,,,
03,clean,scannetpp,109+114+132+155+157+163+276+306,probe1,0.00020454231707844883,0.5801345705986023,21d970d8de,theta_base,0.8508334159851074,0.7498347163200378,5.4836273193359375e-06,0.13417038321495056,,,,,,,1.0,1.0,2.7718318307279333e-08,,,
12,clean,scannetpp,109+114+132+155+157+163+276+306,probe1,0.0004831581609323621,0.8899944424629211,21d970d8de,theta_base,0.16828329861164093,0.15513736009597778,0.0024167895317077637,2.8170278072357178,,,,,,,,,,1.0,1.0,1.4140925941319438e-07
13,clean,scannetpp,109+114+132+155+157+163+276+306,probe1,7.626597653143108e-05,0.35387784242630005,21d970d8de,theta_base,1.0598654747009277,0.938795804977417,6.747245788574219e-05,0.47063812613487244,,,,,,,,,,,,
23,clean,scannetpp,109+114+132+155+157+163+276+306,probe1,0.00031815425609238446,0.7225343585014343,21d970d8de,theta_base,0.949703574180603,0.8449236154556274,0.00013750791549682617,0.6720213890075684,,,,,,,,,,,,
01,m0,scannetpp,109+114+132+155+157+163+276+306,probe1,0.0008312657009810209,1.167681097984314,21d970d8de,theta_base,0.7350631356239319,0.6525529623031616,0.00019621849060058594,0.8025944828987122,1.0,1.0,2.90547512264705e-12,,,,,,,,,
02,m0,scannetpp,109+114+132+155+157+163+276+306,probe1,0.0001149546806118451,0.4343124032020569,21d970d8de,theta_base,0.7931669354438782,0.6990934014320374,2.682209014892578e-05,0.2967354357242584,,,,1.0,0.9999999403953552,1.385631804851073e-07,,,,,,
03,m0,scannetpp,109+114+132+155+157+163+276+306,probe1,0.0001236538664670661,0.4511079490184784,21d970d8de,theta_base,0.8300874829292297,0.7498347163200378,8.004903793334961e-05,0.5128186345100403,,,,,,,1.0,1.0,1.2014734807053173e-07,,,
12,m0,scannetpp,109+114+132+155+157+163+276+306,probe1,0.0008898285450413823,1.2085275650024414,21d970d8de,theta_base,0.18847179412841797,0.15513736009597778,0.002636134624481201,2.942110776901245,,,,,,,,,,1.0,1.0000001192092896,2.852723355317721e-07
13,m0,scannetpp,109+114+132+155+157+163+276+306,probe1,0.0007821876788511872,1.1329785585403442,21d970d8de,theta_base,1.0500982999801636,0.938795804977417,0.00016605854034423828,0.7383397817611694,,,,,,,,,,,,
23,m0,scannetpp,109+114+132+155+157+163+276+306,probe1,0.0003633862070273608,0.771770715713501,21d970d8de,theta_base,0.941217303276062,0.8449236154556274,0.00014638900756835938,0.6932334899902344,,,,,,,,,,,,
01,m1,scannetpp,109+114+132+155+157+163+276+306,probe1,0.0002974990929942578,0.6982957720756531,21d970d8de,theta_base,0.7352217435836792,0.6525529623031616,1.3172626495361328e-05,0.2074790596961975,1.0,1.0,5.661095724140974e-12,,,,,,,,,
02,m1,scannetpp,109+114+132+155+157+163+276+306,probe1,0.00013575077173300087,0.4714689254760742,21d970d8de,theta_base,0.7915485501289368,0.6990934014320374,3.3974647521972656e-05,0.33396482467651367,,,,1.0,0.9999999403953552,1.138245977472252e-07,,,,,,
03,m1,scannetpp,109+114+132+155+157+163+276+306,probe1,0.00032080471282824874,0.7257768511772156,21d970d8de,theta_base,0.843486487865448,0.7498347163200378,2.849102020263672e-05,0.30582794547080994,,,,,,,1.0,0.9999999403953552,6.475396219229879e-08,,,
12,m1,scannetpp,109+114+132+155+157+163+276+306,probe1,0.0003931561659555882,0.8030819296836853,21d970d8de,theta_base,0.1724783480167389,0.15513736009597778,0.001159965991973877,1.9514394998550415,,,,,,,,,,1.0,1.000000238418579,2.71190771172769e-07
13,m1,scannetpp,109+114+132+155+157+163+276+306,probe1,4.303686000639573e-05,0.2654082179069519,21d970d8de,theta_base,1.0608357191085815,0.938795804977417,4.45246696472168e-05,0.3825729787349701,,,,,,,,,,,,
23,m1,scannetpp,109+114+132+155+157+163+276+306,probe1,0.00028043542988598347,0.6778197884559631,21d970d8de,theta_base,0.9619488716125488,0.8449236154556274,4.208087921142578e-05,0.37167707085609436,,,,,,,,,,,,
01,m2,scannetpp,109+114+132+155+157+163+276+306,probe1,0.0005603550234809518,0.9585875868797302,21d970d8de,theta_base,0.7306753993034363,0.6525529623031616,6.532669067382812e-05,0.463094025850296,1.0,1.0,1.466422361144637e-12,,,,,,,,,
02,m2,scannetpp,109+114+132+155+157+163+276+306,probe1,0.00014320974878501147,0.4845678210258484,21d970d8de,theta_base,0.7853682041168213,0.6990934014320374,4.869699478149414e-05,0.39958450198173523,,,,1.0,1.0000001192092896,1.652346526270776e-07,,,,,,
03,m2,scannetpp,109+114+132+155+157+163+276+306,probe1,0.0007137864595279098,1.0824555158615112,21d970d8de,theta_base,0.8319353461265564,0.7498347163200378,5.459785461425781e-05,0.42336153984069824,,,,,,,1.0,0.9999998807907104,1.3175117885566578e-07,,,
12,m2,scannetpp,109+114+132+155+157+163+276+306,probe1,0.001020347815938294,1.2939196825027466,21d970d8de,theta_base,0.16738548874855042,0.15513736009597778,0.0016450881958007812,2.3240580558776855,,,,,,,,,,1.0,1.0000001192092896,2.5921460178324196e-07
13,m2,scannetpp,109+114+132+155+157+163+276+306,probe1,0.00014501951227430254,0.48698464035987854,21d970d8de,theta_base,1.0444310903549194,0.938795804977417,2.86102294921875e-06,0.09691329300403595,,,,,,,,,,,,
23,m2,scannetpp,109+114+132+155+157+163+276+306,probe1,0.0010141277452930808,1.2902848720550537,21d970d8de,theta_base,0.9490956664085388,0.8449236154556274,0.00018906593322753906,0.7878302931785583,,,,,,,,,,,,
01,m3,scannetpp,109+114+132+155+157+163+276+306,probe1,0.00014464696869254112,0.48698464035987854,21d970d8de,theta_base,0.7451016306877136,0.6525529623031616,0.00010854005813598633,0.5967608690261841,1.0,1.0,5.8708068788326795e-12,,,,,,,,,
02,m3,scannetpp,109+114+132+155+157+163+276+306,probe1,0.00011894493945874274,0.44146209955215454,21d970d8de,theta_base,0.7882518768310547,0.6990934014320374,2.467632293701172e-05,0.284618616104126,,,,1.0,1.0,1.5170759581906168e-07,,,,,,
03,m3,scannetpp,109+114+132+155+157+163+276+306,probe1,0.0004545286064967513,0.8641138672828674,21d970d8de,theta_base,0.8298174142837524,0.7498347163200378,5.793571472167969e-05,0.43611082434654236,,,,,,,1.0,1.0000001192092896,1.2813214311790944e-07,,,
12,m3,scannetpp,109+114+132+155+157+163+276+306,probe1,0.0003604153753258288,0.7687221765518188,21d970d8de,theta_base,0.17943792045116425,0.15513736009597778,0.0032137632369995117,3.2485363483428955,,,,,,,,,,1.0,1.0,2.529441758269968e-07
13,m3,scannetpp,109+114+132+155+157+163+276+306,probe1,0.0009246025001630187,1.2319411039352417,21d970d8de,theta_base,1.059587836265564,0.938795804977417,0.0001512765884399414,0.7047112584114075,,,,,,,,,,,,
23,m3,scannetpp,109+114+132+155+157+163+276+306,probe1,0.0003566425002645701,0.7646385431289673,21d970d8de,theta_base,0.9468993544578552,0.8449236154556274,0.00017118453979492188,0.7496490478515625,,,,,,,,,,,,
01,clean,scannetpp,56+85+100+167+195+218+258+302,probe0,6.0964724980294704e-05,0.3165178596973419,21d970d8de,theta_rel,1.269072413444519,1.1711806058883667,3.5762786865234375e-07,0.03426402062177658,1.0,1.0,1.0289759495851758e-11,,,,,,,,,
02,clean,scannetpp,56+85+100+167+195+218+258+302,probe0,0.0002469669561833143,0.6367365717887878,21d970d8de,theta_rel,1.344473123550415,1.21013343334198,0.0010020732879638672,1.8138047456741333,,,,1.0,1.0000001192092896,1.55419044745031e-07,,,,,,
03,clean,scannetpp,56+85+100+167+195+218+258+302,probe0,3.780347833526321e-05,0.2486603558063507,21d970d8de,theta_rel,0.7670324444770813,0.705170214176178,3.5762786865234375e-06,0.10835235565900803,,,,,,,1.0,0.9999999403953552,7.654999478745594e-08,,,
12,clean,scannetpp,56+85+100+167+195+218+258+302,probe0,0.000540978682693094,0.942115306854248,21d970d8de,theta_rel,1.8872380256652832,1.6815681457519531,1.537799835205078e-05,0.22468432784080505,,,,,,,,,,1.0,1.0,1.456087801443573e-07
13,clean,scannetpp,56+85+100+167+195+218+258+302,probe0,0.00019474534201435745,0.5650989413261414,21d970d8de,theta_rel,1.597585916519165,1.4719799757003784,2.4318695068359375e-05,0.2825486361980438,,,,,,,,,,,,
23,clean,scannetpp,56+85+100+167+195+218+258+302,probe0,0.00010146485146833584,0.40830376744270325,21d970d8de,theta_rel,0.5965578556060791,0.5347486734390259,0.007016777992248535,4.8008551597595215,,,,,,,,,,,,
01,m0,scannetpp,56+85+100+167+195+218+258+302,probe0,0.0005871023749932647,0.981981635093689,21d970d8de,theta_rel,1.2672550678253174,1.1711806058883667,0.00037741661071777344,1.1131147146224976,1.0,1.0,7.417087777294995e-12,,,,,,,,,
02,m0,scannetpp,56+85+100+167+195+218+258+302,probe0,0.000627759553026408,1.0156781673431396,21d970d8de,theta_rel,1.3239938020706177,1.21013343334198,0.0019717812538146973,2.544374942779541,,,,1.0,1.0000001192092896,1.2954602368608903e-07,,,,,,
03,m0,scannetpp,56+85+100+167+195+218+258+302,probe0,0.0009244296234101057,1.2316234111785889,21d970d8de,theta_rel,0.7532244324684143,0.705170214176178,0.00046139955520629883,1.2306697368621826,,,,,,,1.0,0.9999997019767761,3.053032457955851e-07,,,
12,m0,scannetpp,56+85+100+167+195+218+258+302,probe0,0.00021918618585914373,0.6000308394432068,21d970d8de,theta_rel,1.8639018535614014,1.6815681457519531,0.0002561211585998535,0.9168524742126465,,,,,,,,,,1.0,0.9999998807907104,9.879666862389058e-08
13,m0,scannetpp,56+85+100+167+195+218+258+302,probe0,6.597095489269122e-05,0.3286494016647339,21d970d8de,theta_rel,1.5541943311691284,1.4719799757003784,1.7881393432617188e-06,0.07661668211221695,,,,,,,,,,,,
23,m0,scannetpp,56+85+100+167+195+218+258+302,probe0,0.00028203989495523274,0.6807004809379578,21d970d8de,theta_rel,0.5804440975189209,0.5347486734390259,0.013996362686157227,6.782406330108643,,,,,,,,,,,,
01,m1,scannetpp,56+85+100+167+195+218+258+302,probe0,0.0002542588335927576,0.6464956402778625,21d970d8de,theta_rel,1.2471628189086914,1.1711806058883667,3.516674041748047e-06,0.10835235565900803,1.0,1.0,2.1216787007838356e-11,,,,,,,,,
02,m1,scannetpp,56+85+100+167+195+218+258+302,probe0,0.00010105669207405299,0.40830376744270325,21d970d8de,theta_rel,1.355149507522583,1.21013343334198,0.00022470951080322266,0.8588897585868835,,,,1.0,0.9999999403953552,9.487795438190005e-08,,,,,,
03,m1,scannetpp,56+85+100+167+195+218+258+302,probe0,0.0003512647235766053,0.7589877843856812,21d970d8de,theta_rel,0.7788426280021667,0.705170214176178,7.027387619018555e-05,0.4805127680301666,,,,,,,1.0,0.9999999403953552,3.826553722774406e-07,,,
12,m1,scannetpp,56+85+100+167+195+218+258+302,probe0,9.814417717279866e-05,0.4015384912490845,21d970d8de,theta_rel,1.8579905033111572,1.6815681457519531,7.748603820800781e-06,0.15949039161205292,,,,,,,,,,1.0,1.0,2.0099172104437457e-07
13,m1,scannetpp,56+85+100+167+195+218+258+302,probe0,0.00016816161223687232,0.5248866677284241,21d970d8de,theta_rel,1.587709665298462,1.4719799757003784,4.309415817260742e-05,0.376385360956192,,,,,,,,,,,,
23,m1,scannetpp,56+85+100+167+195+218+258+302,probe0,0.0003486091154627502,0.756405234336853,21d970d8de,theta_rel,0.6027717590332031,0.5347486734390259,0.0014765262603759766,2.2017600536346436,,,,,,,,,,,,
01,m2,scannetpp,56+85+100+167+195+218+258+302,probe0,0.00012674897152464837,0.4571402966976166,21d970d8de,theta_rel,1.2562452554702759,1.1711806058883667,5.9664249420166016e-05,0.4423476755619049,1.0,0.9999999403953552,1.5413616563653143e-11,,,,,,,,,
02,m2,scannetpp,56+85+100+167+195+218+258+302,probe0,0.0006495291017927229,1.032871961593628,21d970d8de,theta_rel,1.3566346168518066,1.21013343334198,0.0011972784996032715,1.9826802015304565,,,,1.0,0.9999999403953552,1.1269619193399194e-07,,,,,,
03,m2,scannetpp,56+85+100+167+195+218+258+302,probe0,2.3828608391340822e-05,0.19782350957393646,21d970d8de,theta_rel,0.7634705305099487,0.705170214176178,9.846687316894531e-05,0.5685510635375977,,,,,,,1.0,0.9999998807907104,9.503938258603739e-08,,,
12,m2,scannetpp,56+85+100+167+195+218+258+302,probe0,0.0005654548294842243,0.9630680084228516,21d970d8de,theta_rel,1.9004955291748047,1.6815681457519531,2.467632293701172e-05,0.284618616104126,,,,,,,,,,1.0,1.0,1.2629350010229246e-07
13,m2,scannetpp,56+85+100+167+195+218+258+302,probe0,0.0002481353876646608,0.63796466588974,21d970d8de,theta_rel,1.5980252027511597,1.4719799757003784,2.9861927032470703e-05,0.31278666853904724,,,,,,,,,,,,
23,m2,scannetpp,56+85+100+167+195+218+258+302,probe0,0.0008333968580700457,1.1696903705596924,21d970d8de,theta_rel,0.614554226398468,0.5347486734390259,0.0077422261238098145,5.043059349060059,,,,,,,,,,,,
01,m3,scannetpp,56+85+100+167+195+218+258+302,probe0,7.898348849266768e-05,0.36045199632644653,21d970d8de,theta_rel,1.2768020629882812,1.1711806058883667,6.318092346191406e-06,0.14401766657829285,1.0,1.0,3.777758487977234e-12,,,,,,,,,
02,m3,scannetpp,56+85+100+167+195+218+258+302,probe0,0.0001545311533845961,0.5028000473976135,21d970d8de,theta_rel,1.3360153436660767,1.21013343334198,0.00029754638671875,0.9883376955986023,,,,1.0,1.0,1.6446161055228004e-07,,,,,,
03,m3,scannetpp,56+85+100+167+195+218+258+302,probe0,8.764749850342923e-07,0.03956468030810356,21d970d8de,theta_rel,0.7682185173034668,0.705170214176178,1.531839370727539e-05,0.2238117754459381,,,,,,,1.0,1.0,1.381477687800725e-07,,,
12,m3,scannetpp,56+85+100+167+195+218+258+302,probe0,0.00036585534689947963,0.7748072743415833,21d970d8de,theta_rel,1.870473861694336,1.6815681457519531,1.0728836059570312e-06,0.05934702232480049,,,,,,,,,,1.0,1.0,9.233303899236489e-08
13,m3,scannetpp,56+85+100+167+195+218+258+302,probe0,8.735209121368825e-05,0.3774237036705017,21d970d8de,theta_rel,1.6034995317459106,1.4719799757003784,4.38690185546875e-05,0.37949180603027344,,,,,,,,,,,,
23,m3,scannetpp,56+85+100+167+195+218+258+302,probe0,0.00016576885536778718,0.5203939080238342,21d970d8de,theta_rel,0.5909269452095032,0.5347486734390259,0.0024840831756591797,2.855950355529785,,,,,,,,,,,,
01,clean,scannetpp,109+114+132+155+157+163+276+306,probe1,0.0004703807062469423,0.8784871101379395,21d970d8de,theta_rel,0.7383469343185425,0.6525529623031616,1.0311603546142578e-05,0.1834539771080017,1.0,1.0,2.6917639124601767e-12,,,,,,,,,
02,clean,scannetpp,109+114+132+155+157+163+276+306,probe1,0.0001509328867541626,0.49732187390327454,21d970d8de,theta_rel,0.7801315188407898,0.6990934014320374,0.0,0.0,,,,1.0,1.0,1.5945519749038795e-07,,,,,,
03,clean,scannetpp,109+114+132+155+157+163+276+306,probe1,0.0003356060478836298,0.7423044443130493,21d970d8de,theta_rel,0.8508024215698242,0.7498347163200378,9.775161743164062e-06,0.17913678288459778,,,,,,,1.0,0.9999999403953552,1.4654861502094718e-07,,,
12,clean,scannetpp,109+114+132+155+157+163+276+306,probe1,0.0011510704644024372,1.3740159273147583,21d970d8de,theta_rel,0.168966606259346,0.15513736009597778,0.0026415586471557617,2.945103645324707,,,,,,,,,,1.0,1.0,2.9967830528221384e-07
13,clean,scannetpp,109+114+132+155+157+163+276+306,probe1,9.216528997058049e-05,0.38866209983825684,21d970d8de,theta_rel,1.060590386390686,0.938795804977417,0.0001119375228881836,0.6061952710151672,,,,,,,,,,,,
23,clean,scannetpp,109+114+132+155+157+163+276+306,probe1,0.0008769746636971831,1.1997519731521606,21d970d8de,theta_rel,0.949985921382904,0.8449236154556274,0.00023406744003295898,0.8767033219337463,,,,,,,,,,,,
01,m0,scannetpp,109+114+132+155+157+163+276+306,probe1,0.0010174716589972377,1.29210364818573,21d970d8de,theta_rel,0.7351409196853638,0.6525529623031616,0.00028014183044433594,0.9589958190917969,1.0,1.0,5.151025873201265e-12,,,,,,,,,
02,m0,scannetpp,109+114+132+155+157+163+276+306,probe1,0.00019002037879545242,0.5581307411193848,21d970d8de,theta_rel,0.7954625487327576,0.6990934014320374,3.063678741455078e-05,0.31713545322418213,,,,1.0,1.0000001192092896,1.5469235847831442e-07,,,,,,
03,m0,scannetpp,109+114+132+155+157+163+276+306,probe1,0.0002955182280857116,0.6966124176979065,21d970d8de,theta_rel,0.8305873274803162,0.7498347163200378,0.00022494792938232422,0.8593452572822571,,,,,,,1.0,1.0,1.8076761421070842e-07,,,
12,m0,scannetpp,109+114+132+155+157+163+276+306,probe1,0.0017334318254143,1.686556339263916,21d970d8de,theta_rel,0.19215555489063263,0.15513736009597778,0.003495156764984131,3.3878402709960938,,,,,,,,,,1.0,1.0,1.252061707646135e-07
13,m0,scannetpp,109+114+132+155+157+163+276+306,probe1,0.00029208732303231955,0.6926686763763428,21d970d8de,theta_rel,1.046160101890564,0.938795804977417,0.00012743473052978516,0.6467982530593872,,,,,,,,,,,,
23,m0,scannetpp,109+114+132+155+157+163+276+306,probe1,0.0008282194612547755,1.1656683683395386,21d970d8de,theta_rel,0.9357150793075562,0.8449236154556274,5.918741226196289e-05,0.4405747354030609,,,,,,,,,,,,
01,m1,scannetpp,109+114+132+155+157+163+276+306,probe1,0.00019442234770394862,0.5644060373306274,21d970d8de,theta_rel,0.7351924180984497,0.6525529623031616,1.4007091522216797e-05,0.21489134430885315,1.0,1.0,2.7380899197265718e-12,,,,,,,,,
02,m1,scannetpp,109+114+132+155+157+163+276+306,probe1,0.0003577435854822397,0.766172468662262,21d970d8de,theta_rel,0.7945106029510498,0.6990934014320374,1.8775463104248047e-05,0.2486603558063507,,,,1.0,1.0,1.8980146876401705e-07,,,,,,
03,m1,scannetpp,109+114+132+155+157+163+276+306,probe1,0.0001552667818032205,0.5051296949386597,21d970d8de,theta_rel,0.8430602550506592,0.7498347163200378,2.3365020751953125e-05,0.2769530415534973,,,,,,,1.0,1.0000001192092896,1.7378816608015768e-07,,,
12,m1,scannetpp,109+114+132+155+157+163+276+306,probe1,0.00045700318878516555,0.8659235835075378,21d970d8de,theta_rel,0.1753518134355545,0.15513736009597778,0.0014717578887939453,2.1982014179229736,,,,,,,,,,1.0,1.0000001192092896,1.8719271110967384e-07
13,m1,scannetpp,109+114+132+155+157+163+276+306,probe1,2.513777326385025e-05,0.20367176830768585,21d970d8de,theta_rel,1.059505581855774,0.938795804977417,2.872943878173828e-05,0.3071048855781555,,,,,,,,,,,,
23,m1,scannetpp,109+114+132+155+157+163+276+306,probe1,0.000336248311214149,0.7423044443130493,21d970d8de,theta_rel,0.9606884121894836,0.8449236154556274,5.2094459533691406e-05,0.4135417640209198,,,,,,,,,,,,
01,m2,scannetpp,109+114+132+155+157+163+276+306,probe1,0.0007600101525895298,1.1166253089904785,21d970d8de,theta_rel,0.7268043160438538,0.6525529623031616,9.363889694213867e-05,0.5546138286590576,1.0,1.0,2.8292205817709304e-12,,,,,,,,,
02,m2,scannetpp,109+114+132+155+157+163+276+306,probe1,0.0001409208489349112,0.4805127680301666,21d970d8de,theta_rel,0.7880383729934692,0.6990934014320374,4.2498111724853516e-05,0.37325313687324524,,,,1.0,0.9999999403953552,1.512935909886437e-07,,,,,,
03,m2,scannetpp,109+114+132+155+157+163+276+306,probe1,0.0004385366919450462,0.8485756516456604,21d970d8de,theta_rel,0.8342681527137756,0.7498347163200378,3.808736801147461e-05,0.35387784242630005,,,,,,,1.0,1.0,8.932720163556951e-08,,,
12,m2,scannetpp,109+114+132+155+157+163+276+306,probe1,0.0008243885822594166,1.1629793643951416,21d970d8de,theta_rel,0.1684989035129547,0.15513736009597778,0.004189193248748779,3.7090847492218018,,,,,,,,,,1.0,1.0,1.702714627072055e-07
13,m2,scannetpp,109+114+132+155+157+163+276+306,probe1,0.00019697417155839503,0.5692390203475952,21d970d8de,theta_rel,1.0413012504577637,0.938795804977417,2.4020671844482422e-05,0.2811601758003235,,,,,,,,,,,,
23,m2,scannetpp,109+114+132+155+157+163+276+306,probe1,0.00042093003867194057,0.8313365578651428,21d970d8de,theta_rel,0.9503059387207031,0.8449236154556274,9.196996688842773e-05,0.5496522188186646,,,,,,,,,,,,
01,m3,scannetpp,109+114+132+155+157+163+276+306,probe1,0.00016318017151206732,0.5173771381378174,21d970d8de,theta_rel,0.744411826133728,0.6525529623031616,0.00013077259063720703,0.6552143096923828,1.0,1.0,4.6004836225244095e-12,,,,,,,,,
02,m3,scannetpp,109+114+132+155+157+163+276+306,probe1,0.00033186739892698824,0.7380746603012085,21d970d8de,theta_rel,0.789871335029602,0.6990934014320374,1.9848346710205078e-05,0.25487783551216125,,,,1.0,1.0,1.7105925564919744e-07,,,,,,
03,m3,scannetpp,109+114+132+155+157+163+276+306,probe1,0.0002852215548045933,0.6852844953536987,21d970d8de,theta_rel,0.827915608882904,0.7498347163200378,7.396936416625977e-05,0.49257782101631165,,,,,,,1.0,1.0,7.672856128237981e-08,,,
12,m3,scannetpp,109+114+132+155+157+163+276+306,probe1,0.000777178443968296,1.129518985748291,21d970d8de,theta_rel,0.1812235563993454,0.15513736009597778,0.0026731491088867188,2.962665557861328,,,,,,,,,,1.0,1.0000001192092896,1.3722340952426748e-07
13,m3,scannetpp,109+114+132+155+157+163+276+306,probe1,0.000801814254373312,1.1473948955535889,21d970d8de,theta_rel,1.058201789855957,0.938795804977417,0.0001819133758544922,0.7727842330932617,,,,,,,,,,,,
23,m3,scannetpp,109+114+132+155+157+163+276+306,probe1,0.0002085890737362206,0.5855063796043396,21d970d8de,theta_rel,0.9461305141448975,0.8449236154556274,0.00014281272888183594,0.6847131252288818,,,,,,,,,,,,
01,clean,scannetpp,9+20+42+31+76+54+110+65,probe0,1.9505230739014223e-05,0.17913678288459778,7bc286c1b6,theta0,0.7703431844711304,0.7912088632583618,1.3113021850585938e-05,0.2074790596961975,1.0,1.0,3.1953658469197066e-12,,,,,,,,,
02,clean,scannetpp,9+20+42+31+76+54+110+65,probe0,3.529353762132814e-06,0.07912936806678772,7bc286c1b6,theta0,0.3521118462085724,0.3606712222099304,4.351139068603516e-06,0.11869406700134277,,,,1.0,0.9999997615814209,3.1653448218094127e-07,,,,,,
03,clean,scannetpp,9+20+42+31+76+54+110+65,probe0,9.526396752335131e-05,0.3966355323791504,7bc286c1b6,theta0,0.7784987092018127,0.8005231022834778,1.3113021850585938e-06,0.0656106099486351,,,,,,,1.0,1.0000001192092896,6.141983988072752e-08,,,
12,clean,scannetpp,9+20+42+31+76+54+110+65,probe0,3.2950934837572277e-05,0.23406797647476196,7bc286c1b6,theta0,1.1080747842788696,1.137353777885437,2.193450927734375e-05,0.26834094524383545,,,,,,,,,,1.0,0.9999998211860657,2.6295106181351e-07
13,clean,scannetpp,9+20+42+31+76+54+110+65,probe0,0.00014949827163945884,0.49732187390327454,7bc286c1b6,theta0,0.15025931596755981,0.1570613831281662,0.00035893917083740234,1.085524320602417,,,,,,,,,,,,
23,clean,scannetpp,9+20+42+31+76+54+110+65,probe0,0.00011445520794950426,0.4343124032020569,7bc286c1b6,theta0,1.098188877105713,1.1276236772537231,1.7881393432617188e-07,0.02797645516693592,,,,,,,,,,,,
01,m0,scannetpp,9+20+42+31+76+54+110+65,probe0,0.0008399340440519154,1.1736986637115479,7bc286c1b6,theta0,0.7695720195770264,0.7912088632583618,0.00021821260452270508,0.846266508102417,1.0,1.0,1.0376810521961488e-11,,,,,,,,,
02,m0,scannetpp,9+20+42+31+76+54+110+65,probe0,4.260930381860817e-06,0.08846932649612427,7bc286c1b6,theta0,0.34661585092544556,0.3606712222099304,7.033348083496094e-06,0.15195108950138092,,,,1.0,1.0000001192092896,1.456555338563703e-07,,,,,,
03,m0,scannetpp,9+20+42+31+76+54+110+65,probe0,6.342738925013691e-05,0.32264062762260437,7bc286c1b6,theta0,0.7777934074401855,0.8005231022834778,1.1980533599853516e-05,0.19782350957393646,,,,,,,1.0,0.9999999403953552,6.432910737430575e-08,,,
12,m0,scannetpp,9+20+42+31+76+54+110+65,probe0,0.0007908931584097445,1.1391793489456177,7bc286c1b6,theta0,1.1020545959472656,1.137353777885437,0.00022941827774047852,0.8677294850349426,,,,,,,,,,1.0,1.0000001192092896,1.8734488094196422e-07
13,m0,scannetpp,9+20+42+31+76+54+110+65,probe0,0.0007794313132762909,1.1309040784835815,7bc286c1b6,theta0,0.15861102938652039,0.1570613831281662,0.0015301108360290527,2.2414045333862305,,,,,,,,,,,,
23,m0,scannetpp,9+20+42+31+76+54+110+65,probe0,6.506634963443503e-05,0.32745644450187683,7bc286c1b6,theta0,1.092189908027649,1.1276236772537231,7.927417755126953e-06,0.16071255505084991,,,,,,,,,,,,
01,m1,scannetpp,9+20+42+31+76+54+110+65,probe0,0.003478140104562044,2.389336109161377,7bc286c1b6,theta0,0.7632707357406616,0.7912088632583618,0.0006858110427856445,1.500504493713379,1.0,1.0,1.3767714182252866e-12,,,,,,,,,
02,m1,scannetpp,9+20+42+31+76+54+110+65,probe0,6.578688044101e-06,0.10467831790447235,7bc286c1b6,theta0,0.345796138048172,0.3606712222099304,1.0788440704345703e-05,0.18767184019088745,,,,1.0,1.0000001192092896,2.756090964339819e-07,,,,,,
03,m1,scannetpp,9+20+42+31+76+54+110+65,probe0,0.00017311569536104798,0.5330249667167664,7bc286c1b6,theta0,0.7764082551002502,0.8005231022834778,4.696846008300781e-05,0.39266902208328247,,,,,,,1.0,0.9999999403953552,2.52528664645979e-08,,,
12,m1,scannetpp,9+20+42+31+76+54+110+65,probe0,0.003449869342148304,2.379650354385376,7bc286c1b6,theta0,1.0965946912765503,1.137353777885437,0.000841975212097168,1.6625990867614746,,,,,,,,,,1.0,1.0,1.2164247209511814e-07
13,m1,scannetpp,9+20+42+31+76+54+110+65,probe0,0.0022687006276100874,1.9296554327011108,7bc286c1b6,theta0,0.17225047945976257,0.1570613831281662,0.0010632872581481934,1.8684407472610474,,,,,,,,,,,,
23,m1,scannetpp,9+20+42+31+76+54+110+65,probe0,0.0001969813893083483,0.5685510635375977,7bc286c1b6,theta0,1.090340495109558,1.1276236772537231,4.3272972106933594e-05,0.3769049048423767,,,,,,,,,,,,
01,m2,scannetpp,9+20+42+31+76+54+110+65,probe0,0.0017941419500857592,1.7160040140151978,7bc286c1b6,theta0,0.779064953327179,0.7912088632583618,0.0002225637435913086,0.854779064655304,1.0,1.0,2.0707796588581573e-11,,,,,,,,,
02,m2,scannetpp,9+20+42+31+76+54+110+65,probe0,1.3961333024781197e-05,0.15065786242485046,7bc286c1b6,theta0,0.3486690819263458,0.3606712222099304,6.4373016357421875e-06,0.1453699767589569,,,,1.0,0.9999999403953552,1.2302506036121486e-07,,,,,,
03,m2,scannetpp,9+20+42+31+76+54+110+65,probe0,0.0002157681155949831,0.595447838306427,7bc286c1b6,theta0,0.7841227650642395,0.8005231022834778,2.193450927734375e-05,0.26834094524383545,,,,,,,1.0,1.0,2.1687453610752527e-08,,,
12,m2,scannetpp,9+20+42+31+76+54+110+65,probe0,0.0015838323161005974,1.6125264167785645,7bc286c1b6,theta0,1.1137007474899292,1.137353777885437,0.00018298625946044922,0.7750597596168518,,,,,,,,,,1.0,0.9999999403953552,8.264375850330907e-08
13,m2,scannetpp,9+20+42+31+76+54+110+65,probe0,0.0010443771025165915,1.3095537424087524,7bc286c1b6,theta0,0.16553279757499695,0.1570613831281662,0.0002238750457763672,0.8572934865951538,,,,,,,,,,,,
23,m2,scannetpp,9+20+42+31+76+54+110+65,probe0,0.00021808696328662336,0.5987250208854675,7bc286c1b6,theta0,1.0995135307312012,1.1276236772537231,2.092123031616211e-05,0.2624426484107971,,,,,,,,,,,,
01,m3,scannetpp,9+20+42+31+76+54+110+65,probe0,0.0007950359722599387,1.141924500465393,7bc286c1b6,theta0,0.7786937952041626,0.7912088632583618,0.00013375282287597656,0.6626383066177368,1.0,1.0,2.0794466842888326e-11,,,,,,,,,
02,m3,scannetpp,9+20+42+31+76+54+110+65,probe0,1.9089191482635215e-05,0.1769387125968933,7bc286c1b6,theta0,0.35115522146224976,0.3606712222099304,1.4126300811767578e-05,0.21489134430885315,,,,1.0,1.0,8.539031171039824e-08,,,,,,
03,m3,scannetpp,9+20+42+31+76+54+110+65,probe0,0.0024865211453288794,2.020423173904419,7bc286c1b6,theta0,0.7846713662147522,0.8005231022834778,0.00032317638397216797,1.0300263166427612,,,,,,,1.0,1.0000001192092896,6.22041227416048e-08,,,
12,m3,scannetpp,9+20+42+31+76+54+110+65,probe0,0.000851720804348588,1.1823365688323975,7bc286c1b6,theta0,1.1165316104888916,1.137353777885437,6.341934204101562e-05,0.45628342032432556,,,,,,,,,,1.0,1.0000001192092896,1.3718457125833083e-07
13,m3,scannetpp,9+20+42+31+76+54+110+65,probe0,0.0015982905169948936,1.6197915077209473,7bc286c1b6,theta0,0.15926659107208252,0.1570613831281662,0.005744755268096924,4.343703269958496,,,,,,,,,,,,
23,m3,scannetpp,9+20+42+31+76+54+110+65,probe0,0.0028682721313089132,2.1700639724731445,7bc286c1b6,theta0,1.1045600175857544,1.1276236772537231,0.00018036365509033203,0.7694854140281677,,,,,,,,,,,,
01,clean,scannetpp,6+18+40+29+74+51+108+63,probe1,0.0002828114083968103,0.6812751889228821,7bc286c1b6,theta0,0.718007504940033,0.757084310054779,3.0517578125e-05,0.3165178596973419,1.0,1.0,7.302282042931374e-12,,,,,,,,,
02,clean,scannetpp,6+18+40+29+74+51+108+63,probe1,7.252310024341568e-05,0.3449174463748932,7bc286c1b6,theta0,0.5094966888427734,0.5529606938362122,7.605552673339844e-05,0.49967706203460693,,,,1.0,0.9999999403953552,1.0570391850706073e-07,,,,,,
03,clean,scannetpp,6+18+40+29+74+51+108+63,probe1,0.0005821540835313499,0.9771873950958252,7bc286c1b6,theta0,0.7890403866767883,0.833649754524231,1.710653305053711e-05,0.2373882383108139,,,,,,,1.0,1.0,1.3486058492162556e-07,,,
12,clean,scannetpp,6+18+40+29+74+51+108+63,probe1,0.0001334450935246423,0.4673002064228058,7bc286c1b6,theta0,1.199914574623108,1.280109167098999,1.3113021850585938e-06,0.0656106099486351,,,,,,,,,,1.0,1.0000001192092896,1.7659939999248309e-07
13,clean,scannetpp,6+18+40+29+74+51+108+63,probe1,0.0001105784103856422,0.4261256754398346,7bc286c1b6,theta0,0.22250959277153015,0.2451232522726059,0.00028073787689208984,0.9600154161453247,,,,,,,,,,,,
23,clean,scannetpp,6+18+40+29+74+51+108+63,probe1,0.000320801162160933,0.7252374887466431,7bc286c1b6,theta0,1.232107400894165,1.3126590251922607,2.2470951080322266e-05,0.27124202251434326,,,,,,,,,,,,
01,m0,scannetpp,6+18+40+29+74+51+108+63,probe1,0.0028529465198516846,2.1641035079956055,7bc286c1b6,theta0,0.7237436175346375,0.757084310054779,0.0006386637687683105,1.448073387145996,1.0,1.0,1.0568483588269117e-11,,,,,,,,,
02,m0,scannetpp,6+18+40+29+74+51+108+63,probe1,0.00016972214507404715,0.5278605818748474,7bc286c1b6,theta0,0.5098863244056702,0.5529606938362122,0.0006220340728759766,1.429028868675232,,,,1.0,0.9999998807907104,1.7618907577343634e-07,,,,,,
03,m0,scannetpp,6+18+40+29+74+51+108+63,probe1,0.0011208372889086604,1.3562407493591309,7bc286c1b6,theta0,0.7862951755523682,0.833649754524231,0.0001957416534423828,0.8016186356544495,,,,,,,1.0,0.9999998807907104,1.9125697292565746e-07,,,
12,m0,scannetpp,6+18+40+29+74+51+108+63,probe1,0.0027882102876901627,2.1395456790924072,7bc286c1b6,theta0,1.2096437215805054,1.280109167098999,0.0011349916458129883,1.9303653240203857,,,,,,,,,,1.0,0.9999998211860657,1.2046353958794498e-07
13,m0,scannetpp,6+18+40+29+74+51+108+63,probe1,0.0005378373898565769,0.9400360584259033,7bc286c1b6,theta0,0.23770126700401306,0.2451232522726059,8.869171142578125e-05,0.5395923256874084,,,,,,,,,,,,
23,m0,scannetpp,6+18+40+29+74+51+108+63,probe1,0.0009178932523354888,1.2274855375289917,7bc286c1b6,theta0,1.2331866025924683,1.3126590251922607,7.88569450378418e-05,0.508988618850708,,,,,,,,,,,,
01,m1,scannetpp,6+18+40+29+74+51+108+63,probe1,0.00043315376387909055,0.8430232405662537,7bc286c1b6,theta0,0.7020336985588074,0.757084310054779,0.0005108118057250977,1.2949777841567993,1.0,1.0,1.0749533208009865e-11,,,,,,,,,
02,m1,scannetpp,6+18+40+29+74+51+108+63,probe1,5.41837616765406e-05,0.29870715737342834,7bc286c1b6,theta0,0.5079627633094788,0.5529606938362122,1.811981201171875e-05,0.24389328062534332,,,,1.0,1.0,9.884251994662918e-08,,,,,,
03,m1,scannetpp,6+18+40+29+74+51+108+63,probe1,0.0015213272999972105,1.5801626443862915,7bc286c1b6,theta0,0.7843297719955444,0.833649754524231,8.869171142578125e-05,0.5395923256874084,,,,,,,1.0,1.0000001192092896,1.0028996655364608e-07,,,
12,m1,scannetpp,6+18+40+29+74+51+108+63,probe1,0.0004087695851922035,0.8190054893493652,7bc286c1b6,theta0,1.1859056949615479,1.280109167098999,0.00032967329025268555,1.0404225587844849,,,,,,,,,,1.0,1.0000001192092896,1.6989308448955853e-07
13,m1,scannetpp,6+18+40+29+74+51+108+63,probe1,0.0005836474592797458,0.9787880778312683,7bc286c1b6,theta0,0.24459409713745117,0.2451232522726059,0.0010503530502319336,1.8569889068603516,,,,,,,,,,,,
23,m1,scannetpp,6+18+40+29+74+51+108+63,probe1,0.0016565045807510614,1.648532509803772,7bc286c1b6,theta0,1.225345492362976,1.3126590251922607,3.814697265625e-06,0.11190583556890488,,,,,,,,,,,,
01,m2,scannetpp,6+18+40+29+74+51+108+63,probe1,0.00022436965082306415,0.6065179109573364,7bc286c1b6,theta0,0.7111635208129883,0.757084310054779,0.00027763843536376953,0.9547011256217957,1.0,1.0,1.4626203026502083e-11,,,,,,,,,
02,m2,scannetpp,6+18+40+29+74+51+108+63,probe1,9.418631088919938e-05,0.3936643898487091,7bc286c1b6,theta0,0.5174968242645264,0.5529606938362122,0.000459134578704834,1.2278043031692505,,,,1.0,1.0,1.3928141129326832e-07,,,,,,
03,m2,scannetpp,6+18+40+29+74+51+108+63,probe1,0.001187946181744337,1.3966174125671387,7bc286c1b6,theta0,0.7892672419548035,0.833649754524231,0.00026232004165649414,0.9278842210769653,,,,,,,1.0,1.0,1.3033015022756445e-07,,,
12,m2,scannetpp,6+18+40+29+74+51+108+63,probe1,0.00025811389787122607,0.6501175165176392,7bc286c1b6,theta0,1.1978679895401,1.280109167098999,3.463029861450195e-05,0.3368816077709198,,,,,,,,,,1.0,0.9999997019767761,3.4550629379737074e-07
13,m2,scannetpp,6+18+40+29+74+51+108+63,probe1,0.0023126876913011074,1.9486294984817505,7bc286c1b6,theta0,0.22683538496494293,0.2451232522726059,0.004761219024658203,3.954284191131592,,,,,,,,,,,,
23,m2,scannetpp,6+18+40+29+74+51+108+63,probe1,0.0016254582442343235,1.6335065364837646,7bc286c1b6,theta0,1.2415671348571777,1.3126590251922607,0.00010442733764648438,0.5855063796043396,,,,,,,,,,,,
01,m3,scannetpp,6+18+40+29+74+51+108+63,probe1,0.0005504412110894918,0.9503872394561768,7bc286c1b6,theta0,0.7250280976295471,0.757084310054779,5.3048133850097656e-05,0.41730988025665283,1.0,1.0,4.375442716475497e-12,,,,,,,,,
02,m3,scannetpp,6+18+40+29+74+51+108+63,probe1,0.0002524291048757732,0.6440697908401489,7bc286c1b6,theta0,0.5205309391021729,0.5529606938362122,4.696846008300781e-05,0.39266902208328247,,,,1.0,1.0000001192092896,1.307257093685621e-07,,,,,,
03,m3,scannetpp,6+18+40+29+74+51+108+63,probe1,0.00040881254244595766,0.8190054893493652,7bc286c1b6,theta0,0.780177891254425,0.833649754524231,0.00013065338134765625,0.6549155712127686,,,,,,,1.0,0.9999999403953552,1.1722983117579133e-07,,,
12,m3,scannetpp,6+18+40+29+74+51+108+63,probe1,0.0008627473143860698,1.1902544498443604,7bc286c1b6,theta0,1.2177002429962158,1.280109167098999,1.2159347534179688e-05,0.19979195296764374,,,,,,,,,,1.0,1.0000001192092896,5.7049028612254915e-08
13,m3,scannetpp,6+18+40+29+74+51+108+63,probe1,0.0005250726826488972,0.9278842210769653,7bc286c1b6,theta0,0.21092292666435242,0.2451232522726059,0.001649618148803711,2.327256441116333,,,,,,,,,,,,
23,m3,scannetpp,6+18+40+29+74+51+108+63,probe1,0.0011811474105343223,1.3924076557159424,7bc286c1b6,theta0,1.2359397411346436,1.3126590251922607,6.651878356933594e-05,0.4673002064228058,,,,,,,,,,,,
01,clean,scannetpp,9+20+42+31+76+54+110+65,probe0,6.114154530223459e-05,0.3165178596973419,7bc286c1b6,theta_base,0.7649893164634705,0.7912088632583618,1.4066696166992188e-05,0.21489134430885315,1.0,1.0,6.072729992478987e-12,,,,,,,,,
02,clean,scannetpp,9+20+42+31+76+54+110+65,probe0,3.3470112157374388e-06,0.07401874661445618,7bc286c1b6,theta_base,0.34968167543411255,0.3606712222099304,6.794929504394531e-06,0.14935344457626343,,,,1.0,1.0,8.201644163818855e-08,,,,,,
03,clean,scannetpp,9+20+42+31+76+54+110+65,probe0,7.801445462973788e-05,0.35827404260635376,7bc286c1b6,theta_base,0.7757750153541565,0.8005231022834778,1.6689300537109375e-06,0.07401874661445618,,,,,,,1.0,0.9999999403953552,1.2080954547855072e-07,,,
12,clean,scannetpp,9+20+42+31+76+54+110+65,probe0,7.012156129349023e-05,0.33919697999954224,7bc286c1b6,theta_base,1.1004583835601807,1.137353777885437,4.4345855712890625e-05,0.381548672914505,,,,,,,,,,1.0,0.9999998211860657,2.7123948598273273e-07
13,clean,scannetpp,9+20+42+31+76+54+110+65,probe0,0.00015261567023117095,0.5004596710205078,7bc286c1b6,theta_base,0.15188300609588623,0.1570613831281662,0.0004369020462036133,1.197629690170288,,,,,,,,,,,,
23,clean,scannetpp,9+20+42+31+76+54+110+65,probe0,9.545641660224646e-05,0.39762094616889954,7bc286c1b6,theta_base,1.0930027961730957,1.1276236772537231,1.2516975402832031e-06,0.06255725771188736,,,,,,,,,,,,
01,m0,scannetpp,9+20+42+31+76+54+110+65,probe0,0.0015613297000527382,1.6008334159851074,7bc286c1b6,theta_base,0.7631717920303345,0.7912088632583618,0.00028187036514282227,0.9618481397628784,1.0,1.0,1.0413620486759978e-11,,,,,,,,,
02,m0,scannetpp,9+20+42+31+76+54+110+65,probe0,2.2402042304747738e-05,0.19179700314998627,7bc286c1b6,theta_base,0.3466089069843292,0.3606712222099304,1.609325408935547e-05,0.22985020279884338,,,,1.0,1.0,9.949688717370009e-08,,,,,,
03,m0,scannetpp,9+20+42+31+76+54+110+65,probe0,0.00014747535169590265,0.49257782101631165,7bc286c1b6,theta_base,0.7788833975791931,0.8005231022834778,1.9550323486328125e-05,0.2533377707004547,,,,,,,1.0,0.9999999403953552,1.503262581081799e-08,,,
12,m0,scannetpp,9+20+42+31+76+54+110+65,probe0,0.001245745923370123,1.4298502206802368,7bc286c1b6,theta_base,1.0948641300201416,1.137353777885437,0.00033223628997802734,1.0443646907806396,,,,,,,,,,1.0,0.9999998211860657,2.012905184756164e-07
13,m0,scannetpp,9+20+42+31+76+54+110+65,probe0,0.001290302025154233,1.4553526639938354,7bc286c1b6,theta_base,0.1580965220928192,0.1570613831281662,0.002983272075653076,3.129877805709839,,,,,,,,,,,,
23,m0,scannetpp,9+20+42+31+76+54+110+65,probe0,8.042267290875316e-05,0.36476898193359375,7bc286c1b6,theta_base,1.092405080795288,1.1276236772537231,5.4836273193359375e-06,0.13417038321495056,,,,,,,,,,,,
01,m1,scannetpp,9+20+42+31+76+54+110+65,probe0,0.0025231908075511456,2.0349011421203613,7bc286c1b6,theta_base,0.763684093952179,0.7912088632583618,0.0005140304565429688,1.2990515232086182,1.0,1.0,4.329755737969565e-12,,,,,,,,,
02,m1,scannetpp,9+20+42+31+76+54+110+65,probe0,5.390065325627802e-06,0.09691329300403595,7bc286c1b6,theta_base,0.3472934365272522,0.3606712222099304,3.3974647521972656e-06,0.10467831790447235,,,,1.0,1.0,1.4447788032612152e-07,,,,,,
03,m1,scannetpp,9+20+42+31+76+54+110+65,probe0,7.915931200841442e-05,0.36045199632644653,7bc286c1b6,theta_base,0.7753796577453613,0.8005231022834778,3.814697265625e-06,0.11190583556890488,,,,,,,1.0,1.0,6.252336959278182e-08,,,
12,m1,scannetpp,9+20+42+31+76+54+110+65,probe0,0.0024051889777183533,1.9870190620422363,7bc286c1b6,theta_base,1.0970573425292969,1.137353777885437,0.0006681680679321289,1.4810768365859985,,,,,,,,,,1.0,0.9999998807907104,1.543620697930237e-07
13,m1,scannetpp,9+20+42+31+76+54+110+65,probe0,0.0024276203475892544,1.9962557554244995,7bc286c1b6,theta_base,0.1673566997051239,0.1570613831281662,0.0032137036323547363,3.248476266860962,,,,,,,,,,,,
23,m1,scannetpp,9+20+42+31+76+54+110+65,probe0,0.00010035360173787922,0.40638232231140137,7bc286c1b6,theta_base,1.090022087097168,1.1276236772537231,4.410743713378906e-06,0.120331309735775,,,,,,,,,,,,
01,m2,scannetpp,9+20+42+31+76+54+110+65,probe0,0.001249526860192418,1.4320383071899414,7bc286c1b6,theta_base,0.7726865410804749,0.7912088632583618,0.00018513202667236328,0.779590904712677,1.0,1.0,1.038626129545861e-11,,,,,,,,,
02,m2,scannetpp,9+20+42+31+76+54+110+65,probe0,1.7700953321764246e-05,0.17017419636249542,7bc286c1b6,theta_base,0.3487849533557892,0.3606712222099304,7.748603820800781e-06,0.15949039161205292,,,,1.0,1.0,7.65608945130225e-08,,,,,,
03,m2,scannetpp,9+20+42+31+76+54+110+65,probe0,0.0001643126888666302,0.5203939080238342,7bc286c1b6,theta_base,0.7791669368743896,0.8005231022834778,2.6226043701171875e-06,0.09278742223978043,,,,,,,1.0,0.9999999403953552,2.0738042394441436e-08,,,
12,m2,scannetpp,9+20+42+31+76+54+110+65,probe0,0.0010941940126940608,1.3399829864501953,7bc286c1b6,theta_base,1.1074777841567993,1.137353777885437,0.00023752450942993164,0.8829307556152344,,,,,,,,,,1.0,0.9999999403953552,2.3623951506124286e-07
13,m2,scannetpp,9+20+42+31+76+54+110+65,probe0,0.0011476791696622968,1.3728760480880737,7bc286c1b6,theta_base,0.16346345841884613,0.1570613831281662,0.00047725439071655273,1.2517954111099243,,,,,,,,,,,,
23,m2,scannetpp,9+20+42+31+76+54+110+65,probe0,0.00024011495406739414,0.62807297706604,7bc286c1b6,theta_base,1.0950045585632324,1.1276236772537231,1.0728836059570312e-06,0.05934702232480049,,,,,,,,,,,,
01,m3,scannetpp,9+20+42+31+76+54+110+65,probe0,0.0006455228431150317,1.0286955833435059,7bc286c1b6,theta_base,0.7698303461074829,0.7912088632583618,0.00015789270401000977,0.719821035861969,1.0,1.0,2.6182192264939674e-12,,,,,,,,,
02,m3,scannetpp,9+20+42+31+76+54+110+65,probe0,3.831543290289119e-05,0.25178831815719604,7bc286c1b6,theta_base,0.34992751479148865,0.3606712222099304,2.5451183319091797e-05,0.28939101099967957,,,,1.0,1.0000001192092896,1.3476814331170317e-07,,,,,,
03,m3,scannetpp,9+20+42+31+76+54+110+65,probe0,0.0017966858576983213,1.7173720598220825,7bc286c1b6,theta_base,0.777897834777832,0.8005231022834778,0.0001919269561767578,0.7937689423561096,,,,,,,1.0,1.0,7.334875817832653e-08,,,
12,m3,scannetpp,9+20+42+31+76+54+110+65,probe0,0.0008480859687551856,1.1796854734420776,7bc286c1b6,theta_base,1.1065125465393066,1.137353777885437,0.00010794401168823242,0.595447838306427,,,,,,,,,,1.0,0.9999999403953552,1.0560906815726412e-07
13,m3,scannetpp,9+20+42+31+76+54+110+65,probe0,0.000747584505006671,1.1078283786773682,7bc286c1b6,theta_base,0.15964049100875854,0.1570613831281662,0.0023248791694641113,2.7628629207611084,,,,,,,,,,,,
23,m3,scannetpp,9+20+42+31+76+54+110+65,probe0,0.002303206827491522,1.9446078538894653,7bc286c1b6,theta_base,1.0960264205932617,1.1276236772537231,0.00012367963790893555,0.6373509168624878,,,,,,,,,,,,
01,clean,scannetpp,6+18+40+29+74+51+108+63,probe1,0.00017063025734387338,0.5293412804603577,7bc286c1b6,theta_base,0.713990330696106,0.757084310054779,7.009506225585938e-05,0.47969770431518555,1.0,1.0,7.247029799178906e-12,,,,,,,,,
02,clean,scannetpp,6+18+40+29+74+51+108+63,probe1,8.23296359158121e-05,0.3679734468460083,7bc286c1b6,theta_base,0.5089016556739807,0.5529606938362122,8.690357208251953e-05,0.5341251492500305,,,,1.0,1.0,1.164599510161679e-07,,,,,,
03,clean,scannetpp,6+18+40+29+74+51+108+63,probe1,0.0003252251190133393,0.7306137084960938,7bc286c1b6,theta_base,0.7862909436225891,0.833649754524231,5.602836608886719e-06,0.13562092185020447,,,,,,,1.0,1.0,2.223629849140707e-07,,,
12,clean,scannetpp,6+18+40+29+74+51+108+63,probe1,6.03720654908102e-05,0.3152790367603302,7bc286c1b6,theta_base,1.1945750713348389,1.280109167098999,7.569789886474609e-06,0.15825878083705902,,,,,,,,,,1.0,0.9999998807907104,3.0049588417568884e-07
13,clean,scannetpp,6+18+40+29+74+51+108+63,probe1,9.890490036923438e-05,0.40348300337791443,7bc286c1b6,theta_base,0.22084636986255646,0.2451232522726059,0.00023943185806274414,0.8864696621894836,,,,,,,,,,,,
23,clean,scannetpp,6+18+40+29+74+51+108+63,probe1,8.175135008059442e-05,0.36690840125083923,7bc286c1b6,theta_base,1.2275415658950806,1.3126590251922607,2.3484230041503906e-05,0.2776586711406708,,,,,,,,,,,,
01,m0,scannetpp,6+18+40+29+74+51+108+63,probe1,0.002297477563843131,1.941989541053772,7bc286c1b6,theta_base,0.7196277379989624,0.757084310054779,0.000675201416015625,1.4888520240783691,1.0,1.0,2.357728075275123e-11,,,,,,,,,
02,m0,scannetpp,6+18+40+29+74+51+108+63,probe1,0.0002739968476817012,0.6708556413650513,7bc286c1b6,theta_base,0.5136272311210632,0.5529606938362122,0.00035327672958374023,1.0770186185836792,,,,1.0,1.0,1.396766151628981e-07,,,,,,
03,m0,scannetpp,6+18+40+29+74+51+108+63,probe1,0.0006565091898664832,1.0377861261367798,7bc286c1b6,theta_base,0.7867375612258911,0.833649754524231,6.99758529663086e-05,0.47928959131240845,,,,,,,1.0,0.9999999403953552,1.1756299045373453e-07,,,
12,m0,scannetpp,6+18+40+29+74+51+108+63,probe1,0.00165722391102463,1.649482011795044,7bc286c1b6,theta_base,1.210282325744629,1.280109167098999,0.0010324716567993164,1.841112732887268,,,,,,,,,,1.0,1.0000001192092896,1.522141843679492e-07
13,m0,scannetpp,6+18+40+29+74+51+108+63,probe1,0.0006861814763396978,1.0612783432006836,7bc286c1b6,theta_base,0.24058175086975098,0.2451232522726059,0.0006979107856750488,1.513619303703308,,,,,,,,,,,,
23,m0,scannetpp,6+18+40+29+74+51+108+63,probe1,0.0002627336943987757,0.6561095714569092,7bc286c1b6,theta_base,1.2362821102142334,1.3126590251922607,8.749961853027344e-05,0.5359537601470947,,,,,,,,,,,,
01,m1,scannetpp,6+18+40+29+74+51+108+63,probe1,0.0005651044775731862,0.9634742736816406,7bc286c1b6,theta_base,0.7072674632072449,0.757084310054779,9.894371032714844e-06,0.18022578954696655,1.0,1.0,1.1190609203182156e-11,,,,,,,,,
02,m1,scannetpp,6+18+40+29+74+51+108+63,probe1,5.776619218522683e-05,0.30646705627441406,7bc286c1b6,theta_base,0.5131471753120422,0.5529606938362122,2.0444393157958984e-05,0.2594431936740875,,,,1.0,0.9999999403953552,2.0250713816949428e-07,,,,,,
03,m1,scannetpp,6+18+40+29+74+51+108+63,probe1,0.0009707675781100988,1.262380599975586,7bc286c1b6,theta_base,0.7802309393882751,0.833649754524231,6.42538070678711e-05,0.45927542448043823,,,,,,,1.0,1.0000001192092896,1.9549980834199232e-07,,,
12,m1,scannetpp,6+18+40+29+74+51+108+63,probe1,0.0006361568812280893,1.021824598312378,7bc286c1b6,theta_base,1.192339301109314,1.280109167098999,0.00012028217315673828,0.6283844709396362,,,,,,,,,,1.0,1.0000001192092896,2.346085068438697e-07
13,m1,scannetpp,6+18+40+29+74+51+108+63,probe1,0.00010282931179972365,0.41021624207496643,7bc286c1b6,theta_base,0.22705332934856415,0.2451232522726059,0.0008485317230224609,1.6690603494644165,,,,,,,,,,,,
23,m1,scannetpp,6+18+40+29+74+51+108+63,probe1,0.0009558830060996115,1.2524206638336182,7bc286c1b6,theta_base,1.225330114364624,1.3126590251922607,6.330013275146484e-05,0.4558543562889099,,,,,,,,,,,,
01,m2,scannetpp,6+18+40+29+74+51+108+63,probe1,0.0001041307405102998,0.41401463747024536,7bc286c1b6,theta_base,0.7200213670730591,0.757084310054779,0.00026214122772216797,0.92767333984375,1.0,1.0,3.852787013036707e-12,,,,,,,,,
02,m2,scannetpp,6+18+40+29+74+51+108+63,probe1,0.00014275444846134633,0.4845678210258484,7bc286c1b6,theta_base,0.5132284164428711,0.5529606938362122,0.00023829936981201172,0.8844807744026184,,,,1.0,1.0,2.0746347217937e-07,,,,,,
03,m2,scannetpp,6+18+40+29+74+51+108+63,probe1,0.000723079836461693,1.0893033742904663,7bc286c1b6,theta_base,0.7860803604125977,0.833649754524231,0.00024503469467163086,0.8970025777816772,,,,,,,1.0,1.0000001192092896,2.121493594131607e-07,,,
12,m2,scannetpp,6+18+40+29+74+51+108+63,probe1,7.089691644068807e-05,0.3403487503528595,7bc286c1b6,theta_base,1.202200174331665,1.280109167098999,4.1484832763671875e-05,0.36903542280197144,,,,,,,,,,1.0,1.0000001192092896,3.4215111099911155e-07
13,m2,scannetpp,6+18+40+29+74+51+108+63,probe1,0.0010679563274607062,1.3238214254379272,7bc286c1b6,theta_base,0.21681179106235504,0.2451232522726059,0.003438293933868408,3.360103130340576,,,,,,,,,,,,
23,m2,scannetpp,6+18+40+29+74+51+108+63,probe1,0.0006696658674627542,1.047918677330017,7bc286c1b6,theta_base,1.2346330881118774,1.3126590251922607,0.00011998414993286133,0.627449631690979,,,,,,,,,,,,
01,m3,scannetpp,6+18+40+29+74+51+108+63,probe1,0.0006816539098508656,1.0579543113708496,7bc286c1b6,theta_base,0.7209564447402954,0.757084310054779,8.52346420288086e-05,0.5289714932441711,1.0,1.0,1.0386547524832146e-11,,,,,,,,,
02,m3,scannetpp,6+18+40+29+74+51+108+63,probe1,0.00016132043674588203,0.5151029229164124,7bc286c1b6,theta_base,0.5081158876419067,0.5529606938362122,4.4286251068115234e-05,0.381548672914505,,,,1.0,1.0000001192092896,1.0461275223860866e-07,,,,,,
03,m3,scannetpp,6+18+40+29+74+51+108+63,probe1,0.00017750365077517927,0.5395923256874084,7bc286c1b6,theta_base,0.7794032692909241,0.833649754524231,3.600120544433594e-05,0.3437809646129608,,,,,,,1.0,1.0,9.056343230895436e-08,,,
12,m3,scannetpp,6+18+40+29+74+51+108+63,probe1,0.0005910317995585501,0.984767496585846,7bc286c1b6,theta_base,1.2010445594787598,1.280109167098999,4.5299530029296875e-06,0.12194657325744629,,,,,,,,,,1.0,0.9999998807907104,1.6327481944244937e-07
13,m3,scannetpp,6+18+40+29+74+51+108+63,probe1,0.0006244629039429128,1.012590765953064,7bc286c1b6,theta_base,0.21355287730693817,0.2451232522726059,0.0010216832160949707,1.8314141035079956,,,,,,,,,,,,
23,m3,scannetpp,6+18+40+29+74+51+108+63,probe1,0.000574410252738744,0.9707583785057068,7bc286c1b6,theta_base,1.222029447555542,1.3126590251922607,1.919269561767578e-05,0.251010000705719,,,,,,,,,,,,
01,clean,scannetpp,9+20+42+31+76+54+110+65,probe0,7.575491326861084e-05,0.3505445122718811,7bc286c1b6,theta_rel,0.7650317549705505,0.7912088632583618,7.3909759521484375e-06,0.15576636791229248,1.0,1.0,2.7945625414443898e-12,,,,,,,,,
02,clean,scannetpp,9+20+42+31+76+54+110+65,probe0,1.7687539184407797e-06,0.05595291033387184,7bc286c1b6,theta_rel,0.3501483201980591,0.3606712222099304,1.0371208190917969e-05,0.18451747298240662,,,,1.0,1.0000001192092896,1.8536618995312892e-07,,,,,,
03,clean,scannetpp,9+20+42+31+76+54+110+65,probe0,3.0824194254819304e-05,0.22728195786476135,7bc286c1b6,theta_rel,0.7757420539855957,0.8005231022834778,5.185604095458984e-06,0.1312212347984314,,,,,,,1.0,0.9999999403953552,8.708702381454714e-08,,,
12,clean,scannetpp,9+20+42+31+76+54+110+65,probe0,5.678115121554583e-05,0.30390244722366333,7bc286c1b6,theta_rel,1.1009291410446167,1.137353777885437,2.950429916381836e-05,0.31153300404548645,,,,,,,,,,1.0,1.0,1.4117543400971044e-07
13,clean,scannetpp,9+20+42+31+76+54+110+65,probe0,0.00010594124614726752,0.41684067249298096,7bc286c1b6,theta_rel,0.15080860257148743,0.1570613831281662,0.00010269880294799805,0.5808088183403015,,,,,,,,,,,,
23,clean,scannetpp,9+20+42+31+76+54+110+65,probe0,2.7435624360805377e-05,0.21306245028972626,7bc286c1b6,theta_rel,1.093292474746704,1.1276236772537231,9.59634780883789e-06,0.1769387125968933,,,,,,,,,,,,
01,m0,scannetpp,9+20+42+31+76+54+110+65,probe0,0.0016828124644234776,1.6617748737335205,7bc286c1b6,theta_rel,0.7656618356704712,0.7912088632583618,0.0002576112747192383,0.9196227788925171,1.0,1.0,5.145692899555243e-12,,,,,,,,,
02,m0,scannetpp,9+20+42+31+76+54+110+65,probe0,1.3015435797569808e-05,0.14803752303123474,7bc286c1b6,theta_rel,0.3480144739151001,0.3606712222099304,1.2993812561035156e-05,0.20653380453586578,,,,1.0,0.9999998211860657,2.3290508011086786e-07,,,,,,
03,m0,scannetpp,9+20+42+31+76+54+110+65,probe0,0.0005973362131044269,0.9903156757354736,7bc286c1b6,theta_rel,0.7782136797904968,0.8005231022834778,5.513429641723633e-05,0.4252062737941742,,,,,,,1.0,1.0,1.3776255514130753e-07,,,
12,m0,scannetpp,9+20+42+31+76+54+110+65,probe0,0.0014046772848814726,1.518524408340454,7bc286c1b6,theta_rel,1.098551869392395,1.137353777885437,0.00024449825286865234,0.8959112167358398,,,,,,,,,,1.0,1.0,2.027759080647229e-07
13,m0,scannetpp,9+20+42+31+76+54+110+65,probe0,0.0007601542165502906,1.117326021194458,7bc286c1b6,theta_rel,0.15576952695846558,0.1570613831281662,0.0009462833404541016,1.7625861167907715,,,,,,,,,,,,
23,m0,scannetpp,9+20+42+31+76+54+110+65,probe0,0.0004912895383313298,0.8983104228973389,7bc286c1b6,theta_rel,1.092800259590149,1.1276236772537231,3.1948089599609375e-05,0.3238513171672821,,,,,,,,,,,,
01,m1,scannetpp,9+20+42+31+76+54+110+65,probe0,0.002883601002395153,2.1756484508514404,7bc286c1b6,theta_rel,0.7627687454223633,0.7912088632583618,0.00046324729919433594,1.2332112789154053,1.0,1.0,1.503841322303412e-12,,,,,,,,,
02,m1,scannetpp,9+20+42+31+76+54+110+65,probe0,2.880487272705068e-06,0.07401874661445618,7bc286c1b6,theta_rel,0.34778761863708496,0.3606712222099304,4.827976226806641e-06,0.1251145452260971,,,,1.0,0.9999999403953552,1.7113292472004105e-07,,,,,,
03,m1,scannetpp,9+20+42+31+76+54+110+65,probe0,0.00011013601761078462,0.4252062737941742,7bc286c1b6,theta_rel,0.7750661373138428,0.8005231022834778,2.193450927734375e-05,0.26834094524383545,,,,,,,1.0,1.0,2.149475086810071e-08,,,
12,m1,scannetpp,9+20+42+31+76+54+110+65,probe0,0.0028015305288136005,2.144662380218506,7bc286c1b6,theta_rel,1.0971245765686035,1.137353777885437,0.0005047917366027832,1.287248134613037,,,,,,,,,,1.0,1.0000001192092896,2.2305721358861774e-07
13,m1,scannetpp,9+20+42+31+76+54+110+65,probe0,0.0019206538563594222,1.775639533996582,7bc286c1b6,theta_rel,0.1684337705373764,0.1570613831281662,0.0009562373161315918,1.771888256072998,,,,,,,,,,,,
23,m1,scannetpp,9+20+42+31+76+54+110+65,probe0,8.944055298343301e-05,0.3825729787349701,7bc286c1b6,theta_rel,1.0901607275009155,1.1276236772537231,2.1755695343017578e-05,0.2668786346912384,,,,,,,,,,,,
01,m2,scannetpp,9+20+42+31+76+54+110+65,probe0,0.0017163284355774522,1.6781809329986572,7bc286c1b6,theta_rel,0.7745458483695984,0.7912088632583618,0.00015926361083984375,0.7230757474899292,1.0,1.0,2.474202917199242e-12,,,,,,,,,
02,m2,scannetpp,9+20+42+31+76+54+110+65,probe0,1.625877121114172e-05,0.16312941908836365,7bc286c1b6,theta_rel,0.3489966094493866,0.3606712222099304,2.0265579223632812e-06,0.08156468719244003,,,,1.0,1.0000001192092896,1.294431655196604e-07,,,,,,
03,m2,scannetpp,9+20+42+31+76+54+110+65,probe0,0.00014554962399415672,0.489389568567276,7bc286c1b6,theta_rel,0.7806694507598877,0.8005231022834778,2.0325183868408203e-05,0.2579303979873657,,,,,,,1.0,0.9999999403953552,4.040624901335832e-08,,,
12,m2,scannetpp,9+20+42+31+76+54+110+65,probe0,0.0015356859657913446,1.5875760316848755,7bc286c1b6,theta_rel,1.1097872257232666,1.137353777885437,0.0002009272575378418,0.8122881054878235,,,,,,,,,,1.0,1.0,1.1580771541730428e-07
13,m2,scannetpp,9+20+42+31+76+54+110+65,probe0,0.0009251337614841759,1.2322587966918945,7bc286c1b6,theta_rel,0.16414381563663483,0.1570613831281662,1.728534698486328e-05,0.23821109533309937,,,,,,,,,,,,
23,m2,scannetpp,9+20+42+31+76+54+110+65,probe0,0.00010650586045812815,0.41777849197387695,7bc286c1b6,theta_rel,1.096651554107666,1.1276236772537231,1.7762184143066406e-05,0.2414744347333908,,,,,,,,,,,,
01,m3,scannetpp,9+20+42+31+76+54+110+65,probe0,0.0005183792673051357,0.9219604134559631,7bc286c1b6,theta_rel,0.7709413766860962,0.7912088632583618,0.000141143798828125,0.6807004809379578,1.0,1.0,1.1573578900803128e-11,,,,,,,,,
02,m3,scannetpp,9+20+42+31+76+54+110+65,probe0,2.5495426598354243e-05,0.20367176830768585,7bc286c1b6,theta_rel,0.35056498646736145,0.3606712222099304,2.658367156982422e-05,0.29541367292404175,,,,1.0,1.0000001192092896,2.2943699207189638e-07,,,,,,
03,m3,scannetpp,9+20+42+31+76+54+110+65,probe0,0.0010505912359803915,1.3131351470947266,7bc286c1b6,theta_rel,0.7778664231300354,0.8005231022834778,0.00014543533325195312,0.6909716129302979,,,,,,,1.0,0.9999999403953552,4.3906080549049875e-08,,,
12,m3,scannetpp,9+20+42+31+76+54+110+65,probe0,0.0006716486532241106,1.0497844219207764,7bc286c1b6,theta_rel,1.1081442832946777,1.137353777885437,9.66191291809082e-05,0.5630174875259399,,,,,,,,,,1.0,1.0000001192092896,2.3044785280035285e-07
13,m3,scannetpp,9+20+42+31+76+54+110+65,probe0,0.0004895406309515238,0.8961296081542969,7bc286c1b6,theta_rel,0.15783585608005524,0.1570613831281662,0.0010050535202026367,1.816499948501587,,,,,,,,,,,,
23,m3,scannetpp,9+20+42+31+76+54+110+65,probe0,0.0013829667586833239,1.5068813562393188,7bc286c1b6,theta_rel,1.0964075326919556,1.1276236772537231,8.571147918701172e-05,0.5304490923881531,,,,,,,,,,,,
01,clean,scannetpp,6+18+40+29+74+51+108+63,probe1,0.0001582145196152851,0.508988618850708,7bc286c1b6,theta_rel,0.7131966352462769,0.757084310054779,4.947185516357422e-05,0.402997761964798,1.0,1.0,4.839203256862268e-12,,,,,,,,,
02,clean,scannetpp,6+18+40+29+74+51+108+63,probe1,2.432274595776107e-05,0.19782350957393646,7bc286c1b6,theta_rel,0.5099653005599976,0.5529606938362122,0.00011330842971801758,0.6097356081008911,,,,1.0,1.0,1.2660582626722316e-07,,,,,,
03,clean,scannetpp,6+18+40+29+74+51+108+63,probe1,0.0002983105950988829,0.6994156837463379,7bc286c1b6,theta_rel,0.7864255309104919,0.833649754524231,8.285045623779297e-06,0.16551098227500916,,,,,,,1.0,1.0000001192092896,1.8202840124104114e-07,,,
12,clean,scannetpp,6+18+40+29+74+51+108+63,probe1,0.00014524873404297978,0.487787663936615,7bc286c1b6,theta_rel,1.195014476776123,1.280109167098999,6.556510925292969e-07,0.04845663905143738,,,,,,,,,,1.0,0.9999999403953552,1.2006229610506125e-07
13,clean,scannetpp,6+18+40+29+74+51+108+63,probe1,0.00013991240120958537,0.47969770431518555,7bc286c1b6,theta_rel,0.22290188074111938,0.2451232522726059,0.00015681982040405273,0.7176430225372314,,,,,,,,,,,,
23,clean,scannetpp,6+18+40+29+74+51+108+63,probe1,0.0003065882483497262,0.7088640928268433,7bc286c1b6,theta_rel,1.22767972946167,1.3126590251922607,6.0439109802246094e-05,0.4454333782196045,,,,,,,,,,,,
01,m0,scannetpp,6+18+40+29+74+51+108+63,probe1,0.0025193996261805296,2.0337467193603516,7bc286c1b6,theta_rel,0.7220861911773682,0.757084310054779,0.000666499137878418,1.4792258739471436,1.0,1.0,1.0469029289306153e-11,,,,,,,,,
02,m0,scannetpp,6+18+40+29+74+51+108+63,probe1,0.00016496289754286408,0.5203939080238342,7bc286c1b6,theta_rel,0.513428807258606,0.5529606938362122,0.0003612041473388672,1.0889439582824707,,,,1.0,0.9999999403953552,1.5410205378429964e-07,,,,,,
03,m0,scannetpp,6+18+40+29+74+51+108+63,probe1,0.00044856936438009143,0.858206033706665,7bc286c1b6,theta_rel,0.7879276275634766,0.833649754524231,4.1365623474121094e-05,0.3685048222541809,,,,,,,1.0,0.9999999403953552,7.412364055880971e-08,,,
12,m0,scannetpp,6+18+40+29+74+51+108+63,probe1,0.002352057956159115,1.965031623840332,7bc286c1b6,theta_rel,1.212132215499878,1.280109167098999,0.0012395381927490234,2.0173208713531494,,,,,,,,,,1.0,0.9999998807907104,2.0894286478778668e-07
13,m0,scannetpp,6+18+40+29+74+51+108+63,probe1,0.0009773971978574991,1.2667137384414673,7bc286c1b6,theta_rel,0.24051690101623535,0.2451232522726059,0.0013648271560668945,2.116830825805664,,,,,,,,,,,,
23,m0,scannetpp,6+18+40+29+74+51+108+63,probe1,0.0003611648571677506,0.7702479362487793,7bc286c1b6,theta_rel,1.2362980842590332,1.3126590251922607,1.7523765563964844e-05,0.23984834551811218,,,,,,,,,,,,
01,m1,scannetpp,6+18+40+29+74+51+108+63,probe1,0.000635076779872179,1.0206748247146606,7bc286c1b6,theta_rel,0.7078003287315369,0.757084310054779,4.559755325317383e-05,0.38664302229881287,1.0,1.0,5.316414843081763e-12,,,,,,,,,
02,m1,scannetpp,6+18+40+29+74+51+108+63,probe1,3.514107083901763e-05,0.24066275358200073,7bc286c1b6,theta_rel,0.5133103728294373,0.5529606938362122,2.8967857360839844e-05,0.3083765506744385,,,,1.0,1.0000001192092896,1.9805932538474735e-07,,,,,,
03,m1,scannetpp,6+18+40+29+74+51+108+63,probe1,0.0005303446087054908,0.9329318404197693,7bc286c1b6,theta_rel,0.7803662419319153,0.833649754524231,2.384185791015625e-05,0.2797648310661316,,,,,,,1.0,1.0,1.7883837699628202e-07,,,
12,m1,scannetpp,6+18+40+29+74+51+108+63,probe1,0.0008777008624747396,1.1997519731521606,7bc286c1b6,theta_rel,1.1936036348342896,1.280109167098999,0.00022733211517333984,0.8638874292373657,,,,,,,,,,1.0,1.0,2.0388544896832173e-07
13,m1,scannetpp,6+18+40+29+74+51+108+63,probe1,5.5507174693048e-05,0.3013159930706024,7bc286c1b6,theta_rel,0.23054268956184387,0.2451232522726059,0.00014132261276245117,0.6812751889228821,,,,,,,,,,,,
23,m1,scannetpp,6+18+40+29+74+51+108+63,probe1,0.0007007558597251773,1.0719190835952759,7bc286c1b6,theta_rel,1.22462797164917,1.3126590251922607,1.6927719116210938e-05,0.23573395609855652,,,,,,,,,,,,
01,m2,scannetpp,6+18+40+29+74+51+108+63,probe1,0.00017726093938108534,0.5395923256874084,7bc286c1b6,theta_rel,0.7202730178833008,0.757084310054779,0.000225067138671875,0.8595729470252991,1.0,1.0,5.393625650274014e-12,,,,,,,,,
02,m2,scannetpp,6+18+40+29+74+51+108+63,probe1,7.299166463781148e-05,0.3460501730442047,7bc286c1b6,theta_rel,0.5123775005340576,0.5529606938362122,0.00023180246353149414,0.8722279667854309,,,,1.0,1.0000001192092896,2.4991436475829687e-08,,,,,,
03,m2,scannetpp,6+18+40+29+74+51+108+63,probe1,0.0005632073734886944,0.9610341191291809,7bc286c1b6,theta_rel,0.7864544987678528,0.833649754524231,0.00025027990341186523,0.9065502285957336,,,,,,,1.0,1.0,6.729155899165562e-08,,,
12,m2,scannetpp,6+18+40+29+74+51+108+63,probe1,0.00011985450692009181,0.4423476755619049,7bc286c1b6,theta_rel,1.2021968364715576,1.280109167098999,3.701448440551758e-05,0.3483045995235443,,,,,,,,,,1.0,1.0000001192092896,2.512454670977604e-07
13,m2,scannetpp,6+18+40+29+74+51+108+63,probe1,0.0009314651833847165,1.2363808155059814,7bc286c1b6,theta_rel,0.21737071871757507,0.2451232522726059,0.0021483898162841797,2.6559386253356934,,,,,,,,,,,,
23,m2,scannetpp,6+18+40+29+74+51+108+63,probe1,0.0006027232157066464,0.9942596554756165,7bc286c1b6,theta_rel,1.2343981266021729,1.3126590251922607,5.924701690673828e-05,0.44101864099502563,,,,,,,,,,,,
01,m3,scannetpp,6+18+40+29+74+51+108+63,probe1,0.0006401429418474436,1.0248841047286987,7bc286c1b6,theta_rel,0.7227751016616821,0.757084310054779,7.677078247070312e-05,0.5020211338996887,1.0,1.0,3.667541530888441e-12,,,,,,,,,
02,m3,scannetpp,6+18+40+29+74+51+108+63,probe1,7.662854477530345e-05,0.35387784242630005,7bc286c1b6,theta_rel,0.5118552446365356,0.5529606938362122,2.753734588623047e-05,0.3006659150123596,,,,1.0,1.0000001192092896,1.3571161616710015e-07,,,,,,
03,m3,scannetpp,6+18+40+29+74+51+108+63,probe1,5.926527956034988e-05,0.31153300404548645,7bc286c1b6,theta_rel,0.7799118757247925,0.833649754524231,3.552436828613281e-05,0.34149664640426636,,,,,,,1.0,1.0,7.139033897374247e-08,,,
12,m3,scannetpp,6+18+40+29+74+51+108+63,probe1,0.0006696387426927686,1.0482920408248901,7bc286c1b6,theta_rel,1.206815242767334,1.280109167098999,3.218650817871094e-05,0.3250574469566345,,,,,,,,,,1.0,1.0,1.6781159217771346e-07
13,m3,scannetpp,6+18+40+29+74+51+108+63,probe1,0.0006448468775488436,1.0286955833435059,7bc286c1b6,theta_rel,0.213785320520401,0.2451232522726059,0.0007680654525756836,1.5879456996917725,,,,,,,,,,,,
23,m3,scannetpp,6+18+40+29+74+51+108+63,probe1,0.00026012197486124933,0.6525209546089172,7bc286c1b6,theta_rel,1.2260842323303223,1.3126590251922607,6.794929504394531e-06,0.14935344457626343,,,,,,,,,,,,
01,clean,scannetpp,1+54+87+108+111+154+200+204,probe0,0.00014181362348608673,0.4829499423503876,9071e139d9,theta0,1.1254066228866577,1.27779221534729,1.8596649169921875e-05,0.24708153307437897,1.0,1.0,7.335739654612539e-12,,,,,,,,,
02,clean,scannetpp,1+54+87+108+111+154+200+204,probe0,0.0006762982811778784,1.0538772344589233,9071e139d9,theta0,1.0948811769485474,1.2430158853530884,5.02467155456543e-05,0.40638232231140137,,,,1.0,1.0,1.3501899331913592e-07,,,,,,
03,clean,scannetpp,1+54+87+108+111+154+200+204,probe0,3.160083906550426e-06,0.07401874661445618,9071e139d9,theta0,0.19879193603992462,0.22417865693569183,2.300739288330078e-05,0.2748253345489502,,,,,,,1.0,1.000000238418579,2.4990330871332844e-07,,,
12,clean,scannetpp,1+54+87+108+111+154+200+204,probe0,0.0007517042686231434,1.1106510162353516,9071e139d9,theta0,0.04426773265004158,0.056473080068826675,0.0049800872802734375,4.044187545776367,,,,,,,,,,1.0,1.0,1.2216140987675317e-07
13,clean,scannetpp,1+54+87+108+111+154+200+204,probe0,0.00017154062516056,0.5308178663253784,9071e139d9,theta0,1.307999849319458,1.4836376905441284,7.677078247070312e-05,0.5020211338996887,,,,,,,,,,,,
23,clean,scannetpp,1+54+87+108+111+154+200+204,probe0,0.0007540896767750382,1.1127632856369019,9071e139d9,theta0,1.278722882270813,1.450386881828308,0.00017082691192626953,0.7488656044006348,,,,,,,,,,,,
01,m0,scannetpp,1+54+87+108+111+154+200+204,probe0,0.0023777405731379986,1.9757587909698486,9071e139d9,theta0,1.1185964345932007,1.27779221534729,6.264448165893555e-05,0.45370301604270935,1.0,1.0,1.0290385731026586e-11,,,,,,,,,
02,m0,scannetpp,1+54+87+108+111+154+200+204,probe0,0.0015902862651273608,1.6159210205078125,9071e139d9,theta0,1.0993587970733643,1.2430158853530884,2.6285648345947266e-05,0.29341986775398254,,,,1.0,1.0000001192092896,1.360631500801901e-07,,,,,,
03,m0,scannetpp,1+54+87+108+111+154+200+204,probe0,2.0277384464861825e-05,0.1834539771080017,9071e139d9,theta0,0.1974213570356369,0.22417865693569183,9.268522262573242e-05,0.551784098148346,,,,,,,1.0,0.9999999403953552,2.0001341738407064e-07,,,
12,m0,scannetpp,1+54+87+108+111+154+200+204,probe0,0.0001903298543766141,0.5595313310623169,9071e139d9,theta0,0.046501122415065765,0.056473080068826675,0.04612189531326294,12.328608512878418,,,,,,,,,,1.0,0.9999999403953552,1.4936857084535404e-08
13,m0,scannetpp,1+54+87+108+111+154+200+204,probe0,0.0026761149056255817,2.09611177444458,9071e139d9,theta0,1.300333023071289,1.4836376905441284,0.0007271170616149902,1.5450971126556396,,,,,,,,,,,,
23,m0,scannetpp,1+54+87+108+111+154+200+204,probe0,0.00184500846080482,1.7404632568359375,9071e139d9,theta0,1.2827982902526855,1.450386881828308,0.00037086009979248047,1.1034035682678223,,,,,,,,,,,,
01,m1,scannetpp,1+54+87+108+111+154+200+204,probe0,0.0010347140487283468,1.3032625913619995,9071e139d9,theta0,1.1013822555541992,1.27779221534729,0.00010967254638671875,0.6000308394432068,1.0,1.0,1.4008387548905543e-12,,,,,,,,,
02,m1,scannetpp,1+54+87+108+111+154+200+204,probe0,0.00021305846166796982,0.5914912819862366,9071e139d9,theta0,1.096086025238037,1.2430158853530884,5.364418029785156e-07,0.03956468030810356,,,,1.0,1.0,2.0124403476984298e-07,,,,,,
03,m1,scannetpp,1+54+87+108+111+154+200+204,probe0,9.488397154200356e-06,0.1251145452260971,9071e139d9,theta0,0.200779989361763,0.22417865693569183,0.00013583898544311523,0.6679324507713318,,,,,,,1.0,1.0000001192092896,3.649222719559475e-07,,,
12,m1,scannetpp,1+54+87+108+111+154+200+204,probe0,0.0020176158286631107,1.8196218013763428,9071e139d9,theta0,0.023625066503882408,0.056473080068826675,0.09932160377502441,18.13252830505371,,,,,,,,,,1.0,1.0,2.992864267525874e-08
13,m1,scannetpp,1+54+87+108+111+154+200+204,probe0,0.001041972078382969,1.3080586194992065,9071e139d9,theta0,1.2866671085357666,1.4836376905441284,5.358457565307617e-05,0.419647753238678,,,,,,,,,,,,
23,m1,scannetpp,1+54+87+108+111+154+200+204,probe0,0.0002019878156716004,0.5760728716850281,9071e139d9,theta0,1.282070279121399,1.450386881828308,2.6404857635498047e-05,0.2947505712509155,,,,,,,,,,,,
01,m2,scannetpp,1+54+87+108+111+154+200+204,probe0,0.0008054241770878434,1.1497801542282104,9071e139d9,theta0,1.1343214511871338,1.27779221534729,0.0001227855682373047,0.634890079498291,1.0,1.0,6.750228089165422e-13,,,,,,,,,
02,m2,scannetpp,1+54+87+108+111+154+200+204,probe0,0.00042106700129806995,0.8318071365356445,9071e139d9,theta0,1.1049492359161377,1.2430158853530884,8.404254913330078e-06,0.16551098227500916,,,,1.0,1.0000001192092896,2.0187978577723698e-07,,,,,,
03,m2,scannetpp,1+54+87+108+111+154+200+204,probe0,6.44394594928599e-06,0.10467831790447235,9071e139d9,theta0,0.1973072737455368,0.22417865693569183,6.473064422607422e-05,0.4609764516353607,,,,,,,1.0,1.0000001192092896,1.9724662081443967e-07,,,
12,m2,scannetpp,1+54+87+108+111+154+200+204,probe0,0.0013309218920767307,1.4777699708938599,9071e139d9,theta0,0.03827308863401413,0.056473080068826675,0.0336993932723999,10.532837867736816,,,,,,,,,,1.0,0.9999998807907104,6.250687079045747e-08
13,m2,scannetpp,1+54+87+108+111+154+200+204,probe0,0.0008532151114195585,1.1836597919464111,9071e139d9,theta0,1.316733479499817,1.4836376905441284,2.3245811462402344e-06,0.08846932649612427,,,,,,,,,,,,
23,m2,scannetpp,1+54+87+108+111+154+200+204,probe0,0.0004923703381791711,0.8987459540367126,9071e139d9,theta0,1.2884238958358765,1.450386881828308,5.65648078918457e-05,0.4306930601596832,,,,,,,,,,,,
01,m3,scannetpp,1+54+87+108+111+154+200+204,probe0,0.0005686586955562234,0.965908408164978,9071e139d9,theta0,1.1366636753082275,1.27779221534729,5.4836273193359375e-06,0.13417038321495056,1.0,1.0,2.0741353079500868e-11,,,,,,,,,
02,m3,scannetpp,1+54+87+108+111+154+200+204,probe0,0.00023539159155916423,0.6218108534812927,9071e139d9,theta0,1.1107118129730225,1.2430158853530884,5.65648078918457e-05,0.4306930601596832,,,,1.0,1.0000001192092896,2.769207299024856e-07,,,,,,
03,m3,scannetpp,1+54+87+108+111+154+200+204,probe0,1.605373472557403e-05,0.16312941908836365,9071e139d9,theta0,0.19965723156929016,0.22417865693569183,0.0001462697982788086,0.6929511427879333,,,,,,,1.0,1.0,1.6672073854806513e-07,,,
12,m3,scannetpp,1+54+87+108+111+154+200+204,probe0,0.0010053690057247877,1.2845087051391602,9071e139d9,theta0,0.04042976349592209,0.056473080068826675,0.00395047664642334,3.6017940044403076,,,,,,,,,,1.0,1.0,2.3814431315827278e-08
13,m3,scannetpp,1+54+87+108+111+154+200+204,probe0,0.0007719297427684069,1.1257011890411377,9071e139d9,theta0,1.3202365636825562,1.4836376905441284,0.00017726421356201172,0.7628451585769653,,,,,,,,,,,,
23,m3,scannetpp,1+54+87+108+111+154+200+204,probe0,0.0002353172458242625,0.6218108534812927,9071e139d9,theta0,1.2955741882324219,1.450386881828308,2.0682811737060547e-05,0.26094722747802734,,,,,,,,,,,,
01,clean,scannetpp,66+72+79+110+162+188+214+226,probe1,1.5688245184719563e-05,0.15576636791229248,9071e139d9,theta0,0.7348953485488892,0.6887057423591614,4.082918167114258e-05,0.36584022641181946,1.0,1.0,1.0920627466562416e-12,,,,,,,,,
02,clean,scannetpp,66+72+79+110+162+188+214+226,probe1,3.673089850053657e-06,0.07401874661445618,9071e139d9,theta0,0.2016153335571289,0.1923777461051941,1.71661376953125e-05,0.2373882383108139,,,,1.0,1.0,2.4787948404991766e-07,,,,,,
03,clean,scannetpp,66+72+79+110+162+188+214+226,probe1,6.118837063695537e-06,0.09691329300403595,9071e139d9,theta0,0.9234054684638977,0.8843482136726379,1.430511474609375e-06,0.06852804869413376,,,,,,,1.0,1.0,1.8106045729382458e-07,,,
12,clean,scannetpp,66+72+79+110+162+188+214+226,probe1,6.8697436290676706e-06,0.10087055712938309,9071e139d9,theta0,0.8177730441093445,0.7674728035926819,2.8014183044433594e-06,0.09691329300403595,,,,,,,,,,1.0,1.0,6.117399209415453e-08
13,clean,scannetpp,66+72+79+110+162+188+214+226,probe1,7.871914021961857e-06,0.10835235565900803,9071e139d9,theta0,1.4251890182495117,1.3493163585662842,9.715557098388672e-06,0.17913678288459778,,,,,,,,,,,,
23,clean,scannetpp,66+72+79+110+162+188+214+226,probe1,7.816880497557577e-06,0.10467831790447235,9071e139d9,theta0,0.7318048477172852,0.7012441158294678,1.5497207641601562e-06,0.07132625579833984,,,,,,,,,,,,
01,m0,scannetpp,66+72+79+110+162+188+214+226,probe1,5.6587035942357033e-05,0.30390244722366333,9071e139d9,theta0,0.7265178561210632,0.6887057423591614,0.00022536516189575195,0.8600281476974487,1.0,1.0,1.036997571146614e-11,,,,,,,,,
02,m0,scannetpp,66+72+79+110+162+188+214+226,probe1,2.8635646231123246e-05,0.2167048156261444,9071e139d9,theta0,0.201859250664711,0.1923777461051941,4.124641418457031e-05,0.3679734468460083,,,,1.0,0.9999998807907104,2.1848923381639906e-07,,,,,,
03,m0,scannetpp,66+72+79+110+162+188+214+226,probe1,0.00023431555018760264,0.6199198961257935,9071e139d9,theta0,0.9138223528862,0.8843482136726379,4.4226646423339844e-05,0.3810355067253113,,,,,,,1.0,1.0,3.64444971978628e-08,,,
12,m0,scannetpp,66+72+79+110+162+188+214+226,probe1,5.8576777519192547e-05,0.3077413737773895,9071e139d9,theta0,0.8100162148475647,0.7674728035926819,0.00026339292526245117,0.9299906492233276,,,,,,,,,,1.0,1.0,6.102819583020391e-08
13,m0,scannetpp,66+72+79+110+162+188+214+226,probe1,0.00026545178843662143,0.659085214138031,9071e139d9,theta0,1.4105863571166992,1.3493163585662842,5.3763389587402344e-05,0.42011380195617676,,,,,,,,,,,,
23,m0,scannetpp,66+72+79+110+162+188+214+226,probe1,0.00017015358025673777,0.5278605818748474,9071e139d9,theta0,0.7216816544532776,0.7012441158294678,9.715557098388672e-06,0.17913678288459778,,,,,,,,,,,,
01,m1,scannetpp,66+72+79+110+162+188+214+226,probe1,0.00023997630341909826,0.6255756616592407,9071e139d9,theta0,0.7412830591201782,0.6887057423591614,0.0002060532569885254,0.8223435282707214,1.0,1.0,2.340866859888973e-14,,,,,,,,,
02,m1,scannetpp,66+72+79+110+162+188+214+226,probe1,0.00015814568905625492,0.508988618850708,9071e139d9,theta0,0.21366913616657257,0.1923777461051941,0.0009031891822814941,1.721924066543579,,,,1.0,1.0000003576278687,4.326228975060076e-07,,,,,,
03,m1,scannetpp,66+72+79+110+162+188+214+226,probe1,0.00024706084514036775,0.6367365717887878,9071e139d9,theta0,0.9465646743774414,0.8843482136726379,0.00012367963790893555,0.6373509168624878,,,,,,,1.0,1.0000001192092896,8.22497625563301e-08,,,
12,m1,scannetpp,66+72+79+110+162+188+214+226,probe1,0.00013574963668361306,0.46980592608451843,9071e139d9,theta0,0.8213440179824829,0.7674728035926819,9.918212890625e-05,0.5706123113632202,,,,,,,,,,1.0,0.9999998211860657,1.6523358681297395e-07
13,m1,scannetpp,66+72+79+110+162+188+214+226,probe1,0.0001553876354591921,0.5028000473976135,9071e139d9,theta0,1.4370523691177368,1.3493163585662842,6.777048110961914e-05,0.4714689254760742,,,,,,,,,,,,
23,m1,scannetpp,66+72+79+110+162+188+214+226,probe1,4.844301656703465e-05,0.2811601758003235,9071e139d9,theta0,0.7454188466072083,0.7012441158294678,2.384185791015625e-06,0.08846932649612427,,,,,,,,,,,,
01,m2,scannetpp,66+72+79+110+162+188+214+226,probe1,0.000919570040423423,1.2278043031692505,9071e139d9,theta0,0.7147271633148193,0.6887057423591614,1.7821788787841797e-05,0.24228337407112122,1.0,0.9999999403953552,5.6743790222135715e-11,,,,,,,,,
02,m2,scannetpp,66+72+79+110+162+188+214+226,probe1,5.005146704206709e-06,0.08846932649612427,9071e139d9,theta0,0.20129333436489105,0.1923777461051941,0.0007430315017700195,1.5618513822555542,,,,1.0,1.0000001192092896,3.4078448152286e-07,,,,,,
03,m2,scannetpp,66+72+79+110+162+188+214+226,probe1,2.736753594945185e-05,0.2112177163362503,9071e139d9,theta0,0.90960294008255,0.8843482136726379,1.9311904907226562e-05,0.25178831815719604,,,,,,,1.0,1.0,2.9156064229596268e-08,,,
12,m2,scannetpp,66+72+79+110+162+188+214+226,probe1,0.0008398917270824313,1.1733651161193848,9071e139d9,theta0,0.7903316020965576,0.7674728035926819,0.00020951032638549805,0.829451322555542,,,,,,,,,,1.0,1.0,1.601004555595864e-07
13,m2,scannetpp,66+72+79+110+162+188+214+226,probe1,0.0007268058834597468,1.0910981893539429,9071e139d9,theta0,1.3890388011932373,1.3493163585662842,0.0001582503318786621,0.7209075689315796,,,,,,,,,,,,
23,m2,scannetpp,66+72+79+110+162+188+214+226,probe1,2.0923720512655564e-05,0.1834539771080017,9071e139d9,theta0,0.7202805876731873,0.7012441158294678,9.59634780883789e-06,0.1769387125968933,,,,,,,,,,,,
01,m3,scannetpp,66+72+79+110+162+188+214+226,probe1,0.00023265418712981045,0.6173895597457886,9071e139d9,theta0,0.7042079567909241,0.6887057423591614,0.0030098557472229004,3.143733024597168,1.0,1.0,2.6228103890135746e-12,,,,,,,,,
02,m3,scannetpp,66+72+79+110+162+188+214+226,probe1,6.1009970522718504e-05,0.3165178596973419,9071e139d9,theta0,0.20904453098773956,0.1923777461051941,7.510185241699219e-06,0.1570175141096115,,,,1.0,0.9999997019767761,3.0467677447632013e-07,,,,,,
03,m3,scannetpp,66+72+79+110+162+188+214+226,probe1,0.00017213195678777993,0.5315545797348022,9071e139d9,theta0,0.9439084529876709,0.8843482136726379,3.159046173095703e-05,0.3220336139202118,,,,,,,1.0,1.0,1.3162701861801906e-07,,,
12,m3,scannetpp,66+72+79+110+162+188+214+226,probe1,0.00014428487338591367,0.4861803948879242,9071e139d9,theta0,0.7780435085296631,0.7674728035926819,0.0019097328186035156,2.5040531158447266,,,,,,,,,,1.0,1.0,1.339435726777083e-07
13,m3,scannetpp,66+72+79+110+162+188+214+226,probe1,5.9375630371505395e-05,0.31153300404548645,9071e139d9,theta0,1.3788485527038574,1.3493163585662842,0.00023162364959716797,0.8720036149024963,,,,,,,,,,,,
23,m3,scannetpp,66+72+79+110+162+188+214+226,probe1,0.00010739385470515117,0.41871416568756104,9071e139d9,theta0,0.7443605065345764,0.7012441158294678,8.52346420288086e-06,0.1678587943315506,,,,,,,,,,,,
01,clean,scannetpp,1+54+87+108+111+154+200+204,probe0,7.523591193603352e-05,0.3516591489315033,9071e139d9,theta_base,1.1275602579116821,1.27779221534729,1.2695789337158203e-05,0.20367176830768585,1.0,1.0,2.217727954403892e-12,,,,,,,,,
02,clean,scannetpp,1+54+87+108+111+154+200+204,probe0,0.0005341472569853067,0.937117338180542,9071e139d9,theta_base,1.0971615314483643,1.2430158853530884,4.106760025024414e-05,0.36690840125083923,,,,1.0,1.0,1.1483408002277429e-07,,,,,,
03,clean,scannetpp,1+54+87+108+111+154+200+204,probe0,1.247942122972745e-06,0.04845663905143738,9071e139d9,theta_base,0.19826561212539673,0.22417865693569183,1.5974044799804688e-05,0.22899730503559113,,,,,,,1.0,0.9999997019767761,4.497332497521711e-07,,,
12,clean,scannetpp,1+54+87+108+111+154+200+204,probe0,0.0005788943381048739,0.975584089756012,9071e139d9,theta_base,0.04461926966905594,0.056473080068826675,0.0032454729080200195,3.2645280361175537,,,,,,,,,,1.0,0.9999999403953552,1.2349038058800943e-07
13,clean,scannetpp,1+54+87+108+111+154+200+204,probe0,8.414550393354148e-05,0.37220317125320435,9071e139d9,theta_base,1.3096559047698975,1.4836376905441284,4.583597183227539e-05,0.3876538872718811,,,,,,,,,,,,
23,clean,scannetpp,1+54+87+108+111+154+200+204,probe0,0.000583198678214103,0.9791879057884216,9071e139d9,theta_base,1.280463457107544,1.450386881828308,0.00013953447341918945,0.6766641139984131,,,,,,,,,,,,
01,m0,scannetpp,1+54+87+108+111+154+200+204,probe0,0.0023163538426160812,1.9498343467712402,9071e139d9,theta_base,1.1204044818878174,1.27779221534729,6.371736526489258e-05,0.4571402966976166,1.0,1.0,5.18863554552218e-12,,,,,,,,,
02,m0,scannetpp,1+54+87+108+111+154+200+204,probe0,0.001443520886823535,1.539259910583496,9071e139d9,theta_base,1.1006251573562622,1.2430158853530884,1.9669532775878906e-05,0.2541089653968811,,,,1.0,1.000000238418579,2.7981909056506993e-07,,,,,,
03,m0,scannetpp,1+54+87+108+111+154+200+204,probe0,2.1337789803510532e-05,0.18767184019088745,9071e139d9,theta_base,0.19714538753032684,0.22417865693569183,9.942054748535156e-05,0.5712977051734924,,,,,,,1.0,1.0000001192092896,3.2186844123316405e-07,,,
12,m0,scannetpp,1+54+87+108+111+154+200+204,probe0,0.00024096984998323023,0.62807297706604,9071e139d9,theta_base,0.0469733290374279,0.056473080068826675,0.04792594909667969,12.568373680114746,,,,,,,,,,1.0,1.0000001192092896,1.3445928459532297e-07
13,m0,scannetpp,1+54+87+108+111+154+200+204,probe0,0.002573243109509349,2.055189847946167,9071e139d9,theta_base,1.3018691539764404,1.4836376905441284,0.0007329583168029785,1.5511646270751953,,,,,,,,,,,,
23,m0,scannetpp,1+54+87+108+111+154+200+204,probe0,0.001650423277169466,1.645918846130371,9071e139d9,theta_base,1.2838624715805054,1.450386881828308,0.00032955408096313477,1.0400463342666626,,,,,,,,,,,,
01,m1,scannetpp,1+54+87+108+111+154+200+204,probe0,0.0007399326423183084,1.1021615266799927,9071e139d9,theta_base,1.1106934547424316,1.27779221534729,6.282329559326172e-05,0.45413410663604736,1.0,1.0,1.4042302910743931e-11,,,,,,,,,
02,m1,scannetpp,1+54+87+108+111+154+200+204,probe0,0.00015337966033257544,0.5020211338996887,9071e139d9,theta_base,1.1011708974838257,1.2430158853530884,9.59634780883789e-06,0.1769387125968933,,,,1.0,0.9999999403953552,2.0814670165236748e-07,,,,,,
03,m1,scannetpp,1+54+87+108+111+154+200+204,probe0,8.67541257321136e-06,0.11869406700134277,9071e139d9,theta_base,0.19926588237285614,0.22417865693569183,9.357929229736328e-05,0.5542609095573425,,,,,,,1.0,1.0000001192092896,1.7034236066137964e-07,,,
12,m1,scannetpp,1+54+87+108+111+154+200+204,probe0,0.0014879782684147358,1.5627281665802002,9071e139d9,theta_base,0.027202915400266647,0.056473080068826675,0.05114227533340454,12.985007286071777,,,,,,,,,,1.0,1.0000001192092896,1.2087630807400274e-07
13,m1,scannetpp,1+54+87+108+111+154+200+204,probe0,0.0008014392806217074,1.1473948955535889,9071e139d9,theta_base,1.2941302061080933,1.4836376905441284,8.249282836914062e-05,0.5203939080238342,,,,,,,,,,,,
23,m1,scannetpp,1+54+87+108+111+154+200+204,probe0,0.00011202075984328985,0.4288719594478607,9071e139d9,theta_base,1.2855558395385742,1.450386881828308,4.5299530029296875e-06,0.12194657325744629,,,,,,,,,,,,
01,m2,scannetpp,1+54+87+108+111+154+200+204,probe0,0.0009517030557617545,1.250231146812439,9071e139d9,theta_base,1.1347994804382324,1.27779221534729,6.568431854248047e-05,0.464359849691391,1.0,1.0,5.185927208495311e-12,,,,,,,,,
02,m2,scannetpp,1+54+87+108+111+154+200+204,probe0,0.0003310124739073217,0.7380746603012085,9071e139d9,theta_base,1.1068214178085327,1.2430158853530884,5.960464477539062e-07,0.044234659522771835,,,,1.0,0.9999998807907104,1.9010310836620192e-07,,,,,,
03,m2,scannetpp,1+54+87+108+111+154+200+204,probe0,4.818411071028095e-06,0.08846932649612427,9071e139d9,theta_base,0.19641372561454773,0.22417865693569183,4.303455352783203e-05,0.3758651614189148,,,,,,,1.0,0.9999999403953552,1.3755439454143925e-07,,,
12,m2,scannetpp,1+54+87+108+111+154+200+204,probe0,0.0011049376334995031,1.3469746112823486,9071e139d9,theta_base,0.03971528261899948,0.056473080068826675,0.021408796310424805,8.390869140625,,,,,,,,,,1.0,1.0,1.701819059007903e-07
13,m2,scannetpp,1+54+87+108+111+154+200+204,probe0,0.0010378706501796842,1.3053630590438843,9071e139d9,theta_base,1.3157787322998047,1.4836376905441284,3.2842159271240234e-05,0.3286494016647339,,,,,,,,,,,,
23,m2,scannetpp,1+54+87+108+111+154+200+204,probe0,0.00038557624793611467,0.7957385778427124,9071e139d9,theta_base,1.2890368700027466,1.450386881828308,0.0001035928726196289,0.5831623077392578,,,,,,,,,,,,
01,m3,scannetpp,1+54+87+108+111+154+200+204,probe0,0.0006133417482487857,1.004051923751831,9071e139d9,theta_base,1.1338536739349365,1.27779221534729,2.7418136596679688e-06,0.09487278759479523,1.0,1.0,1.1504965383157817e-11,,,,,,,,,
02,m3,scannetpp,1+54+87+108+111+154+200+204,probe0,0.00011054658534703776,0.4261256754398346,9071e139d9,theta_base,1.1105412244796753,1.2430158853530884,3.2901763916015625e-05,0.3286494016647339,,,,1.0,0.9999997019767761,5.097500661577214e-07,,,,,,
03,m3,scannetpp,1+54+87+108+111+154+200+204,probe0,1.3257309547043405e-05,0.1453699767589569,9071e139d9,theta_base,0.19980522990226746,0.22417865693569183,0.0001372694969177246,0.6714387536048889,,,,,,,1.0,0.9999998211860657,1.847303252588972e-07,,,
12,m3,scannetpp,1+54+87+108+111+154+200+204,probe0,0.0009070165106095374,1.2207714319229126,9071e139d9,theta_base,0.040728602558374405,0.056473080068826675,0.005882740020751953,4.395608425140381,,,,,,,,,,1.0,1.0000001192092896,1.4100419321039226e-07
13,m3,scannetpp,1+54+87+108+111+154+200+204,probe0,0.0007953256135806441,1.1432945728302002,9071e139d9,theta_base,1.3177123069763184,1.4836376905441284,0.0001634359359741211,0.7324860095977783,,,,,,,,,,,,
23,m3,scannetpp,1+54+87+108+111+154+200+204,probe0,0.00011656215065158904,0.4379018545150757,9071e139d9,theta_base,1.2957583665847778,1.450386881828308,8.046627044677734e-06,0.16312941908836365,,,,,,,,,,,,
01,clean,scannetpp,66+72+79+110+162+188+214+226,probe1,4.681429345509969e-06,0.07912936806678772,9071e139d9,theta_base,0.7356921434402466,0.6887057423591614,4.094839096069336e-05,0.36690840125083923,1.0,1.0,3.2208870986982774e-12,,,,,,,,,
02,clean,scannetpp,66+72+79+110+162+188+214+226,probe1,1.37251925025339e-06,0.04845663905143738,9071e139d9,theta_base,0.20185987651348114,0.1923777461051941,2.288818359375e-05,0.27411243319511414,,,,1.0,0.9999998807907104,1.4266176151522814e-07,,,,,,
03,clean,scannetpp,66+72+79+110+162+188+214+226,probe1,7.092268788255751e-06,0.10835235565900803,9071e139d9,theta_base,0.9236516952514648,0.8843482136726379,1.7285346984863281e-06,0.07401874661445618,,,,,,,1.0,0.9999999403953552,6.394063944981099e-08,,,
12,clean,scannetpp,66+72+79+110+162+188+214+226,probe1,2.841846253431868e-06,0.06255725771188736,9071e139d9,theta_base,0.8184503316879272,0.7674728035926819,7.68899917602539e-06,0.15825878083705902,,,,,,,,,,1.0,0.9999999403953552,2.2768544738482888e-07
13,clean,scannetpp,66+72+79+110+162+188+214+226,probe1,4.456539386410441e-07,0.0,9071e139d9,theta_base,1.4258766174316406,1.3493163585662842,4.470348358154297e-06,0.12194657325744629,,,,,,,,,,,,
23,clean,scannetpp,66+72+79+110+162+188+214+226,probe1,4.920124865748221e-06,0.08846932649612427,9071e139d9,theta_base,0.731849193572998,0.7012441158294678,5.960464477539062e-07,0.044234659522771835,,,,,,,,,,,,
01,m0,scannetpp,66+72+79+110+162+188+214+226,probe1,4.8000689275795594e-05,0.2797648310661316,9071e139d9,theta_base,0.7288322448730469,0.6887057423591614,0.0001773238182067871,0.7631016373634338,1.0,1.0,1.2906609375001876e-12,,,,,,,,,
02,m0,scannetpp,66+72+79+110+162+188+214+226,probe1,2.0440136722754687e-05,0.18130823969841003,9071e139d9,theta_base,0.20223596692085266,0.1923777461051941,2.2292137145996094e-05,0.2705196738243103,,,,1.0,0.9999998807907104,1.33597794160778e-07,,,,,,
03,m0,scannetpp,66+72+79+110+162+188+214+226,probe1,0.00022766935580875725,0.6116580367088318,9071e139d9,theta_base,0.9174586534500122,0.8843482136726379,3.844499588012695e-05,0.3549819886684418,,,,,,,1.0,1.0000001192092896,7.402597645977949e-08,,,
12,m0,scannetpp,66+72+79+110+162+188+214+226,probe1,3.3747186535038054e-05,0.23406797647476196,9071e139d9,theta_base,0.8125239610671997,0.7674728035926819,0.0001971125602722168,0.8045425415039062,,,,,,,,,,1.0,0.9999999403953552,2.085438239873838e-07
13,m0,scannetpp,66+72+79+110+162+188+214+226,probe1,0.00019968599372077733,0.5719823241233826,9071e139d9,theta_base,1.4150173664093018,1.3493163585662842,3.6597251892089844e-05,0.34661516547203064,,,,,,,,,,,,
23,m0,scannetpp,66+72+79+110+162+188+214+226,probe1,0.00018175729201175272,0.5453635454177856,9071e139d9,theta_base,0.7248336672782898,0.7012441158294678,1.3113021850585938e-05,0.2074790596961975,,,,,,,,,,,,
01,m1,scannetpp,66+72+79+110+162+188+214+226,probe1,0.00034251168835908175,0.7480813264846802,9071e139d9,theta_base,0.7453526854515076,0.6887057423591614,0.00020951032638549805,0.829451322555542,1.0,1.0,1.9774893528223814e-12,,,,,,,,,
02,m1,scannetpp,66+72+79+110+162+188+214+226,probe1,0.00016470994160044938,0.5196413397789001,9071e139d9,theta_base,0.21358728408813477,0.1923777461051941,0.0009796619415283203,1.793405532836914,,,,1.0,1.0000003576278687,3.376496238161053e-07,,,,,,
03,m1,scannetpp,66+72+79+110+162+188+214+226,probe1,0.0003158401814289391,0.7192771434783936,9071e139d9,theta_base,0.9448304176330566,0.8843482136726379,0.0001450181007385254,0.6898379325866699,,,,,,,1.0,1.0,3.6434805394947034e-08,,,
12,m1,scannetpp,66+72+79+110+162+188+214+226,probe1,0.00017650992958806455,0.5366833806037903,9071e139d9,theta_base,0.8249130845069885,0.7674728035926819,0.00014495849609375,0.6898379325866699,,,,,,,,,,1.0,1.0000001192092896,2.7567156735130993e-07
13,m1,scannetpp,66+72+79+110+162+188+214+226,probe1,0.0001827509404392913,0.5453635454177856,9071e139d9,theta_base,1.4384636878967285,1.3493163585662842,0.0001068115234375,0.5921525359153748,,,,,,,,,,,,
23,m1,scannetpp,66+72+79+110+162+188+214+226,probe1,7.561265374533832e-05,0.3505445122718811,9071e139d9,theta_base,0.7438047528266907,0.7012441158294678,5.125999450683594e-06,0.1297215223312378,,,,,,,,,,,,
01,m2,scannetpp,66+72+79+110+162+188+214+226,probe1,0.0009173787548206747,1.2271665334701538,9071e139d9,theta_base,0.7150014042854309,0.6887057423591614,2.372264862060547e-05,0.2790645360946655,1.0,0.9999999403953552,8.429371689544496e-08,,,,,,,,,
02,m2,scannetpp,66+72+79+110+162+188+214+226,probe1,1.4664556147181429e-05,0.15576636791229248,9071e139d9,theta_base,0.2022087126970291,0.1923777461051941,0.0010507702827453613,1.8573049306869507,,,,1.0,0.9999998211860657,2.6159554522564576e-07,,,,,,
03,m2,scannetpp,66+72+79+110+162+188+214+226,probe1,2.17743272514781e-05,0.18974563479423523,9071e139d9,theta_base,0.9093171954154968,0.8843482136726379,2.7358531951904297e-05,0.3000144064426422,,,,,,,1.0,0.9999999403953552,9.01793058005751e-08,,,
12,m2,scannetpp,66+72+79+110+162+188+214+226,probe1,0.0007516085170209408,1.1106510162353516,9071e139d9,theta_base,0.7895287871360779,0.7674728035926819,0.0002262592315673828,0.861846387386322,,,,,,,,,,1.0,1.0,2.2098053165109377e-08
13,m2,scannetpp,66+72+79+110+162+188+214+226,probe1,0.0008113235817290843,1.1535183191299438,9071e139d9,theta_base,1.388024926185608,1.3493163585662842,0.00016057491302490234,0.7260464429855347,,,,,,,,,,,,
23,m2,scannetpp,66+72+79+110+162+188+214+226,probe1,3.054816261283122e-05,0.22205635905265808,9071e139d9,theta_base,0.7195496559143066,0.7012441158294678,7.569789886474609e-06,0.15825878083705902,,,,,,,,,,,,
01,m3,scannetpp,66+72+79+110+162+188+214+226,probe1,0.00020752858836203814,0.5834977030754089,9071e139d9,theta_base,0.7067500352859497,0.6887057423591614,0.0031484365463256836,3.215341567993164,1.0,1.0,1.7059639291494566e-12,,,,,,,,,
02,m3,scannetpp,66+72+79+110+162+188+214+226,probe1,6.705739360768348e-05,0.33102232217788696,9071e139d9,theta_base,0.20911632478237152,0.1923777461051941,7.212162017822266e-06,0.1532333940267563,,,,1.0,0.9999997019767761,3.4609763588377973e-07,,,,,,
03,m3,scannetpp,66+72+79+110+162+188+214+226,probe1,0.00014990789350122213,0.49574559926986694,9071e139d9,theta_base,0.9420886635780334,0.8843482136726379,2.8908252716064453e-05,0.3077413737773895,,,,,,,1.0,1.0,1.582689748147459e-07,,,
12,m3,scannetpp,66+72+79+110+162+188+214+226,probe1,0.00013363575271796435,0.4673002064228058,9071e139d9,theta_base,0.7801192998886108,0.7674728035926819,0.001958608627319336,2.5358986854553223,,,,,,,,,,1.0,1.0,1.4587162411316967e-07
13,m3,scannetpp,66+72+79+110+162+188+214+226,probe1,8.504829747835174e-05,0.37325313687324524,9071e139d9,theta_base,1.3785911798477173,1.3493163585662842,0.00026094913482666016,0.9255614876747131,,,,,,,,,,,,
23,m3,scannetpp,66+72+79+110+162+188+214+226,probe1,9.088232764042914e-05,0.38461336493492126,9071e139d9,theta_base,0.7425592541694641,0.7012441158294678,4.410743713378906e-06,0.120331309735775,,,,,,,,,,,,
01,clean,scannetpp,1+54+87+108+111+154+200+204,probe0,6.105571810621768e-05,0.3152790367603302,9071e139d9,theta_rel,1.1280441284179688,1.27779221534729,1.5854835510253906e-05,0.22814126312732697,1.0,1.0,2.5877665895540636e-12,,,,,,,,,
02,clean,scannetpp,1+54+87+108+111+154+200+204,probe0,0.00046754133654758334,0.8762568235397339,9071e139d9,theta_rel,1.0976580381393433,1.2430158853530884,4.291534423828125e-05,0.3753441870212555,,,,1.0,1.000000238418579,2.986839149343723e-07,,,,,,
03,clean,scannetpp,1+54+87+108+111+154+200+204,probe0,2.5364668090333e-06,0.06255725771188736,9071e139d9,theta_rel,0.1984405219554901,0.22417865693569183,2.110004425048828e-05,0.2631871700286865,,,,,,,1.0,1.0,9.926643684821101e-08,,,
12,clean,scannetpp,1+54+87+108+111+154+200+204,probe0,0.0005283349310047925,0.9308319687843323,9071e139d9,theta_rel,0.044736601412296295,0.056473080068826675,0.003202378749847412,3.2428061962127686,,,,,,,,,,1.0,1.0000001192092896,2.8746638847110262e-08
13,clean,scannetpp,1+54+87+108+111+154+200+204,probe0,7.114610343705863e-05,0.3403487503528595,9071e139d9,theta_rel,1.310318946838379,1.4836376905441284,4.297494888305664e-05,0.3753441870212555,,,,,,,,,,,,
23,clean,scannetpp,1+54+87+108+111+154+200+204,probe0,0.0005312669090926647,0.9337702989578247,9071e139d9,theta_rel,1.2811535596847534,1.450386881828308,0.0001348257064819336,0.6652907133102417,,,,,,,,,,,,
01,m0,scannetpp,1+54+87+108+111+154+200+204,probe0,0.0023281967733055353,1.9552466869354248,9071e139d9,theta_rel,1.122110366821289,1.27779221534729,7.37905502319336e-05,0.4921804368495941,1.0,1.0,5.762177193724405e-12,,,,,,,,,
02,m0,scannetpp,1+54+87+108+111+154+200+204,probe0,0.0013455023290589452,1.4864842891693115,9071e139d9,theta_rel,1.1033464670181274,1.2430158853530884,1.6689300537109375e-05,0.23406797647476196,,,,1.0,0.9999998807907104,1.934179039153605e-07,,,,,,
03,m0,scannetpp,1+54+87+108+111+154+200+204,probe0,1.9046377929043956e-05,0.17471297085285187,9071e139d9,theta_rel,0.19710901379585266,0.22417865693569183,9.626150131225586e-05,0.5623220205307007,,,,,,,1.0,0.9999997615814209,4.536274218480685e-07,,,
12,m0,scannetpp,1+54+87+108+111+154+200+204,probe0,0.00023099506506696343,0.6173895597457886,9071e139d9,theta_rel,0.048093363642692566,0.056473080068826675,0.058243513107299805,13.861366271972656,,,,,,,,,,1.0,0.9999998807907104,6.07731180934934e-08
13,m0,scannetpp,1+54+87+108+111+154+200+204,probe0,0.0025799782015383244,2.058234930038452,9071e139d9,theta_rel,1.3033387660980225,1.4836376905441284,0.0008453130722045898,1.6658916473388672,,,,,,,,,,,,
23,m0,scannetpp,1+54+87+108+111+154+200+204,probe0,0.0015256620245054364,1.5828849077224731,9071e139d9,theta_rel,1.2864351272583008,1.450386881828308,0.0003478527069091797,1.068628191947937,,,,,,,,,,,,
01,m1,scannetpp,1+54+87+108+111+154+200+204,probe0,0.0007712531369179487,1.1253533363342285,9071e139d9,theta_rel,1.1089999675750732,1.27779221534729,6.759166717529297e-05,0.47105371952056885,1.0,1.0,5.212440722102141e-12,,,,,,,,,
02,m1,scannetpp,1+54+87+108+111+154+200+204,probe0,0.00010237169044557959,0.4111691117286682,9071e139d9,theta_rel,1.1000194549560547,1.2430158853530884,7.808208465576172e-06,0.16071255505084991,,,,1.0,1.0000001192092896,1.552548951622157e-07,,,,,,
03,m1,scannetpp,1+54+87+108+111+154+200+204,probe0,7.163504051277414e-06,0.11190583556890488,9071e139d9,theta_rel,0.19960816204547882,0.22417865693569183,0.00010782480239868164,0.5947902798652649,,,,,,,1.0,0.9999998211860657,2.87426189515827e-07,,,
12,m1,scannetpp,1+54+87+108+111+154+200+204,probe0,0.0013362917816266418,1.4812089204788208,9071e139d9,theta_rel,0.0270627960562706,0.056473080068826675,0.056067824363708496,13.598760604858398,,,,,,,,,,1.0,0.9999999403953552,8.538996354445771e-08
13,m1,scannetpp,1+54+87+108+111+154+200+204,probe0,0.0008025683928281069,1.1480768918991089,9071e139d9,theta_rel,1.2927749156951904,1.4836376905441284,7.18832015991211e-05,0.4857777953147888,,,,,,,,,,,,
23,m1,scannetpp,1+54+87+108+111+154+200+204,probe0,7.99508998170495e-05,0.36369451880455017,9071e139d9,theta_rel,1.284712553024292,1.450386881828308,5.364418029785156e-06,0.1327040195465088,,,,,,,,,,,,
01,m2,scannetpp,1+54+87+108+111+154+200+204,probe0,0.0009778083767741919,1.2667137384414673,9071e139d9,theta_rel,1.1326228380203247,1.27779221534729,0.00011438131332397461,0.6129363179206848,1.0,1.0,5.144932223311027e-12,,,,,,,,,
02,m2,scannetpp,1+54+87+108+111+154+200+204,probe0,0.0003946525393985212,0.8055148124694824,9071e139d9,theta_rel,1.104952335357666,1.2430158853530884,4.470348358154297e-06,0.12194657325744629,,,,1.0,1.0,1.9470103040930553e-07,,,,,,
03,m2,scannetpp,1+54+87+108+111+154+200+204,probe0,4.280474058759864e-06,0.08392937481403351,9071e139d9,theta_rel,0.19700077176094055,0.22417865693569183,4.374980926513672e-05,0.37897583842277527,,,,,,,1.0,0.9999998807907104,2.16793154095285e-07,,,
12,m2,scannetpp,1+54+87+108+111+154+200+204,probe0,0.0012022425653412938,1.4049992561340332,9071e139d9,theta_rel,0.037827569991350174,0.056473080068826675,0.024584650993347168,8.99291706085205,,,,,,,,,,1.0,0.9999998807907104,1.1859039972250685e-07
13,m2,scannetpp,1+54+87+108+111+154+200+204,probe0,0.0010488794650882483,1.312240719795227,9071e139d9,theta_rel,1.3145177364349365,1.4836376905441284,9.655952453613281e-06,0.17804114520549774,,,,,,,,,,,,
23,m2,scannetpp,1+54+87+108+111+154+200+204,probe0,0.00045174892875365913,0.861846387386322,9071e139d9,theta_rel,1.287957787513733,1.450386881828308,6.729364395141602e-05,0.46980592608451843,,,,,,,,,,,,
01,m3,scannetpp,1+54+87+108+111+154+200+204,probe0,0.0006737200310453773,1.0516467094421387,9071e139d9,theta_rel,1.1338331699371338,1.27779221534729,4.887580871582031e-06,0.1266688108444214,1.0,1.0,2.5740093650278295e-12,,,,,,,,,
02,m3,scannetpp,1+54+87+108+111+154+200+204,probe0,0.00015002957661636174,0.4965343773365021,9071e139d9,theta_rel,1.110124111175537,1.2430158853530884,4.559755325317383e-05,0.38664302229881287,,,,1.0,1.0,1.994736180677137e-07,,,,,,
03,m3,scannetpp,1+54+87+108+111+154+200+204,probe0,1.513761526439339e-05,0.15825878083705902,9071e139d9,theta_rel,0.19974496960639954,0.22417865693569183,0.00012195110321044922,0.6327289342880249,,,,,,,1.0,0.9999998211860657,9.113319521247831e-08,,,
12,m3,scannetpp,1+54+87+108+111+154+200+204,probe0,0.0009846275206655264,1.271339774131775,9071e139d9,theta_rel,0.0401604138314724,0.056473080068826675,0.00455319881439209,3.86690354347229,,,,,,,,,,1.0,1.0,6.456048140535131e-08
13,m3,scannetpp,1+54+87+108+111+154+200+204,probe0,0.0008831846644170582,1.203985333442688,9071e139d9,theta_rel,1.3175549507141113,1.4836376905441284,0.00019562244415283203,0.8013744950294495,,,,,,,,,,,,
23,m3,scannetpp,1+54+87+108+111+154+200+204,probe0,0.00014811647997703403,0.4933716654777527,9071e139d9,theta_rel,1.2951669692993164,1.450386881828308,1.4126300811767578e-05,0.21489134430885315,,,,,,,,,,,,
01,clean,scannetpp,66+72+79+110+162+188+214+226,probe1,2.5325325623271056e-05,0.20174118876457214,9071e139d9,theta_rel,0.737316906452179,0.6887057423591614,2.6047229766845703e-05,0.29208308458328247,1.0,1.0,5.236804913322235e-12,,,,,,,,,
02,clean,scannetpp,66+72+79+110+162+188+214+226,probe1,3.1086337912711315e-06,0.06852804869413376,9071e139d9,theta_rel,0.20180357992649078,0.1923777461051941,3.0338764190673828e-05,0.3152790367603302,,,,1.0,0.9999998211860657,2.530686913360114e-07,,,,,,
03,clean,scannetpp,66+72+79+110+162+188+214+226,probe1,1.289278588956222e-05,0.14265252649784088,9071e139d9,theta_rel,0.9245951771736145,0.8843482136726379,2.0265579223632812e-06,0.08156468719244003,,,,,,,1.0,1.0,7.547539127017444e-08,,,
12,clean,scannetpp,66+72+79+110+162+188+214+226,probe1,1.2812630302505568e-05,0.14265252649784088,9071e139d9,theta_rel,0.8195140957832336,0.7674728035926819,7.152557373046875e-07,0.04845663905143738,,,,,,,,,,1.0,1.0,1.3021650602240697e-07
13,clean,scannetpp,66+72+79+110+162+188+214+226,probe1,3.1745244086778257e-06,0.05595291033387184,9071e139d9,theta_rel,1.4272048473358154,1.3493163585662842,1.919269561767578e-05,0.251010000705719,,,,,,,,,,,,
23,clean,scannetpp,66+72+79+110+162+188+214+226,probe1,6.649637725786306e-06,0.09691329300403595,9071e139d9,theta_rel,0.7329012751579285,0.7012441158294678,8.940696716308594e-07,0.05595291033387184,,,,,,,,,,,,
01,m0,scannetpp,66+72+79+110+162+188+214+226,probe1,4.304335743654519e-05,0.2639295756816864,9071e139d9,theta_rel,0.7279529571533203,0.6887057423591614,0.00017774105072021484,0.7638704776763916,1.0,1.0,1.8135006300476486e-12,,,,,,,,,
02,m0,scannetpp,66+72+79+110+162+188+214+226,probe1,1.8511116650188342e-05,0.17245851457118988,9071e139d9,theta_rel,0.20145882666110992,0.1923777461051941,4.744529724121094e-05,0.3946572542190552,,,,1.0,0.9999999403953552,1.3179266034057946e-07,,,,,,
03,m0,scannetpp,66+72+79+110+162+188+214+226,probe1,0.0002609729999676347,0.6537193059921265,9071e139d9,theta_rel,0.9156352281570435,0.8843482136726379,4.875659942626953e-05,0.4000738859176636,,,,,,,1.0,1.0,6.546923003725169e-08,,,
12,m0,scannetpp,66+72+79+110+162+188+214+226,probe1,1.7466778444941156e-05,0.16551098227500916,9071e139d9,theta_rel,0.8107649683952332,0.7674728035926819,0.00017762184143066406,0.763614296913147,,,,,,,,,,1.0,1.0000001192092896,1.968236631455511e-07
13,m0,scannetpp,66+72+79+110+162+188+214+226,probe1,0.00024190789554268122,0.6286957859992981,9071e139d9,theta_rel,1.41217839717865,1.3493163585662842,3.3855438232421875e-05,0.333378404378891,,,,,,,,,,,,
23,m0,scannetpp,66+72+79+110+162+188+214+226,probe1,0.00020146284077782184,0.573349118232727,9071e139d9,theta_rel,0.7238828539848328,0.7012441158294678,1.8775463104248047e-05,0.2486603558063507,,,,,,,,,,,,
01,m1,scannetpp,66+72+79+110+162+188+214+226,probe1,0.0003011366061400622,0.7027649879455566,9071e139d9,theta_rel,0.7448650598526001,0.6887057423591614,0.0002186894416809082,0.8471909761428833,1.0,1.0,4.948938936606695e-13,,,,,,,,,
02,m1,scannetpp,66+72+79+110+162+188+214+226,probe1,0.0001327101344941184,0.46646201610565186,9071e139d9,theta_rel,0.21288973093032837,0.1923777461051941,0.0008606314659118652,1.6809773445129395,,,,1.0,0.9999998211860657,2.519004738132935e-07,,,,,,
03,m1,scannetpp,66+72+79+110+162+188+214+226,probe1,0.0002873331541195512,0.6869955658912659,9071e139d9,theta_rel,0.9456864595413208,0.8843482136726379,0.00011527538299560547,0.615166962146759,,,,,,,1.0,0.9999998807907104,5.7858944302324744e-08,,,
12,m1,scannetpp,66+72+79+110+162+188+214+226,probe1,0.00016417544975411147,0.5188876986503601,9071e139d9,theta_rel,0.8242920637130737,0.7674728035926819,0.0001571178436279297,0.7181881666183472,,,,,,,,,,1.0,0.9999997615814209,3.265159307375143e-07
13,m1,scannetpp,66+72+79+110+162+188+214+226,probe1,0.00019144074758514762,0.5602303147315979,9071e139d9,theta_rel,1.4387824535369873,1.3493163585662842,0.00010919570922851562,0.5987250208854675,,,,,,,,,,,,
23,m1,scannetpp,66+72+79+110+162+188+214+226,probe1,7.552665192633867e-05,0.3516591489315033,9071e139d9,theta_rel,0.745227575302124,0.7012441158294678,2.4437904357910156e-06,0.08846932649612427,,,,,,,,,,,,
01,m2,scannetpp,66+72+79+110+162+188+214+226,probe1,0.0009252934250980616,1.2316234111785889,9071e139d9,theta_rel,0.7139312028884888,0.6887057423591614,2.658367156982422e-05,0.29541367292404175,1.0,0.9999999403953552,5.698162428013909e-11,,,,,,,,,
02,m2,scannetpp,66+72+79+110+162+188+214+226,probe1,1.1896424439328257e-05,0.13988231122493744,9071e139d9,theta_rel,0.2012152522802353,0.1923777461051941,0.0008888840675354004,1.7082314491271973,,,,1.0,1.000000238418579,3.8857419326632225e-07,,,,,,
03,m2,scannetpp,66+72+79+110+162+188+214+226,probe1,2.0270939785405062e-05,0.18130823969841003,9071e139d9,theta_rel,0.9102973937988281,0.8843482136726379,1.8358230590820312e-05,0.2454925775527954,,,,,,,1.0,1.0,2.1034463060232156e-08,,,
12,m2,scannetpp,66+72+79+110+162+188+214+226,probe1,0.0007953745080158114,1.141924500465393,9071e139d9,theta_rel,0.7885676622390747,0.7674728035926819,0.00020384788513183594,0.8180491924285889,,,,,,,,,,1.0,1.0,6.420209786028863e-08
13,m2,scannetpp,66+72+79+110+162+188+214+226,probe1,0.0008494695066474378,1.180017113685608,9071e139d9,theta_rel,1.3884235620498657,1.3493163585662842,0.00016188621520996094,0.729004979133606,,,,,,,,,,,,
23,m2,scannetpp,66+72+79+110+162+188+214+226,probe1,3.52485258190427e-05,0.2390310913324356,9071e139d9,theta_rel,0.7212737798690796,0.7012441158294678,1.0788440704345703e-05,0.18767184019088745,,,,,,,,,,,,
01,m3,scannetpp,66+72+79+110+162+188+214+226,probe1,0.00023810900165699422,0.6236960887908936,9071e139d9,theta_rel,0.706365704536438,0.6887057423591614,0.0032333731651306152,3.258465051651001,1.0,1.0,3.4828357645816377e-12,,,,,,,,,
02,m3,scannetpp,66+72+79+110+162+188+214+226,probe1,6.831319478806108e-05,0.33455023169517517,9071e139d9,theta_rel,0.20887306332588196,0.1923777461051941,4.172325134277344e-06,0.1170339286327362,,,,1.0,1.0000001192092896,2.7977145578006457e-07,,,,,,
03,m3,scannetpp,66+72+79+110+162+188+214+226,probe1,0.0001733973331283778,0.5330249667167664,9071e139d9,theta_rel,0.9422429203987122,0.8843482136726379,2.390146255493164e-05,0.2797648310661316,,,,,,,1.0,1.0000001192092896,7.80803688371634e-08,,,
12,m3,scannetpp,66+72+79+110+162+188+214+226,probe1,0.00016790041991043836,0.524140477180481,9071e139d9,theta_rel,0.7791451811790466,0.7674728035926819,0.0020650625228881836,2.6039137840270996,,,,,,,,,,1.0,1.0000001192092896,2.551549016516219e-07
13,m3,scannetpp,66+72+79+110+162+188+214+226,probe1,7.283492595888674e-05,0.3426406979560852,9071e139d9,theta_rel,1.3783366680145264,1.3493163585662842,0.00029402971267700195,0.9823801517486572,,,,,,,,,,,,
23,m3,scannetpp,66+72+79+110+162+188+214+226,probe1,0.00010704805026762187,0.41777849197387695,9071e139d9,theta_rel,0.7430704236030579,0.7012441158294678,3.635883331298828e-06,0.10835235565900803,,,,,,,,,,,,
