====================================================================================================
COMPLETE PER-STEP TRAINING LOGS (every step, every component, NO averaging)
====================================================================================================

## DA3-7scenes rkdc1hr (WITH rel) — chess (100 steps)
step pair     couple        ctk maskdistil        rel    rel_rot   rel_tdir   rkd_sh_a   rkd_sh_d |    total   gnorm
--------------------------------------------------------------------------------------------------------------------
   1    1     0.0002          —     0.1580          —     0.0002     0.0000     0.0000     0.0000 |   0.1585   0.027
   2    6     0.0002          —     0.1749          —     0.0008     0.0002     0.0001     0.0001 |   0.1764   0.046
   3    3     0.0000          —     0.1588          —     0.0001     0.0001     0.0001     0.0000 |   0.1591   0.022
   4    7     0.0000          —     0.1663          —     0.0011     0.0000     0.0000     0.0000 |   0.1676   0.028
   5    4     0.0004          —     0.1684          —     0.0013     0.0001     0.0001     0.0000 |   0.1705   0.028
   6    8     0.0001          —     0.1603          —     0.0004     0.0000     0.0001     0.0001 |   0.1611   0.022
   7    2     0.0000          —     0.1559          —     0.0002     0.0000     0.0001     0.0001 |   0.1564   0.020
   8    0     0.0000          —     0.1581          —     0.0003     0.0005     0.0004     0.0000 |   0.1595   0.024
   9    9     0.0001          —     0.1680          —     0.0003     0.0001     0.0001     0.0001 |   0.1686   0.038
  10    5     0.0002          —     0.1600          —     0.0004     0.0001     0.0001     0.0001 |   0.1610   0.030
  11    4     0.0001          —     0.1732          —     0.0010     0.0002     0.0003     0.0002 |   0.1753   0.049
  12    0     0.0001          —     0.1687          —     0.0003     0.0001     0.0001     0.0000 |   0.1693   0.066
  13    6     0.0003          —     0.1705          —     0.0007     0.0001     0.0000     0.0000 |   0.1717   0.038
  14    2     0.0000          —     0.1575          —     0.0002     0.0001     0.0001     0.0000 |   0.1579   0.028
  15    7     0.0001          —     0.1603          —     0.0003     0.0001     0.0000     0.0000 |   0.1608   0.031
  16    3     0.0000          —     0.1625          —     0.0001     0.0001     0.0000     0.0000 |   0.1627   0.029
  17    9     0.0002          —     0.1573          —     0.0002     0.0000     0.0000     0.0000 |   0.1578   0.025
  18    8     0.0000          —     0.1698          —     0.0007     0.0001     0.0001     0.0000 |   0.1707   0.039
  19    5     0.0000          —     0.1584          —     0.0004     0.0001     0.0001     0.0000 |   0.1591   0.028
  20    1     0.0003          —     0.1522          —     0.0001     0.0000     0.0000     0.0000 |   0.1526   0.027
  21    8     0.0000          —     0.1524          —     0.0001     0.0000     0.0000     0.0000 |   0.1527   0.024
  22    6     0.0001          —     0.1620          —     0.0009     0.0000     0.0000     0.0000 |   0.1631   0.031
  23    2     0.0001          —     0.1566          —     0.0002     0.0000     0.0000     0.0000 |   0.1571   0.031
  24    0     0.0000          —     0.1563          —     0.0003     0.0008     0.0005     0.0000 |   0.1581   0.035
  25    5     0.0001          —     0.1566          —     0.0007     0.0001     0.0001     0.0000 |   0.1578   0.028
  26    4     0.0001          —     0.1585          —     0.0003     0.0001     0.0000     0.0000 |   0.1590   0.032
  27    3     0.0002          —     0.1422          —     0.0003     0.0003     0.0003     0.0000 |   0.1434   0.026
  28    7     0.0000          —     0.1495          —     0.0008     0.0002     0.0002     0.0001 |   0.1509   0.030
  29    1     0.0005          —     0.1519          —     0.0001     0.0000     0.0000     0.0000 |   0.1526   0.048
  30    9     0.0000          —     0.1502          —     0.0002     0.0001     0.0001     0.0000 |   0.1506   0.028
  31    1     0.0004          —     0.1455          —     0.0002     0.0001     0.0000     0.0000 |   0.1463   0.040
  32    5     0.0002          —     0.1497          —     0.0002     0.0000     0.0000     0.0000 |   0.1501   0.030
  33    2     0.0000          —     0.1470          —     0.0004     0.0000     0.0000     0.0000 |   0.1475   0.029
  34    0     0.0001          —     0.1408          —     0.0002     0.0001     0.0000     0.0000 |   0.1412   0.027
  35    7     0.0001          —     0.1448          —     0.0001     0.0000     0.0000     0.0000 |   0.1451   0.027
  36    9     0.0004          —     0.1411          —     0.0001     0.0000     0.0000     0.0000 |   0.1416   0.026
  37    4     0.0002          —     0.1469          —     0.0002     0.0002     0.0002     0.0000 |   0.1478   0.030
  38    6     0.0000          —     0.1474          —     0.0001     0.0001     0.0000     0.0000 |   0.1478   0.030
  39    3     0.0000          —     0.1398          —     0.0001     0.0001     0.0002     0.0000 |   0.1404   0.027
  40    8     0.0001          —     0.1407          —     0.0002     0.0001     0.0000     0.0000 |   0.1411   0.027
  41    8     0.0001          —     0.1430          —     0.0003     0.0001     0.0000     0.0000 |   0.1434   0.027
  42    3     0.0000          —     0.1347          —     0.0001     0.0000     0.0000     0.0000 |   0.1349   0.023
  43    7     0.0000          —     0.1350          —     0.0002     0.0001     0.0000     0.0000 |   0.1353   0.023
  44    4     0.0000          —     0.1438          —     0.0003     0.0000     0.0000     0.0000 |   0.1441   0.030
  45    0     0.0000          —     0.1419          —     0.0003     0.0002     0.0000     0.0000 |   0.1424   0.034
  46    6     0.0009          —     0.1361          —     0.0002     0.0001     0.0000     0.0000 |   0.1374   0.027
  47    2     0.0000          —     0.1329          —     0.0001     0.0001     0.0001     0.0000 |   0.1332   0.028
  48    5     0.0001          —     0.1382          —     0.0002     0.0000     0.0000     0.0000 |   0.1386   0.027
  49    1     0.0002          —     0.1340          —     0.0001     0.0000     0.0000     0.0000 |   0.1344   0.024
  50    9     0.0000          —     0.1310          —     0.0001     0.0001     0.0001     0.0000 |   0.1314   0.022
  51    7     0.0003          —     0.1283          —     0.0001     0.0000     0.0000     0.0000 |   0.1287   0.023
  52    1     0.0001          —     0.1293          —     0.0003     0.0000     0.0000     0.0000 |   0.1299   0.021
  53    6     0.0004          —     0.1299          —     0.0001     0.0000     0.0000     0.0000 |   0.1304   0.025
  54    2     0.0001          —     0.1304          —     0.0004     0.0001     0.0000     0.0000 |   0.1310   0.025
  55    4     0.0000          —     0.1281          —     0.0003     0.0002     0.0001     0.0000 |   0.1287   0.028
  56    9     0.0002          —     0.1273          —     0.0002     0.0000     0.0000     0.0000 |   0.1278   0.023
  57    0     0.0000          —     0.1280          —     0.0002     0.0001     0.0001     0.0000 |   0.1285   0.023
  58    3     0.0000          —     0.1243          —     0.0001     0.0000     0.0000     0.0000 |   0.1245   0.020
  59    5     0.0001          —     0.1264          —     0.0002     0.0000     0.0000     0.0000 |   0.1266   0.028
  60    8     0.0000          —     0.1332          —     0.0003     0.0001     0.0000     0.0000 |   0.1337   0.025
  61    0     0.0000          —     0.1269          —     0.0002     0.0001     0.0000     0.0000 |   0.1273   0.024
  62    1     0.0000          —     0.1228          —     0.0003     0.0000     0.0000     0.0000 |   0.1232   0.019
  63    3     0.0000          —     0.1277          —     0.0001     0.0000     0.0001     0.0000 |   0.1280   0.022
  64    8     0.0000          —     0.1336          —     0.0001     0.0000     0.0000     0.0000 |   0.1337   0.022
  65    9     0.0000          —     0.1207          —     0.0001     0.0000     0.0001     0.0000 |   0.1210   0.023
  66    7     0.0000          —     0.1270          —     0.0005     0.0000     0.0000     0.0000 |   0.1276   0.025
  67    2     0.0000          —     0.1212          —     0.0002     0.0000     0.0000     0.0000 |   0.1216   0.021
  68    6     0.0002          —     0.1311          —     0.0004     0.0000     0.0000     0.0000 |   0.1318   0.024
  69    5     0.0002          —     0.1196          —     0.0001     0.0000     0.0000     0.0000 |   0.1200   0.024
  70    4     0.0001          —     0.1239          —     0.0003     0.0001     0.0001     0.0000 |   0.1246   0.021
  71    1     0.0001          —     0.1174          —     0.0002     0.0000     0.0000     0.0000 |   0.1178   0.020
  72    7     0.0000          —     0.1219          —     0.0004     0.0000     0.0000     0.0000 |   0.1223   0.021
  73    9     0.0001          —     0.1241          —     0.0003     0.0000     0.0000     0.0000 |   0.1245   0.021
  74    0     0.0001          —     0.1249          —     0.0002     0.0004     0.0001     0.0000 |   0.1258   0.025
  75    3     0.0000          —     0.1151          —     0.0001     0.0002     0.0001     0.0000 |   0.1157   0.021
  76    8     0.0000          —     0.1250          —     0.0006     0.0001     0.0001     0.0000 |   0.1259   0.023
  77    4     0.0000          —     0.1262          —     0.0002     0.0001     0.0000     0.0000 |   0.1266   0.023
  78    6     0.0001          —     0.1216          —     0.0002     0.0000     0.0000     0.0000 |   0.1220   0.019
  79    5     0.0003          —     0.1181          —     0.0001     0.0000     0.0000     0.0000 |   0.1185   0.021
  80    2     0.0002          —     0.1182          —     0.0002     0.0000     0.0000     0.0000 |   0.1186   0.019
  81    3     0.0000          —     0.1195          —     0.0003     0.0000     0.0000     0.0000 |   0.1198   0.021
  82    6     0.0000          —     0.1243          —     0.0003     0.0000     0.0000     0.0000 |   0.1248   0.025
  83    1     0.0001          —     0.1244          —     0.0001     0.0000     0.0000     0.0000 |   0.1248   0.020
  84    9     0.0000          —     0.1209          —     0.0002     0.0000     0.0000     0.0000 |   0.1212   0.020
  85    4     0.0000          —     0.1238          —     0.0006     0.0002     0.0002     0.0001 |   0.1250   0.023
  86    0     0.0000          —     0.1215          —     0.0003     0.0001     0.0000     0.0000 |   0.1220   0.021
  87    2     0.0000          —     0.1231          —     0.0001     0.0000     0.0000     0.0000 |   0.1234   0.022
  88    5     0.0003          —     0.1192          —     0.0000     0.0000     0.0000     0.0000 |   0.1197   0.021
  89    7     0.0001          —     0.1198          —     0.0003     0.0001     0.0000     0.0000 |   0.1203   0.021
  90    8     0.0000          —     0.1207          —     0.0003     0.0001     0.0001     0.0000 |   0.1212   0.025
  91    7     0.0000          —     0.1208          —     0.0001     0.0001     0.0000     0.0000 |   0.1210   0.023
  92    5     0.0003          —     0.1220          —     0.0001     0.0000     0.0000     0.0000 |   0.1224   0.020
  93    6     0.0001          —     0.1215          —     0.0003     0.0000     0.0001     0.0000 |   0.1221   0.021
  94    2     0.0001          —     0.1225          —     0.0001     0.0000     0.0000     0.0000 |   0.1228   0.024
  95    1     0.0001          —     0.1217          —     0.0002     0.0000     0.0000     0.0000 |   0.1221   0.019
  96    9     0.0000          —     0.1168          —     0.0001     0.0000     0.0000     0.0000 |   0.1170   0.019
  97    8     0.0000          —     0.1255          —     0.0001     0.0000     0.0000     0.0000 |   0.1257   0.021
  98    0     0.0000          —     0.1182          —     0.0003     0.0005     0.0005     0.0001 |   0.1197   0.028
  99    4     0.0000          —     0.1237          —     0.0004     0.0001     0.0001     0.0001 |   0.1244   0.027
 100    3     0.0000          —     0.1209          —     0.0001     0.0001     0.0001     0.0000 |   0.1211   0.020

## DA3-7scenes rkdc1hr (WITH rel) — redkitchen (100 steps)
step pair     couple        ctk maskdistil        rel    rel_rot   rel_tdir   rkd_sh_a   rkd_sh_d |    total   gnorm
--------------------------------------------------------------------------------------------------------------------
   1    2     0.0002          —     0.1781          —     0.0000     0.0000     0.0000     0.0000 |   0.1784   0.029
   2    0     0.0000          —     0.1898          —     0.0000     0.0003     0.0001     0.0000 |   0.1904   0.087
   3    3     0.0004          —     0.1802          —     0.0001     0.0000     0.0000     0.0000 |   0.1808   0.059
   4    6     0.0002          —     0.2135          —     0.0002     0.0001     0.0000     0.0000 |   0.2140   0.156
   5    5     0.0010          —     0.1889          —     0.0003     0.0001     0.0001     0.0001 |   0.1904   0.045
   6    1     0.0003          —     0.1792          —     0.0001     0.0000     0.0000     0.0000 |   0.1796   0.062
   7    4     0.0004          —     0.1848          —     0.0001     0.0001     0.0001     0.0000 |   0.1856   0.095
   8    9     0.0000          —     0.1665          —     0.0001     0.0000     0.0000     0.0000 |   0.1666   0.028
   9    8     0.0000          —     0.2046          —     0.0002     0.0001     0.0001     0.0000 |   0.2051   0.116
  10    7     0.0000          —     0.2041          —     0.0006     0.0005     0.0004     0.0002 |   0.2061   0.196
  11    4     0.0001          —     0.1719          —     0.0001     0.0000     0.0000     0.0000 |   0.1722   0.050
  12    6     0.0006          —     0.1880          —     0.0002     0.0001     0.0000     0.0000 |   0.1889   0.059
  13    2     0.0001          —     0.1648          —     0.0000     0.0000     0.0000     0.0000 |   0.1650   0.025
  14    1     0.0002          —     0.1742          —     0.0000     0.0001     0.0000     0.0000 |   0.1745   0.042
  15    5     0.0004          —     0.2134          —     0.0006     0.0002     0.0001     0.0000 |   0.2147   0.113
  16    8     0.0000          —     0.2063          —     0.0003     0.0002     0.0001     0.0000 |   0.2069   0.068
  17    0     0.0001          —     0.2017          —     0.0001     0.0001     0.0001     0.0000 |   0.2023   0.108
  18    7     0.0000          —     0.1905          —     0.0006     0.0001     0.0001     0.0000 |   0.1913   0.057
  19    3     0.0000          —     0.1720          —     0.0000     0.0000     0.0000     0.0000 |   0.1721   0.061
  20    9     0.0000          —     0.1703          —     0.0000     0.0000     0.0000     0.0000 |   0.1703   0.037
  21    7     0.0000          —     0.1959          —     0.0002     0.0001     0.0001     0.0001 |   0.1965   0.071
  22    5     0.0000          —     0.1851          —     0.0002     0.0001     0.0001     0.0000 |   0.1856   0.041
  23    1     0.0000          —     0.1679          —     0.0000     0.0000     0.0000     0.0000 |   0.1680   0.037
  24    8     0.0002          —     0.1972          —     0.0002     0.0003     0.0002     0.0000 |   0.1981   0.076
  25    9     0.0001          —     0.1646          —     0.0001     0.0001     0.0000     0.0000 |   0.1648   0.028
  26    6     0.0003          —     0.1815          —     0.0002     0.0002     0.0001     0.0001 |   0.1825   0.050
  27    0     0.0000          —     0.1911          —     0.0001     0.0001     0.0001     0.0000 |   0.1915   0.099
  28    3     0.0000          —     0.1645          —     0.0000     0.0000     0.0000     0.0000 |   0.1646   0.042
  29    4     0.0001          —     0.1674          —     0.0000     0.0000     0.0000     0.0000 |   0.1676   0.034
  30    2     0.0000          —     0.1692          —     0.0001     0.0000     0.0000     0.0000 |   0.1693   0.049
  31    2     0.0000          —     0.1578          —     0.0000     0.0000     0.0000     0.0000 |   0.1579   0.029
  32    0     0.0000          —     0.1782          —     0.0000     0.0001     0.0000     0.0000 |   0.1783   0.082
  33    3     0.0001          —     0.1618          —     0.0000     0.0000     0.0000     0.0000 |   0.1620   0.029
  34    6     0.0001          —     0.1795          —     0.0001     0.0001     0.0000     0.0000 |   0.1799   0.056
  35    1     0.0000          —     0.1550          —     0.0000     0.0000     0.0000     0.0000 |   0.1551   0.033
  36    5     0.0004          —     0.1701          —     0.0002     0.0002     0.0000     0.0001 |   0.1710   0.043
  37    7     0.0000          —     0.1826          —     0.0004     0.0002     0.0001     0.0001 |   0.1835   0.058
  38    9     0.0000          —     0.1568          —     0.0000     0.0001     0.0000     0.0000 |   0.1569   0.032
  39    8     0.0000          —     0.1691          —     0.0000     0.0000     0.0000     0.0000 |   0.1692   0.060
  40    4     0.0000          —     0.1558          —     0.0001     0.0000     0.0000     0.0000 |   0.1559   0.033
  41    0     0.0001          —     0.1568          —     0.0001     0.0001     0.0001     0.0000 |   0.1572   0.035
  42    1     0.0000          —     0.1516          —     0.0000     0.0000     0.0000     0.0000 |   0.1517   0.034
  43    9     0.0000          —     0.1561          —     0.0001     0.0000     0.0000     0.0000 |   0.1563   0.035
  44    2     0.0001          —     0.1511          —     0.0000     0.0000     0.0000     0.0000 |   0.1512   0.036
  45    8     0.0000          —     0.1631          —     0.0000     0.0001     0.0000     0.0000 |   0.1633   0.047
  46    5     0.0001          —     0.1700          —     0.0001     0.0001     0.0000     0.0000 |   0.1705   0.040
  47    4     0.0000          —     0.1550          —     0.0001     0.0000     0.0000     0.0000 |   0.1552   0.032
  48    3     0.0000          —     0.1511          —     0.0000     0.0000     0.0000     0.0000 |   0.1512   0.034
  49    6     0.0011          —     0.1640          —     0.0002     0.0001     0.0000     0.0000 |   0.1656   0.042
  50    7     0.0001          —     0.1618          —     0.0001     0.0001     0.0000     0.0000 |   0.1620   0.051
  51    4     0.0001          —     0.1494          —     0.0001     0.0000     0.0000     0.0000 |   0.1497   0.034
  52    7     0.0001          —     0.1715          —     0.0001     0.0001     0.0000     0.0000 |   0.1719   0.049
  53    6     0.0001          —     0.1681          —     0.0001     0.0000     0.0000     0.0000 |   0.1684   0.043
  54    2     0.0000          —     0.1502          —     0.0001     0.0001     0.0000     0.0000 |   0.1504   0.031
  55    8     0.0001          —     0.1534          —     0.0001     0.0000     0.0000     0.0000 |   0.1537   0.032
  56    3     0.0000          —     0.1496          —     0.0001     0.0000     0.0000     0.0000 |   0.1498   0.034
  57    9     0.0000          —     0.1519          —     0.0000     0.0000     0.0000     0.0000 |   0.1520   0.034
  58    0     0.0001          —     0.1482          —     0.0001     0.0001     0.0001     0.0001 |   0.1489   0.033
  59    1     0.0000          —     0.1462          —     0.0000     0.0000     0.0000     0.0000 |   0.1463   0.032
  60    5     0.0002          —     0.1586          —     0.0001     0.0001     0.0000     0.0000 |   0.1590   0.044
  61    5     0.0000          —     0.1570          —     0.0000     0.0000     0.0000     0.0000 |   0.1572   0.040
  62    2     0.0000          —     0.1432          —     0.0001     0.0001     0.0000     0.0000 |   0.1434   0.029
  63    3     0.0000          —     0.1446          —     0.0000     0.0000     0.0000     0.0000 |   0.1447   0.043
  64    4     0.0000          —     0.1500          —     0.0000     0.0000     0.0000     0.0000 |   0.1500   0.033
  65    0     0.0000          —     0.1460          —     0.0000     0.0000     0.0000     0.0000 |   0.1462   0.030
  66    9     0.0000          —     0.1404          —     0.0000     0.0000     0.0000     0.0000 |   0.1405   0.028
  67    6     0.0001          —     0.1528          —     0.0000     0.0002     0.0001     0.0000 |   0.1533   0.038
  68    1     0.0001          —     0.1443          —     0.0000     0.0000     0.0000     0.0000 |   0.1444   0.029
  69    8     0.0000          —     0.1500          —     0.0001     0.0001     0.0000     0.0000 |   0.1503   0.033
  70    7     0.0000          —     0.1603          —     0.0001     0.0001     0.0001     0.0000 |   0.1607   0.044
  71    8     0.0000          —     0.1497          —     0.0001     0.0001     0.0000     0.0000 |   0.1499   0.046
  72    7     0.0001          —     0.1529          —     0.0001     0.0001     0.0000     0.0000 |   0.1533   0.044
  73    0     0.0001          —     0.1484          —     0.0001     0.0001     0.0000     0.0000 |   0.1487   0.043
  74    5     0.0001          —     0.1569          —     0.0002     0.0003     0.0000     0.0000 |   0.1576   0.044
  75    9     0.0001          —     0.1373          —     0.0000     0.0000     0.0000     0.0000 |   0.1374   0.025
  76    3     0.0000          —     0.1488          —     0.0000     0.0000     0.0000     0.0000 |   0.1488   0.038
  77    1     0.0000          —     0.1377          —     0.0000     0.0000     0.0000     0.0000 |   0.1378   0.032
  78    2     0.0000          —     0.1379          —     0.0000     0.0000     0.0000     0.0000 |   0.1380   0.029
  79    6     0.0000          —     0.1532          —     0.0002     0.0002     0.0001     0.0001 |   0.1538   0.036
  80    4     0.0000          —     0.1417          —     0.0001     0.0000     0.0000     0.0000 |   0.1419   0.029
  81    6     0.0001          —     0.1513          —     0.0001     0.0000     0.0000     0.0000 |   0.1517   0.047
  82    5     0.0000          —     0.1513          —     0.0000     0.0000     0.0000     0.0000 |   0.1514   0.031
  83    9     0.0002          —     0.1460          —     0.0000     0.0000     0.0000     0.0000 |   0.1462   0.033
  84    0     0.0000          —     0.1440          —     0.0001     0.0001     0.0000     0.0000 |   0.1442   0.033
  85    8     0.0000          —     0.1449          —     0.0001     0.0001     0.0000     0.0000 |   0.1451   0.032
  86    4     0.0000          —     0.1403          —     0.0000     0.0000     0.0000     0.0000 |   0.1404   0.030
  87    7     0.0001          —     0.1540          —     0.0002     0.0002     0.0001     0.0001 |   0.1548   0.033
  88    1     0.0000          —     0.1387          —     0.0000     0.0000     0.0000     0.0000 |   0.1388   0.026
  89    3     0.0000          —     0.1407          —     0.0000     0.0000     0.0000     0.0000 |   0.1407   0.034
  90    2     0.0000          —     0.1365          —     0.0000     0.0000     0.0000     0.0000 |   0.1366   0.026
  91    4     0.0001          —     0.1436          —     0.0001     0.0000     0.0000     0.0000 |   0.1439   0.028
  92    8     0.0000          —     0.1441          —     0.0001     0.0000     0.0000     0.0000 |   0.1443   0.029
  93    1     0.0000          —     0.1401          —     0.0000     0.0000     0.0000     0.0000 |   0.1402   0.029
  94    2     0.0000          —     0.1377          —     0.0000     0.0000     0.0000     0.0000 |   0.1378   0.032
  95    6     0.0001          —     0.1524          —     0.0001     0.0001     0.0001     0.0000 |   0.1528   0.045
  96    7     0.0003          —     0.1595          —     0.0002     0.0001     0.0001     0.0000 |   0.1603   0.036
  97    9     0.0000          —     0.1375          —     0.0001     0.0000     0.0000     0.0000 |   0.1376   0.028
  98    5     0.0000          —     0.1605          —     0.0001     0.0001     0.0000     0.0000 |   0.1608   0.052
  99    0     0.0000          —     0.1435          —     0.0001     0.0001     0.0000     0.0001 |   0.1438   0.034
 100    3     0.0000          —     0.1441          —     0.0001     0.0000     0.0000     0.0000 |   0.1443   0.036

## DA3-7scenes rkdc1hr (WITH rel) — office (100 steps)
step pair     couple        ctk maskdistil        rel    rel_rot   rel_tdir   rkd_sh_a   rkd_sh_d |    total   gnorm
--------------------------------------------------------------------------------------------------------------------
   1    2     0.0037          —     0.2384          —     0.1752     0.1024     0.0658     0.0665 |   0.7180  33.012
   2    7     0.0001          —     0.1639          —     0.0011     0.0021     0.0001     0.0000 |   0.1674   0.036
   3    6     0.0005          —     0.1641          —     0.0027     0.0027     0.0013     0.0001 |   0.1722   0.077
   4    5     0.0100          —     0.2236          —     0.0082     0.0335     0.0340     0.0113 |   0.3432   1.014
   5    0     0.0161          —     0.3175          —     0.1274     0.2928     0.0655     0.0506 |   0.9279  16.154
   6    3     0.0007          —     0.1931          —     0.0044     0.0139     0.0101     0.0009 |   0.2285   0.333
   7    4     0.0000          —     0.1599          —     0.0003     0.0005     0.0005     0.0000 |   0.1615   0.038
   8    8     0.0003          —     0.1854          —     0.0070     0.0122     0.0150     0.0008 |   0.2286   0.300
   9    9     0.0320          —     0.2815          —     0.9594     0.7107     0.1054     0.0532 |   2.2214  81.896
  10    1     0.0029          —     0.2330          —     0.0104     0.0047     0.0035     0.0020 |   0.2592   0.444
  11    5     0.0031          —     0.2027          —     0.0042     0.0073     0.0086     0.0030 |   0.2347   0.208
  12    7     0.0000          —     0.1662          —     0.0002     0.0002     0.0000     0.0000 |   0.1667   0.028
  13    0     0.0001          —     0.2006          —     0.0121     0.0048     0.0024     0.0007 |   0.2223   0.188
  14    9     0.3694          —     0.2725          —     1.9448     0.8395     0.1226     0.0826 |   3.7340   3.887
  15    3     0.0016          —     0.1970          —     0.0121     0.0185     0.0107     0.0009 |   0.2466   0.721
  16    4     0.0001          —     0.1665          —     0.0002     0.0013     0.0011     0.0001 |   0.1700   0.071
  17    2     0.0019          —     0.2058          —     0.0059     0.0049     0.0049     0.0031 |   0.2305   0.225
  18    8     0.0001          —     0.1876          —     0.0061     0.0150     0.0148     0.0013 |   0.2329   0.333
  19    6     0.0001          —     0.1617          —     0.0002     0.0004     0.0002     0.0001 |   0.1629   0.034
  20    1     0.0119          —     0.2060          —     0.0042     0.0295     0.0207     0.0089 |   0.2961   1.014
  21    0     0.0016          —     0.2321          —     0.0161     0.0008     0.0019     0.0010 |   0.2550   0.608
  22    7     0.0002          —     0.1626          —     0.0016     0.0026     0.0004     0.0003 |   0.1681   0.054
  23    1     0.0000          —     0.2439          —     2.0187     0.4426     0.0137     0.0146 |   2.7478   1.122
  24    2     0.0007          —     0.2004          —     0.0066     0.0053     0.0058     0.0021 |   0.2248   0.220
  25    5     0.0124          —     0.3171          —     0.8807     0.4817     0.0387     0.0669 |   1.8504  23.041
  26    4     0.0000          —     0.1669          —     0.0003     0.0003     0.0003     0.0001 |   0.1680   0.038
  27    9     0.0985          —     0.2738          —     1.4426     0.8061     0.1169     0.0627 |   2.8904  26.726
  28    8     0.0009          —     0.1894          —     0.0054     0.0101     0.0140     0.0008 |   0.2280   0.273
  29    3     0.0001          —     0.1988          —     0.0062     0.0498     0.0279     0.0019 |   0.2997   0.456
  30    6     0.0003          —     0.1644          —     0.0016     0.0005     0.0003     0.0001 |   0.1674   0.057
  31    0     0.0000          —     0.1826          —     0.0051     0.0015     0.0005     0.0002 |   0.1902   0.125
  32    2     0.0001          —     0.2254          —     0.0107     0.0360     0.0247     0.0191 |   0.3379   1.010
  33    7     0.0001          —     0.1601          —     0.0001     0.0001     0.0001     0.0000 |   0.1607   0.040
  34    5     0.0386          —     0.2682          —     0.1903     0.0919     0.0622     0.0705 |   0.7880  19.182
  35    1     0.0093          —     0.2127          —     0.0074     0.0283     0.0244     0.0104 |   0.3098   1.170
  36    3     0.0000          —     0.2120          —     0.0056     0.0481     0.0277     0.0039 |   0.3131   0.617
  37    6     0.0002          —     0.1714          —     0.0007     0.0007     0.0000     0.0001 |   0.1731   0.038
  38    9     0.0007          —     0.2769          —     0.0527     0.2154     0.0581     0.0382 |   0.6901   1.633
  39    4     0.0000          —     0.1717          —     0.0002     0.0006     0.0007     0.0001 |   0.1736   0.066
  40    8     0.0008          —     0.1965          —     0.0049     0.0014     0.0007     0.0004 |   0.2054   0.088
  41    6     0.0001          —     0.1670          —     0.0010     0.0009     0.0025     0.0003 |   0.1731   0.087
  42    9     0.0095          —     0.2355          —     0.0140     0.0214     0.0203     0.0131 |   0.3306   0.985
  43    4     0.0000          —     0.1596          —     0.0005     0.0006     0.0000     0.0000 |   0.1608   0.052
  44    1     0.0004          —     0.2125          —     0.0031     0.0021     0.0009     0.0005 |   0.2202   0.219
  45    3     0.0007          —     0.1897          —     0.0047     0.0035     0.0018     0.0013 |   0.2032   0.108
  46    2     0.0001          —     0.2095          —     0.0098     0.0052     0.0060     0.0057 |   0.2421   0.290
  47    7     0.0002          —     0.1680          —     0.0002     0.0004     0.0004     0.0000 |   0.1696   0.049
  48    0     0.0004          —     0.2041          —     0.0065     0.0015     0.0008     0.0004 |   0.2143   0.202
  49    5     0.0095          —     0.2271          —     0.0070     0.0222     0.0292     0.0069 |   0.3200   0.779
  50    8     0.0000          —     0.1979          —     0.0069     0.0034     0.0039     0.0016 |   0.2164   0.200
  51    6     0.0004          —     0.1624          —     0.0012     0.0014     0.0007     0.0001 |   0.1665   0.059
  52    5     0.0088          —     0.2014          —     0.0093     0.0117     0.0167     0.0081 |   0.2684   0.463
  53    9     0.0172          —     0.2637          —     0.9850     0.7409     0.1007     0.0502 |   2.2331  63.260
  54    0     0.0003          —     0.2152          —     0.0149     0.0034     0.0005     0.0009 |   0.2358   0.294
  55    7     0.0005          —     0.1627          —     0.0017     0.0005     0.0000     0.0000 |   0.1654   0.044
  56    4     0.0001          —     0.1649          —     0.0005     0.0009     0.0003     0.0002 |   0.1670   0.070
  57    3     0.0030          —     0.1958          —     0.0126     0.0273     0.0253     0.0038 |   0.2823   0.698
  58    8     0.0016          —     0.2100          —     0.0120     0.0032     0.0011     0.0012 |   0.2302   0.181
  59    2     0.0000          —     0.2123          —     0.0071     0.0218     0.0149     0.0075 |   0.2748   0.678
  60    1     0.0082          —     0.2144          —     0.0046     0.1506     0.0474     0.0159 |   0.4726   0.826
  61    7     0.0000          —     0.1628          —     0.0001     0.0001     0.0000     0.0000 |   0.1630   0.054
  62    9     0.0005          —     0.2407          —     1.9861     0.3681     0.0054     0.0059 |   2.6123   1.450
  63    1     0.0001          —     0.2076          —     0.0104     0.0036     0.0010     0.0002 |   0.2235   0.290
  64    6     0.0006          —     0.1622          —     0.0017     0.0051     0.0053     0.0006 |   0.1785   0.123
  65    0     0.0000          —     0.1854          —     0.0065     0.0034     0.0017     0.0004 |   0.1986   0.243
  66    3     0.0021          —     0.1906          —     0.0041     0.0050     0.0026     0.0006 |   0.2067   0.177
  67    4     0.0000          —     0.1663          —     0.0004     0.0006     0.0007     0.0001 |   0.1685   0.063
  68    5     0.0035          —     0.2057          —     0.0117     0.0135     0.0155     0.0074 |   0.2688   0.551
  69    2     0.0028          —     0.2016          —     0.0053     0.0122     0.0102     0.0078 |   0.2490   1.117
  70    8     0.0005          —     0.1951          —     0.0035     0.0042     0.0038     0.0014 |   0.2110   0.345
  71    1     0.0026          —     0.2054          —     0.0037     0.0052     0.0089     0.0024 |   0.2339   0.442
  72    2     0.0004          —     0.2147          —     0.0025     0.0022     0.0013     0.0003 |   0.2222   0.169
  73    5     0.0012          —     0.2031          —     0.0029     0.0218     0.0176     0.0063 |   0.2648   0.420
  74    7     0.0000          —     0.1798          —     0.0009     0.0023     0.0008     0.0001 |   0.1844   0.110
  75    8     0.0001          —     0.1874          —     0.0027     0.0083     0.0092     0.0008 |   0.2134   0.455
  76    9     0.0065          —     0.2151          —     0.0050     0.1137     0.0356     0.0197 |   0.4232   2.287
  77    4     0.0000          —     0.1705          —     0.0004     0.0004     0.0007     0.0000 |   0.1725   0.085
  78    0     0.0007          —     0.2362          —     0.0132     0.0108     0.0145     0.0081 |   0.2950   1.238
  79    3     0.0017          —     0.2359          —     0.0040     0.0304     0.0112     0.0009 |   0.2902   2.852
  80    6     0.0003          —     0.1668          —     0.0004     0.0002     0.0001     0.0000 |   0.1680   0.039
  81    4     0.0003          —     0.1629          —     0.0002     0.0006     0.0001     0.0002 |   0.1644   0.056
  82    0     0.0011          —     0.2067          —     0.0044     0.0009     0.0005     0.0004 |   0.2147   0.232
  83    1     0.0111          —     0.2022          —     0.0044     0.0819     0.0404     0.0144 |   0.3818   1.260
  84    3     0.0025          —     0.1914          —     0.0054     0.0118     0.0071     0.0017 |   0.2242   0.303
  85    5     0.0048          —     0.2436          —     0.0210     0.0277     0.0311     0.0146 |   0.3658   0.725
  86    6     0.0003          —     0.1639          —     0.0010     0.0004     0.0005     0.0001 |   0.1664   0.046
  87    9     0.1328          —     0.2556          —     1.5741     0.8059     0.1191     0.0681 |   3.0491  42.299
  88    7     0.0001          —     0.1595          —     0.0003     0.0005     0.0005     0.0001 |   0.1613   0.044
  89    2     0.0000          —     0.2137          —     0.0059     0.0044     0.0059     0.0020 |   0.2360   0.239
  90    8     0.0000          —     0.2328          —     0.0086     0.0103     0.0085     0.0028 |   0.2687   0.377
  91    2     0.0003          —     0.2008          —     0.0096     0.0033     0.0026     0.0018 |   0.2207   0.174
  92    9     0.0069          —     0.2256          —     0.0096     0.0353     0.0163     0.0115 |   0.3190   1.518
  93    8     0.0140          —     0.2352          —     2.1005     0.2188     0.0676     0.0328 |   2.7191   0.929
  94    4     0.0003          —     0.1619          —     0.0002     0.0003     0.0001     0.0001 |   0.1629   0.071
  95    1     0.0070          —     0.2166          —     0.0086     0.0121     0.0168     0.0044 |   0.2762   1.037
  96    5     0.0107          —     0.2507          —     1.7293     0.2897     0.0553     0.0654 |   2.4614  15.605
  97    3     0.0044          —     0.1870          —     0.0067     0.0206     0.0185     0.0016 |   0.2488   0.781
  98    0     0.0000          —     0.1979          —     0.0042     0.0012     0.0003     0.0005 |   0.2044   0.388
  99    7     0.0006          —     0.1520          —     0.0004     0.0002     0.0000     0.0000 |   0.1533   0.036
 100    6     0.0009          —     0.1730          —     0.0056     0.0016     0.0014     0.0008 |   0.1844   0.107

## DA3-7scenes rkdc1h (NO rel) — chess (100 steps)
step pair     couple        ctk maskdistil        rel    rel_rot   rel_tdir   rkd_sh_a   rkd_sh_d |    total   gnorm
--------------------------------------------------------------------------------------------------------------------
   1    1     0.0002          —     0.1580          —          —          —     0.0000     0.0000 |   0.1583   0.027
   2    6     0.0002          —     0.1750          —          —          —     0.0001     0.0001 |   0.1753   0.042
   3    3     0.0000          —     0.1587          —          —          —     0.0001     0.0000 |   0.1588   0.021
   4    7     0.0000          —     0.1663          —          —          —     0.0000     0.0000 |   0.1664   0.025
   5    4     0.0003          —     0.1684          —          —          —     0.0001     0.0000 |   0.1689   0.027
   6    8     0.0001          —     0.1604          —          —          —     0.0001     0.0001 |   0.1607   0.021
   7    2     0.0000          —     0.1560          —          —          —     0.0001     0.0001 |   0.1562   0.020
   8    0     0.0000          —     0.1582          —          —          —     0.0004     0.0000 |   0.1587   0.021
   9    9     0.0001          —     0.1680          —          —          —     0.0001     0.0001 |   0.1683   0.037
  10    5     0.0002          —     0.1600          —          —          —     0.0001     0.0001 |   0.1605   0.028
  11    4     0.0001          —     0.1732          —          —          —     0.0003     0.0002 |   0.1739   0.046
  12    0     0.0001          —     0.1693          —          —          —     0.0000     0.0000 |   0.1694   0.067
  13    6     0.0003          —     0.1706          —          —          —     0.0000     0.0000 |   0.1709   0.036
  14    2     0.0000          —     0.1576          —          —          —     0.0001     0.0000 |   0.1578   0.029
  15    7     0.0001          —     0.1600          —          —          —     0.0000     0.0000 |   0.1602   0.030
  16    3     0.0000          —     0.1625          —          —          —     0.0000     0.0000 |   0.1626   0.028
  17    9     0.0002          —     0.1572          —          —          —     0.0000     0.0000 |   0.1575   0.024
  18    8     0.0000          —     0.1695          —          —          —     0.0000     0.0000 |   0.1696   0.039
  19    5     0.0000          —     0.1583          —          —          —     0.0001     0.0000 |   0.1585   0.027
  20    1     0.0003          —     0.1521          —          —          —     0.0000     0.0000 |   0.1524   0.027
  21    8     0.0000          —     0.1523          —          —          —     0.0000     0.0000 |   0.1524   0.024
  22    6     0.0000          —     0.1619          —          —          —     0.0000     0.0000 |   0.1619   0.031
  23    2     0.0001          —     0.1564          —          —          —     0.0001     0.0000 |   0.1566   0.030
  24    0     0.0000          —     0.1561          —          —          —     0.0005     0.0000 |   0.1569   0.031
  25    5     0.0001          —     0.1564          —          —          —     0.0001     0.0000 |   0.1568   0.026
  26    4     0.0000          —     0.1582          —          —          —     0.0000     0.0000 |   0.1583   0.031
  27    3     0.0001          —     0.1420          —          —          —     0.0002     0.0000 |   0.1425   0.025
  28    7     0.0000          —     0.1493          —          —          —     0.0002     0.0001 |   0.1497   0.027
  29    1     0.0004          —     0.1514          —          —          —     0.0000     0.0000 |   0.1518   0.065
  30    9     0.0000          —     0.1500          —          —          —     0.0001     0.0000 |   0.1502   0.027
  31    1     0.0004          —     0.1453          —          —          —     0.0000     0.0000 |   0.1458   0.045
  32    5     0.0001          —     0.1494          —          —          —     0.0000     0.0000 |   0.1497   0.030
  33    2     0.0000          —     0.1467          —          —          —     0.0000     0.0000 |   0.1468   0.028
  34    0     0.0001          —     0.1406          —          —          —     0.0000     0.0000 |   0.1407   0.027
  35    7     0.0001          —     0.1446          —          —          —     0.0000     0.0000 |   0.1447   0.027
  36    9     0.0003          —     0.1409          —          —          —     0.0000     0.0000 |   0.1412   0.025
  37    4     0.0002          —     0.1466          —          —          —     0.0001     0.0000 |   0.1470   0.028
  38    6     0.0000          —     0.1472          —          —          —     0.0000     0.0000 |   0.1473   0.030
  39    3     0.0000          —     0.1396          —          —          —     0.0001     0.0000 |   0.1399   0.026
  40    8     0.0000          —     0.1404          —          —          —     0.0000     0.0000 |   0.1405   0.026
  41    8     0.0000          —     0.1427          —          —          —     0.0000     0.0000 |   0.1429   0.026
  42    3     0.0000          —     0.1345          —          —          —     0.0000     0.0000 |   0.1345   0.023
  43    7     0.0000          —     0.1347          —          —          —     0.0000     0.0000 |   0.1349   0.023
  44    4     0.0000          —     0.1435          —          —          —     0.0000     0.0000 |   0.1436   0.027
  45    0     0.0000          —     0.1414          —          —          —     0.0000     0.0000 |   0.1415   0.033
  46    6     0.0007          —     0.1359          —          —          —     0.0000     0.0000 |   0.1366   0.025
  47    2     0.0000          —     0.1326          —          —          —     0.0001     0.0000 |   0.1328   0.027
  48    5     0.0001          —     0.1379          —          —          —     0.0000     0.0000 |   0.1381   0.026
  49    1     0.0001          —     0.1338          —          —          —     0.0000     0.0000 |   0.1340   0.024
  50    9     0.0000          —     0.1308          —          —          —     0.0001     0.0000 |   0.1309   0.021
  51    7     0.0002          —     0.1280          —          —          —     0.0000     0.0000 |   0.1283   0.022
  52    1     0.0001          —     0.1291          —          —          —     0.0000     0.0000 |   0.1293   0.021
  53    6     0.0003          —     0.1296          —          —          —     0.0000     0.0000 |   0.1300   0.024
  54    2     0.0001          —     0.1300          —          —          —     0.0000     0.0000 |   0.1302   0.024
  55    4     0.0000          —     0.1278          —          —          —     0.0001     0.0000 |   0.1280   0.025
  56    9     0.0001          —     0.1271          —          —          —     0.0000     0.0000 |   0.1272   0.023
  57    0     0.0000          —     0.1276          —          —          —     0.0001     0.0000 |   0.1279   0.021
  58    3     0.0000          —     0.1241          —          —          —     0.0000     0.0000 |   0.1241   0.018
  59    5     0.0000          —     0.1260          —          —          —     0.0000     0.0000 |   0.1260   0.027
  60    8     0.0000          —     0.1328          —          —          —     0.0000     0.0000 |   0.1329   0.024
  61    0     0.0000          —     0.1265          —          —          —     0.0000     0.0000 |   0.1265   0.024
  62    1     0.0000          —     0.1226          —          —          —     0.0000     0.0000 |   0.1227   0.019
  63    3     0.0000          —     0.1273          —          —          —     0.0000     0.0000 |   0.1274   0.022
  64    8     0.0000          —     0.1333          —          —          —     0.0000     0.0000 |   0.1334   0.022
  65    9     0.0000          —     0.1204          —          —          —     0.0001     0.0000 |   0.1205   0.022
  66    7     0.0001          —     0.1266          —          —          —     0.0000     0.0000 |   0.1267   0.023
  67    2     0.0000          —     0.1209          —          —          —     0.0000     0.0000 |   0.1210   0.019
  68    6     0.0001          —     0.1308          —          —          —     0.0000     0.0000 |   0.1309   0.022
  69    5     0.0001          —     0.1193          —          —          —     0.0000     0.0000 |   0.1195   0.025
  70    4     0.0001          —     0.1235          —          —          —     0.0001     0.0000 |   0.1238   0.020
  71    1     0.0000          —     0.1171          —          —          —     0.0000     0.0000 |   0.1172   0.019
  72    7     0.0000          —     0.1216          —          —          —     0.0000     0.0000 |   0.1217   0.020
  73    9     0.0000          —     0.1238          —          —          —     0.0000     0.0000 |   0.1239   0.019
  74    0     0.0001          —     0.1246          —          —          —     0.0001     0.0000 |   0.1249   0.025
  75    3     0.0000          —     0.1148          —          —          —     0.0001     0.0000 |   0.1150   0.020
  76    8     0.0000          —     0.1246          —          —          —     0.0002     0.0000 |   0.1249   0.023
  77    4     0.0000          —     0.1258          —          —          —     0.0000     0.0000 |   0.1259   0.021
  78    6     0.0000          —     0.1214          —          —          —     0.0000     0.0000 |   0.1215   0.019
  79    5     0.0002          —     0.1178          —          —          —     0.0000     0.0000 |   0.1180   0.020
  80    2     0.0001          —     0.1179          —          —          —     0.0000     0.0000 |   0.1180   0.020
  81    3     0.0000          —     0.1192          —          —          —     0.0000     0.0000 |   0.1192   0.020
  82    6     0.0000          —     0.1239          —          —          —     0.0000     0.0000 |   0.1240   0.023
  83    1     0.0001          —     0.1242          —          —          —     0.0000     0.0000 |   0.1243   0.019
  84    9     0.0000          —     0.1206          —          —          —     0.0000     0.0000 |   0.1206   0.020
  85    4     0.0000          —     0.1234          —          —          —     0.0002     0.0001 |   0.1239   0.022
  86    0     0.0000          —     0.1212          —          —          —     0.0000     0.0000 |   0.1212   0.021
  87    2     0.0000          —     0.1228          —          —          —     0.0000     0.0000 |   0.1229   0.022
  88    5     0.0002          —     0.1189          —          —          —     0.0000     0.0000 |   0.1191   0.020
  89    7     0.0000          —     0.1195          —          —          —     0.0000     0.0000 |   0.1196   0.020
  90    8     0.0000          —     0.1202          —          —          —     0.0001     0.0000 |   0.1204   0.023
  91    7     0.0000          —     0.1205          —          —          —     0.0000     0.0000 |   0.1205   0.020
  92    5     0.0002          —     0.1217          —          —          —     0.0000     0.0000 |   0.1219   0.019
  93    6     0.0000          —     0.1213          —          —          —     0.0001     0.0000 |   0.1215   0.020
  94    2     0.0000          —     0.1221          —          —          —     0.0000     0.0000 |   0.1222   0.023
  95    1     0.0000          —     0.1214          —          —          —     0.0001     0.0000 |   0.1215   0.019
  96    9     0.0000          —     0.1165          —          —          —     0.0000     0.0000 |   0.1166   0.020
  97    8     0.0000          —     0.1252          —          —          —     0.0000     0.0000 |   0.1253   0.022
  98    0     0.0000          —     0.1178          —          —          —     0.0006     0.0001 |   0.1187   0.023
  99    4     0.0000          —     0.1233          —          —          —     0.0001     0.0001 |   0.1236   0.030
 100    3     0.0000          —     0.1205          —          —          —     0.0000     0.0000 |   0.1206   0.021

## DA3-7scenes rkdc1h (NO rel) — redkitchen (100 steps)
step pair     couple        ctk maskdistil        rel    rel_rot   rel_tdir   rkd_sh_a   rkd_sh_d |    total   gnorm
--------------------------------------------------------------------------------------------------------------------
   1    2     0.0002          —     0.1781          —          —          —     0.0000     0.0000 |   0.1784   0.029
   2    0     0.0000          —     0.1900          —          —          —     0.0001     0.0000 |   0.1903   0.086
   3    3     0.0004          —     0.1805          —          —          —     0.0000     0.0000 |   0.1810   0.046
   4    6     0.0002          —     0.2136          —          —          —     0.0000     0.0000 |   0.2138   0.157
   5    5     0.0009          —     0.1890          —          —          —     0.0001     0.0001 |   0.1901   0.040
   6    1     0.0002          —     0.1792          —          —          —     0.0000     0.0000 |   0.1795   0.060
   7    4     0.0004          —     0.1847          —          —          —     0.0001     0.0000 |   0.1852   0.093
   8    9     0.0000          —     0.1665          —          —          —     0.0000     0.0000 |   0.1666   0.028
   9    8     0.0000          —     0.2046          —          —          —     0.0001     0.0000 |   0.2048   0.115
  10    7     0.0000          —     0.2041          —          —          —     0.0004     0.0002 |   0.2051   0.191
  11    4     0.0001          —     0.1720          —          —          —     0.0000     0.0000 |   0.1721   0.051
  12    6     0.0006          —     0.1874          —          —          —     0.0000     0.0000 |   0.1880   0.055
  13    2     0.0000          —     0.1647          —          —          —     0.0000     0.0000 |   0.1648   0.025
  14    1     0.0002          —     0.1741          —          —          —     0.0000     0.0000 |   0.1743   0.042
  15    5     0.0004          —     0.2133          —          —          —     0.0001     0.0000 |   0.2139   0.111
  16    8     0.0000          —     0.2060          —          —          —     0.0001     0.0000 |   0.2061   0.067
  17    0     0.0001          —     0.2018          —          —          —     0.0001     0.0000 |   0.2021   0.108
  18    7     0.0000          —     0.1906          —          —          —     0.0001     0.0000 |   0.1908   0.059
  19    3     0.0000          —     0.1719          —          —          —     0.0000     0.0000 |   0.1720   0.046
  20    9     0.0000          —     0.1704          —          —          —     0.0000     0.0000 |   0.1704   0.039
  21    7     0.0000          —     0.1958          —          —          —     0.0001     0.0001 |   0.1961   0.072
  22    5     0.0000          —     0.1850          —          —          —     0.0002     0.0000 |   0.1853   0.041
  23    1     0.0000          —     0.1679          —          —          —     0.0000     0.0000 |   0.1680   0.038
  24    8     0.0002          —     0.1967          —          —          —     0.0001     0.0000 |   0.1971   0.078
  25    9     0.0001          —     0.1645          —          —          —     0.0000     0.0000 |   0.1646   0.028
  26    6     0.0003          —     0.1814          —          —          —     0.0001     0.0001 |   0.1819   0.046
  27    0     0.0000          —     0.1910          —          —          —     0.0001     0.0000 |   0.1912   0.099
  28    3     0.0000          —     0.1643          —          —          —     0.0000     0.0000 |   0.1643   0.044
  29    4     0.0001          —     0.1672          —          —          —     0.0001     0.0000 |   0.1673   0.034
  30    2     0.0000          —     0.1686          —          —          —     0.0000     0.0000 |   0.1686   0.048
  31    2     0.0000          —     0.1576          —          —          —     0.0000     0.0000 |   0.1576   0.029
  32    0     0.0000          —     0.1778          —          —          —     0.0000     0.0000 |   0.1779   0.082
  33    3     0.0001          —     0.1615          —          —          —     0.0000     0.0000 |   0.1617   0.029
  34    6     0.0001          —     0.1795          —          —          —     0.0000     0.0000 |   0.1796   0.065
  35    1     0.0000          —     0.1548          —          —          —     0.0000     0.0000 |   0.1549   0.033
  36    5     0.0004          —     0.1698          —          —          —     0.0000     0.0001 |   0.1703   0.045
  37    7     0.0000          —     0.1821          —          —          —     0.0001     0.0000 |   0.1822   0.053
  38    9     0.0000          —     0.1564          —          —          —     0.0000     0.0000 |   0.1564   0.035
  39    8     0.0000          —     0.1686          —          —          —     0.0000     0.0000 |   0.1687   0.057
  40    4     0.0000          —     0.1554          —          —          —     0.0000     0.0000 |   0.1554   0.034
  41    0     0.0001          —     0.1563          —          —          —     0.0001     0.0000 |   0.1565   0.034
  42    1     0.0000          —     0.1512          —          —          —     0.0000     0.0000 |   0.1513   0.032
  43    9     0.0000          —     0.1558          —          —          —     0.0000     0.0000 |   0.1558   0.034
  44    2     0.0001          —     0.1506          —          —          —     0.0000     0.0000 |   0.1507   0.036
  45    8     0.0000          —     0.1625          —          —          —     0.0000     0.0000 |   0.1626   0.045
  46    5     0.0001          —     0.1696          —          —          —     0.0000     0.0001 |   0.1698   0.050
  47    4     0.0000          —     0.1546          —          —          —     0.0000     0.0000 |   0.1547   0.030
  48    3     0.0000          —     0.1507          —          —          —     0.0000     0.0000 |   0.1508   0.033
  49    6     0.0011          —     0.1636          —          —          —     0.0000     0.0000 |   0.1648   0.048
  50    7     0.0001          —     0.1615          —          —          —     0.0000     0.0000 |   0.1616   0.050
  51    4     0.0000          —     0.1491          —          —          —     0.0000     0.0000 |   0.1492   0.030
  52    7     0.0001          —     0.1713          —          —          —     0.0000     0.0000 |   0.1715   0.049
  53    6     0.0001          —     0.1674          —          —          —     0.0001     0.0000 |   0.1676   0.042
  54    2     0.0000          —     0.1499          —          —          —     0.0000     0.0000 |   0.1500   0.032
  55    8     0.0001          —     0.1532          —          —          —     0.0000     0.0000 |   0.1533   0.032
  56    3     0.0000          —     0.1493          —          —          —     0.0000     0.0000 |   0.1494   0.034
  57    9     0.0000          —     0.1517          —          —          —     0.0000     0.0000 |   0.1517   0.031
  58    0     0.0001          —     0.1479          —          —          —     0.0001     0.0001 |   0.1484   0.033
  59    1     0.0000          —     0.1460          —          —          —     0.0000     0.0000 |   0.1460   0.033
  60    5     0.0002          —     0.1582          —          —          —     0.0000     0.0000 |   0.1585   0.043
  61    5     0.0000          —     0.1568          —          —          —     0.0000     0.0000 |   0.1569   0.041
  62    2     0.0000          —     0.1429          —          —          —     0.0000     0.0000 |   0.1429   0.028
  63    3     0.0000          —     0.1445          —          —          —     0.0000     0.0000 |   0.1445   0.062
  64    4     0.0000          —     0.1497          —          —          —     0.0000     0.0000 |   0.1497   0.032
  65    0     0.0000          —     0.1457          —          —          —     0.0000     0.0000 |   0.1458   0.030
  66    9     0.0000          —     0.1400          —          —          —     0.0000     0.0000 |   0.1400   0.031
  67    6     0.0001          —     0.1524          —          —          —     0.0001     0.0001 |   0.1527   0.037
  68    1     0.0000          —     0.1441          —          —          —     0.0000     0.0000 |   0.1442   0.029
  69    8     0.0000          —     0.1497          —          —          —     0.0000     0.0000 |   0.1498   0.029
  70    7     0.0000          —     0.1598          —          —          —     0.0001     0.0000 |   0.1600   0.046
  71    8     0.0000          —     0.1495          —          —          —     0.0000     0.0000 |   0.1495   0.037
  72    7     0.0001          —     0.1527          —          —          —     0.0000     0.0000 |   0.1528   0.042
  73    0     0.0001          —     0.1482          —          —          —     0.0000     0.0000 |   0.1483   0.035
  74    5     0.0001          —     0.1568          —          —          —     0.0000     0.0000 |   0.1570   0.046
  75    9     0.0001          —     0.1370          —          —          —     0.0000     0.0000 |   0.1371   0.025
  76    3     0.0000          —     0.1485          —          —          —     0.0000     0.0000 |   0.1485   0.038
  77    1     0.0001          —     0.1375          —          —          —     0.0000     0.0000 |   0.1376   0.043
  78    2     0.0000          —     0.1376          —          —          —     0.0000     0.0000 |   0.1377   0.031
  79    6     0.0000          —     0.1530          —          —          —     0.0001     0.0000 |   0.1532   0.037
  80    4     0.0000          —     0.1415          —          —          —     0.0000     0.0000 |   0.1416   0.029
  81    6     0.0001          —     0.1512          —          —          —     0.0000     0.0000 |   0.1514   0.032
  82    5     0.0000          —     0.1510          —          —          —     0.0000     0.0000 |   0.1511   0.031
  83    9     0.0002          —     0.1458          —          —          —     0.0000     0.0000 |   0.1460   0.033
  84    0     0.0000          —     0.1438          —          —          —     0.0000     0.0000 |   0.1439   0.035
  85    8     0.0000          —     0.1448          —          —          —     0.0000     0.0000 |   0.1449   0.028
  86    4     0.0000          —     0.1401          —          —          —     0.0000     0.0000 |   0.1401   0.031
  87    7     0.0001          —     0.1537          —          —          —     0.0001     0.0001 |   0.1541   0.033
  88    1     0.0000          —     0.1384          —          —          —     0.0000     0.0000 |   0.1385   0.027
  89    3     0.0000          —     0.1403          —          —          —     0.0000     0.0000 |   0.1403   0.033
  90    2     0.0000          —     0.1363          —          —          —     0.0000     0.0000 |   0.1364   0.027
  91    4     0.0001          —     0.1434          —          —          —     0.0000     0.0000 |   0.1436   0.030
  92    8     0.0000          —     0.1439          —          —          —     0.0000     0.0000 |   0.1440   0.027
  93    1     0.0000          —     0.1399          —          —          —     0.0000     0.0000 |   0.1399   0.027
  94    2     0.0000          —     0.1376          —          —          —     0.0000     0.0000 |   0.1376   0.027
  95    6     0.0001          —     0.1519          —          —          —     0.0001     0.0000 |   0.1522   0.045
  96    7     0.0004          —     0.1593          —          —          —     0.0001     0.0000 |   0.1598   0.039
  97    9     0.0000          —     0.1374          —          —          —     0.0000     0.0000 |   0.1374   0.026
  98    5     0.0001          —     0.1603          —          —          —     0.0000     0.0000 |   0.1604   0.051
  99    0     0.0000          —     0.1433          —          —          —     0.0000     0.0000 |   0.1434   0.034
 100    3     0.0000          —     0.1440          —          —          —     0.0000     0.0000 |   0.1441   0.032

## DA3-7scenes rkdc1h (NO rel) — office (100 steps)
step pair     couple        ctk maskdistil        rel    rel_rot   rel_tdir   rkd_sh_a   rkd_sh_d |    total   gnorm
--------------------------------------------------------------------------------------------------------------------
   1    2     0.0037          —     0.2384          —          —          —     0.0658     0.0665 |   0.4404   7.788
   2    7     0.0001          —     0.1639          —          —          —     0.0001     0.0000 |   0.1642   0.031
   3    6     0.0005          —     0.1643          —          —          —     0.0011     0.0001 |   0.1666   0.050
   4    5     0.0101          —     0.2240          —          —          —     0.0334     0.0112 |   0.3011   0.663
   5    0     0.0180          —     0.3181          —          —          —     0.0605     0.0485 |   0.4995   1.441
   6    3     0.0007          —     0.1932          —          —          —     0.0094     0.0009 |   0.2094   0.205
   7    4     0.0000          —     0.1599          —          —          —     0.0006     0.0000 |   0.1608   0.033
   8    8     0.0005          —     0.1850          —          —          —     0.0143     0.0008 |   0.2081   0.206
   9    9     0.0807          —     0.2860          —          —          —     0.1138     0.0621 |   0.6305  12.316
  10    1     0.0025          —     0.2329          —          —          —     0.0034     0.0021 |   0.2436   0.337
  11    5     0.0030          —     0.2028          —          —          —     0.0077     0.0028 |   0.2216   0.192
  12    7     0.0000          —     0.1662          —          —          —     0.0001     0.0000 |   0.1663   0.023
  13    0     0.0001          —     0.2005          —          —          —     0.0025     0.0009 |   0.2056   0.184
  14    9     0.3623          —     0.2738          —          —          —     0.1224     0.0822 |   0.9430   2.355
  15    3     0.0015          —     0.1970          —          —          —     0.0114     0.0008 |   0.2169   0.252
  16    4     0.0001          —     0.1664          —          —          —     0.0011     0.0001 |   0.1682   0.062
  17    2     0.0020          —     0.2062          —          —          —     0.0048     0.0030 |   0.2199   0.165
  18    8     0.0002          —     0.1874          —          —          —     0.0155     0.0014 |   0.2129   0.190
  19    6     0.0001          —     0.1618          —          —          —     0.0001     0.0001 |   0.1622   0.025
  20    1     0.0113          —     0.2060          —          —          —     0.0201     0.0082 |   0.2597   0.562
  21    0     0.0016          —     0.2335          —          —          —     0.0018     0.0010 |   0.2393   0.482
  22    7     0.0002          —     0.1626          —          —          —     0.0004     0.0003 |   0.1638   0.043
  23    1     0.0001          —     0.2437          —          —          —     0.0140     0.0148 |   0.2869   0.325
  24    2     0.0007          —     0.2001          —          —          —     0.0061     0.0021 |   0.2131   0.163
  25    5     0.0115          —     0.3168          —          —          —     0.0380     0.0663 |   0.4849   1.121
  26    4     0.0000          —     0.1667          —          —          —     0.0003     0.0000 |   0.1673   0.041
  27    9     0.0649          —     0.2687          —          —          —     0.1131     0.0578 |   0.5899   8.757
  28    8     0.0009          —     0.1891          —          —          —     0.0134     0.0008 |   0.2113   0.171
  29    3     0.0001          —     0.1983          —          —          —     0.0280     0.0019 |   0.2432   0.203
  30    6     0.0002          —     0.1641          —          —          —     0.0003     0.0001 |   0.1648   0.032
  31    0     0.0000          —     0.1823          —          —          —     0.0004     0.0002 |   0.1832   0.054
  32    2     0.0001          —     0.2260          —          —          —     0.0261     0.0205 |   0.2960   0.492
  33    7     0.0001          —     0.1597          —          —          —     0.0001     0.0000 |   0.1600   0.048
  34    5     0.0337          —     0.2679          —          —          —     0.0583     0.0742 |   0.5004   5.399
  35    1     0.0085          —     0.2105          —          —          —     0.0250     0.0095 |   0.2707   0.644
  36    3     0.0000          —     0.2077          —          —          —     0.0284     0.0037 |   0.2559   0.427
  37    6     0.0002          —     0.1712          —          —          —     0.0000     0.0001 |   0.1716   0.034
  38    9     0.0004          —     0.2598          —          —          —     0.0526     0.0355 |   0.3923   1.421
  39    4     0.0000          —     0.1707          —          —          —     0.0005     0.0000 |   0.1715   0.074
  40    8     0.0007          —     0.1957          —          —          —     0.0023     0.0004 |   0.2003   0.114
  41    6     0.0001          —     0.1670          —          —          —     0.0030     0.0004 |   0.1722   0.075
  42    9     0.0089          —     0.2308          —          —          —     0.0191     0.0133 |   0.2883   0.553
  43    4     0.0000          —     0.1579          —          —          —     0.0000     0.0000 |   0.1579   0.034
  44    1     0.0006          —     0.2134          —          —          —     0.0005     0.0002 |   0.2152   0.192
  45    3     0.0004          —     0.1887          —          —          —     0.0023     0.0010 |   0.1940   0.095
  46    2     0.0001          —     0.2101          —          —          —     0.0070     0.0061 |   0.2298   0.232
  47    7     0.0002          —     0.1669          —          —          —     0.0005     0.0000 |   0.1678   0.036
  48    0     0.0004          —     0.2016          —          —          —     0.0009     0.0004 |   0.2039   0.192
  49    5     0.0100          —     0.2269          —          —          —     0.0317     0.0075 |   0.2958   0.553
  50    8     0.0000          —     0.1987          —          —          —     0.0037     0.0022 |   0.2076   0.174
  51    6     0.0003          —     0.1607          —          —          —     0.0003     0.0000 |   0.1616   0.036
  52    5     0.0084          —     0.2013          —          —          —     0.0172     0.0080 |   0.2475   0.417
  53    9     0.0057          —     0.2460          —          —          —     0.0357     0.0310 |   0.3518   1.894
  54    0     0.0007          —     0.2134          —          —          —     0.0014     0.0014 |   0.2182   0.389
  55    7     0.0005          —     0.1617          —          —          —     0.0000     0.0000 |   0.1622   0.037
  56    4     0.0000          —     0.1634          —          —          —     0.0002     0.0001 |   0.1639   0.066
  57    3     0.0026          —     0.1946          —          —          —     0.0280     0.0037 |   0.2449   0.289
  58    8     0.0024          —     0.2116          —          —          —     0.0017     0.0019 |   0.2194   0.212
  59    2     0.0000          —     0.2121          —          —          —     0.0178     0.0072 |   0.2496   0.430
  60    1     0.0083          —     0.2130          —          —          —     0.0474     0.0158 |   0.3160   0.212
  61    7     0.0000          —     0.1595          —          —          —     0.0000     0.0000 |   0.1596   0.040
  62    9     0.0006          —     0.2392          —          —          —     0.0057     0.0057 |   0.2568   0.169
  63    1     0.0002          —     0.2076          —          —          —     0.0011     0.0003 |   0.2098   0.257
  64    6     0.0006          —     0.1612          —          —          —     0.0049     0.0006 |   0.1700   0.111
  65    0     0.0000          —     0.1840          —          —          —     0.0019     0.0005 |   0.1876   0.135
  66    3     0.0023          —     0.1910          —          —          —     0.0036     0.0010 |   0.2002   0.130
  67    4     0.0001          —     0.1639          —          —          —     0.0006     0.0001 |   0.1650   0.067
  68    5     0.0036          —     0.2053          —          —          —     0.0171     0.0078 |   0.2462   0.400
  69    2     0.0024          —     0.2010          —          —          —     0.0105     0.0074 |   0.2302   0.258
  70    8     0.0004          —     0.1936          —          —          —     0.0035     0.0012 |   0.2011   0.276
  71    1     0.0025          —     0.2029          —          —          —     0.0098     0.0024 |   0.2237   0.404
  72    2     0.0001          —     0.2128          —          —          —     0.0009     0.0001 |   0.2144   0.110
  73    5     0.0010          —     0.2031          —          —          —     0.0197     0.0070 |   0.2441   0.334
  74    7     0.0001          —     0.1766          —          —          —     0.0019     0.0002 |   0.1797   0.134
  75    8     0.0002          —     0.1851          —          —          —     0.0107     0.0008 |   0.2025   0.304
  76    9     0.0058          —     0.2082          —          —          —     0.0351     0.0221 |   0.2998   0.223
  77    4     0.0000          —     0.1691          —          —          —     0.0009     0.0000 |   0.1706   0.089
  78    0     0.0008          —     0.2329          —          —          —     0.0154     0.0083 |   0.2693   0.977
  79    3     0.0012          —     0.2226          —          —          —     0.0030     0.0004 |   0.2289   0.642
  80    6     0.0003          —     0.1643          —          —          —     0.0002     0.0000 |   0.1650   0.040
  81    4     0.0002          —     0.1604          —          —          —     0.0000     0.0002 |   0.1610   0.040
  82    0     0.0010          —     0.2047          —          —          —     0.0004     0.0004 |   0.2070   0.255
  83    1     0.0109          —     0.1970          —          —          —     0.0406     0.0148 |   0.2910   0.486
  84    3     0.0018          —     0.1904          —          —          —     0.0103     0.0017 |   0.2102   0.203
  85    5     0.0053          —     0.2481          —          —          —     0.0305     0.0206 |   0.3301   0.695
  86    6     0.0003          —     0.1622          —          —          —     0.0007     0.0001 |   0.1637   0.046
  87    9     0.0070          —     0.2320          —          —          —     0.0277     0.0227 |   0.3146   3.381
  88    7     0.0002          —     0.1581          —          —          —     0.0004     0.0001 |   0.1591   0.039
  89    2     0.0000          —     0.2147          —          —          —     0.0074     0.0029 |   0.2303   0.258
  90    8     0.0000          —     0.2322          —          —          —     0.0078     0.0027 |   0.2479   0.266
  91    2     0.0004          —     0.1984          —          —          —     0.0026     0.0018 |   0.2054   0.142
  92    9     0.0079          —     0.2298          —          —          —     0.0188     0.0134 |   0.2860   0.798
  93    8     0.0135          —     0.2338          —          —          —     0.0671     0.0325 |   0.3966   0.209
  94    4     0.0004          —     0.1572          —          —          —     0.0001     0.0002 |   0.1580   0.056
  95    1     0.0067          —     0.2104          —          —          —     0.0185     0.0049 |   0.2521   0.501
  96    5     0.0125          —     0.2458          —          —          —     0.0612     0.0556 |   0.4336   0.351
  97    3     0.0040          —     0.1860          —          —          —     0.0096     0.0018 |   0.2070   0.512
  98    0     0.0002          —     0.1940          —          —          —     0.0007     0.0009 |   0.1966   0.198
  99    7     0.0006          —     0.1506          —          —          —     0.0000     0.0000 |   0.1513   0.035
 100    6     0.0008          —     0.1712          —          —          —     0.0014     0.0007 |   0.1752   0.114

## DA3-scannetpp rkdc1hr (WITH rel) — 09c1414f1b (100 steps)
step pair     couple        ctk maskdistil        rel    rel_rot   rel_tdir   rkd_sh_a   rkd_sh_d |    total   gnorm
--------------------------------------------------------------------------------------------------------------------
   1    7     0.0053          —     0.4829          —     1.5248     0.9876     0.1247     0.0596 |   3.2768   0.940
   2    8     0.4026          —     0.4360          —     1.8347     0.8132     0.1165     0.0622 |   3.7547   2.456
   3    2     0.0134          —     0.3138          —     0.0046     1.1368     0.0994     0.0617 |   1.7103   0.277
   4    1     0.0566          —     0.2813          —     1.1284     0.0336     0.0517     0.0135 |   1.5977  59.399
   5    5     0.0256          —     0.2394          —     0.2103     0.3480     0.0304     0.0167 |   0.8940   3.541
   6    0     0.0031          —     0.2239          —     0.0265     0.0962     0.0612     0.0427 |   0.5054   2.035
   7    3     0.4242          —     0.3473          —     1.8953     0.6077     0.0580     0.0769 |   3.4769   1.666
   8    6     0.0046          —     0.2292          —     0.0089     0.0308     0.0057     0.0060 |   0.2911   2.286
   9    4     0.0868          —     0.3509          —     1.6301     0.1504     0.0172     0.0081 |   2.2560  65.976
  10    9     0.0002          —     0.5704          —     4.6925     0.6126     0.1106     0.0380 |   6.0985   5.387
  11    6     0.0130          —     0.2109          —     0.0165     0.0116     0.0038     0.0038 |   0.2634   0.907
  12    7     0.0064          —     0.5194          —     1.5473     0.9844     0.1280     0.0637 |   3.3450   0.711
  13    5     0.0094          —     0.2579          —     0.5133     0.4170     0.0055     0.0006 |   1.2066  10.442
  14    8     0.2399          —     0.5535          —     1.8596     0.9640     0.0998     0.0572 |   3.8526   4.415
  15    1     0.0003          —     0.3345          —     2.7568     0.1314     0.0262     0.0054 |   3.2703  32.442
  16    9     0.0010          —     0.5532          —     4.6193     1.0262     0.0934     0.0348 |   6.3919   1.001
  17    3     0.1673          —     0.3069          —     1.9419     0.3865     0.0168     0.0421 |   2.8908   2.755
  18    2     0.0070          —     0.3239          —     0.0036     1.1149     0.1005     0.0600 |   1.6901   0.235
  19    4     0.0026          —     0.3369          —     2.1903     0.2261     0.0422     0.0565 |   2.9038  34.986
  20    0     0.0014          —     0.2487          —     0.0331     0.1088     0.0591     0.0420 |   0.5437   4.236
  21    9     0.0066          —     0.5486          —     4.6404     1.0271     0.0825     0.0234 |   6.3815   1.052
  22    8     0.0836          —     0.5491          —     3.8790     0.8173     0.1147     0.0781 |   5.6181   2.598
  23    6     0.0099          —     0.2077          —     0.0053     0.0219     0.0156     0.0030 |   0.2727   0.230
  24    5     0.0061          —     0.2902          —     0.3369     0.4911     0.0317     0.0035 |   1.1771   2.001
  25    3     0.4422          —     0.3378          —     1.9247     0.5648     0.0475     0.0800 |   3.4608   1.755
  26    4     0.0013          —     0.3718          —     1.8148     0.3542     0.0916     0.0312 |   2.7263   3.127
  27    1     0.1420          —     0.3238          —     2.4704     0.1843     0.0335     0.0179 |   3.1976  39.970
  28    7     0.0036          —     0.3440          —     1.6141     0.0524     0.0423     0.0208 |   2.1088   1.154
  29    0     0.0132          —     0.2505          —     0.0327     0.1366     0.0761     0.0484 |   0.6198   1.322
  30    2     0.0076          —     0.3107          —     0.0028     1.1269     0.1067     0.0655 |   1.7064   1.770
  31    6     0.0087          —     0.2093          —     0.0128     0.0289     0.0171     0.0023 |   0.2889   0.471
  32    2     0.0075          —     0.2920          —     0.0055     1.1277     0.1121     0.0666 |   1.7009   0.426
  33    1     0.0368          —     0.2654          —     0.0071     0.0013     0.0042     0.0036 |   0.3221   1.168
  34    4     0.0018          —     0.3075          —     2.5298     0.2450     0.0307     0.0375 |   3.1865   4.319
  35    3     0.4476          —     0.3482          —     1.9196     0.6292     0.0665     0.0836 |   3.5699   2.863
  36    0     0.0035          —     0.2360          —     0.0264     0.0416     0.0262     0.0329 |   0.3960   0.642
  37    8     0.0613          —     0.5740          —     1.7615     1.0263     0.0874     0.0610 |   3.6456   3.488
  38    7     0.0018          —     0.3780          —     1.5722     0.0469     0.0566     0.0210 |   2.1155   2.981
  39    5     0.0102          —     0.2727          —     0.3055     0.1212     0.0310     0.0036 |   0.7616   2.047
  40    9     0.0057          —     0.5024          —     4.8067     0.4265     0.0836     0.0839 |   5.9926   5.625
  41    1     0.0144          —     0.2468          —     0.0043     0.0024     0.0022     0.0020 |   0.2743   0.443
  42    0     0.0001          —     0.2430          —     0.0379     0.0600     0.0396     0.0326 |   0.4493   1.931
  43    8     0.3117          —     0.4893          —     1.9372     0.8101     0.1328     0.0699 |   3.8523   5.346
  44    4     0.0036          —     0.3690          —     1.9652     0.3383     0.0919     0.0315 |   2.8612   1.540
  45    2     0.0001          —     0.3246          —     0.0027     1.2296     0.0674     0.0706 |   1.7639   3.689
  46    3     0.2949          —     0.3286          —     1.9170     0.5210     0.0369     0.0632 |   3.2118   2.203
  47    6     0.0004          —     0.2403          —     0.1131     0.0409     0.0446     0.0054 |   0.4697   5.891
  48    9     0.0048          —     0.5319          —     4.6345     0.6934     0.0834     0.0307 |   6.0358   4.240
  49    5     0.0075          —     0.2579          —     0.3251     0.2044     0.0260     0.0051 |   0.8416   3.196
  50    7     0.0609          —     0.3444          —     1.5483     0.0788     0.0544     0.0106 |   2.1299   0.954
  51    4     0.1279          —     0.3744          —     1.6979     0.2338     0.0460     0.0205 |   2.5337  19.882
  52    6     0.0098          —     0.2142          —     0.0050     0.0193     0.0191     0.0058 |   0.2857   0.867
  53    0     0.0001          —     0.2269          —     0.0329     0.0470     0.0331     0.0333 |   0.4067   0.425
  54    2     0.0090          —     0.3094          —     0.0045     1.1320     0.1111     0.0686 |   1.7245   0.600
  55    1     0.1841          —     0.2857          —     1.4728     0.0579     0.0290     0.0207 |   2.0749  60.278
  56    3     0.2322          —     0.3030          —     1.9122     0.3929     0.0149     0.0497 |   2.9371  11.915
  57    5     0.0088          —     0.2557          —     0.2466     0.3252     0.0354     0.0071 |   0.8999   2.626
  58    8     0.1856          —     0.4392          —     1.9067     0.9415     0.0958     0.0650 |   3.7142   4.111
  59    7     0.0122          —     0.4835          —     1.5295     0.9717     0.1279     0.0619 |   3.2817   0.877
  60    9     0.0056          —     0.5200          —     4.7989     0.2452     0.1257     0.0694 |   5.8623  16.255
  61    8     0.4384          —     0.4799          —     1.9820     0.8381     0.1277     0.0642 |   4.0264   3.063
  62    7     0.0498          —     0.3811          —     1.5349     0.0599     0.0507     0.0083 |   2.1142   1.909
  63    5     0.0197          —     0.2705          —     0.3365     0.2600     0.0182     0.0009 |   0.9154   4.352
  64    1     0.0340          —     0.2848          —     0.1503     0.0998     0.0513     0.0176 |   0.6722  27.455
  65    3     0.3467          —     0.3377          —     1.9212     0.5991     0.0522     0.0665 |   3.3828   2.940
  66    2     0.0196          —     0.3231          —     0.0038     1.1329     0.0939     0.0578 |   1.7069   0.204
  67    4     0.0074          —     0.3742          —     1.9326     0.2984     0.0884     0.0326 |   2.7942   3.745
  68    0     0.0001          —     0.2313          —     0.0357     0.0712     0.0469     0.0389 |   0.4671   0.747
  69    6     0.0011          —     0.2187          —     0.0733     0.1128     0.0325     0.0055 |   0.4629  32.870
  70    9     0.0016          —     0.5271          —     3.7197     0.3265     0.0857     0.0452 |   4.7712  13.984
  71    9     0.0000          —     0.5610          —     4.3588     0.3923     0.0910     0.0549 |   5.5311  10.383
  72    7     0.0524          —     0.3058          —     0.2578     0.2292     0.1050     0.1133 |   1.1728  20.647
  73    6     0.0000          —     0.2207          —     0.2857     0.2181     0.0733     0.0055 |   0.8428   8.373
  74    5     0.0267          —     0.2426          —     0.2475     0.2276     0.0302     0.0067 |   0.7998   2.857
  75    4     0.0127          —     0.2864          —     0.0023     0.0766     0.0306     0.0131 |   0.4436   1.021
  76    1     0.0245          —     0.2615          —     0.7915     0.0123     0.0320     0.0084 |   1.1504  58.952
  77    8     0.4629          —     0.5066          —     1.7930     0.8742     0.0939     0.0636 |   3.8729   2.020
  78    2     0.0064          —     0.3244          —     0.0044     1.1345     0.1019     0.0638 |   1.7183   0.410
  79    3     0.3356          —     0.3519          —     1.9288     0.6027     0.0521     0.0614 |   3.3892   0.996
  80    0     0.0001          —     0.2217          —     0.0223     0.0760     0.0482     0.0349 |   0.4448   1.020
  81    4     0.0160          —     0.3394          —     1.7390     0.1337     0.0307     0.0513 |   2.3512  48.285
  82    3     0.4994          —     0.3030          —     1.9218     0.0593     0.0094     0.0697 |   2.9021  43.452
  83    9     0.0408          —     0.5095          —     4.6607     1.0047     0.0888     0.0376 |   6.4054   1.749
  84    6     0.0492          —     0.2347          —     1.9153     0.1320     0.0641     0.0389 |   2.4857   8.481
  85    2     0.0090          —     0.3176          —     0.0045     1.1408     0.1066     0.0673 |   1.7328   0.467
  86    8     0.2089          —     0.5754          —     3.9534     1.3666     0.1003     0.0473 |   6.3257  72.684
  87    7     0.1066          —     0.4447          —     1.5261     0.9925     0.1310     0.0733 |   3.3763   2.795
  88    1     0.0262          —     0.2434          —     0.0026     0.0049     0.0015     0.0033 |   0.2844   0.884
  89    5     0.0276          —     0.2465          —     0.2695     0.2656     0.0280     0.0036 |   0.8565   2.151
  90    0     0.0036          —     0.2292          —     0.0260     0.0504     0.0323     0.0360 |   0.4116   0.539
  91    1     0.0133          —     0.3093          —     2.6708     0.1340     0.0174     0.0086 |   3.1664   4.108
  92    6     0.0068          —     0.2098          —     0.0527     0.0223     0.0059     0.0028 |   0.3047   2.023
  93    8     0.3159          —     0.4111          —     1.6698     0.8045     0.1161     0.0677 |   3.4770   4.223
  94    4     0.0504          —     0.3809          —     1.8024     0.1863     0.0299     0.0186 |   2.4928   6.021
  95    9     0.0119          —     0.5378          —     4.2361     0.2091     0.0723     0.0522 |   5.1816   4.201
  96    0     0.0064          —     0.2451          —     0.0237     0.0997     0.0634     0.0412 |   0.5320   1.591
  97    3     0.4088          —     0.3419          —     1.9012     0.6032     0.0524     0.0761 |   3.4480   1.740
  98    5     0.0079          —     0.2340          —     0.3403     0.0836     0.0052     0.0054 |   0.6817   1.529
  99    2     0.0050          —     0.3265          —     0.0036     1.1451     0.1198     0.0735 |   1.7701   0.363
 100    7     0.0376          —     0.3894          —     1.5261     0.0483     0.0490     0.0423 |   2.1383  34.696

## DA3-scannetpp rkdc1h (NO rel) — 09c1414f1b (100 steps)
step pair     couple        ctk maskdistil        rel    rel_rot   rel_tdir   rkd_sh_a   rkd_sh_d |    total   gnorm
--------------------------------------------------------------------------------------------------------------------
   1    7     0.0053          —     0.4829          —          —          —     0.1247     0.0596 |   0.7645   0.389
   2    8     0.3954          —     0.4366          —          —          —     0.1160     0.0623 |   1.0994   2.390
   3    2     0.0131          —     0.3137          —          —          —     0.0999     0.0620 |   0.5696   0.208
   4    1     0.0611          —     0.2794          —          —          —     0.0504     0.0137 |   0.4367   3.680
   5    5     0.0247          —     0.2397          —          —          —     0.0304     0.0167 |   0.3351   1.134
   6    0     0.0026          —     0.2234          —          —          —     0.0597     0.0422 |   0.3787   0.816
   7    3     0.4245          —     0.3471          —          —          —     0.0578     0.0767 |   0.9734   1.305
   8    6     0.0046          —     0.2293          —          —          —     0.0266     0.0064 |   0.2835   6.462
   9    4     0.1261          —     0.3476          —          —          —     0.0144     0.0043 |   0.5018   6.240
  10    9     0.0002          —     0.5688          —          —          —     0.1106     0.0377 |   0.7914   1.780
  11    6     0.0122          —     0.2110          —          —          —     0.0038     0.0036 |   0.2342   0.645
  12    7     0.0063          —     0.5204          —          —          —     0.1282     0.0635 |   0.8142   0.390
  13    5     0.0097          —     0.2589          —          —          —     0.0062     0.0005 |   0.2785   0.639
  14    8     0.2457          —     0.5511          —          —          —     0.0990     0.0571 |   1.0310   2.341
  15    1     0.0012          —     0.3341          —          —          —     0.0300     0.0045 |   0.3870   2.414
  16    9     0.0010          —     0.5529          —          —          —     0.0933     0.0347 |   0.7459   0.863
  17    3     0.1666          —     0.3062          —          —          —     0.0165     0.0418 |   0.5601   1.163
  18    2     0.0070          —     0.3238          —          —          —     0.1006     0.0602 |   0.5721   0.202
  19    4     0.0035          —     0.3351          —          —          —     0.0414     0.0556 |   0.4841   3.277
  20    0     0.0015          —     0.2482          —          —          —     0.0600     0.0424 |   0.4033   1.284
  21    9     0.0064          —     0.5473          —          —          —     0.0820     0.0225 |   0.7105   0.500
  22    8     0.0913          —     0.5476          —          —          —     0.1151     0.0775 |   0.9278   2.004
  23    6     0.0099          —     0.2077          —          —          —     0.0152     0.0030 |   0.2450   0.226
  24    5     0.0065          —     0.2907          —          —          —     0.0317     0.0036 |   0.3501   0.584
  25    3     0.4381          —     0.3372          —          —          —     0.0472     0.0796 |   0.9656   1.403
  26    4     0.0014          —     0.3717          —          —          —     0.0920     0.0312 |   0.5579   0.189
  27    1     0.1384          —     0.3268          —          —          —     0.0316     0.0147 |   0.5346   6.896
  28    7     0.0023          —     0.3423          —          —          —     0.0425     0.0225 |   0.4420   0.952
  29    0     0.0137          —     0.2502          —          —          —     0.0764     0.0484 |   0.4511   0.696
  30    2     0.0086          —     0.3113          —          —          —     0.1066     0.0661 |   0.5789   0.774
  31    6     0.0081          —     0.2091          —          —          —     0.0154     0.0022 |   0.2436   0.358
  32    2     0.0071          —     0.2927          —          —          —     0.1130     0.0665 |   0.5690   0.645
  33    1     0.0339          —     0.2670          —          —          —     0.0046     0.0035 |   0.3130   0.768
  34    4     0.0019          —     0.3046          —          —          —     0.0302     0.0372 |   0.4076   0.446
  35    3     0.4441          —     0.3481          —          —          —     0.0661     0.0837 |   1.0169   3.368
  36    0     0.0035          —     0.2355          —          —          —     0.0257     0.0325 |   0.3263   0.402
  37    8     0.0554          —     0.5751          —          —          —     0.0868     0.0609 |   0.8521   0.855
  38    7     0.0046          —     0.3749          —          —          —     0.0549     0.0186 |   0.4898   0.548
  39    5     0.0100          —     0.2726          —          —          —     0.0307     0.0032 |   0.3334   0.596
  40    9     0.0061          —     0.5032          —          —          —     0.0853     0.0811 |   0.7590   0.789
  41    1     0.0102          —     0.2497          —          —          —     0.0024     0.0017 |   0.2660   0.553
  42    0     0.0005          —     0.2423          —          —          —     0.0442     0.0348 |   0.3613   1.012
  43    8     0.2979          —     0.4923          —          —          —     0.1297     0.0697 |   1.0892   2.503
  44    4     0.0037          —     0.3683          —          —          —     0.0923     0.0315 |   0.5577   0.218
  45    2     0.0025          —     0.3350          —          —          —     0.0873     0.0676 |   0.5698   4.083
  46    3     0.2867          —     0.3281          —          —          —     0.0369     0.0620 |   0.7630   2.336
  47    6     0.0004          —     0.2376          —          —          —     0.0438     0.0051 |   0.3114   0.725
  48    9     0.0011          —     0.5400          —          —          —     0.0792     0.0240 |   0.6958   0.546
  49    5     0.0075          —     0.2555          —          —          —     0.0221     0.0048 |   0.3033   0.954
  50    7     0.0621          —     0.3428          —          —          —     0.0551     0.0108 |   0.5037   0.499
  51    4     0.0338          —     0.3790          —          —          —     0.0633     0.0299 |   0.5527   3.836
  52    6     0.0092          —     0.2140          —          —          —     0.0184     0.0057 |   0.2594   0.328
  53    0     0.0001          —     0.2263          —          —          —     0.0319     0.0327 |   0.3233   0.255
  54    2     0.0092          —     0.3086          —          —          —     0.1103     0.0678 |   0.5849   0.439
  55    1     0.1842          —     0.2861          —          —          —     0.0326     0.0222 |   0.5525   6.968
  56    3     0.2160          —     0.3003          —          —          —     0.0119     0.0442 |   0.6004   4.235
  57    5     0.0085          —     0.2530          —          —          —     0.0338     0.0074 |   0.3232   0.607
  58    8     0.1754          —     0.4388          —          —          —     0.0958     0.0644 |   0.8545   1.561
  59    7     0.0265          —     0.4715          —          —          —     0.1277     0.0606 |   0.7805   0.633
  60    9     0.0106          —     0.5197          —          —          —     0.1297     0.0624 |   0.8184   1.679
  61    8     0.4193          —     0.4891          —          —          —     0.1260     0.0637 |   1.1928   1.782
  62    7     0.0523          —     0.3780          —          —          —     0.0490     0.0077 |   0.5154   0.856
  63    5     0.0175          —     0.2711          —          —          —     0.0176     0.0011 |   0.3166   0.613
  64    1     0.0291          —     0.2821          —          —          —     0.0081     0.0169 |   0.3486   3.154
  65    3     0.3383          —     0.3355          —          —          —     0.0523     0.0664 |   0.8518   2.243
  66    2     0.0204          —     0.3219          —          —          —     0.0941     0.0580 |   0.5704   0.161
  67    4     0.0065          —     0.3745          —          —          —     0.0907     0.0326 |   0.5659   0.235
  68    0     0.0000          —     0.2297          —          —          —     0.0449     0.0385 |   0.3549   0.408
  69    6     0.0012          —     0.2170          —          —          —     0.0191     0.0050 |   0.2544   8.535
  70    9     0.0056          —     0.5243          —          —          —     0.1069     0.0619 |   0.7830   4.438
  71    9     0.0010          —     0.5560          —          —          —     0.0888     0.0472 |   0.7611   0.759
  72    7     0.0712          —     0.2992          —          —          —     0.0735     0.1035 |   0.6360   5.337
  73    6     0.0008          —     0.2188          —          —          —     0.0760     0.0050 |   0.3412   0.473
  74    5     0.0360          —     0.2394          —          —          —     0.0270     0.0050 |   0.3235   0.735
  75    4     0.0419          —     0.2989          —          —          —     0.0359     0.0198 |   0.4243   6.535
  76    1     0.0104          —     0.2638          —          —          —     0.0389     0.0103 |   0.3479   4.597
  77    8     0.4401          —     0.5055          —          —          —     0.0955     0.0649 |   1.1861   1.951
  78    2     0.0069          —     0.3229          —          —          —     0.1021     0.0638 |   0.5787   0.282
  79    3     0.3314          —     0.3502          —          —          —     0.0522     0.0611 |   0.8516   0.834
  80    0     0.0001          —     0.2203          —          —          —     0.0477     0.0342 |   0.3432   0.547
  81    4     0.0122          —     0.3393          —          —          —     0.0316     0.0522 |   0.4772   0.808
  82    3     0.1609          —     0.2673          —          —          —     0.0018     0.0254 |   0.4689  14.622
  83    9     0.0113          —     0.5104          —          —          —     0.0749     0.0187 |   0.6622   2.200
  84    6     0.0491          —     0.2318          —          —          —     0.0645     0.0386 |   0.4355   1.162
  85    2     0.0095          —     0.3165          —          —          —     0.1070     0.0676 |   0.5879   0.349
  86    8     0.0332          —     0.5870          —          —          —     0.0425     0.0390 |   0.7425   1.187
  87    7     0.1044          —     0.4418          —          —          —     0.1318     0.0698 |   0.8487   3.037
  88    1     0.0238          —     0.2413          —          —          —     0.0023     0.0030 |   0.2731   0.939
  89    5     0.0286          —     0.2431          —          —          —     0.0247     0.0025 |   0.3125   0.829
  90    0     0.0036          —     0.2278          —          —          —     0.0316     0.0355 |   0.3322   0.199
  91    1     0.0318          —     0.3105          —          —          —     0.0204     0.0090 |   0.3864   1.992
  92    6     0.0061          —     0.2097          —          —          —     0.0037     0.0028 |   0.2256   1.929
  93    8     0.3128          —     0.4178          —          —          —     0.1114     0.0672 |   0.9984   1.256
  94    4     0.0231          —     0.3827          —          —          —     0.0474     0.0265 |   0.5168   1.758
  95    9     0.0225          —     0.5385          —          —          —     0.0794     0.0522 |   0.7585   1.277
  96    0     0.0068          —     0.2441          —          —          —     0.0632     0.0407 |   0.4068   1.134
  97    3     0.3869          —     0.3373          —          —          —     0.0514     0.0732 |   0.9112   1.583
  98    5     0.0104          —     0.2298          —          —          —     0.0062     0.0051 |   0.2572   0.584
  99    2     0.0052          —     0.3242          —          —          —     0.1186     0.0733 |   0.6172   0.289
 100    7     0.0179          —     0.3860          —          —          —     0.0617     0.0165 |   0.5211   1.609

## DA3-eth3d rkdc1h (NO rel) — courtyard (100 steps)
step pair     couple        ctk maskdistil        rel    rel_rot   rel_tdir   rkd_sh_a   rkd_sh_d |    total   gnorm
--------------------------------------------------------------------------------------------------------------------
   1    0     0.0073          —     0.4091          —          —          —     0.0565     0.0605 |   0.5919   3.552
   2    3     0.0017          —     0.2893          —          —          —     0.0468     0.0028 |   0.3654   0.855
   3    7     0.0801          —     0.2730          —          —          —     0.0017     0.0143 |   0.3771   0.936
   4    4     0.3945          —     0.4077          —          —          —     0.0636     0.0546 |   0.9794   5.296
   5    9     0.0050          —     0.3188          —          —          —     0.0972     0.0411 |   0.5312   1.493
   6    5     0.0011          —     0.4265          —          —          —     0.1229     0.0887 |   0.7450   2.274
   7    2     0.0031          —     0.2502          —          —          —     0.0734     0.0269 |   0.4037   0.668
   8    8     0.0000          —     0.2351          —          —          —     0.0007     0.0003 |   0.2366   0.230
   9    6     0.0021          —     0.2944          —          —          —     0.0082     0.0045 |   0.3155   0.417
  10    1     0.0211          —     0.3025          —          —          —     0.0419     0.0313 |   0.4333   3.669
  11    7     0.2118          —     0.3684          —          —          —     0.1245     0.0295 |   0.8112   7.315
  12    9     0.0039          —     0.2683          —          —          —     0.0438     0.0346 |   0.3897   4.557
  13    2     0.0013          —     0.2946          —          —          —     0.0227     0.0068 |   0.3402   1.253
  14    3     0.0025          —     0.2853          —          —          —     0.0629     0.0031 |   0.3869   1.889
  15    0     0.0004          —     0.3887          —          —          —     0.0896     0.0366 |   0.5784   1.673
  16    1     0.0817          —     0.2955          —          —          —     0.0247     0.0529 |   0.4936   1.124
  17    4     0.0005          —     0.3565          —          —          —     0.0666     0.0216 |   0.4893  14.933
  18    8     0.0003          —     0.2494          —          —          —     0.0015     0.0013 |   0.2539   0.372
  19    6     0.0009          —     0.2599          —          —          —     0.0214     0.0077 |   0.3045   0.946
  20    5     0.0099          —     0.4469          —          —          —     0.0541     0.0160 |   0.5620   0.874
  21    4     0.0025          —     0.2776          —          —          —     0.0214     0.0053 |   0.3202   0.489
  22    5     0.0062          —     0.3598          —          —          —     0.0542     0.0303 |   0.4928   1.210
  23    7     0.0010          —     0.2588          —          —          —     0.0059     0.0005 |   0.2693   0.161
  24    8     0.0000          —     0.2851          —          —          —     0.0043     0.0030 |   0.2960   0.690
  25    1     0.0508          —     0.2934          —          —          —     0.0983     0.0750 |   0.6041   1.467
  26    9     0.0050          —     0.2599          —          —          —     0.0227     0.0184 |   0.3266   0.946
  27    6     0.0031          —     0.2574          —          —          —     0.0144     0.0043 |   0.2887   0.359
  28    0     0.0023          —     0.3718          —          —          —     0.0562     0.0363 |   0.5129   1.307
  29    3     0.0030          —     0.2288          —          —          —     0.0123     0.0008 |   0.2515   0.791
  30    2     0.0044          —     0.3153          —          —          —     0.0739     0.0229 |   0.4650   0.601
  31    9     0.0249          —     0.2802          —          —          —     0.0698     0.0417 |   0.4723   3.201
  32    6     0.0177          —     0.3166          —          —          —     0.0199     0.0031 |   0.3689   0.781
  33    3     0.0047          —     0.2803          —          —          —     0.0097     0.0003 |   0.3001   2.009
  34    4     0.0075          —     0.3768          —          —          —     0.0473     0.0365 |   0.5101   3.913
  35    0     0.0092          —     0.3907          —          —          —     0.0900     0.0610 |   0.6263   0.977
  36    5     0.0358          —     0.4895          —          —          —     0.0900     0.0280 |   0.7023  10.291
  37    8     0.0000          —     0.2492          —          —          —     0.0041     0.0025 |   0.2590   0.359
  38    2     0.0007          —     0.2528          —          —          —     0.0712     0.0256 |   0.3986   0.373
  39    7     0.0141          —     0.3423          —          —          —     0.1040     0.0268 |   0.5525   3.056
  40    1     0.0093          —     0.2737          —          —          —     0.0481     0.0658 |   0.4538   2.295
  41    3     0.0720          —     0.2781          —          —          —     0.0880     0.0156 |   0.5055   2.570
  42    8     0.0014          —     0.2377          —          —          —     0.0004     0.0003 |   0.2402   0.381
  43    5     0.0006          —     0.3865          —          —          —     0.0539     0.0316 |   0.5154   2.259
  44    6     0.0040          —     0.2733          —          —          —     0.0113     0.0025 |   0.2981   0.825
  45    9     0.0184          —     0.3159          —          —          —     0.0812     0.0341 |   0.5073   1.377
  46    0     0.0004          —     0.4013          —          —          —     0.0910     0.0684 |   0.6408   2.623
  47    2     0.0005          —     0.2402          —          —          —     0.0270     0.0091 |   0.2947   1.206
  48    1     0.0047          —     0.2858          —          —          —     0.0250     0.0434 |   0.3931   0.932
  49    7     1.6014          —     0.3507          —          —          —     0.1125     0.0873 |   2.2519 465.878
  50    4     0.0000          —     0.3521          —          —          —     0.0173     0.0117 |   0.3957   0.567
  51    7     0.0112          —     0.2957          —          —          —     0.0014     0.0012 |   0.3108   0.406
  52    9     0.0752          —     0.2747          —          —          —     0.0910     0.0744 |   0.5979   2.037
  53    3     0.0533          —     0.2979          —          —          —     0.0840     0.0125 |   0.4959   2.281
  54    6     0.0000          —     0.2821          —          —          —     0.0205     0.0031 |   0.3175   0.324
  55    4     0.0011          —     0.2623          —          —          —     0.0188     0.0023 |   0.2950   0.231
  56    1     0.0242          —     0.2869          —          —          —     0.0679     0.0662 |   0.5122   1.857
  57    2     0.0030          —     0.2445          —          —          —     0.0060     0.0038 |   0.2623   0.892
  58    5     0.0041          —     0.3257          —          —          —     0.0555     0.0248 |   0.4502   1.124
  59    0     0.0540          —     0.4613          —          —          —     0.1056     0.1042 |   0.8298   1.943
  60    8     0.0000          —     0.2430          —          —          —     0.0009     0.0006 |   0.2453   0.236
  61    4     0.0915          —     0.3826          —          —          —     0.0678     0.0601 |   0.6659   3.206
  62    7     0.0358          —     0.2756          —          —          —     0.0080     0.0017 |   0.3259   0.976
  63    9     0.0632          —     0.2928          —          —          —     0.0717     0.0605 |   0.5543   2.194
  64    1     0.0014          —     0.2773          —          —          —     0.0735     0.0764 |   0.5036   2.521
  65    3     0.0062          —     0.2251          —          —          —     0.0069     0.0021 |   0.2448   0.594
  66    8     0.0001          —     0.2346          —          —          —     0.0010     0.0016 |   0.2386   0.205
  67    6     0.0002          —     0.2688          —          —          —     0.0223     0.0034 |   0.3075   0.250
  68    2     0.0010          —     0.2831          —          —          —     0.0312     0.0258 |   0.3695   0.952
  69    5     0.0035          —     0.3798          —          —          —     0.1068     0.0419 |   0.6063   5.999
  70    0     0.0161          —     0.3412          —          —          —     0.0532     0.0460 |   0.5060   1.782
  71    6     0.0001          —     0.2838          —          —          —     0.0060     0.0048 |   0.3001   0.677
  72    0     0.0005          —     0.4313          —          —          —     0.1429     0.1011 |   0.7977   1.926
  73    3     0.0002          —     0.2343          —          —          —     0.0186     0.0005 |   0.2632   1.119
  74    4     0.0878          —     0.3872          —          —          —     0.0705     0.0622 |   0.6741   1.864
  75    7     0.0104          —     0.3282          —          —          —     0.0010     0.0067 |   0.3502   0.836
  76    9     0.0003          —     0.2651          —          —          —     0.0163     0.0082 |   0.3022   1.032
  77    1     0.0882          —     0.3021          —          —          —     0.0860     0.0664 |   0.6189   1.575
  78    2     0.0022          —     0.3081          —          —          —     0.0703     0.0193 |   0.4447   0.752
  79    8     0.0000          —     0.2430          —          —          —     0.0013     0.0019 |   0.2478   0.234
  80    5     0.0000          —     0.3641          —          —          —     0.0432     0.0172 |   0.4547   1.163
  81    5     0.0002          —     0.2944          —          —          —     0.0503     0.0261 |   0.4094   0.848
  82    3     0.0031          —     0.2556          —          —          —     0.0027     0.0006 |   0.2636   0.470
  83    8     0.0017          —     0.2384          —          —          —     0.0046     0.0015 |   0.2493   0.421
  84    6     0.0017          —     0.2487          —          —          —     0.0183     0.0023 |   0.2813   0.248
  85    9     0.0002          —     0.2607          —          —          —     0.0471     0.0238 |   0.3674   1.260
  86    2     0.0035          —     0.2577          —          —          —     0.0165     0.0151 |   0.3087   6.686
  87    4     0.1183          —     0.3883          —          —          —     0.0668     0.0576 |   0.6932   1.580
  88    0     0.0054          —     0.3263          —          —          —     0.0715     0.0372 |   0.4948   0.963
  89    7     0.0035          —     0.3309          —          —          —     0.0095     0.0208 |   0.3799   1.641
  90    1     0.0045          —     0.2554          —          —          —     0.0242     0.0491 |   0.3698   1.398
  91    1     0.0279          —     0.2976          —          —          —     0.0503     0.0480 |   0.4730   1.359
  92    2     0.0005          —     0.2715          —          —          —     0.0133     0.0221 |   0.3251   0.647
  93    7     0.0910          —     0.3618          —          —          —     0.0650     0.0202 |   0.5806   6.030
  94    9     0.0259          —     0.2683          —          —          —     0.0450     0.0272 |   0.4025   1.496
  95    5     0.0041          —     0.3277          —          —          —     0.0469     0.0113 |   0.4190   0.419
  96    8     0.0001          —     0.2482          —          —          —     0.0028     0.0024 |   0.2562   0.243
  97    0     0.0004          —     0.3797          —          —          —     0.0474     0.0365 |   0.5059   1.341
  98    6     0.0045          —     0.2694          —          —          —     0.0015     0.0007 |   0.2771   0.206
  99    3     0.0057          —     0.2329          —          —          —     0.0669     0.0036 |   0.3444   2.363
 100    4     0.0109          —     0.2990          —          —          —     0.0141     0.0047 |   0.3381   0.901

## DA3-hiroom rkdc1h (NO rel) — ALL (3000 steps)
step pair     couple        ctk maskdistil        rel    rel_rot   rel_tdir   rkd_sh_a   rkd_sh_d |    total   gnorm
--------------------------------------------------------------------------------------------------------------------
   1    4     0.0011          —     0.1803          —          —          —     0.0000     0.0000 |   0.1815   0.092
   2    5     0.0001          —     0.1553          —          —          —     0.0001     0.0000 |   0.1555   0.031
   3    1     0.0096          —     0.2070          —          —          —     0.0023     0.0009 |   0.2213   0.162
   4    3     0.0025          —     0.1927          —          —          —     0.0007     0.0008 |   0.1975   0.125
   5    2     0.0033          —     0.1616          —          —          —     0.0001     0.0002 |   0.1654   0.067
   6    6     0.0023          —     0.1800          —          —          —     0.0003     0.0002 |   0.1832   0.139
   7    0     0.0002          —     0.1870          —          —          —     0.0006     0.0001 |   0.1882   0.272
   8    8     0.0009          —     0.1976          —          —          —     0.0000     0.0000 |   0.1985   0.214
   9    9     0.0050          —     0.2312          —          —          —     0.0011     0.0002 |   0.2381   0.314
  10    7     0.0006          —     0.1404          —          —          —     0.0000     0.0000 |   0.1411   0.035
  11    3     0.0006          —     0.1768          —          —          —     0.0000     0.0000 |   0.1775   0.072
  12    2     0.0008          —     0.1606          —          —          —     0.0000     0.0001 |   0.1616   0.061
  13    6     0.0015          —     0.2068          —          —          —     0.0006     0.0003 |   0.2096   0.475
  14    7     0.0009          —     0.1440          —          —          —     0.0000     0.0000 |   0.1449   0.042
  15    4     0.0004          —     0.1668          —          —          —     0.0000     0.0000 |   0.1672   0.082
  16    1     0.0018          —     0.2106          —          —          —     0.0003     0.0005 |   0.2137   0.191
  17    9     0.0064          —     0.2327          —          —          —     0.0004     0.0002 |   0.2399   0.314
  18    8     0.0006          —     0.1873          —          —          —     0.0000     0.0000 |   0.1880   0.124
  19    0     0.0002          —     0.2024          —          —          —     0.0040     0.0005 |   0.2093   0.520
  20    5     0.0000          —     0.1666          —          —          —     0.0001     0.0000 |   0.1668   0.160
  21    3     0.0026          —     0.1766          —          —          —     0.0003     0.0001 |   0.1798   0.095
  22    4     0.0006          —     0.2197          —          —          —     0.0003     0.0001 |   0.2209   0.561
  23    6     0.0015          —     0.1873          —          —          —     0.0001     0.0000 |   0.1890   0.205
  24    1     0.0011          —     0.1991          —          —          —     0.0002     0.0004 |   0.2012   0.115
  25    2     0.0005          —     0.1606          —          —          —     0.0001     0.0001 |   0.1613   0.059
  26    7     0.0007          —     0.1413          —          —          —     0.0000     0.0000 |   0.1419   0.034
  27    0     0.0002          —     0.1814          —          —          —     0.0118     0.0006 |   0.2003   0.169
  28    5     0.0002          —     0.1665          —          —          —     0.0001     0.0000 |   0.1669   0.047
  29    9     0.0014          —     0.2323          —          —          —     0.0009     0.0002 |   0.2353   0.199
  30    8     0.0008          —     0.1714          —          —          —     0.0000     0.0000 |   0.1722   0.112
  31    1     0.0011          —     0.1760          —          —          —     0.0002     0.0004 |   0.1780   0.073
  32    3     0.0003          —     0.1766          —          —          —     0.0001     0.0006 |   0.1780   0.081
  33    9     0.0007          —     0.2192          —          —          —     0.0054     0.0015 |   0.2303   0.457
  34    6     0.0026          —     0.1648          —          —          —     0.0001     0.0000 |   0.1676   0.117
  35    2     0.0026          —     0.1550          —          —          —     0.0001     0.0003 |   0.1581   0.048
  36    5     0.0005          —     0.2005          —          —          —     0.0001     0.0000 |   0.2012   0.679
  37    8     0.0002          —     0.1961          —          —          —     0.0013     0.0002 |   0.1986   0.508
  38    4     0.0004          —     0.1548          —          —          —     0.0000     0.0000 |   0.1552   0.059
  39    0     0.0008          —     0.2055          —          —          —     0.0084     0.0004 |   0.2195   0.527
  40    7     0.0010          —     0.1353          —          —          —     0.0000     0.0000 |   0.1364   0.042
  41    6     0.0005          —     0.1609          —          —          —     0.0001     0.0000 |   0.1617   0.078
  42    4     0.0003          —     0.1512          —          —          —     0.0000     0.0000 |   0.1516   0.075
  43    7     0.0011          —     0.1383          —          —          —     0.0000     0.0000 |   0.1394   0.039
  44    2     0.0000          —     0.1472          —          —          —     0.0000     0.0001 |   0.1473   0.045
  45    1     0.0026          —     0.1834          —          —          —     0.0004     0.0009 |   0.1880   0.100
  46    8     0.0009          —     0.1733          —          —          —     0.0004     0.0000 |   0.1748   0.107
  47    9     0.0002          —     0.1752          —          —          —     0.0007     0.0002 |   0.1767   0.069
  48    3     0.0030          —     0.1571          —          —          —     0.0001     0.0000 |   0.1603   0.063
  49    5     0.0009          —     0.1558          —          —          —     0.0002     0.0000 |   0.1570   0.061
  50    0     0.0000          —     0.1838          —          —          —     0.0005     0.0001 |   0.1848   0.086
  51    3     0.0042          —     0.1668          —          —          —     0.0002     0.0005 |   0.1721   0.092
  52    6     0.0011          —     0.1544          —          —          —     0.0001     0.0000 |   0.1557   0.100
  53    5     0.0000          —     0.1530          —          —          —     0.0001     0.0000 |   0.1532   0.062
  54    4     0.0002          —     0.1526          —          —          —     0.0000     0.0000 |   0.1528   0.060
  55    0     0.0002          —     0.1699          —          —          —     0.0003     0.0000 |   0.1705   0.078
  56    1     0.0017          —     0.1656          —          —          —     0.0001     0.0003 |   0.1679   0.086
  57    9     0.0004          —     0.1699          —          —          —     0.0002     0.0000 |   0.1705   0.057
  58    8     0.0001          —     0.1509          —          —          —     0.0005     0.0000 |   0.1519   0.077
  59    7     0.0007          —     0.1332          —          —          —     0.0000     0.0000 |   0.1338   0.043
  60    2     0.0001          —     0.1410          —          —          —     0.0001     0.0000 |   0.1412   0.041
  61    9     0.0013          —     0.1683          —          —          —     0.0006     0.0001 |   0.1705   0.118
  62    8     0.0001          —     0.1540          —          —          —     0.0001     0.0001 |   0.1543   0.074
  63    1     0.0015          —     0.1753          —          —          —     0.0001     0.0003 |   0.1774   0.103
  64    2     0.0011          —     0.1456          —          —          —     0.0000     0.0001 |   0.1469   0.051
  65    3     0.0002          —     0.1619          —          —          —     0.0006     0.0001 |   0.1632   0.097
  66    6     0.0004          —     0.1527          —          —          —     0.0002     0.0001 |   0.1535   0.077
  67    5     0.0000          —     0.1524          —          —          —     0.0001     0.0000 |   0.1526   0.082
  68    4     0.0001          —     0.1532          —          —          —     0.0000     0.0000 |   0.1533   0.076
  69    7     0.0009          —     0.1268          —          —          —     0.0000     0.0000 |   0.1277   0.042
  70    0     0.0000          —     0.1735          —          —          —     0.0001     0.0000 |   0.1737   0.061
  71    9     0.0004          —     0.1640          —          —          —     0.0002     0.0000 |   0.1648   0.124
  72    5     0.0000          —     0.1534          —          —          —     0.0000     0.0000 |   0.1535   0.071
  73    3     0.0006          —     0.1575          —          —          —     0.0001     0.0001 |   0.1584   0.066
  74    8     0.0008          —     0.1446          —          —          —     0.0000     0.0000 |   0.1455   0.059
  75    7     0.0006          —     0.1302          —          —          —     0.0000     0.0000 |   0.1308   0.039
  76    0     0.0002          —     0.1675          —          —          —     0.0010     0.0001 |   0.1694   0.092
  77    1     0.0008          —     0.1629          —          —          —     0.0003     0.0003 |   0.1645   0.066
  78    4     0.0000          —     0.1437          —          —          —     0.0001     0.0001 |   0.1440   0.049
  79    2     0.0001          —     0.1387          —          —          —     0.0000     0.0001 |   0.1390   0.044
  80    6     0.0005          —     0.1570          —          —          —     0.0001     0.0001 |   0.1577   0.163
  81    1     0.0012          —     0.1652          —          —          —     0.0010     0.0002 |   0.1682   0.134
  82    7     0.0005          —     0.1244          —          —          —     0.0000     0.0000 |   0.1249   0.039
  83    9     0.0015          —     0.1805          —          —          —     0.0003     0.0000 |   0.1825   0.237
  84    3     0.0008          —     0.1565          —          —          —     0.0001     0.0002 |   0.1578   0.119
  85    6     0.0012          —     0.1560          —          —          —     0.0003     0.0001 |   0.1579   0.246
  86    0     0.0000          —     0.1682          —          —          —     0.0020     0.0001 |   0.1714   0.250
  87    8     0.0000          —     0.1471          —          —          —     0.0004     0.0000 |   0.1477   0.095
  88    4     0.0000          —     0.1435          —          —          —     0.0000     0.0000 |   0.1436   0.097
  89    5     0.0001          —     0.1526          —          —          —     0.0001     0.0000 |   0.1528   0.069
  90    2     0.0008          —     0.1424          —          —          —     0.0000     0.0001 |   0.1434   0.060
  91    3     0.0013          —     0.1616          —          —          —     0.0005     0.0001 |   0.1638   0.110
  92    7     0.0003          —     0.1302          —          —          —     0.0001     0.0000 |   0.1306   0.036
  93    0     0.0000          —     0.1708          —          —          —     0.0017     0.0001 |   0.1735   0.159
  94    9     0.0000          —     0.2028          —          —          —     0.0005     0.0001 |   0.2038   0.308
  95    2     0.0000          —     0.1404          —          —          —     0.0000     0.0000 |   0.1405   0.043
  96    4     0.0001          —     0.1593          —          —          —     0.0000     0.0000 |   0.1596   0.098
  97    5     0.0002          —     0.1526          —          —          —     0.0001     0.0000 |   0.1529   0.053
  98    6     0.0002          —     0.1470          —          —          —     0.0011     0.0007 |   0.1498   0.150
  99    8     0.0001          —     0.1468          —          —          —     0.0002     0.0000 |   0.1473   0.078
 100    1     0.0015          —     0.1621          —          —          —     0.0001     0.0003 |   0.1642   0.085
   1    4     0.0001          —     0.1112          —          —          —     0.0000     0.0000 |   0.1113   0.025
   2    5     0.0000          —     0.1586          —          —          —     0.0010     0.0001 |   0.1603   0.083
   3    7     0.0019          —     0.1531          —          —          —     0.0005     0.0002 |   0.1561   0.096
   4    0     0.0072          —     0.1691          —          —          —     0.0016     0.0013 |   0.1807   0.156
   5    2     0.0000          —     0.1331          —          —          —     0.0001     0.0001 |   0.1334   0.023
   6    9     0.0000          —     0.1158          —          —          —     0.0000     0.0000 |   0.1158   0.021
   7    3     0.0000          —     0.1162          —          —          —     0.0003     0.0002 |   0.1169   0.048
   8    8     0.0277          —     0.1690          —          —          —     0.0036     0.0006 |   0.2030   0.249
   9    6     0.0000          —     0.1147          —          —          —     0.0001     0.0000 |   0.1148   0.021
  10    1     0.0099          —     0.1856          —          —          —     0.0057     0.0025 |   0.2079   0.210
  11    5     0.0001          —     0.1487          —          —          —     0.0039     0.0007 |   0.1557   0.063
  12    1     0.0238          —     0.1881          —          —          —     0.0099     0.0064 |   0.2363   0.290
  13    4     0.0000          —     0.1150          —          —          —     0.0000     0.0000 |   0.1151   0.024
  14    8     0.0258          —     0.1775          —          —          —     0.0242     0.0010 |   0.2411   0.378
  15    7     0.0041          —     0.1428          —          —          —     0.0035     0.0002 |   0.1526   0.184
  16    0     0.0024          —     0.1824          —          —          —     0.0013     0.0016 |   0.1891   0.156
  17    3     0.0000          —     0.1194          —          —          —     0.0001     0.0001 |   0.1196   0.049
  18    6     0.0000          —     0.1112          —          —          —     0.0000     0.0000 |   0.1113   0.023
  19    2     0.0001          —     0.1283          —          —          —     0.0000     0.0000 |   0.1284   0.022
  20    9     0.0000          —     0.1140          —          —          —     0.0000     0.0000 |   0.1140   0.022
  21    8     0.0146          —     0.1725          —          —          —     0.0015     0.0014 |   0.1915   0.252
  22    5     0.0005          —     0.1441          —          —          —     0.0005     0.0000 |   0.1454   0.074
  23    2     0.0001          —     0.1332          —          —          —     0.0001     0.0000 |   0.1335   0.023
  24    4     0.0001          —     0.1137          —          —          —     0.0001     0.0001 |   0.1139   0.046
  25    3     0.0000          —     0.1169          —          —          —     0.0016     0.0005 |   0.1201   0.065
  26    7     0.0001          —     0.1384          —          —          —     0.0014     0.0002 |   0.1409   0.066
  27    9     0.0001          —     0.1138          —          —          —     0.0000     0.0000 |   0.1139   0.062
  28    6     0.0000          —     0.1063          —          —          —     0.0000     0.0000 |   0.1063   0.023
  29    1     0.0066          —     0.1835          —          —          —     0.0025     0.0045 |   0.2007   0.256
  30    0     0.0000          —     0.1619          —          —          —     0.0006     0.0006 |   0.1637   0.089
  31    0     0.0002          —     0.1676          —          —          —     0.0005     0.0005 |   0.1693   0.136
  32    9     0.0000          —     0.1130          —          —          —     0.0001     0.0001 |   0.1132   0.025
  33    3     0.0001          —     0.1100          —          —          —     0.0003     0.0001 |   0.1106   0.026
  34    8     0.0061          —     0.1622          —          —          —     0.0013     0.0018 |   0.1729   0.203
  35    1     0.0014          —     0.1762          —          —          —     0.0168     0.0035 |   0.2081   0.205
  36    6     0.0000          —     0.1098          —          —          —     0.0000     0.0000 |   0.1098   0.027
  37    2     0.0000          —     0.1253          —          —          —     0.0002     0.0000 |   0.1257   0.026
  38    5     0.0001          —     0.1397          —          —          —     0.0003     0.0001 |   0.1404   0.041
  39    4     0.0000          —     0.1194          —          —          —     0.0000     0.0001 |   0.1196   0.055
  40    7     0.0005          —     0.1443          —          —          —     0.0014     0.0002 |   0.1472   0.074
  41    5     0.0002          —     0.1383          —          —          —     0.0006     0.0000 |   0.1394   0.049
  42    8     0.0008          —     0.1531          —          —          —     0.0067     0.0005 |   0.1646   0.215
  43    7     0.0003          —     0.1357          —          —          —     0.0009     0.0002 |   0.1377   0.071
  44    0     0.0005          —     0.1483          —          —          —     0.0005     0.0003 |   0.1500   0.064
  45    3     0.0001          —     0.1101          —          —          —     0.0001     0.0000 |   0.1103   0.029
  46    9     0.0000          —     0.1054          —          —          —     0.0000     0.0000 |   0.1055   0.024
  47    1     0.0022          —     0.1650          —          —          —     0.0055     0.0006 |   0.1763   0.114
  48    2     0.0005          —     0.1254          —          —          —     0.0001     0.0000 |   0.1261   0.029
  49    6     0.0000          —     0.1054          —          —          —     0.0000     0.0000 |   0.1054   0.025
  50    4     0.0000          —     0.1075          —          —          —     0.0002     0.0002 |   0.1081   0.039
  51    0     0.0009          —     0.1428          —          —          —     0.0004     0.0007 |   0.1453   0.058
  52    3     0.0000          —     0.1074          —          —          —     0.0007     0.0002 |   0.1088   0.039
  53    4     0.0001          —     0.1067          —          —          —     0.0000     0.0001 |   0.1070   0.046
  54    7     0.0004          —     0.1315          —          —          —     0.0012     0.0004 |   0.1343   0.052
  55    1     0.0078          —     0.1561          —          —          —     0.0016     0.0003 |   0.1666   0.099
  56    5     0.0000          —     0.1334          —          —          —     0.0023     0.0003 |   0.1372   0.067
  57    2     0.0001          —     0.1236          —          —          —     0.0001     0.0000 |   0.1238   0.031
  58    6     0.0000          —     0.1076          —          —          —     0.0000     0.0000 |   0.1077   0.027
  59    8     0.0020          —     0.1391          —          —          —     0.0013     0.0002 |   0.1434   0.117
  60    9     0.0000          —     0.1030          —          —          —     0.0000     0.0000 |   0.1031   0.029
  61    4     0.0000          —     0.1097          —          —          —     0.0000     0.0000 |   0.1097   0.076
  62    9     0.0001          —     0.1092          —          —          —     0.0000     0.0000 |   0.1093   0.071
  63    7     0.0001          —     0.1266          —          —          —     0.0004     0.0001 |   0.1275   0.037
  64    5     0.0021          —     0.1358          —          —          —     0.0000     0.0001 |   0.1381   0.057
  65    1     0.0039          —     0.1567          —          —          —     0.0047     0.0004 |   0.1682   0.096
  66    3     0.0001          —     0.1030          —          —          —     0.0018     0.0003 |   0.1062   0.129
  67    2     0.0003          —     0.1206          —          —          —     0.0001     0.0000 |   0.1211   0.031
  68    0     0.0008          —     0.1504          —          —          —     0.0002     0.0001 |   0.1518   0.068
  69    8     0.0014          —     0.1404          —          —          —     0.0008     0.0001 |   0.1432   0.111
  70    6     0.0000          —     0.1018          —          —          —     0.0000     0.0000 |   0.1018   0.033
  71    3     0.0000          —     0.1048          —          —          —     0.0001     0.0000 |   0.1050   0.043
  72    0     0.0001          —     0.1415          —          —          —     0.0001     0.0000 |   0.1418   0.068
  73    2     0.0000          —     0.1178          —          —          —     0.0001     0.0001 |   0.1181   0.029
  74    6     0.0000          —     0.1044          —          —          —     0.0001     0.0000 |   0.1045   0.027
  75    9     0.0000          —     0.1024          —          —          —     0.0000     0.0000 |   0.1024   0.027
  76    8     0.0051          —     0.1453          —          —          —     0.0044     0.0003 |   0.1574   0.175
  77    4     0.0000          —     0.1010          —          —          —     0.0000     0.0000 |   0.1011   0.030
  78    5     0.0000          —     0.1338          —          —          —     0.0007     0.0001 |   0.1350   0.066
  79    1     0.0000          —     0.1482          —          —          —     0.0055     0.0004 |   0.1570   0.101
  80    7     0.0000          —     0.1305          —          —          —     0.0001     0.0002 |   0.1311   0.050
  81    6     0.0000          —     0.0987          —          —          —     0.0000     0.0000 |   0.0988   0.031
  82    4     0.0000          —     0.1010          —          —          —     0.0000     0.0000 |   0.1011   0.039
  83    9     0.0000          —     0.1012          —          —          —     0.0000     0.0000 |   0.1013   0.027
  84    5     0.0000          —     0.1265          —          —          —     0.0005     0.0000 |   0.1273   0.044
  85    0     0.0003          —     0.1403          —          —          —     0.0000     0.0002 |   0.1409   0.053
  86    8     0.0001          —     0.1455          —          —          —     0.0043     0.0003 |   0.1525   0.320
  87    1     0.0001          —     0.1505          —          —          —     0.0060     0.0006 |   0.1605   0.115
  88    7     0.0003          —     0.1272          —          —          —     0.0006     0.0002 |   0.1286   0.066
  89    3     0.0000          —     0.1018          —          —          —     0.0000     0.0000 |   0.1019   0.050
  90    2     0.0001          —     0.1168          —          —          —     0.0002     0.0000 |   0.1171   0.030
  91    2     0.0000          —     0.1165          —          —          —     0.0001     0.0000 |   0.1168   0.028
  92    1     0.0003          —     0.1467          —          —          —     0.0045     0.0007 |   0.1549   0.091
  93    8     0.0001          —     0.1367          —          —          —     0.0020     0.0002 |   0.1401   0.142
  94    0     0.0011          —     0.1386          —          —          —     0.0009     0.0003 |   0.1414   0.113
  95    5     0.0003          —     0.1323          —          —          —     0.0009     0.0001 |   0.1340   0.075
  96    6     0.0000          —     0.0999          —          —          —     0.0000     0.0000 |   0.1000   0.029
  97    4     0.0000          —     0.1026          —          —          —     0.0000     0.0000 |   0.1027   0.038
  98    9     0.0000          —     0.1029          —          —          —     0.0000     0.0000 |   0.1030   0.032
  99    7     0.0004          —     0.1332          —          —          —     0.0013     0.0001 |   0.1356   0.066
 100    3     0.0000          —     0.0995          —          —          —     0.0024     0.0003 |   0.1035   0.144
   1    5     0.0030          —     0.1488          —          —          —     0.0042     0.0018 |   0.1608   0.156
   2    9     0.0000          —     0.1390          —          —          —     0.0007     0.0001 |   0.1402   0.069
   3    1     0.0020          —     0.1397          —          —          —     0.0034     0.0014 |   0.1489   0.227
   4    0     0.0017          —     0.1476          —          —          —     0.0007     0.0013 |   0.1523   0.087
   5    2     0.0000          —     0.1285          —          —          —     0.0000     0.0000 |   0.1286   0.021
   6    4     0.0005          —     0.1288          —          —          —     0.0001     0.0000 |   0.1294   0.026
   7    8     0.0000          —     0.1291          —          —          —     0.0000     0.0000 |   0.1291   0.019
   8    7     0.0002          —     0.1402          —          —          —     0.0001     0.0000 |   0.1406   0.112
   9    6     0.0004          —     0.1366          —          —          —     0.0004     0.0001 |   0.1377   0.103
  10    3     0.0016          —     0.1575          —          —          —     0.0004     0.0001 |   0.1599   0.110
  11    6     0.0001          —     0.1314          —          —          —     0.0002     0.0000 |   0.1318   0.043
  12    2     0.0001          —     0.1357          —          —          —     0.0003     0.0001 |   0.1363   0.045
  13    1     0.0009          —     0.1386          —          —          —     0.0024     0.0010 |   0.1445   0.060
  14    7     0.0000          —     0.1258          —          —          —     0.0000     0.0000 |   0.1258   0.058
  15    3     0.0013          —     0.1389          —          —          —     0.0000     0.0000 |   0.1403   0.113
  16    5     0.0028          —     0.1491          —          —          —     0.0007     0.0008 |   0.1541   0.145
  17    8     0.0000          —     0.1362          —          —          —     0.0000     0.0000 |   0.1363   0.037
  18    9     0.0001          —     0.1356          —          —          —     0.0002     0.0000 |   0.1359   0.029
  19    0     0.0014          —     0.1458          —          —          —     0.0026     0.0009 |   0.1524   0.119
  20    4     0.0001          —     0.1326          —          —          —     0.0000     0.0000 |   0.1327   0.028
  21    4     0.0000          —     0.1312          —          —          —     0.0000     0.0000 |   0.1312   0.026
  22    0     0.0003          —     0.1482          —          —          —     0.0026     0.0005 |   0.1532   0.096
  23    8     0.0000          —     0.1285          —          —          —     0.0001     0.0001 |   0.1287   0.024
  24    3     0.0007          —     0.1324          —          —          —     0.0000     0.0000 |   0.1332   0.083
  25    9     0.0001          —     0.1337          —          —          —     0.0001     0.0000 |   0.1339   0.028
  26    2     0.0001          —     0.1275          —          —          —     0.0001     0.0000 |   0.1278   0.027
  27    6     0.0004          —     0.1304          —          —          —     0.0001     0.0000 |   0.1310   0.088
  28    1     0.0005          —     0.1398          —          —          —     0.0006     0.0002 |   0.1414   0.095
  29    7     0.0000          —     0.1206          —          —          —     0.0000     0.0000 |   0.1207   0.022
  30    5     0.0000          —     0.1444          —          —          —     0.0003     0.0001 |   0.1450   0.040
  31    8     0.0001          —     0.1275          —          —          —     0.0000     0.0000 |   0.1276   0.028
  32    1     0.0007          —     0.1430          —          —          —     0.0020     0.0009 |   0.1481   0.073
  33    9     0.0003          —     0.1329          —          —          —     0.0001     0.0000 |   0.1334   0.033
  34    4     0.0000          —     0.1272          —          —          —     0.0000     0.0000 |   0.1273   0.032
  35    2     0.0003          —     0.1310          —          —          —     0.0005     0.0002 |   0.1323   0.037
  36    5     0.0008          —     0.1391          —          —          —     0.0003     0.0004 |   0.1408   0.051
  37    7     0.0000          —     0.1188          —          —          —     0.0000     0.0000 |   0.1189   0.026
  38    0     0.0001          —     0.1451          —          —          —     0.0052     0.0009 |   0.1544   0.090
  39    6     0.0004          —     0.1200          —          —          —     0.0001     0.0000 |   0.1205   0.032
  40    3     0.0002          —     0.1231          —          —          —     0.0000     0.0000 |   0.1234   0.059
  41    7     0.0001          —     0.1211          —          —          —     0.0000     0.0000 |   0.1212   0.030
  42    8     0.0001          —     0.1255          —          —          —     0.0000     0.0000 |   0.1256   0.030
  43    2     0.0002          —     0.1247          —          —          —     0.0000     0.0000 |   0.1250   0.035
  44    6     0.0003          —     0.1209          —          —          —     0.0000     0.0000 |   0.1212   0.026
  45    3     0.0000          —     0.1204          —          —          —     0.0000     0.0000 |   0.1205   0.038
  46    1     0.0007          —     0.1341          —          —          —     0.0042     0.0019 |   0.1440   0.099
  47    5     0.0040          —     0.1386          —          —          —     0.0017     0.0024 |   0.1488   0.190
  48    0     0.0016          —     0.1358          —          —          —     0.0023     0.0040 |   0.1468   0.104
  49    9     0.0004          —     0.1293          —          —          —     0.0002     0.0001 |   0.1301   0.044
  50    4     0.0000          —     0.1190          —          —          —     0.0000     0.0000 |   0.1190   0.034
  51    6     0.0001          —     0.1166          —          —          —     0.0002     0.0000 |   0.1170   0.028
  52    0     0.0024          —     0.1361          —          —          —     0.0006     0.0022 |   0.1428   0.110
  53    7     0.0000          —     0.1138          —          —          —     0.0000     0.0000 |   0.1138   0.028
  54    3     0.0001          —     0.1181          —          —          —     0.0001     0.0000 |   0.1184   0.058
  55    2     0.0002          —     0.1175          —          —          —     0.0000     0.0000 |   0.1177   0.028
  56    1     0.0027          —     0.1251          —          —          —     0.0040     0.0016 |   0.1363   0.080
  57    4     0.0001          —     0.1152          —          —          —     0.0000     0.0000 |   0.1153   0.034
  58    5     0.0016          —     0.1292          —          —          —     0.0011     0.0007 |   0.1335   0.154
  59    8     0.0000          —     0.1161          —          —          —     0.0000     0.0000 |   0.1161   0.031
  60    9     0.0006          —     0.1208          —          —          —     0.0003     0.0000 |   0.1220   0.037
  61    1     0.0000          —     0.1306          —          —          —     0.0009     0.0008 |   0.1332   0.061
  62    7     0.0000          —     0.1119          —          —          —     0.0000     0.0000 |   0.1120   0.028
  63    3     0.0000          —     0.1109          —          —          —     0.0000     0.0000 |   0.1109   0.030
  64    2     0.0001          —     0.1150          —          —          —     0.0001     0.0000 |   0.1153   0.035
  65    8     0.0000          —     0.1173          —          —          —     0.0000     0.0000 |   0.1174   0.027
  66    6     0.0001          —     0.1086          —          —          —     0.0000     0.0000 |   0.1087   0.025
  67    5     0.0075          —     0.1303          —          —          —     0.0028     0.0043 |   0.1486   0.196
  68    0     0.0002          —     0.1351          —          —          —     0.0013     0.0002 |   0.1376   0.080
  69    4     0.0000          —     0.1112          —          —          —     0.0000     0.0000 |   0.1112   0.030
  70    9     0.0000          —     0.1207          —          —          —     0.0000     0.0000 |   0.1208   0.036
  71    0     0.0005          —     0.1262          —          —          —     0.0020     0.0014 |   0.1317   0.069
  72    6     0.0001          —     0.1105          —          —          —     0.0000     0.0000 |   0.1106   0.027
  73    9     0.0002          —     0.1171          —          —          —     0.0001     0.0000 |   0.1174   0.041
  74    7     0.0000          —     0.1043          —          —          —     0.0000     0.0000 |   0.1044   0.024
  75    1     0.0001          —     0.1218          —          —          —     0.0011     0.0006 |   0.1244   0.049
  76    8     0.0000          —     0.1124          —          —          —     0.0000     0.0000 |   0.1124   0.028
  77    2     0.0001          —     0.1106          —          —          —     0.0000     0.0001 |   0.1108   0.031
  78    4     0.0000          —     0.1136          —          —          —     0.0000     0.0000 |   0.1137   0.033
  79    3     0.0006          —     0.1073          —          —          —     0.0000     0.0000 |   0.1079   0.030
  80    5     0.0022          —     0.1208          —          —          —     0.0042     0.0014 |   0.1315   0.148
  81    3     0.0001          —     0.1076          —          —          —     0.0000     0.0000 |   0.1078   0.040
  82    4     0.0001          —     0.1131          —          —          —     0.0000     0.0000 |   0.1131   0.036
  83    8     0.0001          —     0.1115          —          —          —     0.0000     0.0000 |   0.1117   0.025
  84    5     0.0063          —     0.1217          —          —          —     0.0027     0.0029 |   0.1364   0.179
  85    1     0.0000          —     0.1245          —          —          —     0.0011     0.0007 |   0.1272   0.051
  86    2     0.0000          —     0.1131          —          —          —     0.0000     0.0000 |   0.1132   0.026
  87    0     0.0045          —     0.1190          —          —          —     0.0041     0.0031 |   0.1343   0.221
  88    6     0.0002          —     0.1119          —          —          —     0.0000     0.0000 |   0.1121   0.029
  89    9     0.0001          —     0.1139          —          —          —     0.0000     0.0000 |   0.1140   0.028
  90    7     0.0000          —     0.1091          —          —          —     0.0000     0.0000 |   0.1092   0.029
  91    6     0.0001          —     0.1097          —          —          —     0.0000     0.0000 |   0.1098   0.027
  92    5     0.0000          —     0.1264          —          —          —     0.0002     0.0000 |   0.1268   0.048
  93    8     0.0000          —     0.1107          —          —          —     0.0000     0.0000 |   0.1108   0.029
  94    4     0.0000          —     0.1131          —          —          —     0.0000     0.0000 |   0.1132   0.051
  95    1     0.0002          —     0.1196          —          —          —     0.0006     0.0002 |   0.1211   0.061
  96    2     0.0000          —     0.1128          —          —          —     0.0001     0.0000 |   0.1130   0.027
  97    3     0.0001          —     0.1058          —          —          —     0.0000     0.0000 |   0.1059   0.024
  98    0     0.0017          —     0.1236          —          —          —     0.0008     0.0023 |   0.1299   0.153
  99    9     0.0001          —     0.1152          —          —          —     0.0000     0.0000 |   0.1153   0.035
 100    7     0.0000          —     0.1067          —          —          —     0.0000     0.0000 |   0.1068   0.026
   1    4     0.0005          —     0.1342          —          —          —     0.0008     0.0002 |   0.1361   0.154
   2    8     0.0000          —     0.1233          —          —          —     0.0003     0.0001 |   0.1238   0.036
   3    7     0.0008          —     0.1257          —          —          —     0.0003     0.0000 |   0.1270   0.040
   4    9     0.0001          —     0.1306          —          —          —     0.0001     0.0000 |   0.1310   0.041
   5    5     0.0220          —     0.1346          —          —          —     0.0405     0.0147 |   0.2394   0.525
   6    6     0.0003          —     0.1409          —          —          —     0.0010     0.0009 |   0.1441   0.118
   7    0     0.0004          —     0.1160          —          —          —     0.0001     0.0001 |   0.1167   0.023
   8    2     0.0013          —     0.1139          —          —          —     0.0000     0.0000 |   0.1153   0.035
   9    3     0.0003          —     0.1201          —          —          —     0.0002     0.0004 |   0.1212   0.106
  10    1     0.0009          —     0.1447          —          —          —     0.0073     0.0026 |   0.1604   0.185
  11    9     0.0003          —     0.1334          —          —          —     0.0001     0.0001 |   0.1339   0.052
  12    1     0.0029          —     0.1407          —          —          —     0.0111     0.0026 |   0.1643   0.182
  13    8     0.0001          —     0.1166          —          —          —     0.0000     0.0001 |   0.1168   0.019
  14    7     0.0023          —     0.1260          —          —          —     0.0002     0.0000 |   0.1287   0.028
  15    4     0.0010          —     0.1253          —          —          —     0.0001     0.0000 |   0.1264   0.038
  16    6     0.0048          —     0.1417          —          —          —     0.0126     0.0052 |   0.1732   0.465
  17    0     0.0002          —     0.1174          —          —          —     0.0001     0.0000 |   0.1177   0.027
  18    2     0.0011          —     0.1195          —          —          —     0.0003     0.0002 |   0.1213   0.075
  19    5     0.0141          —     0.1358          —          —          —     0.0257     0.0085 |   0.2011   0.329
  20    3     0.0009          —     0.1113          —          —          —     0.0002     0.0000 |   0.1126   0.024
  21    0     0.0003          —     0.1227          —          —          —     0.0001     0.0000 |   0.1232   0.022
  22    1     0.0007          —     0.1410          —          —          —     0.0054     0.0010 |   0.1513   0.387
  23    9     0.0006          —     0.1299          —          —          —     0.0002     0.0001 |   0.1310   0.023
  24    4     0.0003          —     0.1405          —          —          —     0.0001     0.0001 |   0.1411   0.168
  25    6     0.0044          —     0.1431          —          —          —     0.0138     0.0043 |   0.1747   0.412
  26    8     0.0002          —     0.1196          —          —          —     0.0003     0.0002 |   0.1206   0.050
  27    5     0.0064          —     0.1320          —          —          —     0.0126     0.0029 |   0.1617   1.148
  28    7     0.0014          —     0.1178          —          —          —     0.0002     0.0000 |   0.1195   0.024
  29    2     0.0009          —     0.1159          —          —          —     0.0001     0.0002 |   0.1172   0.038
  30    3     0.0008          —     0.1106          —          —          —     0.0001     0.0000 |   0.1115   0.022
  31    5     0.0035          —     0.1246          —          —          —     0.0121     0.0039 |   0.1520   0.361
  32    8     0.0001          —     0.1191          —          —          —     0.0003     0.0000 |   0.1196   0.049
  33    1     0.0019          —     0.1408          —          —          —     0.0096     0.0021 |   0.1603   0.173
  34    4     0.0006          —     0.1269          —          —          —     0.0001     0.0000 |   0.1277   0.043
  35    7     0.0008          —     0.1279          —          —          —     0.0001     0.0000 |   0.1289   0.036
  36    3     0.0013          —     0.1150          —          —          —     0.0001     0.0000 |   0.1165   0.035
  37    0     0.0005          —     0.1197          —          —          —     0.0001     0.0000 |   0.1205   0.024
  38    6     0.0000          —     0.1369          —          —          —     0.0005     0.0002 |   0.1380   0.037
  39    2     0.0013          —     0.1143          —          —          —     0.0002     0.0000 |   0.1160   0.035
  40    9     0.0001          —     0.1349          —          —          —     0.0000     0.0000 |   0.1352   0.036
  41    8     0.0000          —     0.1230          —          —          —     0.0002     0.0001 |   0.1234   0.038
  42    7     0.0020          —     0.1198          —          —          —     0.0002     0.0002 |   0.1225   0.031
  43    9     0.0004          —     0.1344          —          —          —     0.0001     0.0001 |   0.1352   0.032
  44    4     0.0006          —     0.1206          —          —          —     0.0001     0.0000 |   0.1215   0.020
  45    0     0.0004          —     0.1177          —          —          —     0.0000     0.0000 |   0.1182   0.025
  46    5     0.0049          —     0.1324          —          —          —     0.0158     0.0045 |   0.1678   0.335
  47    3     0.0004          —     0.1124          —          —          —     0.0000     0.0000 |   0.1128   0.022
  48    6     0.0000          —     0.1432          —          —          —     0.0031     0.0004 |   0.1484   0.098
  49    2     0.0004          —     0.1144          —          —          —     0.0001     0.0000 |   0.1150   0.023
  50    1     0.0026          —     0.1329          —          —          —     0.0074     0.0018 |   0.1493   0.134
  51    1     0.0019          —     0.1386          —          —          —     0.0079     0.0023 |   0.1559   0.209
  52    4     0.0005          —     0.1268          —          —          —     0.0002     0.0001 |   0.1278   0.040
  53    0     0.0005          —     0.1155          —          —          —     0.0001     0.0001 |   0.1162   0.027
  54    7     0.0005          —     0.1220          —          —          —     0.0001     0.0001 |   0.1229   0.023
  55    5     0.0103          —     0.1296          —          —          —     0.0276     0.0089 |   0.1947   0.351
  56    2     0.0005          —     0.1165          —          —          —     0.0005     0.0001 |   0.1179   0.031
  57    9     0.0001          —     0.1299          —          —          —     0.0001     0.0000 |   0.1300   0.044
  58    8     0.0000          —     0.1217          —          —          —     0.0001     0.0000 |   0.1219   0.029
  59    3     0.0011          —     0.1081          —          —          —     0.0000     0.0000 |   0.1092   0.025
  60    6     0.0001          —     0.1365          —          —          —     0.0003     0.0006 |   0.1379   0.057
  61    5     0.0004          —     0.1375          —          —          —     0.0020     0.0016 |   0.1433   0.382
  62    1     0.0015          —     0.1339          —          —          —     0.0040     0.0013 |   0.1433   0.114
  63    0     0.0000          —     0.1117          —          —          —     0.0000     0.0000 |   0.1117   0.029
  64    3     0.0007          —     0.1127          —          —          —     0.0004     0.0001 |   0.1142   0.064
  65    2     0.0014          —     0.1163          —          —          —     0.0000     0.0000 |   0.1178   0.038
  66    7     0.0016          —     0.1191          —          —          —     0.0000     0.0000 |   0.1208   0.033
  67    6     0.0035          —     0.1475          —          —          —     0.0022     0.0044 |   0.1608   0.329
  68    4     0.0004          —     0.1217          —          —          —     0.0000     0.0000 |   0.1222   0.033
  69    8     0.0000          —     0.1166          —          —          —     0.0001     0.0000 |   0.1168   0.041
  70    9     0.0005          —     0.1374          —          —          —     0.0002     0.0001 |   0.1384   0.036
  71    8     0.0001          —     0.1127          —          —          —     0.0003     0.0002 |   0.1136   0.030
  72    9     0.0003          —     0.1334          —          —          —     0.0001     0.0001 |   0.1341   0.044
  73    1     0.0024          —     0.1395          —          —          —     0.0075     0.0019 |   0.1560   0.140
  74    6     0.0011          —     0.1304          —          —          —     0.0007     0.0027 |   0.1366   0.142
  75    0     0.0003          —     0.1144          —          —          —     0.0001     0.0000 |   0.1149   0.035
  76    2     0.0005          —     0.1132          —          —          —     0.0001     0.0001 |   0.1140   0.055
  77    7     0.0014          —     0.1188          —          —          —     0.0001     0.0000 |   0.1205   0.033
  78    5     0.0042          —     0.1257          —          —          —     0.0112     0.0031 |   0.1512   0.440
  79    4     0.0008          —     0.1211          —          —          —     0.0000     0.0000 |   0.1220   0.033
  80    3     0.0012          —     0.1079          —          —          —     0.0002     0.0002 |   0.1097   0.039
  81    7     0.0017          —     0.1206          —          —          —     0.0000     0.0001 |   0.1224   0.034
  82    4     0.0006          —     0.1243          —          —          —     0.0000     0.0000 |   0.1250   0.031
  83    3     0.0017          —     0.1056          —          —          —     0.0003     0.0001 |   0.1080   0.026
  84    2     0.0007          —     0.1083          —          —          —     0.0000     0.0000 |   0.1091   0.022
  85    5     0.0012          —     0.1258          —          —          —     0.0053     0.0013 |   0.1370   0.215
  86    1     0.0000          —     0.1411          —          —          —     0.0005     0.0003 |   0.1424   0.070
  87    9     0.0001          —     0.1329          —          —          —     0.0001     0.0000 |   0.1332   0.049
  88    8     0.0001          —     0.1203          —          —          —     0.0003     0.0000 |   0.1209   0.030
  89    6     0.0002          —     0.1287          —          —          —     0.0017     0.0001 |   0.1316   0.054
  90    0     0.0003          —     0.1115          —          —          —     0.0001     0.0000 |   0.1119   0.025
  91    8     0.0001          —     0.1249          —          —          —     0.0001     0.0000 |   0.1252   0.031
  92    5     0.0030          —     0.1311          —          —          —     0.0110     0.0034 |   0.1557   0.372
  93    2     0.0002          —     0.1162          —          —          —     0.0001     0.0001 |   0.1166   0.105
  94    1     0.0009          —     0.1369          —          —          —     0.0048     0.0014 |   0.1472   0.127
  95    6     0.0014          —     0.1380          —          —          —     0.0035     0.0008 |   0.1459   0.139
  96    9     0.0003          —     0.1349          —          —          —     0.0002     0.0001 |   0.1357   0.040
  97    3     0.0004          —     0.1308          —          —          —     0.0004     0.0009 |   0.1331   0.271
  98    0     0.0004          —     0.1116          —          —          —     0.0001     0.0000 |   0.1121   0.033
  99    4     0.0006          —     0.1204          —          —          —     0.0000     0.0000 |   0.1211   0.025
 100    7     0.0009          —     0.1198          —          —          —     0.0000     0.0000 |   0.1208   0.035
   1    4     0.0737          —     0.1864          —          —          —     0.0023     0.0042 |   0.2698   1.359
   2    3     0.1625          —     0.1491          —          —          —     0.0080     0.0463 |   0.3932   1.713
   3    0     0.0002          —     0.1199          —          —          —     0.0001     0.0000 |   0.1203   0.020
   4    8     0.3823          —     0.1857          —          —          —     0.0047     0.0391 |   0.6337   2.457
   5    6     0.0002          —     0.1170          —          —          —     0.0000     0.0000 |   0.1172   0.015
   6    9     0.3832          —     0.2360          —          —          —     0.0443     0.0444 |   0.7523   6.307
   7    2     0.0105          —     0.1688          —          —          —     0.0030     0.0031 |   0.1884   0.814
   8    1     0.0107          —     0.1568          —          —          —     0.0748     0.0371 |   0.3354   0.673
   9    5     0.0000          —     0.1237          —          —          —     0.0000     0.0000 |   0.1238   0.021
  10    7     0.0000          —     0.1215          —          —          —     0.0003     0.0001 |   0.1220   0.021
  11    5     0.0001          —     0.1153          —          —          —     0.0001     0.0000 |   0.1155   0.016
  12    1     0.0001          —     0.1526          —          —          —     0.0196     0.0042 |   0.1884   0.593
  13    8     0.3830          —     0.1832          —          —          —     0.0061     0.0261 |   0.6146   1.847
  14    2     0.0000          —     0.1603          —          —          —     0.0017     0.0009 |   0.1641   0.081
  15    6     0.0002          —     0.1206          —          —          —     0.0004     0.0000 |   0.1214   0.058
  16    9     0.0657          —     0.1725          —          —          —     0.0115     0.0077 |   0.2670   0.598
  17    4     0.1582          —     0.2389          —          —          —     0.0027     0.0051 |   0.4088   2.563
  18    7     0.0001          —     0.1182          —          —          —     0.0002     0.0001 |   0.1187   0.025
  19    0     0.0002          —     0.1210          —          —          —     0.0000     0.0000 |   0.1212   0.021
  20    3     0.2099          —     0.1554          —          —          —     0.0421     0.0589 |   0.5168   2.496
  21    1     0.0105          —     0.1465          —          —          —     0.0797     0.0385 |   0.3343   0.253
  22    3     0.1143          —     0.1470          —          —          —     0.0036     0.0361 |   0.3208   1.160
  23    0     0.0002          —     0.1214          —          —          —     0.0001     0.0000 |   0.1218   0.021
  24    7     0.0001          —     0.1238          —          —          —     0.0004     0.0000 |   0.1246   0.026
  25    6     0.0001          —     0.1203          —          —          —     0.0001     0.0000 |   0.1205   0.025
  26    5     0.0000          —     0.1227          —          —          —     0.0002     0.0000 |   0.1230   0.022
  27    9     0.0407          —     0.2066          —          —          —     0.0036     0.0030 |   0.2573   1.020
  28    8     0.2709          —     0.1749          —          —          —     0.0024     0.0268 |   0.4896   2.519
  29    2     0.0013          —     0.1626          —          —          —     0.0021     0.0014 |   0.1690   0.118
  30    4     0.0226          —     0.1507          —          —          —     0.0023     0.0024 |   0.1803   0.621
  31    6     0.0001          —     0.1201          —          —          —     0.0001     0.0000 |   0.1204   0.021
  32    0     0.0001          —     0.1203          —          —          —     0.0001     0.0000 |   0.1206   0.025
  33    1     0.0093          —     0.1434          —          —          —     0.0634     0.0128 |   0.2669   1.506
  34    9     0.2073          —     0.2019          —          —          —     0.0199     0.0145 |   0.4609   3.701
  35    8     0.2932          —     0.1785          —          —          —     0.0081     0.0205 |   0.5145   2.140
  36    2     0.0020          —     0.1656          —          —          —     0.0023     0.0014 |   0.1733   0.143
  37    3     0.0169          —     0.1464          —          —          —     0.0002     0.0065 |   0.1732   0.525
  38    4     0.0200          —     0.1642          —          —          —     0.0032     0.0022 |   0.1923   0.445
  39    7     0.0000          —     0.1193          —          —          —     0.0000     0.0001 |   0.1195   0.022
  40    5     0.0000          —     0.1236          —          —          —     0.0002     0.0000 |   0.1239   0.028
  41    5     0.0000          —     0.1231          —          —          —     0.0001     0.0000 |   0.1233   0.028
  42    8     0.1664          —     0.1708          —          —          —     0.0016     0.0099 |   0.3545   1.208
  43    9     0.0277          —     0.1847          —          —          —     0.0031     0.0017 |   0.2195   0.578
  44    0     0.0002          —     0.1194          —          —          —     0.0000     0.0000 |   0.1196   0.025
  45    6     0.0002          —     0.1232          —          —          —     0.0001     0.0000 |   0.1235   0.024
  46    7     0.0000          —     0.1200          —          —          —     0.0002     0.0000 |   0.1203   0.026
  47    1     0.0054          —     0.1411          —          —          —     0.0214     0.0093 |   0.1924   1.019
  48    3     0.0128          —     0.1463          —          —          —     0.0005     0.0052 |   0.1678   0.407
  49    4     0.0005          —     0.1952          —          —          —     0.0005     0.0008 |   0.1977   0.930
  50    2     0.0068          —     0.1638          —          —          —     0.0021     0.0037 |   0.1794   0.127
  51    8     0.0738          —     0.1576          —          —          —     0.0008     0.0057 |   0.2412   0.923
  52    4     0.0004          —     0.1552          —          —          —     0.0001     0.0001 |   0.1560   0.183
  53    2     0.0107          —     0.1607          —          —          —     0.0038     0.0053 |   0.1852   0.186
  54    7     0.0001          —     0.1185          —          —          —     0.0002     0.0000 |   0.1188   0.026
  55    6     0.0002          —     0.1196          —          —          —     0.0001     0.0000 |   0.1199   0.023
  56    1     0.0006          —     0.1382          —          —          —     0.0006     0.0001 |   0.1398   0.093
  57    3     0.0077          —     0.1392          —          —          —     0.0001     0.0010 |   0.1485   0.200
  58    9     0.0241          —     0.1815          —          —          —     0.0031     0.0019 |   0.2132   0.673
  59    0     0.0000          —     0.1251          —          —          —     0.0002     0.0000 |   0.1254   0.037
  60    5     0.0001          —     0.1175          —          —          —     0.0001     0.0000 |   0.1177   0.027
  61    4     0.0018          —     0.1529          —          —          —     0.0009     0.0003 |   0.1566   0.146
  62    3     0.0049          —     0.1511          —          —          —     0.0002     0.0002 |   0.1566   0.169
  63    5     0.0001          —     0.1182          —          —          —     0.0001     0.0000 |   0.1185   0.026
  64    7     0.0000          —     0.1192          —          —          —     0.0000     0.0001 |   0.1194   0.026
  65    6     0.0002          —     0.1218          —          —          —     0.0000     0.0000 |   0.1220   0.029
  66    9     0.0066          —     0.1650          —          —          —     0.0003     0.0002 |   0.1724   0.253
  67    8     0.0637          —     0.1538          —          —          —     0.0010     0.0034 |   0.2240   0.585
  68    1     0.0002          —     0.1382          —          —          —     0.0008     0.0001 |   0.1397   0.105
  69    0     0.0002          —     0.1227          —          —          —     0.0000     0.0000 |   0.1229   0.032
  70    2     0.0193          —     0.1675          —          —          —     0.0070     0.0074 |   0.2084   0.219
  71    6     0.0001          —     0.1298          —          —          —     0.0002     0.0000 |   0.1302   0.122
  72    4     0.0000          —     0.1408          —          —          —     0.0003     0.0001 |   0.1413   0.055
  73    9     0.0028          —     0.1376          —          —          —     0.0004     0.0002 |   0.1414   0.092
  74    0     0.0000          —     0.1197          —          —          —     0.0002     0.0000 |   0.1200   0.025
  75    2     0.0120          —     0.1644          —          —          —     0.0082     0.0068 |   0.1989   0.126
  76    7     0.0000          —     0.1161          —          —          —     0.0000     0.0000 |   0.1162   0.024
  77    5     0.0000          —     0.1192          —          —          —     0.0002     0.0000 |   0.1194   0.027
  78    1     0.0017          —     0.1356          —          —          —     0.0079     0.0011 |   0.1507   0.433
  79    3     0.0101          —     0.1414          —          —          —     0.0004     0.0012 |   0.1540   0.193
  80    8     0.0590          —     0.1570          —          —          —     0.0004     0.0044 |   0.2233   0.718
  81    5     0.0000          —     0.1193          —          —          —     0.0001     0.0000 |   0.1195   0.025
  82    6     0.0001          —     0.1275          —          —          —     0.0004     0.0000 |   0.1283   0.114
  83    2     0.0063          —     0.1559          —          —          —     0.0063     0.0050 |   0.1792   0.155
  84    1     0.0004          —     0.1424          —          —          —     0.0033     0.0017 |   0.1504   0.226
  85    3     0.0001          —     0.1402          —          —          —     0.0009     0.0004 |   0.1421   0.055
  86    4     0.0006          —     0.1405          —          —          —     0.0005     0.0002 |   0.1422   0.082
  87    0     0.0001          —     0.1184          —          —          —     0.0000     0.0001 |   0.1187   0.028
  88    8     0.0529          —     0.1507          —          —          —     0.0033     0.0034 |   0.2136   0.627
  89    7     0.0002          —     0.1197          —          —          —     0.0000     0.0001 |   0.1201   0.026
  90    9     0.0103          —     0.1471          —          —          —     0.0022     0.0011 |   0.1622   0.216
  91    2     0.0080          —     0.1620          —          —          —     0.0032     0.0040 |   0.1808   0.150
  92    8     0.0290          —     0.1416          —          —          —     0.0001     0.0019 |   0.1735   0.326
  93    7     0.0001          —     0.1197          —          —          —     0.0005     0.0001 |   0.1207   0.031
  94    6     0.0001          —     0.1186          —          —          —     0.0000     0.0000 |   0.1188   0.024
  95    9     0.0156          —     0.1505          —          —          —     0.0047     0.0028 |   0.1773   0.258
  96    4     0.0001          —     0.1322          —          —          —     0.0002     0.0002 |   0.1328   0.054
  97    3     0.0027          —     0.1388          —          —          —     0.0005     0.0001 |   0.1424   0.110
  98    5     0.0001          —     0.1221          —          —          —     0.0001     0.0000 |   0.1223   0.028
  99    1     0.0002          —     0.1389          —          —          —     0.0045     0.0005 |   0.1466   0.344
 100    0     0.0000          —     0.1191          —          —          —     0.0000     0.0001 |   0.1193   0.027
   1    8     0.0001          —     0.1284          —          —          —     0.0001     0.0000 |   0.1286   0.022
   2    2     0.0000          —     0.1242          —          —          —     0.0000     0.0000 |   0.1243   0.018
   3    3     0.0000          —     0.1239          —          —          —     0.0000     0.0000 |   0.1240   0.024
   4    5     0.0001          —     0.1375          —          —          —     0.0000     0.0000 |   0.1375   0.021
   5    4     0.0000          —     0.1204          —          —          —     0.0000     0.0000 |   0.1204   0.017
   6    1     0.0000          —     0.1480          —          —          —     0.0020     0.0001 |   0.1511   0.184
   7    7     0.0000          —     0.1383          —          —          —     0.0000     0.0000 |   0.1384   0.041
   8    9     0.0000          —     0.1247          —          —          —     0.0000     0.0000 |   0.1248   0.035
   9    0     0.0000          —     0.1250          —          —          —     0.0000     0.0000 |   0.1250   0.019
  10    6     0.0001          —     0.1287          —          —          —     0.0000     0.0000 |   0.1288   0.027
  11    0     0.0001          —     0.1238          —          —          —     0.0000     0.0000 |   0.1239   0.018
  12    9     0.0000          —     0.1220          —          —          —     0.0000     0.0000 |   0.1221   0.020
  13    6     0.0000          —     0.1256          —          —          —     0.0000     0.0000 |   0.1257   0.020
  14    8     0.0001          —     0.1272          —          —          —     0.0000     0.0000 |   0.1274   0.025
  15    3     0.0002          —     0.1255          —          —          —     0.0001     0.0000 |   0.1258   0.029
  16    5     0.0000          —     0.1320          —          —          —     0.0000     0.0000 |   0.1320   0.025
  17    1     0.0001          —     0.1323          —          —          —     0.0003     0.0000 |   0.1330   0.134
  18    4     0.0000          —     0.1281          —          —          —     0.0000     0.0000 |   0.1282   0.021
  19    7     0.0000          —     0.1363          —          —          —     0.0000     0.0000 |   0.1364   0.036
  20    2     0.0000          —     0.1364          —          —          —     0.0007     0.0002 |   0.1378   0.167
  21    8     0.0001          —     0.1316          —          —          —     0.0000     0.0000 |   0.1318   0.039
  22    3     0.0004          —     0.1211          —          —          —     0.0001     0.0000 |   0.1216   0.023
  23    2     0.0000          —     0.1256          —          —          —     0.0000     0.0000 |   0.1256   0.022
  24    5     0.0000          —     0.1278          —          —          —     0.0000     0.0000 |   0.1278   0.024
  25    4     0.0000          —     0.1176          —          —          —     0.0000     0.0000 |   0.1176   0.021
  26    7     0.0000          —     0.1248          —          —          —     0.0000     0.0000 |   0.1248   0.035
  27    9     0.0000          —     0.1164          —          —          —     0.0000     0.0000 |   0.1165   0.022
  28    1     0.0000          —     0.1271          —          —          —     0.0000     0.0000 |   0.1272   0.038
  29    0     0.0001          —     0.1176          —          —          —     0.0000     0.0000 |   0.1178   0.023
  30    6     0.0000          —     0.1213          —          —          —     0.0000     0.0000 |   0.1214   0.024
  31    8     0.0002          —     0.1262          —          —          —     0.0000     0.0000 |   0.1264   0.032
  32    1     0.0000          —     0.1238          —          —          —     0.0000     0.0000 |   0.1239   0.037
  33    7     0.0000          —     0.1280          —          —          —     0.0000     0.0000 |   0.1281   0.033
  34    2     0.0001          —     0.1179          —          —          —     0.0000     0.0000 |   0.1181   0.023
  35    3     0.0001          —     0.1166          —          —          —     0.0001     0.0000 |   0.1168   0.026
  36    5     0.0000          —     0.1231          —          —          —     0.0000     0.0000 |   0.1232   0.026
  37    4     0.0000          —     0.1151          —          —          —     0.0000     0.0000 |   0.1151   0.023
  38    0     0.0000          —     0.1140          —          —          —     0.0000     0.0000 |   0.1140   0.026
  39    9     0.0001          —     0.1160          —          —          —     0.0000     0.0000 |   0.1162   0.026
  40    6     0.0000          —     0.1174          —          —          —     0.0000     0.0000 |   0.1175   0.027
  41    0     0.0000          —     0.1176          —          —          —     0.0000     0.0000 |   0.1177   0.027
  42    8     0.0000          —     0.1174          —          —          —     0.0000     0.0000 |   0.1174   0.028
  43    3     0.0000          —     0.1143          —          —          —     0.0000     0.0000 |   0.1144   0.026
  44    2     0.0001          —     0.1140          —          —          —     0.0000     0.0000 |   0.1141   0.023
  45    1     0.0000          —     0.1120          —          —          —     0.0000     0.0000 |   0.1121   0.027
  46    7     0.0000          —     0.1153          —          —          —     0.0000     0.0000 |   0.1153   0.030
  47    9     0.0000          —     0.1100          —          —          —     0.0000     0.0000 |   0.1100   0.024
  48    4     0.0000          —     0.1093          —          —          —     0.0000     0.0000 |   0.1093   0.024
  49    6     0.0000          —     0.1112          —          —          —     0.0000     0.0000 |   0.1112   0.024
  50    5     0.0000          —     0.1109          —          —          —     0.0000     0.0000 |   0.1109   0.023
  51    0     0.0000          —     0.1073          —          —          —     0.0000     0.0000 |   0.1074   0.025
  52    7     0.0000          —     0.1165          —          —          —     0.0000     0.0000 |   0.1165   0.036
  53    9     0.0000          —     0.1115          —          —          —     0.0000     0.0000 |   0.1115   0.026
  54    2     0.0000          —     0.1103          —          —          —     0.0000     0.0000 |   0.1104   0.024
  55    4     0.0000          —     0.1082          —          —          —     0.0000     0.0000 |   0.1082   0.024
  56    1     0.0000          —     0.1057          —          —          —     0.0000     0.0000 |   0.1057   0.022
  57    8     0.0000          —     0.1095          —          —          —     0.0000     0.0000 |   0.1096   0.033
  58    6     0.0000          —     0.1096          —          —          —     0.0000     0.0000 |   0.1097   0.027
  59    3     0.0000          —     0.1039          —          —          —     0.0000     0.0000 |   0.1040   0.023
  60    5     0.0000          —     0.1090          —          —          —     0.0000     0.0000 |   0.1091   0.024
  61    8     0.0000          —     0.1048          —          —          —     0.0000     0.0000 |   0.1048   0.025
  62    7     0.0001          —     0.1130          —          —          —     0.0006     0.0003 |   0.1143   0.080
  63    5     0.0000          —     0.1074          —          —          —     0.0000     0.0000 |   0.1075   0.023
  64    0     0.0000          —     0.1057          —          —          —     0.0000     0.0000 |   0.1057   0.023
  65    1     0.0001          —     0.1041          —          —          —     0.0000     0.0000 |   0.1043   0.021
  66    4     0.0000          —     0.1020          —          —          —     0.0000     0.0000 |   0.1020   0.022
  67    9     0.0000          —     0.1017          —          —          —     0.0000     0.0000 |   0.1017   0.023
  68    2     0.0000          —     0.0991          —          —          —     0.0000     0.0001 |   0.0992   0.019
  69    3     0.0000          —     0.1042          —          —          —     0.0000     0.0000 |   0.1043   0.026
  70    6     0.0000          —     0.1017          —          —          —     0.0000     0.0000 |   0.1018   0.024
  71    8     0.0000          —     0.1064          —          —          —     0.0000     0.0000 |   0.1064   0.025
  72    7     0.0000          —     0.1081          —          —          —     0.0000     0.0000 |   0.1081   0.029
  73    2     0.0000          —     0.1034          —          —          —     0.0000     0.0000 |   0.1034   0.034
  74    6     0.0000          —     0.1032          —          —          —     0.0000     0.0000 |   0.1033   0.025
  75    0     0.0000          —     0.1010          —          —          —     0.0000     0.0000 |   0.1010   0.022
  76    4     0.0001          —     0.0996          —          —          —     0.0000     0.0000 |   0.0997   0.021
  77    1     0.0002          —     0.1196          —          —          —     0.0005     0.0001 |   0.1206   0.220
  78    3     0.0000          —     0.1004          —          —          —     0.0000     0.0000 |   0.1004   0.019
  79    9     0.0000          —     0.0979          —          —          —     0.0000     0.0000 |   0.0979   0.022
  80    5     0.0000          —     0.1046          —          —          —     0.0000     0.0000 |   0.1046   0.024
  81    8     0.0000          —     0.1006          —          —          —     0.0000     0.0000 |   0.1007   0.021
  82    2     0.0001          —     0.1033          —          —          —     0.0000     0.0000 |   0.1034   0.039
  83    0     0.0000          —     0.0995          —          —          —     0.0000     0.0000 |   0.0996   0.021
  84    9     0.0000          —     0.0978          —          —          —     0.0000     0.0000 |   0.0978   0.021
  85    6     0.0000          —     0.0991          —          —          —     0.0000     0.0000 |   0.0991   0.020
  86    7     0.0000          —     0.1012          —          —          —     0.0000     0.0000 |   0.1012   0.025
  87    1     0.0000          —     0.1025          —          —          —     0.0003     0.0000 |   0.1030   0.102
  88    3     0.0000          —     0.0952          —          —          —     0.0000     0.0000 |   0.0953   0.021
  89    5     0.0000          —     0.1026          —          —          —     0.0000     0.0000 |   0.1026   0.024
  90    4     0.0000          —     0.0983          —          —          —     0.0000     0.0000 |   0.0983   0.020
  91    3     0.0000          —     0.1012          —          —          —     0.0000     0.0000 |   0.1012   0.025
  92    6     0.0000          —     0.1033          —          —          —     0.0000     0.0000 |   0.1034   0.022
  93    5     0.0001          —     0.1039          —          —          —     0.0000     0.0000 |   0.1040   0.029
  94    4     0.0000          —     0.0954          —          —          —     0.0000     0.0000 |   0.0954   0.020
  95    8     0.0000          —     0.0998          —          —          —     0.0000     0.0000 |   0.0998   0.020
  96    9     0.0000          —     0.0974          —          —          —     0.0000     0.0000 |   0.0975   0.022
  97    2     0.0000          —     0.1012          —          —          —     0.0000     0.0000 |   0.1013   0.026
  98    1     0.0000          —     0.1019          —          —          —     0.0002     0.0000 |   0.1023   0.134
  99    7     0.0000          —     0.1079          —          —          —     0.0000     0.0000 |   0.1079   0.028
 100    0     0.0000          —     0.1025          —          —          —     0.0000     0.0000 |   0.1025   0.022
   1    0     0.0000          —     0.1501          —          —          —     0.0003     0.0001 |   0.1508   0.033
   2    9     0.0005          —     0.1618          —          —          —     0.0019     0.0055 |   0.1734   0.078
   3    6     0.0022          —     0.1497          —          —          —     0.0004     0.0006 |   0.1535   0.053
   4    8     0.0001          —     0.1279          —          —          —     0.0000     0.0000 |   0.1280   0.022
   5    2     0.0001          —     0.1475          —          —          —     0.0010     0.0002 |   0.1494   0.043
   6    1     0.0000          —     0.1712          —          —          —     0.0068     0.0076 |   0.1930   0.149
   7    4     0.0002          —     0.1636          —          —          —     0.0002     0.0004 |   0.1647   0.052
   8    7     0.0187          —     0.1662          —          —          —     0.0051     0.0080 |   0.2046   0.283
   9    5     0.0000          —     0.1330          —          —          —     0.0000     0.0000 |   0.1331   0.036
  10    3     0.0000          —     0.1438          —          —          —     0.0001     0.0001 |   0.1442   0.037
  11    3     0.0001          —     0.1404          —          —          —     0.0004     0.0001 |   0.1412   0.030
  12    7     0.0365          —     0.1648          —          —          —     0.0078     0.0126 |   0.2319   0.454
  13    1     0.0009          —     0.1761          —          —          —     0.0005     0.0012 |   0.1796   0.060
  14    9     0.0012          —     0.1591          —          —          —     0.0044     0.0060 |   0.1759   0.099
  15    2     0.0000          —     0.1399          —          —          —     0.0001     0.0001 |   0.1402   0.023
  16    6     0.0079          —     0.1500          —          —          —     0.0025     0.0032 |   0.1665   0.069
  17    4     0.0018          —     0.1727          —          —          —     0.0006     0.0007 |   0.1763   0.106
  18    0     0.0011          —     0.1634          —          —          —     0.0032     0.0013 |   0.1712   0.382
  19    8     0.0000          —     0.1373          —          —          —     0.0000     0.0000 |   0.1374   0.041
  20    5     0.0003          —     0.1319          —          —          —     0.0004     0.0001 |   0.1329   0.032
  21    5     0.0000          —     0.1263          —          —          —     0.0000     0.0000 |   0.1263   0.025
  22    7     0.0189          —     0.1668          —          —          —     0.0067     0.0091 |   0.2092   0.287
  23    8     0.0001          —     0.1311          —          —          —     0.0000     0.0000 |   0.1311   0.023
  24    6     0.0005          —     0.1455          —          —          —     0.0040     0.0026 |   0.1559   0.083
  25    2     0.0000          —     0.1442          —          —          —     0.0006     0.0002 |   0.1454   0.034
  26    9     0.0000          —     0.1528          —          —          —     0.0009     0.0036 |   0.1595   0.055
  27    4     0.0002          —     0.1645          —          —          —     0.0003     0.0006 |   0.1661   0.038
  28    3     0.0001          —     0.1415          —          —          —     0.0001     0.0000 |   0.1417   0.041
  29    1     0.0006          —     0.1682          —          —          —     0.0052     0.0062 |   0.1859   0.120
  30    0     0.0004          —     0.1521          —          —          —     0.0010     0.0005 |   0.1548   0.057
  31    0     0.0014          —     0.1529          —          —          —     0.0001     0.0004 |   0.1551   0.054
  32    3     0.0000          —     0.1399          —          —          —     0.0001     0.0000 |   0.1401   0.042
  33    9     0.0000          —     0.1512          —          —          —     0.0007     0.0002 |   0.1525   0.572
  34    6     0.0007          —     0.1432          —          —          —     0.0008     0.0002 |   0.1452   0.070
  35    8     0.0001          —     0.1289          —          —          —     0.0000     0.0000 |   0.1290   0.028
  36    2     0.0020          —     0.1434          —          —          —     0.0011     0.0004 |   0.1477   0.169
  37    1     0.0002          —     0.1652          —          —          —     0.0076     0.0072 |   0.1876   0.276
  38    5     0.0000          —     0.1274          —          —          —     0.0001     0.0000 |   0.1276   0.038
  39    7     0.0051          —     0.1610          —          —          —     0.0020     0.0028 |   0.1733   0.265
  40    4     0.0002          —     0.1568          —          —          —     0.0002     0.0003 |   0.1577   0.039
  41    2     0.0034          —     0.1357          —          —          —     0.0004     0.0024 |   0.1433   0.105
  42    1     0.0022          —     0.1650          —          —          —     0.0010     0.0017 |   0.1713   0.080
  43    3     0.0000          —     0.1310          —          —          —     0.0001     0.0000 |   0.1312   0.033
  44    7     0.0034          —     0.1570          —          —          —     0.0009     0.0007 |   0.1628   0.118
  45    5     0.0001          —     0.1252          —          —          —     0.0001     0.0000 |   0.1254   0.035
  46    0     0.0012          —     0.1468          —          —          —     0.0004     0.0007 |   0.1496   0.057
  47    9     0.0013          —     0.1467          —          —          —     0.0025     0.0014 |   0.1539   0.108
  48    8     0.0001          —     0.1252          —          —          —     0.0001     0.0000 |   0.1254   0.029
  49    4     0.0000          —     0.1554          —          —          —     0.0002     0.0002 |   0.1561   0.049
  50    6     0.0002          —     0.1421          —          —          —     0.0002     0.0004 |   0.1431   0.088
  51    3     0.0000          —     0.1364          —          —          —     0.0000     0.0001 |   0.1365   0.040
  52    8     0.0000          —     0.1226          —          —          —     0.0000     0.0000 |   0.1227   0.029
  53    6     0.0000          —     0.1375          —          —          —     0.0016     0.0005 |   0.1406   0.058
  54    7     0.0076          —     0.1471          —          —          —     0.0033     0.0027 |   0.1637   0.219
  55    1     0.0024          —     0.1596          —          —          —     0.0014     0.0035 |   0.1694   0.117
  56    9     0.0042          —     0.1528          —          —          —     0.0021     0.0015 |   0.1624   0.118
  57    4     0.0001          —     0.1503          —          —          —     0.0004     0.0003 |   0.1513   0.041
  58    0     0.0003          —     0.1434          —          —          —     0.0011     0.0002 |   0.1456   0.055
  59    5     0.0001          —     0.1253          —          —          —     0.0001     0.0000 |   0.1255   0.033
  60    2     0.0026          —     0.1330          —          —          —     0.0018     0.0009 |   0.1396   0.057
  61    7     0.0159          —     0.1506          —          —          —     0.0060     0.0068 |   0.1857   0.290
  62    8     0.0000          —     0.1220          —          —          —     0.0000     0.0000 |   0.1220   0.028
  63    5     0.0001          —     0.1249          —          —          —     0.0001     0.0000 |   0.1252   0.047
  64    1     0.0004          —     0.1568          —          —          —     0.0020     0.0021 |   0.1634   0.082
  65    3     0.0000          —     0.1264          —          —          —     0.0002     0.0000 |   0.1267   0.060
  66    4     0.0004          —     0.1554          —          —          —     0.0009     0.0020 |   0.1600   0.124
  67    2     0.0018          —     0.1348          —          —          —     0.0023     0.0021 |   0.1432   0.230
  68    6     0.0005          —     0.1370          —          —          —     0.0002     0.0006 |   0.1387   0.118
  69    9     0.0006          —     0.1423          —          —          —     0.0011     0.0006 |   0.1453   0.062
  70    0     0.0019          —     0.1417          —          —          —     0.0015     0.0007 |   0.1468   0.155
  71    3     0.0000          —     0.1251          —          —          —     0.0001     0.0000 |   0.1253   0.037
  72    4     0.0000          —     0.1501          —          —          —     0.0015     0.0003 |   0.1528   0.061
  73    1     0.0007          —     0.1518          —          —          —     0.0023     0.0033 |   0.1609   0.122
  74    7     0.0132          —     0.1466          —          —          —     0.0034     0.0050 |   0.1723   0.213
  75    9     0.0000          —     0.1414          —          —          —     0.0010     0.0025 |   0.1467   0.072
  76    6     0.0001          —     0.1339          —          —          —     0.0005     0.0002 |   0.1350   0.158
  77    5     0.0000          —     0.1179          —          —          —     0.0001     0.0000 |   0.1182   0.032
  78    8     0.0000          —     0.1205          —          —          —     0.0000     0.0000 |   0.1205   0.032
  79    0     0.0004          —     0.1367          —          —          —     0.0008     0.0001 |   0.1384   0.067
  80    2     0.0031          —     0.1308          —          —          —     0.0014     0.0012 |   0.1378   0.087
  81    8     0.0000          —     0.1199          —          —          —     0.0001     0.0000 |   0.1201   0.028
  82    0     0.0002          —     0.1347          —          —          —     0.0003     0.0001 |   0.1355   0.079
  83    1     0.0018          —     0.1529          —          —          —     0.0002     0.0006 |   0.1558   0.070
  84    4     0.0002          —     0.1501          —          —          —     0.0006     0.0005 |   0.1518   0.059
  85    7     0.0003          —     0.1497          —          —          —     0.0025     0.0010 |   0.1553   0.083
  86    2     0.0019          —     0.1354          —          —          —     0.0003     0.0007 |   0.1389   0.120
  87    6     0.0022          —     0.1309          —          —          —     0.0006     0.0024 |   0.1376   0.760
  88    5     0.0002          —     0.1209          —          —          —     0.0001     0.0000 |   0.1212   0.052
  89    3     0.0000          —     0.1263          —          —          —     0.0003     0.0001 |   0.1268   0.073
  90    9     0.0066          —     0.1491          —          —          —     0.0008     0.0004 |   0.1575   0.164
  91    3     0.0001          —     0.1255          —          —          —     0.0001     0.0000 |   0.1257   0.050
  92    1     0.0013          —     0.1525          —          —          —     0.0017     0.0004 |   0.1570   0.062
  93    2     0.0000          —     0.1312          —          —          —     0.0005     0.0003 |   0.1324   0.063
  94    6     0.0007          —     0.1348          —          —          —     0.0030     0.0027 |   0.1439   0.087
  95    4     0.0000          —     0.1485          —          —          —     0.0010     0.0008 |   0.1511   0.089
  96    9     0.0001          —     0.1428          —          —          —     0.0022     0.0029 |   0.1504   0.070
  97    5     0.0000          —     0.1153          —          —          —     0.0001     0.0000 |   0.1155   0.029
  98    0     0.0000          —     0.1334          —          —          —     0.0006     0.0025 |   0.1381   0.155
  99    7     0.0030          —     0.1487          —          —          —     0.0027     0.0022 |   0.1591   0.166
 100    8     0.0001          —     0.1199          —          —          —     0.0000     0.0000 |   0.1200   0.030
   1    8     0.0000          —     0.1381          —          —          —     0.0000     0.0000 |   0.1381   0.028
   2    1     0.0001          —     0.1188          —          —          —     0.0000     0.0000 |   0.1190   0.017
   3    5     0.0088          —     0.1281          —          —          —     0.0174     0.0050 |   0.1705   1.349
   4    9     0.0000          —     0.1198          —          —          —     0.0000     0.0000 |   0.1199   0.017
   5    4     0.0000          —     0.1285          —          —          —     0.0000     0.0000 |   0.1286   0.023
   6    0     0.0001          —     0.1251          —          —          —     0.0000     0.0000 |   0.1253   0.020
   7    7     0.0002          —     0.1383          —          —          —     0.0015     0.0001 |   0.1408   0.086
   8    2     0.0000          —     0.1137          —          —          —     0.0000     0.0000 |   0.1137   0.016
   9    3     0.0001          —     0.1373          —          —          —     0.0007     0.0002 |   0.1387   0.040
  10    6     0.0000          —     0.1171          —          —          —     0.0000     0.0000 |   0.1172   0.017
  11    1     0.0000          —     0.1147          —          —          —     0.0000     0.0000 |   0.1148   0.016
  12    2     0.0000          —     0.1211          —          —          —     0.0000     0.0000 |   0.1212   0.019
  13    3     0.1148          —     0.2121          —          —          —     0.0596     0.0294 |   0.4603   3.132
  14    8     0.0532          —     0.1808          —          —          —     0.0642     0.0207 |   0.3613   0.584
  15    9     0.0004          —     0.1187          —          —          —     0.0000     0.0000 |   0.1192   0.019
  16    7     0.2149          —     0.2237          —          —          —     0.0277     0.0526 |   0.5590   1.002
  17    0     0.0002          —     0.1211          —          —          —     0.0000     0.0000 |   0.1213   0.018
  18    6     0.0001          —     0.1158          —          —          —     0.0000     0.0000 |   0.1159   0.018
  19    4     0.0000          —     0.1239          —          —          —     0.0001     0.0000 |   0.1241   0.019
  20    5     0.0191          —     0.1242          —          —          —     0.0415     0.0152 |   0.2283   0.315
  21    0     0.0001          —     0.1196          —          —          —     0.0000     0.0000 |   0.1197   0.019
  22    9     0.0000          —     0.1170          —          —          —     0.0000     0.0001 |   0.1171   0.018
  23    1     0.0001          —     0.1199          —          —          —     0.0000     0.0000 |   0.1200   0.019
  24    8     0.0001          —     0.1354          —          —          —     0.0001     0.0000 |   0.1356   0.040
  25    2     0.0000          —     0.1173          —          —          —     0.0000     0.0000 |   0.1174   0.018
  26    4     0.0001          —     0.1268          —          —          —     0.0001     0.0001 |   0.1272   0.025
  27    5     0.0123          —     0.1249          —          —          —     0.0269     0.0087 |   0.1905   0.454
  28    3     0.0002          —     0.1351          —          —          —     0.0005     0.0001 |   0.1363   0.035
  29    6     0.0000          —     0.1189          —          —          —     0.0000     0.0000 |   0.1190   0.021
  30    7     0.0428          —     0.1652          —          —          —     0.0063     0.0125 |   0.2363   8.209
  31    9     0.0000          —     0.1193          —          —          —     0.0000     0.0000 |   0.1194   0.019
  32    5     0.0005          —     0.1252          —          —          —     0.0003     0.0002 |   0.1264   0.083
  33    4     0.0000          —     0.1224          —          —          —     0.0000     0.0000 |   0.1225   0.021
  34    2     0.0000          —     0.1180          —          —          —     0.0000     0.0000 |   0.1180   0.020
  35    1     0.0001          —     0.1203          —          —          —     0.0000     0.0000 |   0.1204   0.020
  36    6     0.0001          —     0.1178          —          —          —     0.0000     0.0000 |   0.1180   0.022
  37    7     0.1606          —     0.1811          —          —          —     0.0224     0.0432 |   0.4399   1.891
  38    3     0.0000          —     0.1302          —          —          —     0.0007     0.0001 |   0.1314   0.034
  39    0     0.0001          —     0.1221          —          —          —     0.0000     0.0000 |   0.1222   0.024
  40    8     0.0001          —     0.1375          —          —          —     0.0001     0.0001 |   0.1379   0.034
  41    9     0.0001          —     0.1197          —          —          —     0.0000     0.0001 |   0.1198   0.022
  42    8     0.0000          —     0.1345          —          —          —     0.0001     0.0000 |   0.1347   0.037
  43    4     0.0000          —     0.1245          —          —          —     0.0001     0.0000 |   0.1246   0.023
  44    0     0.0000          —     0.1176          —          —          —     0.0000     0.0000 |   0.1176   0.023
  45    1     0.0000          —     0.1195          —          —          —     0.0000     0.0000 |   0.1196   0.022
  46    3     0.0000          —     0.1311          —          —          —     0.0001     0.0000 |   0.1313   0.034
  47    2     0.0000          —     0.1190          —          —          —     0.0000     0.0000 |   0.1190   0.022
  48    6     0.0000          —     0.1140          —          —          —     0.0000     0.0000 |   0.1140   0.022
  49    7     0.0906          —     0.1910          —          —          —     0.0098     0.0266 |   0.3362   2.688
  50    5     0.0117          —     0.1262          —          —          —     0.0235     0.0079 |   0.1850   0.324
  51    8     0.0002          —     0.1440          —          —          —     0.0003     0.0001 |   0.1448   0.083
  52    3     0.0002          —     0.1345          —          —          —     0.0001     0.0000 |   0.1348   0.035
  53    0     0.0001          —     0.1192          —          —          —     0.0000     0.0000 |   0.1194   0.024
  54    9     0.0000          —     0.1171          —          —          —     0.0000     0.0000 |   0.1171   0.022
  55    7     0.0000          —     0.1420          —          —          —     0.0004     0.0001 |   0.1427   0.094
  56    4     0.0000          —     0.1229          —          —          —     0.0000     0.0000 |   0.1231   0.024
  57    6     0.0000          —     0.1186          —          —          —     0.0000     0.0000 |   0.1186   0.023
  58    2     0.0000          —     0.1154          —          —          —     0.0001     0.0000 |   0.1155   0.022
  59    5     0.0001          —     0.1201          —          —          —     0.0001     0.0001 |   0.1205   0.031
  60    1     0.0001          —     0.1127          —          —          —     0.0000     0.0000 |   0.1128   0.024
  61    4     0.0000          —     0.1207          —          —          —     0.0000     0.0000 |   0.1208   0.025
  62    0     0.0002          —     0.1208          —          —          —     0.0001     0.0000 |   0.1212   0.028
  63    6     0.0001          —     0.1124          —          —          —     0.0000     0.0000 |   0.1127   0.023
  64    9     0.0000          —     0.1156          —          —          —     0.0000     0.0000 |   0.1157   0.023
  65    3     0.0001          —     0.1274          —          —          —     0.0003     0.0001 |   0.1280   0.036
  66    1     0.0001          —     0.1199          —          —          —     0.0001     0.0000 |   0.1201   0.024
  67    7     0.0002          —     0.1299          —          —          —     0.0008     0.0001 |   0.1313   0.043
  68    8     0.0006          —     0.1397          —          —          —     0.0022     0.0006 |   0.1445   0.280
  69    5     0.0036          —     0.1212          —          —          —     0.0090     0.0024 |   0.1419   0.167
  70    2     0.0000          —     0.1151          —          —          —     0.0000     0.0000 |   0.1152   0.023
  71    4     0.0000          —     0.1191          —          —          —     0.0001     0.0000 |   0.1192   0.022
  72    9     0.0000          —     0.1120          —          —          —     0.0000     0.0000 |   0.1120   0.023
  73    7     0.0001          —     0.1311          —          —          —     0.0014     0.0001 |   0.1334   0.058
  74    1     0.0002          —     0.1144          —          —          —     0.0000     0.0000 |   0.1147   0.024
  75    6     0.0000          —     0.1130          —          —          —     0.0000     0.0000 |   0.1130   0.025
  76    2     0.0000          —     0.1162          —          —          —     0.0000     0.0000 |   0.1163   0.024
  77    5     0.0078          —     0.1198          —          —          —     0.0170     0.0052 |   0.1608   0.871
  78    0     0.0000          —     0.1196          —          —          —     0.0000     0.0000 |   0.1197   0.025
  79    8     0.0001          —     0.1301          —          —          —     0.0001     0.0001 |   0.1303   0.031
  80    3     0.0000          —     0.1290          —          —          —     0.0001     0.0000 |   0.1293   0.029
  81    8     0.0000          —     0.1329          —          —          —     0.0002     0.0001 |   0.1333   0.032
  82    6     0.0001          —     0.1126          —          —          —     0.0001     0.0000 |   0.1128   0.024
  83    3     0.0000          —     0.1263          —          —          —     0.0000     0.0000 |   0.1264   0.029
  84    0     0.0000          —     0.1233          —          —          —     0.0001     0.0000 |   0.1234   0.026
  85    2     0.0000          —     0.1163          —          —          —     0.0000     0.0000 |   0.1164   0.025
  86    9     0.0000          —     0.1169          —          —          —     0.0000     0.0000 |   0.1170   0.026
  87    7     0.0000          —     0.1372          —          —          —     0.0012     0.0001 |   0.1391   0.147
  88    5     0.0000          —     0.1184          —          —          —     0.0001     0.0000 |   0.1186   0.026
  89    4     0.0000          —     0.1186          —          —          —     0.0001     0.0001 |   0.1188   0.024
  90    1     0.0000          —     0.1161          —          —          —     0.0000     0.0000 |   0.1162   0.024
  91    8     0.0001          —     0.1334          —          —          —     0.0001     0.0001 |   0.1337   0.035
  92    9     0.0000          —     0.1178          —          —          —     0.0000     0.0000 |   0.1178   0.026
  93    6     0.0000          —     0.1136          —          —          —     0.0000     0.0000 |   0.1136   0.024
  94    2     0.0000          —     0.1182          —          —          —     0.0001     0.0000 |   0.1183   0.025
  95    0     0.0001          —     0.1164          —          —          —     0.0000     0.0000 |   0.1167   0.025
  96    3     0.0002          —     0.1297          —          —          —     0.0002     0.0002 |   0.1304   0.039
  97    4     0.0000          —     0.1239          —          —          —     0.0001     0.0000 |   0.1240   0.026
  98    1     0.0001          —     0.1177          —          —          —     0.0000     0.0000 |   0.1179   0.026
  99    5     0.0000          —     0.1215          —          —          —     0.0001     0.0000 |   0.1218   0.026
 100    7     0.0069          —     0.1507          —          —          —     0.0040     0.0021 |   0.1667   4.375
   1    4     0.0000          —     0.1586          —          —          —     0.0003     0.0001 |   0.1592   0.035
   2    0     0.0001          —     0.1609          —          —          —     0.0011     0.0017 |   0.1653   0.107
   3    2     0.0016          —     0.1452          —          —          —     0.0049     0.0005 |   0.1549   0.190
   4    5     0.0004          —     0.1531          —          —          —     0.0003     0.0002 |   0.1542   0.034
   5    1     0.0007          —     0.1533          —          —          —     0.0006     0.0013 |   0.1567   0.088
   6    6     0.0096          —     0.1759          —          —          —     0.0270     0.0042 |   0.2325   1.238
   7    9     0.0398          —     0.1707          —          —          —     0.0542     0.0393 |   0.3507   3.094
   8    3     0.0011          —     0.1516          —          —          —     0.0335     0.0063 |   0.2123   0.275
   9    8     0.0012          —     0.1523          —          —          —     0.0000     0.0000 |   0.1536   0.034
  10    7     0.0000          —     0.1288          —          —          —     0.0000     0.0000 |   0.1289   0.019
  11    3     0.0014          —     0.1532          —          —          —     0.0370     0.0099 |   0.2250   0.296
  12    4     0.0001          —     0.1658          —          —          —     0.0005     0.0030 |   0.1712   0.291
  13    8     0.0018          —     0.1521          —          —          —     0.0004     0.0003 |   0.1549   0.036
  14    5     0.0009          —     0.1470          —          —          —     0.0025     0.0002 |   0.1518   0.078
  15    0     0.0000          —     0.1655          —          —          —     0.0017     0.0012 |   0.1698   0.099
  16    6     0.0240          —     0.1636          —          —          —     0.0557     0.0147 |   0.2932   2.006
  17    9     0.0001          —     0.1620          —          —          —     0.0404     0.0083 |   0.2351   1.854
  18    7     0.0001          —     0.1310          —          —          —     0.0000     0.0000 |   0.1311   0.022
  19    2     0.0020          —     0.1436          —          —          —     0.0075     0.0006 |   0.1578   0.229
  20    1     0.0003          —     0.1534          —          —          —     0.0027     0.0004 |   0.1582   0.256
  21    2     0.0010          —     0.1434          —          —          —     0.0007     0.0001 |   0.1457   0.092
  22    7     0.0000          —     0.1285          —          —          —     0.0000     0.0000 |   0.1285   0.033
  23    3     0.0016          —     0.1496          —          —          —     0.0306     0.0050 |   0.2047   0.236
  24    4     0.0000          —     0.1576          —          —          —     0.0013     0.0025 |   0.1633   0.151
  25    6     0.0202          —     0.1608          —          —          —     0.0386     0.0093 |   0.2527   1.608
  26    1     0.0036          —     0.1536          —          —          —     0.0142     0.0014 |   0.1807   0.818
  27    8     0.0020          —     0.1516          —          —          —     0.0004     0.0005 |   0.1550   0.070
  28    0     0.0003          —     0.1583          —          —          —     0.0131     0.0198 |   0.2079   0.459
  29    9     0.0000          —     0.1573          —          —          —     0.0386     0.0079 |   0.2271   1.285
  30    5     0.0001          —     0.1567          —          —          —     0.0023     0.0002 |   0.1606   0.121
  31    6     0.0189          —     0.1560          —          —          —     0.0401     0.0089 |   0.2484   1.108
  32    2     0.0000          —     0.1411          —          —          —     0.0052     0.0004 |   0.1495   0.225
  33    9     0.0001          —     0.1550          —          —          —     0.0020     0.0002 |   0.1584   0.133
  34    7     0.0001          —     0.1292          —          —          —     0.0000     0.0000 |   0.1293   0.030
  35    0     0.0001          —     0.1635          —          —          —     0.0136     0.0132 |   0.2037   0.453
  36    4     0.0000          —     0.1697          —          —          —     0.0002     0.0003 |   0.1704   0.078
  37    1     0.0010          —     0.1571          —          —          —     0.0036     0.0005 |   0.1642   0.587
  38    3     0.0023          —     0.1488          —          —          —     0.0437     0.0128 |   0.2359   0.190
  39    5     0.0005          —     0.1565          —          —          —     0.0017     0.0001 |   0.1597   0.097
  40    8     0.0012          —     0.1572          —          —          —     0.0004     0.0006 |   0.1599   0.049
  41    4     0.0001          —     0.1636          —          —          —     0.0001     0.0001 |   0.1640   0.062
  42    7     0.0008          —     0.1314          —          —          —     0.0000     0.0000 |   0.1321   0.036
  43    0     0.0003          —     0.1644          —          —          —     0.0024     0.0051 |   0.1760   0.308
  44    8     0.0011          —     0.1556          —          —          —     0.0002     0.0005 |   0.1576   0.053
  45    9     0.0000          —     0.1570          —          —          —     0.0030     0.0003 |   0.1621   0.539
  46    3     0.0017          —     0.1591          —          —          —     0.0350     0.0095 |   0.2276   0.374
  47    1     0.0001          —     0.1470          —          —          —     0.0031     0.0004 |   0.1523   0.261
  48    5     0.0001          —     0.1447          —          —          —     0.0000     0.0000 |   0.1449   0.032
  49    6     0.0019          —     0.1548          —          —          —     0.0001     0.0012 |   0.1587   0.078
  50    2     0.0009          —     0.1439          —          —          —     0.0016     0.0001 |   0.1473   0.114
  51    4     0.0001          —     0.1619          —          —          —     0.0003     0.0001 |   0.1627   0.053
  52    3     0.0023          —     0.1530          —          —          —     0.0332     0.0067 |   0.2152   0.314
  53    7     0.0000          —     0.1358          —          —          —     0.0000     0.0000 |   0.1358   0.056
  54    6     0.0000          —     0.1572          —          —          —     0.0018     0.0002 |   0.1602   0.190
  55    8     0.0003          —     0.1567          —          —          —     0.0002     0.0002 |   0.1576   0.046
  56    5     0.0005          —     0.1519          —          —          —     0.0029     0.0002 |   0.1569   0.168
  57    2     0.0002          —     0.1425          —          —          —     0.0001     0.0000 |   0.1429   0.062
  58    0     0.0005          —     0.1536          —          —          —     0.0017     0.0013 |   0.1586   0.120
  59    9     0.0003          —     0.1561          —          —          —     0.0017     0.0005 |   0.1596   0.069
  60    1     0.0013          —     0.1499          —          —          —     0.0023     0.0018 |   0.1573   0.165
  61    3     0.0009          —     0.1525          —          —          —     0.0342     0.0120 |   0.2228   0.350
  62    6     0.0020          —     0.1597          —          —          —     0.0036     0.0007 |   0.1682   0.409
  63    9     0.0001          —     0.1591          —          —          —     0.0194     0.0029 |   0.1926   0.586
  64    7     0.0000          —     0.1294          —          —          —     0.0000     0.0000 |   0.1295   0.025
  65    1     0.0012          —     0.1474          —          —          —     0.0029     0.0012 |   0.1548   0.170
  66    0     0.0000          —     0.1511          —          —          —     0.0009     0.0003 |   0.1529   0.059
  67    5     0.0000          —     0.1508          —          —          —     0.0008     0.0001 |   0.1521   0.061
  68    8     0.0011          —     0.1478          —          —          —     0.0003     0.0003 |   0.1499   0.046
  69    2     0.0019          —     0.1369          —          —          —     0.0120     0.0009 |   0.1582   0.237
  70    4     0.0005          —     0.1583          —          —          —     0.0005     0.0002 |   0.1598   0.065
  71    4     0.0000          —     0.1625          —          —          —     0.0003     0.0011 |   0.1646   0.177
  72    7     0.0000          —     0.1293          —          —          —     0.0000     0.0000 |   0.1294   0.031
  73    1     0.0020          —     0.1460          —          —          —     0.0046     0.0019 |   0.1577   0.251
  74    3     0.0016          —     0.1459          —          —          —     0.0383     0.0090 |   0.2184   0.357
  75    9     0.0001          —     0.1546          —          —          —     0.0029     0.0005 |   0.1596   0.228
  76    8     0.0014          —     0.1482          —          —          —     0.0003     0.0001 |   0.1503   0.040
  77    6     0.0009          —     0.1444          —          —          —     0.0007     0.0008 |   0.1476   0.047
  78    5     0.0000          —     0.1511          —          —          —     0.0014     0.0002 |   0.1536   0.146
  79    2     0.0016          —     0.1439          —          —          —     0.0103     0.0010 |   0.1624   0.253
  80    0     0.0001          —     0.1509          —          —          —     0.0010     0.0002 |   0.1529   0.076
  81    9     0.0003          —     0.1546          —          —          —     0.0014     0.0018 |   0.1597   0.106
  82    5     0.0003          —     0.1464          —          —          —     0.0004     0.0001 |   0.1474   0.049
  83    8     0.0010          —     0.1499          —          —          —     0.0001     0.0001 |   0.1511   0.042
  84    6     0.0016          —     0.1473          —          —          —     0.0000     0.0006 |   0.1498   0.087
  85    2     0.0009          —     0.1385          —          —          —     0.0027     0.0002 |   0.1437   0.171
  86    0     0.0004          —     0.1619          —          —          —     0.0057     0.0110 |   0.1874   0.462
  87    1     0.0047          —     0.1761          —          —          —     0.0582     0.0436 |   0.3335   0.869
  88    7     0.0000          —     0.1355          —          —          —     0.0000     0.0000 |   0.1355   0.058
  89    3     0.0012          —     0.1498          —          —          —     0.0434     0.0114 |   0.2332   0.280
  90    4     0.0001          —     0.1548          —          —          —     0.0005     0.0007 |   0.1568   0.066
  91    7     0.0001          —     0.1349          —          —          —     0.0000     0.0000 |   0.1350   0.057
  92    9     0.0001          —     0.1547          —          —          —     0.0014     0.0011 |   0.1585   0.098
  93    6     0.0035          —     0.1594          —          —          —     0.0080     0.0016 |   0.1773   0.386
  94    2     0.0009          —     0.1472          —          —          —     0.0051     0.0004 |   0.1564   1.451
  95    3     0.0013          —     0.1416          —          —          —     0.0299     0.0100 |   0.2028   0.517
  96    5     0.0003          —     0.1490          —          —          —     0.0003     0.0000 |   0.1498   0.055
  97    1     0.0001          —     0.1435          —          —          —     0.0001     0.0000 |   0.1439   0.043
  98    8     0.0013          —     0.1593          —          —          —     0.0004     0.0002 |   0.1614   0.056
  99    4     0.0000          —     0.1549          —          —          —     0.0004     0.0001 |   0.1556   0.049
 100    0     0.0000          —     0.1530          —          —          —     0.0009     0.0006 |   0.1553   0.066
   1    4     0.0023          —     0.1219          —          —          —     0.0007     0.0001 |   0.1253   0.031
   2    0     0.0159          —     0.1736          —          —          —     0.0018     0.0011 |   0.1940   0.456
   3    9     0.0001          —     0.1449          —          —          —     0.0002     0.0000 |   0.1453   0.026
   4    7     0.8285          —     0.3107          —          —          —     0.0708     0.0801 |   1.3655   1.923
   5    1     0.0000          —     0.1758          —          —          —     0.0047     0.0006 |   0.1838   0.355
   6    3     0.0004          —     0.1364          —          —          —     0.0000     0.0000 |   0.1368   0.023
   7    8     0.0009          —     0.1219          —          —          —     0.0002     0.0001 |   0.1233   0.121
   8    5     0.0005          —     0.1567          —          —          —     0.0012     0.0004 |   0.1597   0.109
   9    2     0.0185          —     0.1722          —          —          —     0.0022     0.0067 |   0.2041   0.220
  10    6     0.0000          —     0.1407          —          —          —     0.0001     0.0000 |   0.1409   0.056
  11    4     0.0009          —     0.1198          —          —          —     0.0001     0.0000 |   0.1207   0.025
  12    7     0.6057          —     0.2859          —          —          —     0.0582     0.0714 |   1.0860   0.607
  13    6     0.0002          —     0.1332          —          —          —     0.0002     0.0001 |   0.1338   0.021
  14    0     0.0052          —     0.1704          —          —          —     0.0005     0.0001 |   0.1766   0.327
  15    3     0.0009          —     0.1468          —          —          —     0.0002     0.0000 |   0.1481   0.054
  16    5     0.0002          —     0.1542          —          —          —     0.0001     0.0000 |   0.1545   0.041
  17    2     0.0106          —     0.1732          —          —          —     0.0004     0.0030 |   0.1889   0.156
  18    8     0.0005          —     0.1283          —          —          —     0.0006     0.0001 |   0.1299   0.086
  19    9     0.0000          —     0.1400          —          —          —     0.0002     0.0000 |   0.1404   0.048
  20    1     0.0001          —     0.1812          —          —          —     0.0167     0.0023 |   0.2099   0.372
  21    0     0.0012          —     0.1660          —          —          —     0.0005     0.0003 |   0.1685   0.188
  22    2     0.0034          —     0.1600          —          —          —     0.0035     0.0018 |   0.1713   0.146
  23    9     0.0000          —     0.1390          —          —          —     0.0002     0.0000 |   0.1393   0.023
  24    6     0.0000          —     0.1442          —          —          —     0.0000     0.0000 |   0.1443   0.048
  25    8     0.0000          —     0.1262          —          —          —     0.0001     0.0000 |   0.1265   0.145
  26    5     0.0010          —     0.1518          —          —          —     0.0009     0.0002 |   0.1545   0.064
  27    4     0.0015          —     0.1291          —          —          —     0.0009     0.0001 |   0.1320   0.169
  28    1     0.0000          —     0.1658          —          —          —     0.0008     0.0001 |   0.1671   0.167
  29    7     0.6461          —     0.2875          —          —          —     0.0625     0.0822 |   1.1508   1.529
  30    3     0.0005          —     0.1377          —          —          —     0.0003     0.0000 |   0.1386   0.048
  31    9     0.0000          —     0.1397          —          —          —     0.0001     0.0000 |   0.1399   0.028
  32    5     0.0012          —     0.1670          —          —          —     0.0018     0.0007 |   0.1720   0.257
  33    3     0.0010          —     0.1356          —          —          —     0.0006     0.0000 |   0.1376   0.048
  34    4     0.0019          —     0.1218          —          —          —     0.0001     0.0000 |   0.1239   0.101
  35    8     0.0008          —     0.1227          —          —          —     0.0001     0.0000 |   0.1236   0.041
  36    1     0.0000          —     0.1718          —          —          —     0.0001     0.0000 |   0.1720   0.082
  37    6     0.0000          —     0.1332          —          —          —     0.0000     0.0000 |   0.1333   0.059
  38    2     0.0043          —     0.1647          —          —          —     0.0025     0.0024 |   0.1764   0.271
  39    7     0.6137          —     0.2828          —          —          —     0.0575     0.0772 |   1.0986   0.640
  40    0     0.0079          —     0.1559          —          —          —     0.0038     0.0023 |   0.1730   0.353
  41    1     0.0006          —     0.1652          —          —          —     0.0019     0.0012 |   0.1705   0.190
  42    9     0.0000          —     0.1396          —          —          —     0.0008     0.0000 |   0.1409   0.028
  43    2     0.0048          —     0.1604          —          —          —     0.0036     0.0020 |   0.1736   0.224
  44    3     0.0003          —     0.1366          —          —          —     0.0000     0.0000 |   0.1370   0.045
  45    8     0.0112          —     0.1198          —          —          —     0.0001     0.0013 |   0.1331   0.242
  46    4     0.0016          —     0.1224          —          —          —     0.0001     0.0000 |   0.1242   0.045
  47    7     0.5535          —     0.2849          —          —          —     0.0526     0.0686 |   1.0202   1.053
  48    6     0.0008          —     0.1372          —          —          —     0.0007     0.0004 |   0.1396   0.085
  49    5     0.0003          —     0.1539          —          —          —     0.0001     0.0001 |   0.1545   0.044
  50    0     0.0340          —     0.1665          —          —          —     0.0056     0.0047 |   0.2160   0.535
  51    4     0.0017          —     0.1244          —          —          —     0.0006     0.0000 |   0.1270   0.036
  52    0     0.0027          —     0.1539          —          —          —     0.0010     0.0009 |   0.1594   0.208
  53    3     0.0011          —     0.1375          —          —          —     0.0005     0.0000 |   0.1393   0.064
  54    1     0.0007          —     0.1715          —          —          —     0.0093     0.0032 |   0.1910   0.274
  55    2     0.0039          —     0.1634          —          —          —     0.0031     0.0016 |   0.1744   0.204
  56    8     0.0006          —     0.1180          —          —          —     0.0000     0.0000 |   0.1187   0.052
  57    5     0.0050          —     0.1639          —          —          —     0.0003     0.0006 |   0.1702   0.387
  58    6     0.0001          —     0.1442          —          —          —     0.0002     0.0001 |   0.1447   0.063
  59    9     0.0001          —     0.1381          —          —          —     0.0002     0.0000 |   0.1385   0.029
  60    7     0.6406          —     0.2868          —          —          —     0.0605     0.0825 |   1.1419   1.634
  61    6     0.0009          —     0.1475          —          —          —     0.0011     0.0006 |   0.1509   0.072
  62    1     0.0008          —     0.1646          —          —          —     0.0002     0.0002 |   0.1659   0.094
  63    3     0.0007          —     0.1383          —          —          —     0.0003     0.0000 |   0.1395   0.052
  64    4     0.0022          —     0.1201          —          —          —     0.0002     0.0001 |   0.1227   0.036
  65    8     0.0011          —     0.1232          —          —          —     0.0000     0.0000 |   0.1243   0.102
  66    9     0.0000          —     0.1390          —          —          —     0.0002     0.0000 |   0.1394   0.028
  67    7     0.6676          —     0.2907          —          —          —     0.0680     0.0835 |   1.1856   2.521
  68    0     0.0033          —     0.1594          —          —          —     0.0019     0.0004 |   0.1661   0.317
  69    5     0.0012          —     0.1530          —          —          —     0.0003     0.0000 |   0.1547   0.137
  70    2     0.0061          —     0.1581          —          —          —     0.0030     0.0024 |   0.1724   0.318
  71    6     0.0001          —     0.1401          —          —          —     0.0001     0.0001 |   0.1405   0.053
  72    9     0.0001          —     0.1407          —          —          —     0.0000     0.0000 |   0.1409   0.031
  73    3     0.0006          —     0.1373          —          —          —     0.0007     0.0000 |   0.1391   0.057
  74    7     0.6499          —     0.2893          —          —          —     0.0663     0.0844 |   1.1652   1.063
  75    4     0.0046          —     0.1224          —          —          —     0.0004     0.0002 |   0.1280   0.102
  76    2     0.0090          —     0.1554          —          —          —     0.0023     0.0043 |   0.1742   0.361
  77    5     0.0106          —     0.1479          —          —          —     0.0035     0.0023 |   0.1672   0.407
  78    0     0.0007          —     0.1566          —          —          —     0.0003     0.0008 |   0.1589   0.122
  79    1     0.0009          —     0.1780          —          —          —     0.0015     0.0003 |   0.1816   0.154
  80    8     0.0006          —     0.1169          —          —          —     0.0000     0.0000 |   0.1176   0.056
  81    4     0.0019          —     0.1198          —          —          —     0.0001     0.0000 |   0.1219   0.042
  82    9     0.0000          —     0.1367          —          —          —     0.0003     0.0000 |   0.1372   0.034
  83    1     0.0007          —     0.1723          —          —          —     0.0002     0.0012 |   0.1750   0.107
  84    3     0.0014          —     0.1393          —          —          —     0.0007     0.0000 |   0.1418   0.057
  85    5     0.0627          —     0.1754          —          —          —     0.0304     0.0134 |   0.3038   3.442
  86    7     0.4936          —     0.2883          —          —          —     0.0488     0.0645 |   0.9519   0.515
  87    8     0.0000          —     0.1191          —          —          —     0.0000     0.0002 |   0.1195   0.029
  88    0     0.0005          —     0.1568          —          —          —     0.0007     0.0008 |   0.1594   0.153
  89    6     0.0003          —     0.1290          —          —          —     0.0003     0.0001 |   0.1299   0.065
  90    2     0.0052          —     0.1621          —          —          —     0.0017     0.0010 |   0.1714   0.269
  91    0     0.0005          —     0.1570          —          —          —     0.0003     0.0000 |   0.1581   0.203
  92    3     0.0013          —     0.1375          —          —          —     0.0006     0.0000 |   0.1396   0.065
  93    1     0.0001          —     0.1660          —          —          —     0.0011     0.0001 |   0.1678   0.113
  94    7     0.5927          —     0.2834          —          —          —     0.0635     0.0791 |   1.0900   1.211
  95    5     0.0026          —     0.1422          —          —          —     0.0015     0.0007 |   0.1481   0.181
  96    8     0.0000          —     0.1161          —          —          —     0.0000     0.0001 |   0.1162   0.024
  97    2     0.0038          —     0.1588          —          —          —     0.0037     0.0021 |   0.1713   0.214
  98    6     0.0001          —     0.1429          —          —          —     0.0001     0.0000 |   0.1431   0.088
  99    4     0.0011          —     0.1211          —          —          —     0.0002     0.0000 |   0.1225   0.032
 100    9     0.0000          —     0.1359          —          —          —     0.0002     0.0000 |   0.1363   0.031
   1    6     0.0002          —     0.1586          —          —          —     0.0000     0.0000 |   0.1589   0.052
   2    1     0.0328          —     0.1649          —          —          —     0.0109     0.0097 |   0.2286   0.235
   3    5     0.0000          —     0.1505          —          —          —     0.0001     0.0000 |   0.1506   0.049
   4    2     0.0001          —     0.1741          —          —          —     0.0006     0.0002 |   0.1753   0.215
   5    8     0.0000          —     0.1651          —          —          —     0.0000     0.0000 |   0.1652   0.058
   6    7     0.0000          —     0.1727          —          —          —     0.0005     0.0001 |   0.1737   0.063
   7    3     0.0000          —     0.1731          —          —          —     0.0001     0.0002 |   0.1735   0.070
   8    0     0.0000          —     0.1564          —          —          —     0.0000     0.0001 |   0.1566   0.040
   9    4     0.0000          —     0.1568          —          —          —     0.0000     0.0000 |   0.1568   0.027
  10    9     0.0000          —     0.1778          —          —          —     0.0172     0.0018 |   0.2063   0.278
  11    9     0.0000          —     0.1717          —          —          —     0.0004     0.0009 |   0.1737   0.045
  12    7     0.0048          —     0.1791          —          —          —     0.0010     0.0011 |   0.1871   0.461
  13    4     0.0001          —     0.1607          —          —          —     0.0000     0.0000 |   0.1609   0.038
  14    1     0.0064          —     0.1536          —          —          —     0.0013     0.0015 |   0.1642   0.133
  15    3     0.0005          —     0.1734          —          —          —     0.0003     0.0006 |   0.1753   0.117
  16    0     0.0004          —     0.1752          —          —          —     0.0005     0.0001 |   0.1766   0.257
  17    6     0.0000          —     0.1543          —          —          —     0.0001     0.0001 |   0.1545   0.076
  18    8     0.0000          —     0.1633          —          —          —     0.0000     0.0001 |   0.1635   0.111
  19    2     0.0002          —     0.1410          —          —          —     0.0001     0.0000 |   0.1414   0.036
  20    5     0.0002          —     0.1698          —          —          —     0.0013     0.0001 |   0.1720   0.215
  21    5     0.0000          —     0.1475          —          —          —     0.0003     0.0000 |   0.1480   0.044
  22    2     0.0126          —     0.1509          —          —          —     0.0019     0.0023 |   0.1697   0.463
  23    4     0.0000          —     0.1541          —          —          —     0.0000     0.0000 |   0.1542   0.036
  24    7     0.0143          —     0.1790          —          —          —     0.0042     0.0041 |   0.2058   0.488
  25    8     0.0000          —     0.1752          —          —          —     0.0002     0.0002 |   0.1758   0.101
  26    9     0.0000          —     0.1743          —          —          —     0.0012     0.0003 |   0.1766   0.058
  27    0     0.0002          —     0.1690          —          —          —     0.0001     0.0001 |   0.1695   0.051
  28    6     0.0001          —     0.1539          —          —          —     0.0000     0.0000 |   0.1540   0.059
  29    3     0.0005          —     0.1714          —          —          —     0.0002     0.0005 |   0.1730   0.104
  30    1     0.0120          —     0.1523          —          —          —     0.0047     0.0035 |   0.1767   0.254
  31    7     0.0072          —     0.1705          —          —          —     0.0011     0.0009 |   0.1807   0.211
  32    4     0.0000          —     0.1513          —          —          —     0.0000     0.0000 |   0.1514   0.033
  33    9     0.0000          —     0.1710          —          —          —     0.0033     0.0004 |   0.1765   0.090
  34    5     0.0001          —     0.1481          —          —          —     0.0001     0.0001 |   0.1484   0.037
  35    6     0.0000          —     0.1538          —          —          —     0.0002     0.0000 |   0.1541   0.128
  36    1     0.0250          —     0.1549          —          —          —     0.0103     0.0082 |   0.2076   0.344
  37    2     0.0000          —     0.1392          —          —          —     0.0000     0.0000 |   0.1393   0.066
  38    8     0.0001          —     0.1584          —          —          —     0.0000     0.0000 |   0.1586   0.066
  39    0     0.0001          —     0.1609          —          —          —     0.0002     0.0007 |   0.1624   0.165
  40    3     0.0012          —     0.1613          —          —          —     0.0003     0.0008 |   0.1640   0.062
  41    4     0.0000          —     0.1459          —          —          —     0.0000     0.0000 |   0.1459   0.035
  42    3     0.0000          —     0.1702          —          —          —     0.0001     0.0003 |   0.1707   0.156
  43    6     0.0000          —     0.1446          —          —          —     0.0000     0.0000 |   0.1446   0.053
  44    9     0.0000          —     0.1636          —          —          —     0.0019     0.0005 |   0.1672   0.065
  45    5     0.0001          —     0.1528          —          —          —     0.0001     0.0001 |   0.1532   0.039
  46    1     0.0007          —     0.1483          —          —          —     0.0001     0.0002 |   0.1493   0.051
  47    0     0.0000          —     0.1510          —          —          —     0.0002     0.0003 |   0.1517   0.085
  48    2     0.0001          —     0.1378          —          —          —     0.0001     0.0000 |   0.1380   0.036
  49    8     0.0000          —     0.1518          —          —          —     0.0000     0.0000 |   0.1519   0.067
  50    7     0.0017          —     0.1721          —          —          —     0.0015     0.0009 |   0.1775   0.172
  51    1     0.0021          —     0.1533          —          —          —     0.0005     0.0005 |   0.1569   0.084
  52    9     0.0021          —     0.1735          —          —          —     0.0035     0.0002 |   0.1811   0.168
  53    4     0.0000          —     0.1523          —          —          —     0.0001     0.0000 |   0.1524   0.035
  54    7     0.0007          —     0.1631          —          —          —     0.0002     0.0002 |   0.1644   0.073
  55    2     0.0003          —     0.1334          —          —          —     0.0000     0.0000 |   0.1337   0.029
  56    0     0.0000          —     0.1524          —          —          —     0.0001     0.0000 |   0.1525   0.063
  57    3     0.0051          —     0.1601          —          —          —     0.0005     0.0019 |   0.1688   0.075
  58    6     0.0001          —     0.1416          —          —          —     0.0000     0.0000 |   0.1417   0.053
  59    5     0.0000          —     0.1429          —          —          —     0.0001     0.0001 |   0.1432   0.033
  60    8     0.0000          —     0.1478          —          —          —     0.0000     0.0000 |   0.1479   0.032
  61    7     0.0096          —     0.1754          —          —          —     0.0014     0.0023 |   0.1906   0.212
  62    2     0.0000          —     0.1320          —          —          —     0.0000     0.0000 |   0.1321   0.028
  63    5     0.0000          —     0.1434          —          —          —     0.0000     0.0000 |   0.1435   0.046
  64    9     0.0021          —     0.1629          —          —          —     0.0017     0.0010 |   0.1690   0.088
  65    4     0.0001          —     0.1463          —          —          —     0.0000     0.0000 |   0.1464   0.040
  66    3     0.0019          —     0.1573          —          —          —     0.0004     0.0007 |   0.1608   0.066
  67    0     0.0001          —     0.1543          —          —          —     0.0001     0.0001 |   0.1547   0.065
  68    1     0.0058          —     0.1480          —          —          —     0.0021     0.0016 |   0.1594   0.139
  69    6     0.0002          —     0.1416          —          —          —     0.0000     0.0000 |   0.1419   0.045
  70    8     0.0000          —     0.1461          —          —          —     0.0001     0.0000 |   0.1463   0.037
  71    3     0.0001          —     0.1615          —          —          —     0.0001     0.0004 |   0.1623   0.084
  72    1     0.0070          —     0.1437          —          —          —     0.0011     0.0016 |   0.1547   0.157
  73    4     0.0000          —     0.1426          —          —          —     0.0000     0.0000 |   0.1427   0.032
  74    8     0.0001          —     0.1522          —          —          —     0.0001     0.0001 |   0.1525   0.061
  75    5     0.0003          —     0.1419          —          —          —     0.0002     0.0001 |   0.1426   0.039
  76    0     0.0006          —     0.1483          —          —          —     0.0001     0.0002 |   0.1493   0.055
  77    2     0.0002          —     0.1370          —          —          —     0.0001     0.0001 |   0.1374   0.047
  78    6     0.0003          —     0.1371          —          —          —     0.0001     0.0000 |   0.1376   0.042
  79    9     0.0000          —     0.1667          —          —          —     0.0009     0.0002 |   0.1684   0.057
  80    7     0.0073          —     0.1637          —          —          —     0.0021     0.0010 |   0.1756   0.269
  81    9     0.0002          —     0.1563          —          —          —     0.0005     0.0004 |   0.1579   0.056
  82    0     0.0000          —     0.1423          —          —          —     0.0002     0.0002 |   0.1430   0.040
  83    4     0.0001          —     0.1472          —          —          —     0.0000     0.0000 |   0.1474   0.042
  84    5     0.0000          —     0.1400          —          —          —     0.0002     0.0001 |   0.1404   0.032
  85    7     0.0163          —     0.1603          —          —          —     0.0018     0.0029 |   0.1837   0.289
  86    6     0.0001          —     0.1374          —          —          —     0.0004     0.0001 |   0.1384   0.154
  87    3     0.0001          —     0.1636          —          —          —     0.0000     0.0001 |   0.1639   0.068
  88    2     0.0000          —     0.1337          —          —          —     0.0001     0.0000 |   0.1338   0.040
  89    8     0.0000          —     0.1561          —          —          —     0.0000     0.0000 |   0.1562   0.061
  90    1     0.0006          —     0.1426          —          —          —     0.0008     0.0005 |   0.1452   0.162
  91    8     0.0000          —     0.1453          —          —          —     0.0000     0.0000 |   0.1454   0.043
  92    9     0.0021          —     0.1611          —          —          —     0.0001     0.0001 |   0.1635   0.053
  93    5     0.0000          —     0.1354          —          —          —     0.0001     0.0001 |   0.1357   0.037
  94    6     0.0000          —     0.1361          —          —          —     0.0003     0.0000 |   0.1365   0.064
  95    3     0.0012          —     0.1546          —          —          —     0.0001     0.0003 |   0.1564   0.046
  96    7     0.0022          —     0.1605          —          —          —     0.0001     0.0002 |   0.1632   0.115
  97    2     0.0001          —     0.1400          —          —          —     0.0000     0.0000 |   0.1401   0.044
  98    4     0.0001          —     0.1421          —          —          —     0.0000     0.0000 |   0.1423   0.032
  99    0     0.0000          —     0.1518          —          —          —     0.0001     0.0002 |   0.1523   0.054
 100    1     0.0013          —     0.1411          —          —          —     0.0003     0.0005 |   0.1436   0.077
   1    7     0.0002          —     0.1207          —          —          —     0.0000     0.0001 |   0.1210   0.055
   2    5     0.0007          —     0.1391          —          —          —     0.0000     0.0000 |   0.1398   0.045
   3    3     0.0004          —     0.1206          —          —          —     0.0000     0.0000 |   0.1210   0.020
   4    9     0.0001          —     0.1328          —          —          —     0.0000     0.0000 |   0.1329   0.029
   5    1     0.0003          —     0.1237          —          —          —     0.0000     0.0000 |   0.1241   0.023
   6    8     0.0019          —     0.1390          —          —          —     0.0000     0.0001 |   0.1411   0.029
   7    0     0.0000          —     0.1249          —          —          —     0.0000     0.0000 |   0.1249   0.020
   8    2     0.0000          —     0.1365          —          —          —     0.0000     0.0000 |   0.1366   0.024
   9    4     0.0005          —     0.1201          —          —          —     0.0001     0.0000 |   0.1207   0.025
  10    6     0.0001          —     0.1375          —          —          —     0.0000     0.0001 |   0.1377   0.039
  11    6     0.0005          —     0.1411          —          —          —     0.0000     0.0000 |   0.1417   0.024
  12    8     0.0006          —     0.1392          —          —          —     0.0000     0.0000 |   0.1399   0.029
  13    7     0.0003          —     0.1284          —          —          —     0.0000     0.0000 |   0.1287   0.070
  14    1     0.0001          —     0.1246          —          —          —     0.0000     0.0000 |   0.1247   0.028
  15    5     0.0009          —     0.1337          —          —          —     0.0000     0.0000 |   0.1346   0.058
  16    2     0.0001          —     0.1438          —          —          —     0.0001     0.0000 |   0.1440   0.044
  17    0     0.0001          —     0.1248          —          —          —     0.0000     0.0000 |   0.1249   0.054
  18    3     0.0003          —     0.1249          —          —          —     0.0000     0.0000 |   0.1253   0.023
  19    4     0.0001          —     0.1206          —          —          —     0.0000     0.0000 |   0.1207   0.043
  20    9     0.0003          —     0.1313          —          —          —     0.0000     0.0000 |   0.1316   0.041
  21    1     0.0000          —     0.1231          —          —          —     0.0001     0.0000 |   0.1233   0.024
  22    4     0.0000          —     0.1254          —          —          —     0.0001     0.0000 |   0.1255   0.039
  23    8     0.0005          —     0.1320          —          —          —     0.0000     0.0000 |   0.1325   0.041
  24    3     0.0003          —     0.1193          —          —          —     0.0001     0.0000 |   0.1197   0.023
  25    6     0.0019          —     0.1322          —          —          —     0.0002     0.0004 |   0.1351   0.029
  26    2     0.0000          —     0.1324          —          —          —     0.0000     0.0000 |   0.1325   0.033
  27    7     0.0002          —     0.1162          —          —          —     0.0000     0.0000 |   0.1165   0.065
  28    9     0.0001          —     0.1256          —          —          —     0.0000     0.0000 |   0.1257   0.040
  29    0     0.0001          —     0.1188          —          —          —     0.0000     0.0000 |   0.1189   0.031
  30    5     0.0003          —     0.1293          —          —          —     0.0000     0.0000 |   0.1297   0.042
  31    6     0.0003          —     0.1294          —          —          —     0.0000     0.0000 |   0.1298   0.028
  32    9     0.0002          —     0.1234          —          —          —     0.0000     0.0000 |   0.1237   0.035
  33    5     0.0004          —     0.1217          —          —          —     0.0000     0.0000 |   0.1221   0.030
  34    8     0.0004          —     0.1301          —          —          —     0.0000     0.0000 |   0.1305   0.041
  35    1     0.0002          —     0.1159          —          —          —     0.0000     0.0000 |   0.1162   0.026
  36    7     0.0001          —     0.1126          —          —          —     0.0000     0.0000 |   0.1127   0.025
  37    3     0.0003          —     0.1122          —          —          —     0.0000     0.0000 |   0.1125   0.027
  38    4     0.0000          —     0.1104          —          —          —     0.0001     0.0000 |   0.1105   0.026
  39    0     0.0000          —     0.1156          —          —          —     0.0001     0.0000 |   0.1158   0.037
  40    2     0.0000          —     0.1231          —          —          —     0.0000     0.0000 |   0.1231   0.029
  41    8     0.0002          —     0.1234          —          —          —     0.0000     0.0000 |   0.1236   0.040
  42    9     0.0000          —     0.1117          —          —          —     0.0000     0.0000 |   0.1118   0.024
  43    1     0.0002          —     0.1026          —          —          —     0.0001     0.0000 |   0.1030   0.023
  44    2     0.0000          —     0.1170          —          —          —     0.0000     0.0000 |   0.1170   0.028
  45    4     0.0000          —     0.1043          —          —          —     0.0001     0.0000 |   0.1045   0.027
  46    6     0.0003          —     0.1213          —          —          —     0.0000     0.0001 |   0.1218   0.029
  47    5     0.0003          —     0.1166          —          —          —     0.0000     0.0000 |   0.1170   0.031
  48    3     0.0002          —     0.1036          —          —          —     0.0000     0.0000 |   0.1039   0.023
  49    7     0.0002          —     0.1032          —          —          —     0.0000     0.0000 |   0.1035   0.034
  50    0     0.0000          —     0.1045          —          —          —     0.0001     0.0000 |   0.1046   0.041
  51    2     0.0000          —     0.1139          —          —          —     0.0000     0.0000 |   0.1140   0.028
  52    3     0.0003          —     0.1031          —          —          —     0.0000     0.0000 |   0.1035   0.027
  53    8     0.0001          —     0.1141          —          —          —     0.0000     0.0000 |   0.1142   0.033
  54    7     0.0001          —     0.1023          —          —          —     0.0000     0.0000 |   0.1024   0.061
  55    4     0.0000          —     0.1019          —          —          —     0.0000     0.0000 |   0.1019   0.031
  56    9     0.0000          —     0.1090          —          —          —     0.0000     0.0000 |   0.1090   0.038
  57    0     0.0000          —     0.1062          —          —          —     0.0001     0.0000 |   0.1064   0.029
  58    6     0.0000          —     0.1112          —          —          —     0.0000     0.0000 |   0.1112   0.023
  59    5     0.0001          —     0.1087          —          —          —     0.0000     0.0000 |   0.1089   0.030
  60    1     0.0002          —     0.1002          —          —          —     0.0001     0.0001 |   0.1007   0.026
  61    7     0.0000          —     0.0972          —          —          —     0.0000     0.0000 |   0.0973   0.080
  62    3     0.0002          —     0.0973          —          —          —     0.0001     0.0000 |   0.0975   0.021
  63    6     0.0009          —     0.1092          —          —          —     0.0002     0.0003 |   0.1109   0.033
  64    1     0.0001          —     0.0954          —          —          —     0.0000     0.0000 |   0.0957   0.023
  65    0     0.0000          —     0.0996          —          —          —     0.0000     0.0000 |   0.0997   0.024
  66    5     0.0001          —     0.1059          —          —          —     0.0000     0.0000 |   0.1060   0.030
  67    2     0.0000          —     0.1068          —          —          —     0.0000     0.0000 |   0.1069   0.023
  68    8     0.0001          —     0.1118          —          —          —     0.0000     0.0000 |   0.1119   0.037
  69    9     0.0000          —     0.1044          —          —          —     0.0000     0.0000 |   0.1045   0.029
  70    4     0.0000          —     0.0969          —          —          —     0.0001     0.0000 |   0.0970   0.028
  71    0     0.0000          —     0.0987          —          —          —     0.0000     0.0000 |   0.0987   0.021
  72    2     0.0000          —     0.1049          —          —          —     0.0000     0.0000 |   0.1049   0.022
  73    5     0.0001          —     0.1025          —          —          —     0.0000     0.0000 |   0.1027   0.041
  74    6     0.0000          —     0.1100          —          —          —     0.0000     0.0000 |   0.1101   0.023
  75    4     0.0001          —     0.0947          —          —          —     0.0000     0.0000 |   0.0949   0.032
  76    3     0.0000          —     0.0942          —          —          —     0.0000     0.0000 |   0.0943   0.022
  77    7     0.0000          —     0.0989          —          —          —     0.0000     0.0000 |   0.0990   0.074
  78    9     0.0000          —     0.0982          —          —          —     0.0000     0.0000 |   0.0983   0.028
  79    8     0.0001          —     0.1102          —          —          —     0.0000     0.0000 |   0.1103   0.036
  80    1     0.0002          —     0.0966          —          —          —     0.0000     0.0000 |   0.0967   0.023
  81    8     0.0000          —     0.1048          —          —          —     0.0000     0.0000 |   0.1048   0.029
  82    4     0.0000          —     0.0925          —          —          —     0.0000     0.0000 |   0.0926   0.029
  83    0     0.0000          —     0.0954          —          —          —     0.0000     0.0000 |   0.0955   0.024
  84    2     0.0001          —     0.1041          —          —          —     0.0000     0.0000 |   0.1042   0.021
  85    6     0.0001          —     0.1095          —          —          —     0.0001     0.0001 |   0.1098   0.034
  86    1     0.0004          —     0.0937          —          —          —     0.0001     0.0001 |   0.0944   0.025
  87    7     0.0000          —     0.1034          —          —          —     0.0000     0.0001 |   0.1035   0.144
  88    9     0.0000          —     0.1002          —          —          —     0.0000     0.0000 |   0.1003   0.030
  89    3     0.0001          —     0.0965          —          —          —     0.0001     0.0000 |   0.0968   0.020
  90    5     0.0001          —     0.1037          —          —          —     0.0001     0.0001 |   0.1040   0.029
  91    6     0.0000          —     0.1072          —          —          —     0.0000     0.0000 |   0.1072   0.020
  92    7     0.0000          —     0.0945          —          —          —     0.0000     0.0000 |   0.0945   0.051
  93    4     0.0000          —     0.0915          —          —          —     0.0000     0.0000 |   0.0915   0.026
  94    8     0.0001          —     0.1033          —          —          —     0.0000     0.0000 |   0.1034   0.034
  95    9     0.0000          —     0.0993          —          —          —     0.0000     0.0000 |   0.0993   0.018
  96    1     0.0001          —     0.0943          —          —          —     0.0000     0.0000 |   0.0944   0.023
  97    2     0.0000          —     0.1024          —          —          —     0.0000     0.0000 |   0.1025   0.023
  98    3     0.0001          —     0.0938          —          —          —     0.0000     0.0000 |   0.0939   0.020
  99    0     0.0000          —     0.0949          —          —          —     0.0001     0.0000 |   0.0951   0.017
 100    5     0.0001          —     0.1014          —          —          —     0.0000     0.0000 |   0.1015   0.020
   1    5     0.0038          —     0.1695          —          —          —     0.0001     0.0001 |   0.1736   0.100
   2    1     0.0030          —     0.3276          —          —          —     0.0050     0.0012 |   0.3399   1.490
   3    0     0.0004          —     0.1762          —          —          —     0.0040     0.0059 |   0.1915   0.168
   4    3     0.0027          —     0.1617          —          —          —     0.0002     0.0004 |   0.1654   0.046
   5    2     0.0961          —     0.3798          —          —          —     0.1565     0.0462 |   0.7800  11.057
   6    8     0.3030          —     0.4395          —          —          —     0.1001     0.0839 |   1.0185  11.113
   7    6     0.0079          —     0.3958          —          —          —     0.0286     0.0017 |   0.4492   1.714
   8    4     0.1117          —     0.5351          —          —          —     0.0515     0.0205 |   0.7548   7.013
   9    9     0.0047          —     0.3459          —          —          —     0.0117     0.0031 |   0.3729   1.041
  10    7     0.0016          —     0.4707          —          —          —     0.0985     0.0563 |   0.7044   2.086
  11    0     0.0040          —     0.1606          —          —          —     0.0008     0.0008 |   0.1670   0.071
  12    4     0.0002          —     0.3702          —          —          —     0.0010     0.0017 |   0.3744   1.377
  13    2     0.1653          —     0.3208          —          —          —     0.0564     0.0135 |   0.5910   5.317
  14    1     0.0018          —     0.3847          —          —          —     0.0009     0.0022 |   0.3913   1.044
  15    5     0.0007          —     0.1589          —          —          —     0.0001     0.0001 |   0.1598   0.035
  16    7     0.0055          —     0.3764          —          —          —     0.1037     0.0534 |   0.6176   1.022
  17    9     0.0000          —     0.2958          —          —          —     0.0017     0.0017 |   0.3009   0.717
  18    6     0.0193          —     0.4256          —          —          —     0.0234     0.0027 |   0.4840   2.837
  19    8     0.0051          —     0.4072          —          —          —     0.1316     0.0791 |   0.7284   0.346
  20    3     0.0045          —     0.1611          —          —          —     0.0002     0.0003 |   0.1664   0.072
  21    4     0.0011          —     0.5939          —          —          —     0.0032     0.0010 |   0.6012   2.024
  22    2     0.1465          —     0.3401          —          —          —     0.1592     0.0317 |   0.7730   8.326
  23    9     0.0033          —     0.5087          —          —          —     0.0015     0.0025 |   0.5181   0.976
  24    0     0.0040          —     0.1695          —          —          —     0.0003     0.0003 |   0.1745   0.080
  25    8     0.0769          —     0.3400          —          —          —     0.0384     0.0185 |   0.5022   2.634
  26    5     0.0029          —     0.1689          —          —          —     0.0008     0.0003 |   0.1734   0.099
  27    3     0.0019          —     0.1607          —          —          —     0.0002     0.0000 |   0.1629   0.044
  28    1     0.0009          —     0.2160          —          —          —     0.0001     0.0002 |   0.2174   0.226
  29    7     0.0031          —     0.5244          —          —          —     0.0933     0.0470 |   0.7378   1.083
  30    6     0.0036          —     0.2532          —          —          —     0.0043     0.0005 |   0.2640   0.556
  31    1     0.0073          —     0.2588          —          —          —     0.0006     0.0009 |   0.2683   0.441
  32    5     0.0011          —     0.1583          —          —          —     0.0001     0.0003 |   0.1600   0.059
  33    4     0.0040          —     0.2338          —          —          —     0.0002     0.0001 |   0.2382   0.249
  34    3     0.0002          —     0.1781          —          —          —     0.0017     0.0073 |   0.1919   0.161
  35    6     0.0104          —     0.3627          —          —          —     0.0029     0.0014 |   0.3795   2.003
  36    8     0.0028          —     0.3861          —          —          —     0.0956     0.0690 |   0.6359   1.154
  37    2     0.2628          —     0.3697          —          —          —     0.0457     0.0316 |   0.7486  12.391
  38    0     0.0000          —     0.1679          —          —          —     0.0043     0.0079 |   0.1862   0.185
  39    9     0.0024          —     0.3511          —          —          —     0.0023     0.0023 |   0.3604   1.153
  40    7     0.0002          —     0.3445          —          —          —     0.1007     0.0509 |   0.5722   0.382
  41    2     0.0550          —     0.3189          —          —          —     0.0830     0.0142 |   0.5196   5.911
  42    9     0.0013          —     0.3689          —          —          —     0.0053     0.0031 |   0.3828   0.923
  43    7     0.0004          —     0.3357          —          —          —     0.0928     0.0456 |   0.5437   0.425
  44    5     0.0051          —     0.1613          —          —          —     0.0000     0.0000 |   0.1665   0.065
  45    3     0.0047          —     0.1567          —          —          —     0.0002     0.0001 |   0.1619   0.054
  46    1     0.0025          —     0.4479          —          —          —     0.0044     0.0074 |   0.4681   2.521
  47    0     0.0031          —     0.1604          —          —          —     0.0005     0.0001 |   0.1644   0.073
  48    4     0.0023          —     0.3512          —          —          —     0.0010     0.0010 |   0.3566   1.428
  49    6     0.0081          —     0.2879          —          —          —     0.0060     0.0006 |   0.3059   0.908
  50    8     0.0604          —     0.3079          —          —          —     0.0136     0.0044 |   0.3952   3.919
  51    1     0.0027          —     0.2789          —          —          —     0.0012     0.0007 |   0.2844   0.956
  52    9     0.0001          —     0.2646          —          —          —     0.0037     0.0019 |   0.2731   0.574
  53    5     0.0037          —     0.1531          —          —          —     0.0000     0.0000 |   0.1569   0.045
  54    0     0.0070          —     0.1633          —          —          —     0.0001     0.0000 |   0.1704   0.067
  55    6     0.0002          —     0.1976          —          —          —     0.0015     0.0011 |   0.2016   0.127
  56    4     0.0023          —     0.2113          —          —          —     0.0002     0.0003 |   0.2143   0.209
  57    8     0.0397          —     0.2932          —          —          —     0.0254     0.0099 |   0.3859   1.009
  58    7     0.0649          —     0.3707          —          —          —     0.0830     0.0424 |   0.6238   2.743
  59    2     0.0037          —     0.2025          —          —          —     0.0025     0.0015 |   0.2122   0.506
  60    3     0.0103          —     0.1532          —          —          —     0.0002     0.0002 |   0.1640   0.069
  61    7     0.0031          —     0.3301          —          —          —     0.0983     0.0500 |   0.5556   0.681
  62    0     0.0014          —     0.1677          —          —          —     0.0007     0.0011 |   0.1719   0.191
  63    4     0.0011          —     0.2826          —          —          —     0.0002     0.0000 |   0.2840   1.062
  64    9     0.0048          —     0.2175          —          —          —     0.0005     0.0007 |   0.2241   0.171
  65    3     0.0064          —     0.1553          —          —          —     0.0005     0.0002 |   0.1628   0.048
  66    8     0.0056          —     0.2560          —          —          —     0.0278     0.0060 |   0.3122   0.879
  67    1     0.0004          —     0.2121          —          —          —     0.0001     0.0014 |   0.2148   0.210
  68    2     0.0002          —     0.2025          —          —          —     0.0012     0.0017 |   0.2071   0.215
  69    6     0.0023          —     0.2031          —          —          —     0.0001     0.0003 |   0.2060   0.120
  70    5     0.0014          —     0.1575          —          —          —     0.0001     0.0001 |   0.1592   0.098
  71    0     0.0032          —     0.1631          —          —          —     0.0001     0.0002 |   0.1667   0.058
  72    7     0.0067          —     0.2682          —          —          —     0.0139     0.0057 |   0.3043   1.501
  73    3     0.0042          —     0.1620          —          —          —     0.0002     0.0000 |   0.1666   0.056
  74    5     0.0025          —     0.1606          —          —          —     0.0000     0.0000 |   0.1632   0.087
  75    6     0.0002          —     0.2115          —          —          —     0.0002     0.0000 |   0.2120   0.247
  76    1     0.0022          —     0.1884          —          —          —     0.0005     0.0002 |   0.1916   0.166
  77    4     0.0002          —     0.2180          —          —          —     0.0001     0.0009 |   0.2196   0.215
  78    2     0.0010          —     0.1820          —          —          —     0.0033     0.0008 |   0.1891   0.183
  79    9     0.0049          —     0.2127          —          —          —     0.0002     0.0001 |   0.2181   0.194
  80    8     0.0825          —     0.3087          —          —          —     0.0417     0.0195 |   0.4830   7.757
  81    2     0.0002          —     0.1925          —          —          —     0.0015     0.0003 |   0.1955   0.156
  82    9     0.0003          —     0.2000          —          —          —     0.0003     0.0004 |   0.2014   0.173
  83    6     0.0010          —     0.1951          —          —          —     0.0005     0.0010 |   0.1983   0.119
  84    0     0.0007          —     0.1578          —          —          —     0.0007     0.0009 |   0.1610   0.159
  85    7     0.0291          —     0.2959          —          —          —     0.0349     0.0278 |   0.4191   8.536
  86    5     0.0019          —     0.1492          —          —          —     0.0000     0.0001 |   0.1513   0.088
  87    3     0.0036          —     0.1602          —          —          —     0.0008     0.0004 |   0.1657   0.072
  88    1     0.0040          —     0.1776          —          —          —     0.0008     0.0004 |   0.1834   0.087
  89    4     0.0003          —     0.2216          —          —          —     0.0008     0.0022 |   0.2263   0.225
  90    8     0.0088          —     0.2496          —          —          —     0.0115     0.0019 |   0.2785   1.172
  91    5     0.0032          —     0.1492          —          —          —     0.0004     0.0002 |   0.1532   0.117
  92    7     0.0010          —     0.2942          —          —          —     0.0049     0.0035 |   0.3077   2.616
  93    6     0.0003          —     0.1959          —          —          —     0.0002     0.0001 |   0.1967   0.112
  94    4     0.0003          —     0.2252          —          —          —     0.0007     0.0010 |   0.2281   0.216
  95    3     0.0021          —     0.1577          —          —          —     0.0003     0.0001 |   0.1603   0.063
  96    2     0.0000          —     0.1925          —          —          —     0.0086     0.0016 |   0.2078   0.399
  97    9     0.0006          —     0.2172          —          —          —     0.0008     0.0005 |   0.2197   0.261
  98    0     0.0016          —     0.1561          —          —          —     0.0006     0.0003 |   0.1590   0.082
  99    1     0.0024          —     0.1790          —          —          —     0.0005     0.0003 |   0.1826   0.100
 100    8     0.0010          —     0.2603          —          —          —     0.0407     0.0054 |   0.3304   0.825
   1    4     0.0005          —     0.1552          —          —          —     0.0001     0.0000 |   0.1559   0.028
   2    1     0.0023          —     0.1574          —          —          —     0.0001     0.0004 |   0.1605   0.055
   3    5     0.0002          —     0.1600          —          —          —     0.0000     0.0001 |   0.1604   0.023
   4    0     0.0004          —     0.1408          —          —          —     0.0000     0.0000 |   0.1412   0.023
   5    3     0.0003          —     0.1522          —          —          —     0.0008     0.0001 |   0.1539   0.048
   6    7     0.0004          —     0.1567          —          —          —     0.0003     0.0003 |   0.1580   0.024
   7    2     0.0000          —     0.1489          —          —          —     0.0003     0.0000 |   0.1495   0.043
   8    8     0.0001          —     0.1576          —          —          —     0.0001     0.0001 |   0.1579   0.041
   9    9     0.0000          —     0.1470          —          —          —     0.0003     0.0001 |   0.1475   0.024
  10    6     0.0010          —     0.1538          —          —          —     0.0002     0.0003 |   0.1555   0.043
  11    2     0.0002          —     0.1499          —          —          —     0.0002     0.0000 |   0.1504   0.032
  12    3     0.0011          —     0.1465          —          —          —     0.0004     0.0001 |   0.1483   0.034
  13    5     0.0016          —     0.1553          —          —          —     0.0003     0.0003 |   0.1579   0.031
  14    7     0.0004          —     0.1611          —          —          —     0.0004     0.0005 |   0.1628   0.032
  15    8     0.0003          —     0.1607          —          —          —     0.0001     0.0004 |   0.1618   0.046
  16    4     0.0000          —     0.1534          —          —          —     0.0003     0.0000 |   0.1539   0.056
  17    6     0.0005          —     0.1592          —          —          —     0.0002     0.0002 |   0.1603   0.035
  18    1     0.0071          —     0.1642          —          —          —     0.0002     0.0016 |   0.1740   0.077
  19    0     0.0002          —     0.1383          —          —          —     0.0000     0.0001 |   0.1387   0.024
  20    9     0.0001          —     0.1418          —          —          —     0.0001     0.0001 |   0.1421   0.026
  21    8     0.0003          —     0.1610          —          —          —     0.0002     0.0005 |   0.1624   0.075
  22    3     0.0002          —     0.1468          —          —          —     0.0019     0.0001 |   0.1500   0.043
  23    7     0.0002          —     0.1526          —          —          —     0.0003     0.0004 |   0.1538   0.031
  24    0     0.0000          —     0.1335          —          —          —     0.0001     0.0000 |   0.1338   0.027
  25    5     0.0008          —     0.1467          —          —          —     0.0001     0.0001 |   0.1477   0.029
  26    4     0.0023          —     0.1518          —          —          —     0.0002     0.0001 |   0.1545   0.045
  27    2     0.0002          —     0.1333          —          —          —     0.0000     0.0001 |   0.1336   0.029
  28    6     0.0003          —     0.1497          —          —          —     0.0003     0.0004 |   0.1510   0.041
  29    1     0.0037          —     0.1482          —          —          —     0.0001     0.0010 |   0.1536   0.055
  30    9     0.0000          —     0.1362          —          —          —     0.0001     0.0000 |   0.1364   0.026
  31    7     0.0002          —     0.1495          —          —          —     0.0004     0.0003 |   0.1508   0.031
  32    6     0.0001          —     0.1579          —          —          —     0.0002     0.0004 |   0.1588   0.141
  33    3     0.0002          —     0.1393          —          —          —     0.0009     0.0000 |   0.1408   0.039
  34    4     0.0017          —     0.1525          —          —          —     0.0001     0.0001 |   0.1545   0.047
  35    9     0.0000          —     0.1354          —          —          —     0.0001     0.0000 |   0.1355   0.025
  36    1     0.0042          —     0.1481          —          —          —     0.0001     0.0009 |   0.1537   0.071
  37    2     0.0000          —     0.1346          —          —          —     0.0001     0.0000 |   0.1347   0.027
  38    8     0.0000          —     0.1348          —          —          —     0.0000     0.0000 |   0.1349   0.026
  39    5     0.0001          —     0.1414          —          —          —     0.0002     0.0001 |   0.1420   0.032
  40    0     0.0001          —     0.1279          —          —          —     0.0000     0.0000 |   0.1282   0.030
  41    1     0.0015          —     0.1420          —          —          —     0.0000     0.0003 |   0.1439   0.035
  42    4     0.0004          —     0.1424          —          —          —     0.0004     0.0000 |   0.1434   0.039
  43    0     0.0000          —     0.1285          —          —          —     0.0000     0.0000 |   0.1285   0.028
  44    3     0.0000          —     0.1265          —          —          —     0.0000     0.0000 |   0.1266   0.029
  45    5     0.0004          —     0.1379          —          —          —     0.0000     0.0001 |   0.1385   0.033
  46    6     0.0000          —     0.1420          —          —          —     0.0003     0.0001 |   0.1426   0.038
  47    7     0.0001          —     0.1332          —          —          —     0.0001     0.0001 |   0.1337   0.030
  48    8     0.0001          —     0.1337          —          —          —     0.0002     0.0001 |   0.1343   0.027
  49    2     0.0000          —     0.1218          —          —          —     0.0001     0.0000 |   0.1219   0.032
  50    9     0.0000          —     0.1259          —          —          —     0.0001     0.0000 |   0.1261   0.026
  51    5     0.0000          —     0.1345          —          —          —     0.0001     0.0001 |   0.1347   0.029
  52    4     0.0008          —     0.1364          —          —          —     0.0001     0.0000 |   0.1373   0.035
  53    6     0.0005          —     0.1366          —          —          —     0.0001     0.0002 |   0.1376   0.041
  54    3     0.0000          —     0.1186          —          —          —     0.0001     0.0000 |   0.1187   0.026
  55    8     0.0000          —     0.1314          —          —          —     0.0001     0.0000 |   0.1315   0.024
  56    0     0.0000          —     0.1149          —          —          —     0.0000     0.0000 |   0.1150   0.023
  57    1     0.0030          —     0.1336          —          —          —     0.0001     0.0008 |   0.1380   0.057
  58    7     0.0002          —     0.1301          —          —          —     0.0003     0.0004 |   0.1312   0.029
  59    2     0.0001          —     0.1250          —          —          —     0.0001     0.0001 |   0.1254   0.080
  60    9     0.0000          —     0.1187          —          —          —     0.0002     0.0001 |   0.1192   0.023
  61    1     0.0000          —     0.1364          —          —          —     0.0000     0.0000 |   0.1365   0.125
  62    0     0.0000          —     0.1174          —          —          —     0.0000     0.0000 |   0.1175   0.024
  63    5     0.0002          —     0.1228          —          —          —     0.0000     0.0001 |   0.1231   0.027
  64    6     0.0003          —     0.1232          —          —          —     0.0001     0.0002 |   0.1240   0.031
  65    7     0.0000          —     0.1270          —          —          —     0.0004     0.0001 |   0.1278   0.029
  66    9     0.0001          —     0.1184          —          —          —     0.0000     0.0000 |   0.1185   0.024
  67    2     0.0000          —     0.1194          —          —          —     0.0001     0.0000 |   0.1195   0.023
  68    8     0.0002          —     0.1273          —          —          —     0.0002     0.0004 |   0.1283   0.029
  69    3     0.0000          —     0.1151          —          —          —     0.0001     0.0000 |   0.1152   0.025
  70    4     0.0001          —     0.1294          —          —          —     0.0002     0.0001 |   0.1298   0.041
  71    5     0.0002          —     0.1275          —          —          —     0.0001     0.0001 |   0.1281   0.026
  72    2     0.0000          —     0.1146          —          —          —     0.0000     0.0000 |   0.1147   0.022
  73    8     0.0000          —     0.1175          —          —          —     0.0001     0.0001 |   0.1178   0.021
  74    0     0.0000          —     0.1124          —          —          —     0.0000     0.0000 |   0.1125   0.023
  75    1     0.0018          —     0.1273          —          —          —     0.0000     0.0002 |   0.1294   0.054
  76    4     0.0000          —     0.1269          —          —          —     0.0005     0.0001 |   0.1279   0.045
  77    7     0.0000          —     0.1227          —          —          —     0.0003     0.0003 |   0.1236   0.025
  78    3     0.0001          —     0.1141          —          —          —     0.0003     0.0000 |   0.1146   0.023
  79    6     0.0011          —     0.1256          —          —          —     0.0002     0.0002 |   0.1273   0.034
  80    9     0.0000          —     0.1139          —          —          —     0.0000     0.0000 |   0.1140   0.022
  81    2     0.0001          —     0.1158          —          —          —     0.0001     0.0001 |   0.1162   0.023
  82    4     0.0003          —     0.1239          —          —          —     0.0005     0.0001 |   0.1251   0.039
  83    1     0.0005          —     0.1283          —          —          —     0.0000     0.0000 |   0.1289   0.062
  84    8     0.0000          —     0.1229          —          —          —     0.0001     0.0000 |   0.1231   0.023
  85    3     0.0006          —     0.1146          —          —          —     0.0000     0.0000 |   0.1152   0.025
  86    5     0.0000          —     0.1177          —          —          —     0.0000     0.0000 |   0.1178   0.021
  87    6     0.0012          —     0.1257          —          —          —     0.0003     0.0004 |   0.1279   0.035
  88    9     0.0001          —     0.1140          —          —          —     0.0001     0.0000 |   0.1143   0.020
  89    0     0.0000          —     0.1093          —          —          —     0.0000     0.0000 |   0.1094   0.023
  90    7     0.0002          —     0.1205          —          —          —     0.0004     0.0004 |   0.1219   0.028
  91    9     0.0000          —     0.1170          —          —          —     0.0001     0.0000 |   0.1172   0.024
  92    3     0.0000          —     0.1113          —          —          —     0.0001     0.0000 |   0.1115   0.026
  93    7     0.0003          —     0.1287          —          —          —     0.0005     0.0003 |   0.1303   0.041
  94    1     0.0005          —     0.1228          —          —          —     0.0000     0.0000 |   0.1233   0.086
  95    2     0.0000          —     0.1135          —          —          —     0.0003     0.0002 |   0.1143   0.073
  96    4     0.0007          —     0.1208          —          —          —     0.0001     0.0002 |   0.1219   0.047
  97    0     0.0001          —     0.1122          —          —          —     0.0000     0.0000 |   0.1124   0.044
  98    6     0.0002          —     0.1257          —          —          —     0.0003     0.0001 |   0.1266   0.035
  99    8     0.0000          —     0.1237          —          —          —     0.0001     0.0003 |   0.1242   0.024
 100    5     0.0000          —     0.1206          —          —          —     0.0001     0.0000 |   0.1208   0.026
   1    0     0.0000          —     0.1268          —          —          —     0.0001     0.0000 |   0.1269   0.019
   2    3     0.0000          —     0.1288          —          —          —     0.0000     0.0000 |   0.1288   0.017
   3    1     0.0000          —     0.1383          —          —          —     0.0000     0.0000 |   0.1383   0.025
   4    7     0.0015          —     0.1420          —          —          —     0.0054     0.0017 |   0.1541   0.111
   5    9     0.0005          —     0.1422          —          —          —     0.0002     0.0001 |   0.1431   0.028
   6    8     0.0000          —     0.1356          —          —          —     0.0001     0.0001 |   0.1360   0.025
   7    2     0.0003          —     0.1355          —          —          —     0.0000     0.0000 |   0.1359   0.044
   8    5     0.0000          —     0.1287          —          —          —     0.0000     0.0000 |   0.1287   0.019
   9    6     0.0001          —     0.1341          —          —          —     0.0000     0.0000 |   0.1342   0.023
  10    4     0.0002          —     0.1222          —          —          —     0.0000     0.0000 |   0.1225   0.021
  11    0     0.0011          —     0.1284          —          —          —     0.0001     0.0000 |   0.1297   0.030
  12    7     0.0035          —     0.1485          —          —          —     0.0005     0.0001 |   0.1529   0.056
  13    6     0.0008          —     0.1341          —          —          —     0.0001     0.0000 |   0.1350   0.034
  14    5     0.0001          —     0.1277          —          —          —     0.0000     0.0000 |   0.1278   0.025
  15    4     0.0001          —     0.1135          —          —          —     0.0000     0.0000 |   0.1136   0.025
  16    3     0.0002          —     0.1301          —          —          —     0.0000     0.0000 |   0.1303   0.031
  17    8     0.0001          —     0.1385          —          —          —     0.0001     0.0000 |   0.1388   0.029
  18    2     0.0010          —     0.1339          —          —          —     0.0000     0.0000 |   0.1349   0.024
  19    9     0.0002          —     0.1434          —          —          —     0.0002     0.0001 |   0.1440   0.030
  20    1     0.0002          —     0.1403          —          —          —     0.0000     0.0000 |   0.1407   0.034
  21    8     0.0000          —     0.1395          —          —          —     0.0001     0.0000 |   0.1397   0.030
  22    3     0.0000          —     0.1282          —          —          —     0.0000     0.0000 |   0.1282   0.029
  23    5     0.0000          —     0.1249          —          —          —     0.0000     0.0000 |   0.1251   0.061
  24    0     0.0001          —     0.1243          —          —          —     0.0001     0.0000 |   0.1246   0.025
  25    4     0.0000          —     0.1205          —          —          —     0.0000     0.0000 |   0.1206   0.033
  26    2     0.0015          —     0.1358          —          —          —     0.0000     0.0000 |   0.1374   0.037
  27    6     0.0001          —     0.1239          —          —          —     0.0000     0.0000 |   0.1240   0.028
  28    7     0.0001          —     0.1352          —          —          —     0.0015     0.0003 |   0.1380   0.047
  29    9     0.0000          —     0.1318          —          —          —     0.0002     0.0001 |   0.1322   0.029
  30    1     0.0000          —     0.1337          —          —          —     0.0000     0.0000 |   0.1337   0.107
  31    2     0.0006          —     0.1318          —          —          —     0.0001     0.0001 |   0.1327   0.118
  32    0     0.0010          —     0.1224          —          —          —     0.0002     0.0001 |   0.1238   0.038
  33    8     0.0000          —     0.1272          —          —          —     0.0001     0.0001 |   0.1276   0.031
  34    3     0.0003          —     0.1240          —          —          —     0.0001     0.0000 |   0.1244   0.025
  35    5     0.0001          —     0.1174          —          —          —     0.0000     0.0000 |   0.1175   0.027
  36    7     0.0001          —     0.1291          —          —          —     0.0001     0.0000 |   0.1294   0.036
  37    4     0.0002          —     0.1074          —          —          —     0.0000     0.0000 |   0.1075   0.028
  38    9     0.0000          —     0.1220          —          —          —     0.0001     0.0001 |   0.1223   0.032
  39    1     0.0000          —     0.1311          —          —          —     0.0000     0.0000 |   0.1312   0.048
  40    6     0.0005          —     0.1178          —          —          —     0.0001     0.0000 |   0.1185   0.035
  41    6     0.0002          —     0.1149          —          —          —     0.0000     0.0000 |   0.1151   0.027
  42    4     0.0000          —     0.1044          —          —          —     0.0000     0.0000 |   0.1045   0.046
  43    8     0.0000          —     0.1208          —          —          —     0.0001     0.0000 |   0.1210   0.026
  44    9     0.0010          —     0.1240          —          —          —     0.0002     0.0003 |   0.1257   0.034
  45    7     0.0010          —     0.1258          —          —          —     0.0016     0.0007 |   0.1304   0.079
  46    1     0.0001          —     0.1204          —          —          —     0.0001     0.0000 |   0.1208   0.037
  47    0     0.0025          —     0.1111          —          —          —     0.0001     0.0001 |   0.1139   0.112
  48    5     0.0004          —     0.1127          —          —          —     0.0000     0.0000 |   0.1131   0.068
  49    2     0.0002          —     0.1167          —          —          —     0.0000     0.0000 |   0.1169   0.040
  50    3     0.0002          —     0.1122          —          —          —     0.0000     0.0000 |   0.1124   0.024
  51    8     0.0001          —     0.1147          —          —          —     0.0001     0.0000 |   0.1150   0.037
  52    5     0.0007          —     0.1083          —          —          —     0.0000     0.0000 |   0.1091   0.031
  53    0     0.0000          —     0.1031          —          —          —     0.0001     0.0001 |   0.1033   0.026
  54    6     0.0011          —     0.1081          —          —          —     0.0001     0.0000 |   0.1093   0.030
  55    1     0.0001          —     0.1186          —          —          —     0.0000     0.0000 |   0.1186   0.039
  56    7     0.0000          —     0.1154          —          —          —     0.0002     0.0002 |   0.1160   0.030
  57    2     0.0008          —     0.1195          —          —          —     0.0000     0.0000 |   0.1203   0.041
  58    3     0.0005          —     0.1133          —          —          —     0.0001     0.0000 |   0.1140   0.067
  59    4     0.0001          —     0.0972          —          —          —     0.0000     0.0000 |   0.0973   0.025
  60    9     0.0001          —     0.1149          —          —          —     0.0002     0.0002 |   0.1156   0.034
  61    4     0.0000          —     0.0976          —          —          —     0.0000     0.0000 |   0.0976   0.029
  62    8     0.0002          —     0.1126          —          —          —     0.0001     0.0000 |   0.1129   0.031
  63    7     0.0001          —     0.1122          —          —          —     0.0002     0.0002 |   0.1128   0.030
  64    5     0.0002          —     0.1035          —          —          —     0.0000     0.0000 |   0.1037   0.024
  65    2     0.0005          —     0.1099          —          —          —     0.0000     0.0000 |   0.1105   0.022
  66    3     0.0001          —     0.1081          —          —          —     0.0000     0.0000 |   0.1082   0.023
  67    9     0.0000          —     0.1183          —          —          —     0.0001     0.0000 |   0.1184   0.071
  68    0     0.0003          —     0.1033          —          —          —     0.0001     0.0000 |   0.1036   0.031
  69    6     0.0000          —     0.1026          —          —          —     0.0000     0.0000 |   0.1026   0.024
  70    1     0.0001          —     0.1113          —          —          —     0.0000     0.0000 |   0.1114   0.024
  71    9     0.0001          —     0.1160          —          —          —     0.0003     0.0003 |   0.1170   0.031
  72    2     0.0003          —     0.1100          —          —          —     0.0000     0.0000 |   0.1103   0.042
  73    8     0.0000          —     0.1121          —          —          —     0.0001     0.0001 |   0.1123   0.030
  74    3     0.0001          —     0.1063          —          —          —     0.0000     0.0000 |   0.1064   0.021
  75    4     0.0001          —     0.0913          —          —          —     0.0000     0.0000 |   0.0914   0.030
  76    5     0.0003          —     0.1028          —          —          —     0.0000     0.0000 |   0.1031   0.041
  77    7     0.0000          —     0.1094          —          —          —     0.0001     0.0001 |   0.1098   0.025
  78    6     0.0000          —     0.1008          —          —          —     0.0000     0.0000 |   0.1008   0.025
  79    1     0.0002          —     0.1123          —          —          —     0.0000     0.0000 |   0.1125   0.043
  80    0     0.0001          —     0.0963          —          —          —     0.0000     0.0000 |   0.0965   0.024
  81    9     0.0000          —     0.1112          —          —          —     0.0001     0.0000 |   0.1115   0.026
  82    4     0.0001          —     0.0936          —          —          —     0.0000     0.0000 |   0.0936   0.032
  83    6     0.0001          —     0.0980          —          —          —     0.0000     0.0000 |   0.0982   0.023
  84    1     0.0000          —     0.1086          —          —          —     0.0000     0.0000 |   0.1087   0.032
  85    3     0.0004          —     0.1039          —          —          —     0.0000     0.0000 |   0.1044   0.022
  86    5     0.0002          —     0.0989          —          —          —     0.0000     0.0000 |   0.0992   0.025
  87    0     0.0001          —     0.1006          —          —          —     0.0001     0.0000 |   0.1008   0.023
  88    2     0.0002          —     0.1075          —          —          —     0.0000     0.0000 |   0.1076   0.032
  89    7     0.0001          —     0.1121          —          —          —     0.0004     0.0003 |   0.1132   0.040
  90    8     0.0000          —     0.1088          —          —          —     0.0000     0.0000 |   0.1089   0.040
  91    3     0.0002          —     0.1027          —          —          —     0.0000     0.0000 |   0.1029   0.020
  92    5     0.0003          —     0.0981          —          —          —     0.0000     0.0000 |   0.0985   0.021
  93    0     0.0000          —     0.0984          —          —          —     0.0000     0.0000 |   0.0984   0.022
  94    6     0.0004          —     0.1004          —          —          —     0.0001     0.0000 |   0.1010   0.051
  95    4     0.0000          —     0.0926          —          —          —     0.0000     0.0000 |   0.0926   0.021
  96    1     0.0000          —     0.1091          —          —          —     0.0000     0.0000 |   0.1091   0.030
  97    8     0.0000          —     0.1093          —          —          —     0.0001     0.0000 |   0.1094   0.036
  98    2     0.0001          —     0.1070          —          —          —     0.0000     0.0000 |   0.1072   0.084
  99    9     0.0000          —     0.1097          —          —          —     0.0000     0.0000 |   0.1098   0.027
 100    7     0.0000          —     0.1124          —          —          —     0.0011     0.0002 |   0.1144   0.043
   1    0     0.0001          —     0.1284          —          —          —     0.0000     0.0000 |   0.1285   0.024
   2    6     0.0001          —     0.1332          —          —          —     0.0001     0.0001 |   0.1335   0.025
   3    5     0.0001          —     0.1328          —          —          —     0.0001     0.0000 |   0.1332   0.025
   4    2     0.0000          —     0.1384          —          —          —     0.0001     0.0001 |   0.1388   0.022
   5    4     0.0000          —     0.1447          —          —          —     0.0001     0.0001 |   0.1450   0.066
   6    7     0.0005          —     0.1440          —          —          —     0.0025     0.0000 |   0.1484   0.265
   7    8     0.0003          —     0.1276          —          —          —     0.0000     0.0000 |   0.1280   0.031
   8    1     0.0000          —     0.1590          —          —          —     0.0005     0.0002 |   0.1601   0.238
   9    9     0.0002          —     0.1313          —          —          —     0.0001     0.0000 |   0.1317   0.029
  10    3     0.0002          —     0.1332          —          —          —     0.0003     0.0001 |   0.1340   0.095
  11    7     0.0006          —     0.1417          —          —          —     0.0048     0.0001 |   0.1496   0.176
  12    3     0.0000          —     0.1299          —          —          —     0.0001     0.0000 |   0.1301   0.020
  13    0     0.0001          —     0.1300          —          —          —     0.0000     0.0000 |   0.1301   0.019
  14    5     0.0003          —     0.1355          —          —          —     0.0000     0.0000 |   0.1358   0.036
  15    6     0.0001          —     0.1334          —          —          —     0.0002     0.0001 |   0.1340   0.024
  16    1     0.0002          —     0.1446          —          —          —     0.0002     0.0001 |   0.1452   0.111
  17    4     0.0003          —     0.1404          —          —          —     0.0003     0.0003 |   0.1416   0.081
  18    8     0.0008          —     0.1306          —          —          —     0.0000     0.0000 |   0.1314   0.039
  19    2     0.0000          —     0.1433          —          —          —     0.0001     0.0002 |   0.1437   0.090
  20    9     0.0000          —     0.1346          —          —          —     0.0000     0.0000 |   0.1347   0.042
  21    4     0.0007          —     0.1426          —          —          —     0.0003     0.0005 |   0.1445   0.078
  22    6     0.0001          —     0.1293          —          —          —     0.0000     0.0000 |   0.1294   0.022
  23    8     0.0002          —     0.1342          —          —          —     0.0000     0.0000 |   0.1344   0.033
  24    7     0.0020          —     0.1480          —          —          —     0.0028     0.0001 |   0.1543   0.241
  25    3     0.0000          —     0.1312          —          —          —     0.0000     0.0000 |   0.1313   0.029
  26    5     0.0002          —     0.1343          —          —          —     0.0000     0.0000 |   0.1345   0.059
  27    2     0.0007          —     0.1444          —          —          —     0.0001     0.0001 |   0.1454   0.106
  28    0     0.0001          —     0.1256          —          —          —     0.0001     0.0000 |   0.1258   0.026
  29    9     0.0001          —     0.1316          —          —          —     0.0001     0.0000 |   0.1318   0.028
  30    1     0.0003          —     0.1413          —          —          —     0.0001     0.0000 |   0.1417   0.049
  31    9     0.0001          —     0.1269          —          —          —     0.0000     0.0000 |   0.1271   0.029
  32    6     0.0000          —     0.1367          —          —          —     0.0000     0.0000 |   0.1368   0.066
  33    0     0.0000          —     0.1276          —          —          —     0.0000     0.0000 |   0.1277   0.045
  34    7     0.0001          —     0.1420          —          —          —     0.0012     0.0001 |   0.1440   0.181
  35    1     0.0000          —     0.1329          —          —          —     0.0001     0.0000 |   0.1330   0.043
  36    5     0.0001          —     0.1359          —          —          —     0.0000     0.0000 |   0.1361   0.049
  37    4     0.0001          —     0.1311          —          —          —     0.0002     0.0001 |   0.1317   0.030
  38    2     0.0000          —     0.1358          —          —          —     0.0000     0.0000 |   0.1358   0.038
  39    8     0.0000          —     0.1271          —          —          —     0.0000     0.0000 |   0.1271   0.049
  40    3     0.0002          —     0.1225          —          —          —     0.0001     0.0000 |   0.1228   0.051
  41    1     0.0000          —     0.1283          —          —          —     0.0001     0.0001 |   0.1285   0.027
  42    8     0.0002          —     0.1259          —          —          —     0.0000     0.0000 |   0.1261   0.037
  43    3     0.0001          —     0.1228          —          —          —     0.0001     0.0000 |   0.1232   0.044
  44    6     0.0000          —     0.1313          —          —          —     0.0000     0.0000 |   0.1313   0.082
  45    7     0.0001          —     0.1343          —          —          —     0.0016     0.0000 |   0.1368   0.159
  46    4     0.0001          —     0.1343          —          —          —     0.0002     0.0002 |   0.1352   0.066
  47    9     0.0004          —     0.1249          —          —          —     0.0001     0.0001 |   0.1255   0.031
  48    2     0.0001          —     0.1352          —          —          —     0.0001     0.0001 |   0.1356   0.129
  49    0     0.0001          —     0.1200          —          —          —     0.0002     0.0000 |   0.1204   0.053
  50    5     0.0000          —     0.1281          —          —          —     0.0000     0.0000 |   0.1282   0.045
  51    1     0.0000          —     0.1280          —          —          —     0.0004     0.0001 |   0.1287   0.054
  52    8     0.0002          —     0.1218          —          —          —     0.0000     0.0000 |   0.1221   0.037
  53    7     0.0001          —     0.1305          —          —          —     0.0106     0.0001 |   0.1466   0.228
  54    3     0.0000          —     0.1202          —          —          —     0.0001     0.0000 |   0.1204   0.050
  55    6     0.0000          —     0.1224          —          —          —     0.0000     0.0000 |   0.1225   0.039
  56    5     0.0001          —     0.1323          —          —          —     0.0001     0.0000 |   0.1325   0.054
  57    9     0.0002          —     0.1249          —          —          —     0.0000     0.0000 |   0.1251   0.061
  58    4     0.0002          —     0.1238          —          —          —     0.0001     0.0001 |   0.1243   0.043
  59    0     0.0000          —     0.1169          —          —          —     0.0001     0.0000 |   0.1170   0.039
  60    2     0.0001          —     0.1263          —          —          —     0.0000     0.0000 |   0.1264   0.056
  61    6     0.0001          —     0.1256          —          —          —     0.0000     0.0000 |   0.1258   0.088
  62    9     0.0001          —     0.1209          —          —          —     0.0001     0.0001 |   0.1214   0.048
  63    8     0.0002          —     0.1209          —          —          —     0.0000     0.0000 |   0.1211   0.037
  64    3     0.0000          —     0.1150          —          —          —     0.0001     0.0000 |   0.1151   0.044
  65    7     0.0000          —     0.1264          —          —          —     0.0001     0.0000 |   0.1267   0.062
  66    1     0.0000          —     0.1227          —          —          —     0.0002     0.0001 |   0.1231   0.035
  67    2     0.0000          —     0.1208          —          —          —     0.0000     0.0000 |   0.1208   0.033
  68    5     0.0002          —     0.1228          —          —          —     0.0000     0.0000 |   0.1230   0.052
  69    0     0.0000          —     0.1178          —          —          —     0.0001     0.0000 |   0.1180   0.047
  70    4     0.0019          —     0.1290          —          —          —     0.0033     0.0023 |   0.1393   0.254
  71    4     0.0000          —     0.1274          —          —          —     0.0000     0.0000 |   0.1275   0.075
  72    6     0.0001          —     0.1190          —          —          —     0.0001     0.0001 |   0.1193   0.044
  73    2     0.0000          —     0.1282          —          —          —     0.0001     0.0000 |   0.1283   0.050
  74    7     0.0000          —     0.1257          —          —          —     0.0018     0.0000 |   0.1285   0.145
  75    5     0.0001          —     0.1276          —          —          —     0.0000     0.0000 |   0.1277   0.063
  76    1     0.0006          —     0.1154          —          —          —     0.0002     0.0001 |   0.1164   0.035
  77    0     0.0000          —     0.1173          —          —          —     0.0000     0.0000 |   0.1174   0.059
  78    9     0.0007          —     0.1147          —          —          —     0.0001     0.0000 |   0.1157   0.032
  79    3     0.0001          —     0.1124          —          —          —     0.0001     0.0000 |   0.1126   0.031
  80    8     0.0001          —     0.1168          —          —          —     0.0000     0.0000 |   0.1169   0.037
  81    7     0.0000          —     0.1227          —          —          —     0.0003     0.0000 |   0.1232   0.056
  82    8     0.0004          —     0.1157          —          —          —     0.0000     0.0000 |   0.1161   0.046
  83    4     0.0003          —     0.1262          —          —          —     0.0002     0.0002 |   0.1271   0.067
  84    5     0.0002          —     0.1206          —          —          —     0.0000     0.0000 |   0.1208   0.062
  85    2     0.0002          —     0.1332          —          —          —     0.0003     0.0001 |   0.1339   0.092
  86    0     0.0000          —     0.1134          —          —          —     0.0001     0.0000 |   0.1136   0.038
  87    6     0.0002          —     0.1203          —          —          —     0.0001     0.0001 |   0.1207   0.054
  88    9     0.0002          —     0.1159          —          —          —     0.0000     0.0000 |   0.1161   0.033
  89    3     0.0000          —     0.1182          —          —          —     0.0000     0.0000 |   0.1183   0.058
  90    1     0.0002          —     0.1183          —          —          —     0.0006     0.0001 |   0.1196   0.065
  91    8     0.0001          —     0.1184          —          —          —     0.0000     0.0000 |   0.1185   0.041
  92    4     0.0006          —     0.1214          —          —          —     0.0002     0.0001 |   0.1225   0.037
  93    9     0.0002          —     0.1113          —          —          —     0.0000     0.0000 |   0.1115   0.039
  94    1     0.0000          —     0.1177          —          —          —     0.0004     0.0001 |   0.1184   0.062
  95    0     0.0001          —     0.1144          —          —          —     0.0001     0.0000 |   0.1145   0.039
  96    7     0.0000          —     0.1216          —          —          —     0.0033     0.0000 |   0.1266   0.161
  97    5     0.0000          —     0.1281          —          —          —     0.0000     0.0000 |   0.1282   0.082
  98    2     0.0000          —     0.1206          —          —          —     0.0000     0.0000 |   0.1206   0.045
  99    6     0.0000          —     0.1152          —          —          —     0.0000     0.0000 |   0.1154   0.042
 100    3     0.0000          —     0.1100          —          —          —     0.0001     0.0000 |   0.1102   0.027
   1    2     0.0205          —     0.1831          —          —          —     0.0011     0.0017 |   0.2078   0.668
   2    7     0.0454          —     0.1768          —          —          —     0.0007     0.0020 |   0.2263   0.486
   3    3     0.0264          —     0.1622          —          —          —     0.0011     0.0025 |   0.1941   0.160
   4    0     0.0099          —     0.1679          —          —          —     0.0009     0.0002 |   0.1794   0.141
   5    5     0.0020          —     0.1657          —          —          —     0.0004     0.0006 |   0.1692   0.055
   6    4     0.0099          —     0.1630          —          —          —     0.0005     0.0004 |   0.1742   0.120
   7    1     0.0094          —     0.1537          —          —          —     0.0003     0.0001 |   0.1638   0.094
   8    6     0.0527          —     0.1560          —          —          —     0.0004     0.0001 |   0.2095   0.223
   9    8     0.0293          —     0.1703          —          —          —     0.0084     0.0104 |   0.2277   0.322
  10    9     0.0023          —     0.1741          —          —          —     0.0015     0.0028 |   0.1827   0.136
  11    1     0.0128          —     0.1661          —          —          —     0.0000     0.0000 |   0.1790   0.307
  12    5     0.0187          —     0.1584          —          —          —     0.0006     0.0005 |   0.1787   0.121
  13    2     0.0120          —     0.1664          —          —          —     0.0025     0.0052 |   0.1899   0.174
  14    8     0.0201          —     0.1618          —          —          —     0.0046     0.0099 |   0.2036   0.273
  15    9     0.0009          —     0.1675          —          —          —     0.0056     0.0089 |   0.1902   0.133
  16    4     0.0313          —     0.1605          —          —          —     0.0004     0.0002 |   0.1927   0.258
  17    6     0.0033          —     0.1601          —          —          —     0.0007     0.0002 |   0.1648   0.065
  18    3     0.0083          —     0.1600          —          —          —     0.0011     0.0013 |   0.1719   0.147
  19    7     0.0006          —     0.1705          —          —          —     0.0003     0.0008 |   0.1727   0.085
  20    0     0.0023          —     0.1752          —          —          —     0.0014     0.0003 |   0.1801   0.087
  21    5     0.0233          —     0.1549          —          —          —     0.0004     0.0007 |   0.1797   0.248
  22    0     0.0197          —     0.1703          —          —          —     0.0010     0.0005 |   0.1922   0.289
  23    9     0.0027          —     0.1638          —          —          —     0.0073     0.0064 |   0.1870   0.180
  24    2     0.0096          —     0.1751          —          —          —     0.0022     0.0030 |   0.1925   0.250
  25    6     0.0055          —     0.1539          —          —          —     0.0002     0.0001 |   0.1599   0.118
  26    7     0.0001          —     0.1635          —          —          —     0.0012     0.0003 |   0.1659   0.062
  27    1     0.0156          —     0.1575          —          —          —     0.0001     0.0000 |   0.1732   0.119
  28    4     0.0022          —     0.1615          —          —          —     0.0002     0.0001 |   0.1641   0.087
  29    8     0.0006          —     0.1644          —          —          —     0.0004     0.0015 |   0.1678   0.657
  30    3     0.0119          —     0.1629          —          —          —     0.0010     0.0028 |   0.1805   0.189
  31    5     0.0035          —     0.1571          —          —          —     0.0004     0.0005 |   0.1619   0.109
  32    2     0.0001          —     0.1643          —          —          —     0.0003     0.0033 |   0.1698   0.091
  33    9     0.0005          —     0.1653          —          —          —     0.0040     0.0045 |   0.1785   0.192
  34    0     0.0025          —     0.1677          —          —          —     0.0008     0.0002 |   0.1717   0.106
  35    4     0.0001          —     0.1594          —          —          —     0.0003     0.0005 |   0.1607   0.107
  36    6     0.0003          —     0.1521          —          —          —     0.0006     0.0002 |   0.1535   0.069
  37    3     0.0000          —     0.1580          —          —          —     0.0006     0.0010 |   0.1604   0.066
  38    8     0.0001          —     0.1706          —          —          —     0.0060     0.0052 |   0.1875   0.254
  39    1     0.0008          —     0.1523          —          —          —     0.0001     0.0000 |   0.1532   0.070
  40    7     0.0117          —     0.1629          —          —          —     0.0002     0.0006 |   0.1758   0.103
  41    0     0.0072          —     0.1696          —          —          —     0.0006     0.0003 |   0.1781   0.129
  42    7     0.0008          —     0.1692          —          —          —     0.0003     0.0002 |   0.1708   0.075
  43    4     0.0010          —     0.1612          —          —          —     0.0002     0.0001 |   0.1626   0.134
  44    2     0.0064          —     0.1606          —          —          —     0.0006     0.0012 |   0.1697   0.090
  45    5     0.0058          —     0.1628          —          —          —     0.0004     0.0007 |   0.1703   0.159
  46    1     0.0009          —     0.1504          —          —          —     0.0002     0.0001 |   0.1517   0.061
  47    3     0.0018          —     0.1522          —          —          —     0.0003     0.0008 |   0.1556   0.063
  48    6     0.0005          —     0.1411          —          —          —     0.0001     0.0000 |   0.1418   0.038
  49    9     0.0073          —     0.1572          —          —          —     0.0008     0.0010 |   0.1673   0.119
  50    8     0.0007          —     0.1582          —          —          —     0.0020     0.0024 |   0.1656   0.092
  51    8     0.0033          —     0.1513          —          —          —     0.0005     0.0005 |   0.1562   0.076
  52    0     0.0002          —     0.1547          —          —          —     0.0009     0.0002 |   0.1565   0.050
  53    9     0.0020          —     0.1564          —          —          —     0.0017     0.0026 |   0.1648   0.117
  54    2     0.0006          —     0.1539          —          —          —     0.0003     0.0036 |   0.1603   0.085
  55    7     0.0001          —     0.1560          —          —          —     0.0002     0.0002 |   0.1567   0.075
  56    6     0.0021          —     0.1451          —          —          —     0.0004     0.0001 |   0.1479   0.059
  57    4     0.0047          —     0.1625          —          —          —     0.0003     0.0003 |   0.1679   0.078
  58    3     0.0000          —     0.1516          —          —          —     0.0004     0.0005 |   0.1528   0.056
  59    5     0.0036          —     0.1519          —          —          —     0.0007     0.0007 |   0.1575   0.116
  60    1     0.0000          —     0.1489          —          —          —     0.0004     0.0001 |   0.1497   0.054
  61    3     0.0091          —     0.1453          —          —          —     0.0002     0.0001 |   0.1548   0.119
  62    9     0.0063          —     0.1553          —          —          —     0.0011     0.0002 |   0.1635   0.161
  63    8     0.0025          —     0.1469          —          —          —     0.0006     0.0012 |   0.1521   0.064
  64    5     0.0002          —     0.1475          —          —          —     0.0002     0.0005 |   0.1489   0.046
  65    7     0.0006          —     0.1440          —          —          —     0.0004     0.0006 |   0.1462   0.059
  66    1     0.0000          —     0.1433          —          —          —     0.0002     0.0001 |   0.1437   0.040
  67    6     0.0051          —     0.1416          —          —          —     0.0002     0.0001 |   0.1471   0.092
  68    0     0.0037          —     0.1521          —          —          —     0.0013     0.0003 |   0.1583   0.144
  69    2     0.0160          —     0.1506          —          —          —     0.0007     0.0006 |   0.1684   0.154
  70    4     0.0054          —     0.1457          —          —          —     0.0001     0.0000 |   0.1513   0.096
  71    9     0.0011          —     0.1535          —          —          —     0.0002     0.0013 |   0.1568   0.089
  72    1     0.0000          —     0.1448          —          —          —     0.0002     0.0001 |   0.1452   0.041
  73    5     0.0011          —     0.1531          —          —          —     0.0006     0.0006 |   0.1561   0.050
  74    8     0.0008          —     0.1434          —          —          —     0.0009     0.0019 |   0.1483   0.080
  75    7     0.0013          —     0.1494          —          —          —     0.0003     0.0006 |   0.1520   0.201
  76    0     0.0165          —     0.1504          —          —          —     0.0005     0.0001 |   0.1679   0.185
  77    4     0.0002          —     0.1506          —          —          —     0.0002     0.0002 |   0.1514   0.064
  78    3     0.0007          —     0.1441          —          —          —     0.0000     0.0001 |   0.1449   0.066
  79    6     0.0061          —     0.1456          —          —          —     0.0002     0.0000 |   0.1521   0.123
  80    2     0.0091          —     0.1457          —          —          —     0.0002     0.0012 |   0.1568   0.135
  81    6     0.0014          —     0.1437          —          —          —     0.0004     0.0001 |   0.1459   0.066
  82    1     0.0088          —     0.1426          —          —          —     0.0003     0.0001 |   0.1520   0.150
  83    0     0.0035          —     0.1464          —          —          —     0.0012     0.0002 |   0.1520   0.102
  84    7     0.0056          —     0.1458          —          —          —     0.0002     0.0004 |   0.1522   0.226
  85    8     0.0027          —     0.1415          —          —          —     0.0005     0.0007 |   0.1461   0.090
  86    2     0.0012          —     0.1458          —          —          —     0.0003     0.0002 |   0.1477   0.058
  87    5     0.0078          —     0.1445          —          —          —     0.0002     0.0011 |   0.1543   0.102
  88    4     0.0004          —     0.1426          —          —          —     0.0002     0.0002 |   0.1437   0.042
  89    3     0.0001          —     0.1473          —          —          —     0.0003     0.0002 |   0.1481   0.053
  90    9     0.0001          —     0.1460          —          —          —     0.0004     0.0006 |   0.1476   0.047
  91    7     0.0007          —     0.1426          —          —          —     0.0003     0.0005 |   0.1445   0.055
  92    1     0.0000          —     0.1457          —          —          —     0.0002     0.0000 |   0.1460   0.037
  93    9     0.0004          —     0.1568          —          —          —     0.0008     0.0027 |   0.1625   0.096
  94    2     0.0000          —     0.1576          —          —          —     0.0003     0.0007 |   0.1590   0.059
  95    8     0.0005          —     0.1432          —          —          —     0.0004     0.0003 |   0.1447   0.050
  96    5     0.0036          —     0.1394          —          —          —     0.0002     0.0003 |   0.1438   0.102
  97    0     0.0002          —     0.1470          —          —          —     0.0007     0.0002 |   0.1484   0.075
  98    4     0.0014          —     0.1472          —          —          —     0.0003     0.0001 |   0.1493   0.057
  99    3     0.0031          —     0.1466          —          —          —     0.0002     0.0002 |   0.1502   0.103
 100    6     0.0041          —     0.1393          —          —          —     0.0002     0.0001 |   0.1437   0.073
   1    3     0.0010          —     0.1204          —          —          —     0.0000     0.0000 |   0.1215   0.074
   2    4     0.0005          —     0.1404          —          —          —     0.0001     0.0000 |   0.1410   0.081
   3    5     0.0000          —     0.1322          —          —          —     0.0001     0.0000 |   0.1324   0.030
   4    9     0.0034          —     0.1685          —          —          —     0.0208     0.0025 |   0.2069   1.184
   5    2     0.0009          —     0.1545          —          —          —     0.0036     0.0010 |   0.1624   0.297
   6    8     0.0001          —     0.1247          —          —          —     0.0000     0.0000 |   0.1248   0.022
   7    7     0.0007          —     0.1567          —          —          —     0.0004     0.0001 |   0.1581   0.243
   8    6     0.0000          —     0.1182          —          —          —     0.0000     0.0000 |   0.1182   0.027
   9    0     0.0001          —     0.1173          —          —          —     0.0000     0.0000 |   0.1174   0.019
  10    1     0.0002          —     0.1243          —          —          —     0.0010     0.0000 |   0.1260   0.035
  11    7     0.0019          —     0.1550          —          —          —     0.0001     0.0000 |   0.1571   0.266
  12    0     0.0000          —     0.1214          —          —          —     0.0001     0.0000 |   0.1216   0.047
  13    4     0.0002          —     0.1416          —          —          —     0.0000     0.0000 |   0.1419   0.176
  14    6     0.0020          —     0.1359          —          —          —     0.0001     0.0001 |   0.1381   0.136
  15    2     0.0012          —     0.1432          —          —          —     0.0048     0.0022 |   0.1550   0.327
  16    1     0.0047          —     0.1280          —          —          —     0.0012     0.0000 |   0.1345   0.073
  17    8     0.0000          —     0.1248          —          —          —     0.0001     0.0000 |   0.1252   0.023
  18    3     0.0001          —     0.1209          —          —          —     0.0000     0.0000 |   0.1210   0.023
  19    5     0.0001          —     0.1232          —          —          —     0.0000     0.0000 |   0.1234   0.038
  20    9     0.0006          —     0.1663          —          —          —     0.0017     0.0002 |   0.1697   0.287
  21    3     0.0000          —     0.1228          —          —          —     0.0000     0.0000 |   0.1229   0.025
  22    9     0.0000          —     0.1261          —          —          —     0.0001     0.0000 |   0.1262   0.025
  23    6     0.0001          —     0.1250          —          —          —     0.0000     0.0000 |   0.1252   0.029
  24    2     0.0001          —     0.1285          —          —          —     0.0008     0.0005 |   0.1306   0.048
  25    5     0.0000          —     0.1317          —          —          —     0.0000     0.0000 |   0.1319   0.029
  26    7     0.0000          —     0.1280          —          —          —     0.0001     0.0000 |   0.1282   0.052
  27    8     0.0001          —     0.1205          —          —          —     0.0001     0.0000 |   0.1207   0.024
  28    0     0.0000          —     0.1194          —          —          —     0.0001     0.0000 |   0.1196   0.026
  29    4     0.0001          —     0.1279          —          —          —     0.0000     0.0000 |   0.1280   0.076
  30    1     0.0000          —     0.1204          —          —          —     0.0007     0.0000 |   0.1215   0.030
  31    7     0.0005          —     0.1514          —          —          —     0.0002     0.0001 |   0.1523   0.353
  32    6     0.0000          —     0.1246          —          —          —     0.0000     0.0000 |   0.1247   0.031
  33    1     0.0001          —     0.1209          —          —          —     0.0003     0.0000 |   0.1215   0.032
  34    5     0.0000          —     0.1246          —          —          —     0.0000     0.0000 |   0.1247   0.026
  35    2     0.0000          —     0.1256          —          —          —     0.0000     0.0000 |   0.1257   0.028
  36    3     0.0000          —     0.1176          —          —          —     0.0001     0.0001 |   0.1179   0.024
  37    8     0.0000          —     0.1238          —          —          —     0.0004     0.0001 |   0.1245   0.027
  38    9     0.0000          —     0.1291          —          —          —     0.0000     0.0000 |   0.1291   0.035
  39    4     0.0000          —     0.1246          —          —          —     0.0000     0.0000 |   0.1246   0.027
  40    0     0.0000          —     0.1170          —          —          —     0.0001     0.0000 |   0.1173   0.027
  41    4     0.0000          —     0.1234          —          —          —     0.0000     0.0000 |   0.1235   0.028
  42    6     0.0000          —     0.1166          —          —          —     0.0000     0.0000 |   0.1166   0.029
  43    3     0.0000          —     0.1157          —          —          —     0.0001     0.0001 |   0.1160   0.028
  44    8     0.0000          —     0.1203          —          —          —     0.0002     0.0001 |   0.1207   0.029
  45    5     0.0000          —     0.1203          —          —          —     0.0000     0.0000 |   0.1203   0.025
  46    2     0.0000          —     0.1261          —          —          —     0.0003     0.0003 |   0.1271   0.030
  47    1     0.0000          —     0.1177          —          —          —     0.0005     0.0000 |   0.1184   0.032
  48    7     0.0000          —     0.1230          —          —          —     0.0000     0.0000 |   0.1231   0.030
  49    9     0.0000          —     0.1285          —          —          —     0.0001     0.0000 |   0.1288   0.031
  50    0     0.0000          —     0.1118          —          —          —     0.0001     0.0000 |   0.1120   0.026
  51    7     0.0000          —     0.1231          —          —          —     0.0000     0.0000 |   0.1232   0.027
  52    4     0.0000          —     0.1185          —          —          —     0.0000     0.0000 |   0.1186   0.026
  53    3     0.0000          —     0.1169          —          —          —     0.0001     0.0001 |   0.1173   0.026
  54    5     0.0000          —     0.1201          —          —          —     0.0001     0.0001 |   0.1204   0.028
  55    6     0.0000          —     0.1150          —          —          —     0.0000     0.0000 |   0.1151   0.026
  56    0     0.0001          —     0.1163          —          —          —     0.0000     0.0000 |   0.1164   0.028
  57    9     0.0000          —     0.1242          —          —          —     0.0001     0.0000 |   0.1243   0.032
  58    2     0.0000          —     0.1199          —          —          —     0.0001     0.0001 |   0.1202   0.028
  59    8     0.0000          —     0.1187          —          —          —     0.0001     0.0001 |   0.1190   0.028
  60    1     0.0001          —     0.1134          —          —          —     0.0010     0.0000 |   0.1150   0.035
  61    6     0.0000          —     0.1144          —          —          —     0.0000     0.0000 |   0.1145   0.025
  62    5     0.0000          —     0.1196          —          —          —     0.0000     0.0000 |   0.1197   0.029
  63    4     0.0000          —     0.1123          —          —          —     0.0000     0.0000 |   0.1123   0.024
  64    7     0.0000          —     0.1209          —          —          —     0.0000     0.0000 |   0.1210   0.028
  65    0     0.0000          —     0.1144          —          —          —     0.0001     0.0001 |   0.1146   0.030
  66    8     0.0000          —     0.1196          —          —          —     0.0002     0.0000 |   0.1201   0.029
  67    3     0.0000          —     0.1123          —          —          —     0.0002     0.0001 |   0.1128   0.026
  68    1     0.0000          —     0.1132          —          —          —     0.0013     0.0000 |   0.1151   0.036
  69    2     0.0000          —     0.1258          —          —          —     0.0003     0.0001 |   0.1265   0.031
  70    9     0.0001          —     0.1236          —          —          —     0.0000     0.0000 |   0.1238   0.039
  71    0     0.0000          —     0.1106          —          —          —     0.0001     0.0000 |   0.1109   0.028
  72    3     0.0000          —     0.1198          —          —          —     0.0000     0.0001 |   0.1200   0.028
  73    6     0.0000          —     0.1138          —          —          —     0.0001     0.0000 |   0.1139   0.025
  74    9     0.0000          —     0.1248          —          —          —     0.0000     0.0000 |   0.1248   0.034
  75    5     0.0000          —     0.1198          —          —          —     0.0000     0.0000 |   0.1198   0.029
  76    2     0.0000          —     0.1185          —          —          —     0.0000     0.0000 |   0.1186   0.025
  77    4     0.0000          —     0.1197          —          —          —     0.0000     0.0000 |   0.1197   0.028
  78    1     0.0000          —     0.1117          —          —          —     0.0007     0.0000 |   0.1129   0.032
  79    7     0.0000          —     0.1173          —          —          —     0.0000     0.0000 |   0.1174   0.025
  80    8     0.0000          —     0.1164          —          —          —     0.0001     0.0000 |   0.1166   0.026
  81    8     0.0002          —     0.1142          —          —          —     0.0000     0.0000 |   0.1145   0.028
  82    5     0.0000          —     0.1152          —          —          —     0.0000     0.0000 |   0.1153   0.026
  83    4     0.0000          —     0.1171          —          —          —     0.0000     0.0000 |   0.1172   0.031
  84    1     0.0000          —     0.1150          —          —          —     0.0005     0.0000 |   0.1159   0.033
  85    0     0.0000          —     0.1071          —          —          —     0.0001     0.0000 |   0.1073   0.024
  86    9     0.0000          —     0.1243          —          —          —     0.0001     0.0000 |   0.1244   0.031
  87    6     0.0000          —     0.1136          —          —          —     0.0000     0.0000 |   0.1137   0.025
  88    3     0.0000          —     0.1138          —          —          —     0.0000     0.0000 |   0.1139   0.028
  89    7     0.0000          —     0.1192          —          —          —     0.0000     0.0000 |   0.1193   0.027
  90    2     0.0000          —     0.1164          —          —          —     0.0001     0.0001 |   0.1166   0.024
  91    4     0.0000          —     0.1142          —          —          —     0.0000     0.0000 |   0.1142   0.026
  92    6     0.0000          —     0.1122          —          —          —     0.0000     0.0000 |   0.1123   0.027
  93    7     0.0000          —     0.1214          —          —          —     0.0000     0.0000 |   0.1214   0.027
  94    8     0.0000          —     0.1172          —          —          —     0.0001     0.0000 |   0.1174   0.026
  95    3     0.0001          —     0.1103          —          —          —     0.0000     0.0000 |   0.1104   0.024
  96    9     0.0000          —     0.1211          —          —          —     0.0000     0.0000 |   0.1212   0.030
  97    5     0.0000          —     0.1177          —          —          —     0.0000     0.0000 |   0.1178   0.026
  98    1     0.0001          —     0.1139          —          —          —     0.0008     0.0000 |   0.1152   0.034
  99    0     0.0000          —     0.1134          —          —          —     0.0001     0.0000 |   0.1135   0.026
 100    2     0.0000          —     0.1225          —          —          —     0.0005     0.0004 |   0.1238   0.034
   1    9     0.0001          —     0.1301          —          —          —     0.0000     0.0000 |   0.1302   0.024
   2    3     0.0000          —     0.1447          —          —          —     0.0001     0.0000 |   0.1448   0.025
   3    7     0.0001          —     0.1351          —          —          —     0.0000     0.0000 |   0.1353   0.028
   4    6     0.0000          —     0.1405          —          —          —     0.0000     0.0000 |   0.1406   0.022
   5    0     0.0001          —     0.1216          —          —          —     0.0000     0.0000 |   0.1218   0.017
   6    4     0.0000          —     0.1447          —          —          —     0.0000     0.0000 |   0.1448   0.033
   7    8     0.0002          —     0.1317          —          —          —     0.0000     0.0000 |   0.1320   0.021
   8    1     0.0000          —     0.1549          —          —          —     0.0000     0.0000 |   0.1549   0.045
   9    2     0.0000          —     0.1256          —          —          —     0.0000     0.0000 |   0.1257   0.025
  10    5     0.0003          —     0.1341          —          —          —     0.0000     0.0000 |   0.1343   0.026
  11    1     0.0001          —     0.1459          —          —          —     0.0000     0.0000 |   0.1460   0.041
  12    5     0.0008          —     0.1313          —          —          —     0.0000     0.0000 |   0.1321   0.021
  13    9     0.0001          —     0.1302          —          —          —     0.0000     0.0000 |   0.1303   0.033
  14    2     0.0001          —     0.1216          —          —          —     0.0000     0.0000 |   0.1216   0.021
  15    6     0.0000          —     0.1356          —          —          —     0.0000     0.0000 |   0.1357   0.023
  16    3     0.0001          —     0.1428          —          —          —     0.0001     0.0000 |   0.1430   0.029
  17    4     0.0000          —     0.1483          —          —          —     0.0001     0.0000 |   0.1484   0.037
  18    0     0.0001          —     0.1216          —          —          —     0.0000     0.0000 |   0.1217   0.022
  19    7     0.0000          —     0.1267          —          —          —     0.0000     0.0000 |   0.1268   0.026
  20    8     0.0000          —     0.1305          —          —          —     0.0000     0.0000 |   0.1305   0.024
  21    4     0.0001          —     0.1375          —          —          —     0.0000     0.0000 |   0.1376   0.035
  22    6     0.0000          —     0.1355          —          —          —     0.0001     0.0000 |   0.1357   0.028
  23    2     0.0001          —     0.1164          —          —          —     0.0000     0.0000 |   0.1165   0.021
  24    1     0.0001          —     0.1422          —          —          —     0.0000     0.0000 |   0.1423   0.043
  25    8     0.0000          —     0.1233          —          —          —     0.0000     0.0000 |   0.1233   0.024
  26    7     0.0000          —     0.1235          —          —          —     0.0000     0.0000 |   0.1236   0.028
  27    3     0.0000          —     0.1376          —          —          —     0.0001     0.0000 |   0.1378   0.031
  28    9     0.0002          —     0.1209          —          —          —     0.0000     0.0000 |   0.1211   0.025
  29    5     0.0003          —     0.1174          —          —          —     0.0000     0.0000 |   0.1177   0.025
  30    0     0.0002          —     0.1175          —          —          —     0.0000     0.0000 |   0.1177   0.022
  31    4     0.0000          —     0.1307          —          —          —     0.0000     0.0000 |   0.1307   0.033
  32    0     0.0002          —     0.1140          —          —          —     0.0000     0.0000 |   0.1142   0.022
  33    7     0.0000          —     0.1104          —          —          —     0.0000     0.0000 |   0.1104   0.022
  34    3     0.0000          —     0.1225          —          —          —     0.0000     0.0000 |   0.1226   0.028
  35    8     0.0000          —     0.1104          —          —          —     0.0000     0.0000 |   0.1105   0.022
  36    2     0.0000          —     0.1060          —          —          —     0.0000     0.0000 |   0.1061   0.024
  37    5     0.0003          —     0.1111          —          —          —     0.0000     0.0000 |   0.1114   0.022
  38    1     0.0000          —     0.1251          —          —          —     0.0000     0.0000 |   0.1252   0.030
  39    9     0.0001          —     0.1127          —          —          —     0.0001     0.0000 |   0.1129   0.024
  40    6     0.0001          —     0.1198          —          —          —     0.0000     0.0000 |   0.1199   0.023
  41    6     0.0001          —     0.1162          —          —          —     0.0000     0.0000 |   0.1162   0.022
  42    2     0.0001          —     0.1045          —          —          —     0.0000     0.0000 |   0.1046   0.020
  43    5     0.0004          —     0.1065          —          —          —     0.0000     0.0000 |   0.1069   0.021
  44    8     0.0000          —     0.1053          —          —          —     0.0000     0.0000 |   0.1053   0.023
  45    7     0.0000          —     0.1038          —          —          —     0.0000     0.0000 |   0.1038   0.020
  46    9     0.0001          —     0.1086          —          —          —     0.0000     0.0000 |   0.1087   0.023
  47    3     0.0001          —     0.1150          —          —          —     0.0001     0.0000 |   0.1152   0.023
  48    4     0.0001          —     0.1159          —          —          —     0.0000     0.0000 |   0.1161   0.036
  49    1     0.0000          —     0.1169          —          —          —     0.0000     0.0000 |   0.1170   0.024
  50    0     0.0002          —     0.0987          —          —          —     0.0000     0.0000 |   0.0990   0.020
  51    5     0.0003          —     0.1050          —          —          —     0.0000     0.0000 |   0.1053   0.021
  52    1     0.0000          —     0.1158          —          —          —     0.0000     0.0000 |   0.1158   0.029
  53    4     0.0001          —     0.1122          —          —          —     0.0000     0.0000 |   0.1123   0.028
  54    8     0.0000          —     0.1028          —          —          —     0.0000     0.0000 |   0.1028   0.022
  55    7     0.0000          —     0.0978          —          —          —     0.0000     0.0000 |   0.0978   0.019
  56    6     0.0000          —     0.1095          —          —          —     0.0001     0.0000 |   0.1097   0.022
  57    9     0.0000          —     0.1039          —          —          —     0.0000     0.0000 |   0.1039   0.021
  58    2     0.0000          —     0.0943          —          —          —     0.0001     0.0000 |   0.0944   0.018
  59    0     0.0003          —     0.0933          —          —          —     0.0000     0.0000 |   0.0936   0.017
  60    3     0.0000          —     0.1099          —          —          —     0.0001     0.0000 |   0.1101   0.029
  61    7     0.0000          —     0.0962          —          —          —     0.0000     0.0000 |   0.0963   0.019
  62    3     0.0001          —     0.1096          —          —          —     0.0002     0.0000 |   0.1099   0.021
  63    4     0.0000          —     0.1108          —          —          —     0.0000     0.0000 |   0.1108   0.029
  64    1     0.0000          —     0.1162          —          —          —     0.0000     0.0000 |   0.1163   0.023
  65    9     0.0001          —     0.0964          —          —          —     0.0000     0.0000 |   0.0965   0.020
  66    2     0.0000          —     0.0924          —          —          —     0.0000     0.0000 |   0.0925   0.017
  67    6     0.0000          —     0.1062          —          —          —     0.0000     0.0000 |   0.1062   0.019
  68    0     0.0002          —     0.0929          —          —          —     0.0000     0.0000 |   0.0931   0.018
  69    5     0.0001          —     0.0962          —          —          —     0.0000     0.0000 |   0.0963   0.017
  70    8     0.0000          —     0.0955          —          —          —     0.0000     0.0000 |   0.0955   0.018
  71    4     0.0001          —     0.1026          —          —          —     0.0000     0.0000 |   0.1028   0.024
  72    8     0.0000          —     0.0949          —          —          —     0.0000     0.0000 |   0.0950   0.023
  73    0     0.0001          —     0.0960          —          —          —     0.0000     0.0000 |   0.0961   0.018
  74    1     0.0000          —     0.1084          —          —          —     0.0000     0.0000 |   0.1085   0.022
  75    7     0.0000          —     0.0946          —          —          —     0.0000     0.0000 |   0.0946   0.018
  76    6     0.0000          —     0.1005          —          —          —     0.0000     0.0000 |   0.1005   0.019
  77    3     0.0000          —     0.1027          —          —          —     0.0000     0.0000 |   0.1028   0.019
  78    2     0.0000          —     0.0895          —          —          —     0.0000     0.0000 |   0.0895   0.017
  79    5     0.0001          —     0.0951          —          —          —     0.0000     0.0000 |   0.0952   0.017
  80    9     0.0001          —     0.0937          —          —          —     0.0000     0.0000 |   0.0939   0.016
  81    3     0.0001          —     0.1055          —          —          —     0.0001     0.0000 |   0.1057   0.022
  82    6     0.0000          —     0.1032          —          —          —     0.0000     0.0000 |   0.1032   0.018
  83    2     0.0000          —     0.0903          —          —          —     0.0000     0.0000 |   0.0904   0.017
  84    5     0.0002          —     0.0930          —          —          —     0.0000     0.0000 |   0.0932   0.017
  85    0     0.0002          —     0.0905          —          —          —     0.0000     0.0000 |   0.0907   0.015
  86    4     0.0000          —     0.1026          —          —          —     0.0000     0.0000 |   0.1027   0.023
  87    1     0.0000          —     0.1040          —          —          —     0.0000     0.0000 |   0.1040   0.020
  88    7     0.0000          —     0.0913          —          —          —     0.0000     0.0000 |   0.0913   0.016
  89    9     0.0001          —     0.0961          —          —          —     0.0000     0.0000 |   0.0962   0.018
  90    8     0.0000          —     0.0941          —          —          —     0.0000     0.0000 |   0.0941   0.017
  91    8     0.0000          —     0.0943          —          —          —     0.0000     0.0000 |   0.0943   0.023
  92    5     0.0004          —     0.0964          —          —          —     0.0000     0.0000 |   0.0968   0.019
  93    0     0.0001          —     0.0912          —          —          —     0.0000     0.0000 |   0.0914   0.015
  94    4     0.0002          —     0.1077          —          —          —     0.0000     0.0000 |   0.1079   0.028
  95    1     0.0000          —     0.1062          —          —          —     0.0000     0.0000 |   0.1063   0.018
  96    9     0.0001          —     0.0951          —          —          —     0.0000     0.0000 |   0.0952   0.018
  97    2     0.0000          —     0.0882          —          —          —     0.0001     0.0000 |   0.0883   0.016
  98    6     0.0000          —     0.1024          —          —          —     0.0000     0.0000 |   0.1024   0.019
  99    3     0.0001          —     0.1014          —          —          —     0.0000     0.0000 |   0.1015   0.019
 100    7     0.0000          —     0.0890          —          —          —     0.0000     0.0000 |   0.0890   0.016
   1    9     0.0001          —     0.2176          —          —          —     0.0360     0.0173 |   0.2977   0.488
   2    8     0.0003          —     0.1771          —          —          —     0.0000     0.0000 |   0.1775   0.060
   3    3     0.0007          —     0.2150          —          —          —     0.0064     0.0034 |   0.2305   0.583
   4    0     0.0204          —     0.1729          —          —          —     0.0003     0.0001 |   0.1940   0.148
   5    1     0.0002          —     0.1769          —          —          —     0.0002     0.0000 |   0.1775   0.062
   6    5     0.0000          —     0.1921          —          —          —     0.0105     0.0048 |   0.2151   0.177
   7    7     0.0005          —     0.2262          —          —          —     0.0024     0.0018 |   0.2330   0.316
   8    2     0.0008          —     0.1634          —          —          —     0.0001     0.0000 |   0.1644   0.045
   9    6     0.0076          —     0.1722          —          —          —     0.0123     0.0032 |   0.2031   0.142
  10    4     0.0148          —     0.1918          —          —          —     0.0018     0.0010 |   0.2109   0.193
  11    0     0.0004          —     0.1666          —          —          —     0.0001     0.0000 |   0.1672   0.068
  12    5     0.0006          —     0.1745          —          —          —     0.0111     0.0052 |   0.1995   0.081
  13    9     0.0157          —     0.2169          —          —          —     0.0189     0.0126 |   0.2799   0.555
  14    6     0.0000          —     0.1944          —          —          —     0.0132     0.0029 |   0.2186   0.116
  15    7     0.0401          —     0.1969          —          —          —     0.0007     0.0011 |   0.2398   0.714
  16    8     0.0012          —     0.1710          —          —          —     0.0001     0.0000 |   0.1724   0.046
  17    2     0.0000          —     0.1578          —          —          —     0.0003     0.0000 |   0.1583   0.037
  18    4     0.0094          —     0.1867          —          —          —     0.0010     0.0028 |   0.2017   0.115
  19    1     0.0008          —     0.1675          —          —          —     0.0002     0.0000 |   0.1685   0.047
  20    3     0.0094          —     0.1931          —          —          —     0.0013     0.0004 |   0.2051   0.280
  21    7     0.0022          —     0.2374          —          —          —     0.0023     0.0054 |   0.2512   0.380
  22    4     0.0068          —     0.1962          —          —          —     0.0011     0.0028 |   0.2087   0.116
  23    6     0.0085          —     0.1880          —          —          —     0.0128     0.0028 |   0.2198   0.157
  24    0     0.0155          —     0.1798          —          —          —     0.0006     0.0001 |   0.1963   0.390
  25    5     0.0000          —     0.1681          —          —          —     0.0110     0.0047 |   0.1917   0.124
  26    1     0.0007          —     0.1691          —          —          —     0.0001     0.0000 |   0.1699   0.047
  27    8     0.0006          —     0.1728          —          —          —     0.0004     0.0000 |   0.1740   0.050
  28    2     0.0006          —     0.1646          —          —          —     0.0002     0.0000 |   0.1656   0.039
  29    3     0.0018          —     0.1965          —          —          —     0.0006     0.0001 |   0.1993   0.140
  30    9     0.0143          —     0.1970          —          —          —     0.0090     0.0024 |   0.2285   0.187
  31    1     0.0010          —     0.1673          —          —          —     0.0014     0.0001 |   0.1706   0.119
  32    0     0.0045          —     0.1592          —          —          —     0.0002     0.0000 |   0.1641   0.160
  33    4     0.0021          —     0.1900          —          —          —     0.0188     0.0178 |   0.2470   0.881
  34    3     0.0254          —     0.1902          —          —          —     0.0064     0.0048 |   0.2325   0.330
  35    6     0.0047          —     0.1820          —          —          —     0.0089     0.0024 |   0.2036   0.252
  36    5     0.0015          —     0.1808          —          —          —     0.0053     0.0029 |   0.1946   0.324
  37    9     0.0242          —     0.2033          —          —          —     0.0114     0.0044 |   0.2512   0.376
  38    2     0.0000          —     0.1583          —          —          —     0.0001     0.0000 |   0.1584   0.056
  39    7     0.0260          —     0.1982          —          —          —     0.0024     0.0122 |   0.2461   0.515
  40    8     0.0008          —     0.1741          —          —          —     0.0005     0.0001 |   0.1758   0.126
  41    5     0.0000          —     0.1602          —          —          —     0.0125     0.0052 |   0.1869   0.083
  42    6     0.0053          —     0.1785          —          —          —     0.0135     0.0029 |   0.2082   0.110
  43    9     0.0078          —     0.1992          —          —          —     0.0082     0.0049 |   0.2266   0.213
  44    0     0.0229          —     0.1675          —          —          —     0.0001     0.0000 |   0.1906   0.100
  45    2     0.0003          —     0.1586          —          —          —     0.0001     0.0000 |   0.1591   0.070
  46    3     0.0324          —     0.2110          —          —          —     0.0081     0.0077 |   0.2671   0.893
  47    4     0.0113          —     0.1872          —          —          —     0.0021     0.0007 |   0.2028   0.220
  48    8     0.0019          —     0.1659          —          —          —     0.0006     0.0001 |   0.1687   0.060
  49    1     0.0005          —     0.1592          —          —          —     0.0003     0.0001 |   0.1603   0.062
  50    7     0.0095          —     0.1852          —          —          —     0.0003     0.0004 |   0.1959   0.267
  51    3     0.0032          —     0.1845          —          —          —     0.0001     0.0001 |   0.1880   0.132
  52    4     0.0089          —     0.1756          —          —          —     0.0021     0.0005 |   0.1885   0.105
  53    0     0.0000          —     0.1607          —          —          —     0.0001     0.0001 |   0.1610   0.075
  54    2     0.0005          —     0.1551          —          —          —     0.0001     0.0000 |   0.1557   0.050
  55    5     0.0000          —     0.1852          —          —          —     0.0090     0.0040 |   0.2047   0.196
  56    6     0.0000          —     0.1764          —          —          —     0.0072     0.0017 |   0.1896   0.165
  57    1     0.0008          —     0.1632          —          —          —     0.0001     0.0000 |   0.1641   0.056
  58    7     0.0011          —     0.1761          —          —          —     0.0007     0.0012 |   0.1799   0.077
  59    8     0.0010          —     0.1625          —          —          —     0.0001     0.0000 |   0.1637   0.079
  60    9     0.0071          —     0.1899          —          —          —     0.0080     0.0039 |   0.2148   0.362
  61    4     0.0034          —     0.1746          —          —          —     0.0008     0.0006 |   0.1802   0.085
  62    3     0.0289          —     0.2090          —          —          —     0.0031     0.0010 |   0.2441   1.019
  63    7     0.0004          —     0.1804          —          —          —     0.0004     0.0015 |   0.1836   0.249
  64    9     0.0104          —     0.1950          —          —          —     0.0105     0.0021 |   0.2242   0.206
  65    6     0.0015          —     0.1708          —          —          —     0.0080     0.0018 |   0.1869   0.201
  66    0     0.0236          —     0.1573          —          —          —     0.0001     0.0001 |   0.1812   0.093
  67    5     0.0024          —     0.1702          —          —          —     0.0085     0.0036 |   0.1909   0.154
  68    1     0.0005          —     0.1591          —          —          —     0.0004     0.0001 |   0.1603   0.054
  69    8     0.0001          —     0.1617          —          —          —     0.0000     0.0002 |   0.1620   0.059
  70    2     0.0004          —     0.1564          —          —          —     0.0005     0.0000 |   0.1575   0.066
  71    5     0.0000          —     0.1523          —          —          —     0.0111     0.0047 |   0.1760   0.089
  72    3     0.0063          —     0.2114          —          —          —     0.0012     0.0004 |   0.2201   0.569
  73    8     0.0006          —     0.1672          —          —          —     0.0000     0.0000 |   0.1679   0.115
  74    1     0.0003          —     0.1546          —          —          —     0.0007     0.0002 |   0.1562   0.045
  75    0     0.0109          —     0.1664          —          —          —     0.0003     0.0000 |   0.1778   0.358
  76    4     0.0066          —     0.1879          —          —          —     0.0030     0.0010 |   0.2004   0.209
  77    2     0.0004          —     0.1551          —          —          —     0.0001     0.0000 |   0.1557   0.144
  78    6     0.0020          —     0.1579          —          —          —     0.0106     0.0024 |   0.1793   0.128
  79    9     0.0088          —     0.1803          —          —          —     0.0070     0.0014 |   0.2017   0.179
  80    7     0.0043          —     0.2006          —          —          —     0.0003     0.0009 |   0.2067   0.316
  81    0     0.0154          —     0.1554          —          —          —     0.0002     0.0000 |   0.1711   0.177
  82    7     0.0337          —     0.1983          —          —          —     0.0012     0.0009 |   0.2353   0.808
  83    5     0.0001          —     0.1654          —          —          —     0.0105     0.0048 |   0.1884   0.301
  84    4     0.0095          —     0.1796          —          —          —     0.0031     0.0005 |   0.1945   0.189
  85    6     0.0086          —     0.1578          —          —          —     0.0002     0.0002 |   0.1669   0.117
  86    3     0.0079          —     0.1713          —          —          —     0.0002     0.0002 |   0.1797   0.175
  87    2     0.0028          —     0.1500          —          —          —     0.0004     0.0000 |   0.1535   0.074
  88    9     0.0060          —     0.1862          —          —          —     0.0034     0.0014 |   0.1995   0.169
  89    8     0.0009          —     0.1541          —          —          —     0.0000     0.0000 |   0.1550   0.044
  90    1     0.0008          —     0.1512          —          —          —     0.0004     0.0001 |   0.1527   0.044
  91    9     0.0220          —     0.1835          —          —          —     0.0063     0.0015 |   0.2172   0.267
  92    4     0.0063          —     0.1804          —          —          —     0.0027     0.0004 |   0.1913   0.161
  93    7     0.0025          —     0.1975          —          —          —     0.0009     0.0005 |   0.2021   0.280
  94    5     0.0096          —     0.1806          —          —          —     0.0095     0.0043 |   0.2108   0.351
  95    2     0.0008          —     0.1462          —          —          —     0.0000     0.0000 |   0.1471   0.042
  96    1     0.0008          —     0.1615          —          —          —     0.0003     0.0001 |   0.1628   0.049
  97    3     0.0005          —     0.1699          —          —          —     0.0005     0.0001 |   0.1714   0.110
  98    0     0.0220          —     0.1559          —          —          —     0.0003     0.0000 |   0.1784   0.126
  99    8     0.0005          —     0.1574          —          —          —     0.0000     0.0000 |   0.1579   0.067
 100    6     0.0202          —     0.1698          —          —          —     0.0003     0.0004 |   0.1911   0.232
   1    1     0.0037          —     0.1490          —          —          —     0.0001     0.0000 |   0.1528   0.118
   2    8     0.0363          —     0.2930          —          —          —     0.0053     0.0098 |   0.3519   0.823
   3    3     0.0000          —     0.1375          —          —          —     0.0000     0.0000 |   0.1376   0.028
   4    6     0.0006          —     0.1442          —          —          —     0.0012     0.0004 |   0.1473   0.060
   5    9     0.0005          —     0.1352          —          —          —     0.0000     0.0001 |   0.1359   0.044
   6    5     0.0123          —     0.1500          —          —          —     0.0001     0.0011 |   0.1641   0.184
   7    7     0.0000          —     0.1578          —          —          —     0.0000     0.0000 |   0.1578   0.054
   8    2     0.5057          —     0.2766          —          —          —     0.1762     0.0845 |   1.1733   1.653
   9    4     0.0001          —     0.1386          —          —          —     0.0002     0.0000 |   0.1390   0.045
  10    0     0.3289          —     0.3762          —          —          —     0.0920     0.0771 |   0.9588   1.466
  11    7     0.0000          —     0.1451          —          —          —     0.0001     0.0000 |   0.1453   0.045
  12    1     0.0002          —     0.1394          —          —          —     0.0000     0.0000 |   0.1397   0.059
  13    9     0.0003          —     0.1345          —          —          —     0.0000     0.0001 |   0.1350   0.037
  14    2     0.0789          —     0.2291          —          —          —     0.0147     0.0056 |   0.3384   4.907
  15    0     0.0495          —     0.2264          —          —          —     0.0048     0.0149 |   0.3055   0.721
  16    6     0.0004          —     0.1460          —          —          —     0.0002     0.0001 |   0.1468   0.037
  17    8     0.0433          —     0.2796          —          —          —     0.0037     0.0059 |   0.3374   0.530
  18    4     0.0003          —     0.1313          —          —          —     0.0001     0.0000 |   0.1317   0.031
  19    5     0.0006          —     0.1545          —          —          —     0.0000     0.0001 |   0.1553   0.092
  20    3     0.0000          —     0.1361          —          —          —     0.0000     0.0000 |   0.1361   0.029
  21    1     0.0001          —     0.1454          —          —          —     0.0003     0.0000 |   0.1461   0.092
  22    4     0.0000          —     0.1395          —          —          —     0.0001     0.0000 |   0.1397   0.043
  23    7     0.0000          —     0.1408          —          —          —     0.0000     0.0000 |   0.1408   0.024
  24    2     0.0251          —     0.2091          —          —          —     0.0085     0.0026 |   0.2509   1.281
  25    0     0.0675          —     0.2326          —          —          —     0.0034     0.0166 |   0.3300   1.169
  26    9     0.0003          —     0.1309          —          —          —     0.0000     0.0001 |   0.1313   0.028
  27    3     0.0000          —     0.1297          —          —          —     0.0000     0.0000 |   0.1297   0.029
  28    6     0.0002          —     0.1421          —          —          —     0.0004     0.0001 |   0.1431   0.032
  29    8     0.2258          —     0.3449          —          —          —     0.0296     0.0268 |   0.6553   2.030
  30    5     0.0174          —     0.1578          —          —          —     0.0001     0.0018 |   0.1780   0.287
  31    4     0.0001          —     0.1334          —          —          —     0.0000     0.0000 |   0.1335   0.036
  32    3     0.0000          —     0.1302          —          —          —     0.0000     0.0000 |   0.1303   0.027
  33    7     0.0000          —     0.1381          —          —          —     0.0001     0.0000 |   0.1383   0.061
  34    0     0.0275          —     0.2284          —          —          —     0.0143     0.0055 |   0.2857   1.379
  35    1     0.0002          —     0.1459          —          —          —     0.0002     0.0000 |   0.1464   0.139
  36    6     0.0002          —     0.1411          —          —          —     0.0001     0.0001 |   0.1415   0.036
  37    9     0.0006          —     0.1303          —          —          —     0.0000     0.0001 |   0.1310   0.035
  38    5     0.0496          —     0.1433          —          —          —     0.0002     0.0041 |   0.1994   0.429
  39    8     0.0403          —     0.2310          —          —          —     0.0030     0.0070 |   0.2862   0.457
  40    2     0.0144          —     0.1771          —          —          —     0.0038     0.0022 |   0.2005   0.449
  41    2     0.2378          —     0.2394          —          —          —     0.0625     0.0306 |   0.6168   9.536
  42    9     0.0003          —     0.1342          —          —          —     0.0000     0.0002 |   0.1348   0.086
  43    6     0.0003          —     0.1479          —          —          —     0.0012     0.0005 |   0.1507   0.094
  44    3     0.0001          —     0.1300          —          —          —     0.0000     0.0000 |   0.1301   0.035
  45    7     0.0000          —     0.1397          —          —          —     0.0001     0.0000 |   0.1398   0.032
  46    8     0.0153          —     0.2234          —          —          —     0.0009     0.0018 |   0.2427   0.365
  47    4     0.0006          —     0.1345          —          —          —     0.0000     0.0000 |   0.1351   0.036
  48    5     0.0065          —     0.1435          —          —          —     0.0001     0.0006 |   0.1510   0.475
  49    1     0.0006          —     0.1745          —          —          —     0.0002     0.0000 |   0.1755   0.371
  50    0     0.1762          —     0.3086          —          —          —     0.0207     0.0100 |   0.5309   2.686
  51    6     0.0002          —     0.1446          —          —          —     0.0002     0.0002 |   0.1453   0.044
  52    1     0.0000          —     0.1324          —          —          —     0.0002     0.0000 |   0.1327   0.051
  53    5     0.0249          —     0.1526          —          —          —     0.0002     0.0025 |   0.1816   0.390
  54    2     0.0041          —     0.2002          —          —          —     0.0019     0.0053 |   0.2151   0.974
  55    4     0.0000          —     0.1336          —          —          —     0.0000     0.0000 |   0.1336   0.035
  56    0     0.0000          —     0.2151          —          —          —     0.0067     0.0006 |   0.2261   0.304
  57    7     0.0000          —     0.1627          —          —          —     0.0011     0.0002 |   0.1647   0.364
  58    9     0.0015          —     0.1328          —          —          —     0.0000     0.0002 |   0.1346   0.052
  59    3     0.0000          —     0.1323          —          —          —     0.0001     0.0000 |   0.1324   0.034
  60    8     0.0469          —     0.3822          —          —          —     0.0051     0.0042 |   0.4430   1.190
  61    8     0.0010          —     0.2540          —          —          —     0.0002     0.0001 |   0.2555   0.529
  62    7     0.0000          —     0.1534          —          —          —     0.0004     0.0001 |   0.1541   0.267
  63    2     0.0000          —     0.1743          —          —          —     0.0012     0.0003 |   0.1765   0.171
  64    6     0.0003          —     0.1357          —          —          —     0.0003     0.0002 |   0.1368   0.038
  65    9     0.0014          —     0.1339          —          —          —     0.0001     0.0003 |   0.1359   0.043
  66    0     0.0142          —     0.2189          —          —          —     0.0071     0.0026 |   0.2478   1.513
  67    5     0.0108          —     0.1387          —          —          —     0.0001     0.0009 |   0.1510   0.195
  68    1     0.0000          —     0.1340          —          —          —     0.0000     0.0000 |   0.1340   0.030
  69    3     0.0000          —     0.1260          —          —          —     0.0000     0.0000 |   0.1260   0.039
  70    4     0.0000          —     0.1316          —          —          —     0.0003     0.0001 |   0.1321   0.044
  71    3     0.0000          —     0.1373          —          —          —     0.0000     0.0000 |   0.1374   0.035
  72    5     0.0213          —     0.1482          —          —          —     0.0001     0.0018 |   0.1723   0.562
  73    2     0.0005          —     0.1788          —          —          —     0.0011     0.0002 |   0.1814   0.217
  74    1     0.0000          —     0.1520          —          —          —     0.0003     0.0000 |   0.1525   0.326
  75    9     0.0000          —     0.1283          —          —          —     0.0000     0.0000 |   0.1283   0.035
  76    6     0.0001          —     0.1348          —          —          —     0.0004     0.0001 |   0.1357   0.034
  77    7     0.0001          —     0.1460          —          —          —     0.0004     0.0001 |   0.1468   0.208
  78    4     0.0000          —     0.1331          —          —          —     0.0001     0.0000 |   0.1333   0.040
  79    0     0.0045          —     0.2043          —          —          —     0.0026     0.0004 |   0.2133   0.464
  80    8     0.0110          —     0.2431          —          —          —     0.0010     0.0024 |   0.2592   0.810
  81    9     0.0000          —     0.1347          —          —          —     0.0000     0.0000 |   0.1349   0.048
  82    0     0.0026          —     0.1948          —          —          —     0.0030     0.0003 |   0.2024   2.448
  83    3     0.0000          —     0.1293          —          —          —     0.0000     0.0000 |   0.1293   0.037
  84    7     0.0001          —     0.1500          —          —          —     0.0004     0.0001 |   0.1508   0.192
  85    1     0.0001          —     0.1457          —          —          —     0.0005     0.0000 |   0.1466   0.119
  86    8     0.0265          —     0.3193          —          —          —     0.0037     0.0024 |   0.3549   1.352
  87    5     0.0413          —     0.1453          —          —          —     0.0002     0.0039 |   0.1927   0.462
  88    6     0.0000          —     0.1394          —          —          —     0.0001     0.0001 |   0.1397   0.040
  89    2     0.0499          —     0.2118          —          —          —     0.0114     0.0091 |   0.2924   6.978
  90    4     0.0000          —     0.1287          —          —          —     0.0000     0.0000 |   0.1288   0.034
  91    1     0.0000          —     0.1314          —          —          —     0.0001     0.0000 |   0.1316   0.044
  92    5     0.0389          —     0.1452          —          —          —     0.0003     0.0035 |   0.1897   0.225
  93    8     0.0089          —     0.3386          —          —          —     0.0014     0.0002 |   0.3499   0.958
  94    3     0.0001          —     0.1315          —          —          —     0.0000     0.0000 |   0.1317   0.038
  95    2     0.0029          —     0.1669          —          —          —     0.0002     0.0006 |   0.1709   0.160
  96    4     0.0000          —     0.1325          —          —          —     0.0000     0.0000 |   0.1326   0.038
  97    9     0.0003          —     0.1320          —          —          —     0.0000     0.0001 |   0.1324   0.072
  98    7     0.0000          —     0.1474          —          —          —     0.0000     0.0000 |   0.1475   0.058
  99    6     0.0003          —     0.1424          —          —          —     0.0001     0.0001 |   0.1428   0.040
 100    0     0.0018          —     0.2183          —          —          —     0.0054     0.0009 |   0.2295   0.202
   1    6     0.0000          —     0.1543          —          —          —     0.0002     0.0000 |   0.1546   0.062
   2    5     0.0000          —     0.1562          —          —          —     0.0000     0.0000 |   0.1562   0.084
   3    3     0.0000          —     0.1495          —          —          —     0.0000     0.0000 |   0.1496   0.044
   4    7     0.0001          —     0.1601          —          —          —     0.0000     0.0001 |   0.1604   0.051
   5    8     0.0000          —     0.1503          —          —          —     0.0000     0.0000 |   0.1503   0.058
   6    2     0.0000          —     0.1524          —          —          —     0.0000     0.0000 |   0.1525   0.047
   7    9     0.0000          —     0.1502          —          —          —     0.0002     0.0000 |   0.1507   0.042
   8    1     0.0001          —     0.1726          —          —          —     0.0000     0.0001 |   0.1729   0.063
   9    4     0.0002          —     0.1338          —          —          —     0.0000     0.0000 |   0.1341   0.034
  10    0     0.0001          —     0.1301          —          —          —     0.0000     0.0000 |   0.1302   0.029
  11    0     0.0000          —     0.1319          —          —          —     0.0000     0.0000 |   0.1319   0.031
  12    4     0.0000          —     0.1434          —          —          —     0.0000     0.0000 |   0.1434   0.039
  13    5     0.0005          —     0.1495          —          —          —     0.0000     0.0001 |   0.1502   0.056
  14    8     0.0000          —     0.1349          —          —          —     0.0000     0.0000 |   0.1350   0.034
  15    2     0.0009          —     0.1457          —          —          —     0.0003     0.0003 |   0.1474   0.048
  16    9     0.0012          —     0.1631          —          —          —     0.0010     0.0005 |   0.1666   0.185
  17    6     0.0000          —     0.1521          —          —          —     0.0000     0.0000 |   0.1522   0.041
  18    1     0.0003          —     0.1710          —          —          —     0.0001     0.0000 |   0.1714   0.072
  19    7     0.0000          —     0.1632          —          —          —     0.0000     0.0000 |   0.1633   0.060
  20    3     0.0000          —     0.1502          —          —          —     0.0000     0.0000 |   0.1503   0.047
  21    4     0.0001          —     0.1310          —          —          —     0.0001     0.0000 |   0.1313   0.037
  22    6     0.0002          —     0.1425          —          —          —     0.0000     0.0001 |   0.1429   0.042
  23    5     0.0007          —     0.1415          —          —          —     0.0000     0.0001 |   0.1423   0.042
  24    3     0.0000          —     0.1360          —          —          —     0.0001     0.0000 |   0.1361   0.038
  25    7     0.0001          —     0.1577          —          —          —     0.0002     0.0001 |   0.1582   0.053
  26    8     0.0001          —     0.1396          —          —          —     0.0000     0.0000 |   0.1397   0.051
  27    0     0.0001          —     0.1266          —          —          —     0.0001     0.0000 |   0.1267   0.033
  28    2     0.0011          —     0.1424          —          —          —     0.0001     0.0003 |   0.1442   0.096
  29    1     0.0001          —     0.1556          —          —          —     0.0001     0.0000 |   0.1559   0.057
  30    9     0.0000          —     0.1489          —          —          —     0.0002     0.0000 |   0.1493   0.096
  31    0     0.0000          —     0.1215          —          —          —     0.0001     0.0000 |   0.1216   0.032
  32    5     0.0003          —     0.1418          —          —          —     0.0000     0.0000 |   0.1423   0.097
  33    3     0.0000          —     0.1310          —          —          —     0.0000     0.0000 |   0.1311   0.038
  34    2     0.0002          —     0.1385          —          —          —     0.0000     0.0000 |   0.1387   0.057
  35    9     0.0002          —     0.1341          —          —          —     0.0003     0.0000 |   0.1347   0.040
  36    6     0.0000          —     0.1266          —          —          —     0.0000     0.0000 |   0.1267   0.031
  37    7     0.0000          —     0.1434          —          —          —     0.0000     0.0000 |   0.1435   0.053
  38    4     0.0003          —     0.1189          —          —          —     0.0004     0.0000 |   0.1197   0.032
  39    1     0.0000          —     0.1415          —          —          —     0.0000     0.0000 |   0.1416   0.052
  40    8     0.0000          —     0.1216          —          —          —     0.0001     0.0000 |   0.1218   0.058
  41    9     0.0001          —     0.1295          —          —          —     0.0004     0.0000 |   0.1302   0.060
  42    6     0.0001          —     0.1233          —          —          —     0.0000     0.0000 |   0.1234   0.040
  43    3     0.0001          —     0.1193          —          —          —     0.0001     0.0000 |   0.1196   0.028
  44    1     0.0002          —     0.1360          —          —          —     0.0001     0.0000 |   0.1362   0.042
  45    7     0.0001          —     0.1261          —          —          —     0.0000     0.0000 |   0.1263   0.031
  46    0     0.0000          —     0.1109          —          —          —     0.0000     0.0000 |   0.1110   0.026
  47    4     0.0003          —     0.1113          —          —          —     0.0001     0.0000 |   0.1118   0.029
  48    2     0.0000          —     0.1235          —          —          —     0.0000     0.0000 |   0.1236   0.030
  49    5     0.0002          —     0.1223          —          —          —     0.0001     0.0000 |   0.1226   0.051
  50    8     0.0001          —     0.1131          —          —          —     0.0001     0.0000 |   0.1133   0.114
  51    9     0.0003          —     0.1285          —          —          —     0.0002     0.0000 |   0.1291   0.158
  52    8     0.0000          —     0.1095          —          —          —     0.0000     0.0000 |   0.1096   0.027
  53    1     0.0006          —     0.1289          —          —          —     0.0001     0.0001 |   0.1298   0.038
  54    5     0.0002          —     0.1164          —          —          —     0.0000     0.0000 |   0.1167   0.042
  55    2     0.0003          —     0.1188          —          —          —     0.0001     0.0000 |   0.1193   0.034
  56    4     0.0000          —     0.1071          —          —          —     0.0000     0.0000 |   0.1072   0.025
  57    6     0.0002          —     0.1158          —          —          —     0.0000     0.0000 |   0.1160   0.026
  58    7     0.0055          —     0.1311          —          —          —     0.0005     0.0027 |   0.1414   0.116
  59    0     0.0001          —     0.1026          —          —          —     0.0000     0.0000 |   0.1028   0.024
  60    3     0.0001          —     0.1070          —          —          —     0.0001     0.0000 |   0.1072   0.024
  61    5     0.0001          —     0.1161          —          —          —     0.0001     0.0000 |   0.1163   0.067
  62    1     0.0007          —     0.1220          —          —          —     0.0002     0.0002 |   0.1233   0.040
  63    2     0.0002          —     0.1167          —          —          —     0.0003     0.0001 |   0.1175   0.049
  64    6     0.0001          —     0.1102          —          —          —     0.0000     0.0001 |   0.1104   0.037
  65    9     0.0000          —     0.1159          —          —          —     0.0004     0.0000 |   0.1166   0.032
  66    0     0.0001          —     0.1016          —          —          —     0.0000     0.0000 |   0.1017   0.024
  67    8     0.0001          —     0.1042          —          —          —     0.0000     0.0000 |   0.1043   0.023
  68    4     0.0001          —     0.1082          —          —          —     0.0000     0.0000 |   0.1083   0.024
  69    3     0.0002          —     0.1110          —          —          —     0.0001     0.0000 |   0.1113   0.024
  70    7     0.0009          —     0.1178          —          —          —     0.0000     0.0003 |   0.1192   0.033
  71    7     0.0002          —     0.1206          —          —          —     0.0001     0.0000 |   0.1209   0.035
  72    1     0.0010          —     0.1199          —          —          —     0.0002     0.0002 |   0.1215   0.045
  73    8     0.0001          —     0.1037          —          —          —     0.0001     0.0000 |   0.1039   0.027
  74    6     0.0001          —     0.1102          —          —          —     0.0000     0.0000 |   0.1103   0.026
  75    5     0.0003          —     0.1078          —          —          —     0.0000     0.0000 |   0.1081   0.029
  76    0     0.0002          —     0.1038          —          —          —     0.0000     0.0000 |   0.1041   0.023
  77    3     0.0002          —     0.1102          —          —          —     0.0000     0.0000 |   0.1104   0.024
  78    9     0.0003          —     0.1159          —          —          —     0.0001     0.0000 |   0.1163   0.037
  79    2     0.0003          —     0.1099          —          —          —     0.0000     0.0001 |   0.1103   0.024
  80    4     0.0000          —     0.1032          —          —          —     0.0001     0.0000 |   0.1034   0.024
  81    9     0.0000          —     0.1139          —          —          —     0.0001     0.0000 |   0.1141   0.034
  82    0     0.0001          —     0.0972          —          —          —     0.0000     0.0000 |   0.0974   0.023
  83    2     0.0004          —     0.1094          —          —          —     0.0001     0.0000 |   0.1100   0.024
  84    5     0.0003          —     0.1083          —          —          —     0.0000     0.0000 |   0.1088   0.039
  85    7     0.0001          —     0.1140          —          —          —     0.0001     0.0000 |   0.1142   0.027
  86    4     0.0002          —     0.1041          —          —          —     0.0000     0.0000 |   0.1043   0.021
  87    8     0.0000          —     0.1021          —          —          —     0.0000     0.0000 |   0.1021   0.024
  88    6     0.0002          —     0.1090          —          —          —     0.0000     0.0000 |   0.1091   0.025
  89    1     0.0001          —     0.1172          —          —          —     0.0000     0.0000 |   0.1174   0.034
  90    3     0.0001          —     0.1067          —          —          —     0.0001     0.0000 |   0.1069   0.026
  91    1     0.0003          —     0.1212          —          —          —     0.0000     0.0001 |   0.1216   0.033
  92    3     0.0001          —     0.1030          —          —          —     0.0000     0.0000 |   0.1031   0.022
  93    0     0.0000          —     0.0992          —          —          —     0.0000     0.0000 |   0.0993   0.021
  94    9     0.0001          —     0.1136          —          —          —     0.0000     0.0000 |   0.1137   0.029
  95    2     0.0003          —     0.1073          —          —          —     0.0001     0.0000 |   0.1077   0.022
  96    8     0.0000          —     0.1017          —          —          —     0.0001     0.0000 |   0.1019   0.030
  97    4     0.0002          —     0.1054          —          —          —     0.0000     0.0000 |   0.1056   0.023
  98    7     0.0001          —     0.1164          —          —          —     0.0001     0.0002 |   0.1169   0.035
  99    5     0.0003          —     0.1126          —          —          —     0.0001     0.0000 |   0.1131   0.037
 100    6     0.0001          —     0.1089          —          —          —     0.0000     0.0000 |   0.1090   0.025
   1    5     0.0001          —     0.1340          —          —          —     0.0000     0.0000 |   0.1341   0.034
   2    6     0.0004          —     0.1505          —          —          —     0.0009     0.0004 |   0.1528   0.052
   3    0     0.0041          —     0.2065          —          —          —     0.0029     0.0013 |   0.2169   0.326
   4    7     0.0082          —     0.1884          —          —          —     0.0416     0.0075 |   0.2703   0.576
   5    2     0.0006          —     0.1274          —          —          —     0.0001     0.0000 |   0.1283   0.023
   6    4     0.0000          —     0.1533          —          —          —     0.0008     0.0001 |   0.1547   0.082
   7    3     0.0010          —     0.1601          —          —          —     0.0002     0.0002 |   0.1617   0.088
   8    9     0.0000          —     0.1328          —          —          —     0.0001     0.0000 |   0.1331   0.023
   9    8     0.0000          —     0.1255          —          —          —     0.0000     0.0000 |   0.1256   0.022
  10    1     0.0000          —     0.1313          —          —          —     0.0000     0.0000 |   0.1313   0.027
  11    6     0.0001          —     0.1379          —          —          —     0.0000     0.0000 |   0.1381   0.025
  12    1     0.0000          —     0.1235          —          —          —     0.0000     0.0000 |   0.1236   0.024
  13    5     0.0000          —     0.1339          —          —          —     0.0000     0.0000 |   0.1340   0.033
  14    0     0.0085          —     0.1861          —          —          —     0.0017     0.0015 |   0.1994   0.311
  15    3     0.0001          —     0.1564          —          —          —     0.0004     0.0000 |   0.1572   0.065
  16    7     0.0210          —     0.1994          —          —          —     0.0478     0.0140 |   0.3132   0.288
  17    4     0.0031          —     0.1464          —          —          —     0.0073     0.0013 |   0.1624   0.672
  18    9     0.0000          —     0.1306          —          —          —     0.0000     0.0000 |   0.1306   0.025
  19    2     0.0006          —     0.1229          —          —          —     0.0001     0.0000 |   0.1236   0.024
  20    8     0.0001          —     0.1319          —          —          —     0.0014     0.0000 |   0.1340   0.073
  21    3     0.0012          —     0.1599          —          —          —     0.0002     0.0005 |   0.1621   0.092
  22    2     0.0001          —     0.1268          —          —          —     0.0001     0.0000 |   0.1271   0.026
  23    5     0.0002          —     0.1351          —          —          —     0.0001     0.0000 |   0.1354   0.036
  24    9     0.0000          —     0.1302          —          —          —     0.0000     0.0000 |   0.1302   0.027
  25    8     0.0000          —     0.1302          —          —          —     0.0024     0.0000 |   0.1338   0.056
  26    4     0.0001          —     0.1379          —          —          —     0.0003     0.0000 |   0.1385   0.031
  27    6     0.0012          —     0.1418          —          —          —     0.0008     0.0003 |   0.1445   0.053
  28    0     0.0089          —     0.1852          —          —          —     0.0020     0.0011 |   0.1988   0.218
  29    7     0.0165          —     0.1891          —          —          —     0.0478     0.0127 |   0.2963   0.463
  30    1     0.0001          —     0.1403          —          —          —     0.0002     0.0001 |   0.1409   0.038
  31    0     0.0099          —     0.1911          —          —          —     0.0005     0.0038 |   0.2076   0.336
  32    7     0.0219          —     0.1964          —          —          —     0.0481     0.0131 |   0.3101   1.016
  33    6     0.0002          —     0.1426          —          —          —     0.0005     0.0003 |   0.1440   0.070
  34    4     0.0000          —     0.1439          —          —          —     0.0005     0.0000 |   0.1446   0.055
  35    5     0.0001          —     0.1329          —          —          —     0.0000     0.0000 |   0.1331   0.042
  36    3     0.0094          —     0.1627          —          —          —     0.0011     0.0032 |   0.1787   0.368
  37    8     0.0001          —     0.1248          —          —          —     0.0000     0.0000 |   0.1250   0.038
  38    9     0.0000          —     0.1315          —          —          —     0.0000     0.0000 |   0.1316   0.030
  39    2     0.0009          —     0.1228          —          —          —     0.0000     0.0000 |   0.1238   0.043
  40    1     0.0000          —     0.1270          —          —          —     0.0001     0.0000 |   0.1272   0.039
  41    2     0.0007          —     0.1205          —          —          —     0.0000     0.0000 |   0.1212   0.027
  42    6     0.0005          —     0.1397          —          —          —     0.0000     0.0000 |   0.1402   0.047
  43    3     0.0026          —     0.1578          —          —          —     0.0002     0.0009 |   0.1621   0.102
  44    8     0.0001          —     0.1323          —          —          —     0.0010     0.0000 |   0.1339   0.111
  45    7     0.0000          —     0.1704          —          —          —     0.0199     0.0022 |   0.2037   0.229
  46    5     0.0000          —     0.1275          —          —          —     0.0000     0.0000 |   0.1276   0.032
  47    4     0.0007          —     0.1345          —          —          —     0.0001     0.0002 |   0.1356   0.048
  48    1     0.0000          —     0.1317          —          —          —     0.0000     0.0000 |   0.1317   0.038
  49    9     0.0000          —     0.1339          —          —          —     0.0001     0.0000 |   0.1341   0.114
  50    0     0.0021          —     0.1847          —          —          —     0.0004     0.0004 |   0.1880   0.186
  51    6     0.0027          —     0.1371          —          —          —     0.0009     0.0005 |   0.1419   0.085
  52    4     0.0007          —     0.1391          —          —          —     0.0033     0.0006 |   0.1458   0.134
  53    8     0.0001          —     0.1239          —          —          —     0.0005     0.0000 |   0.1246   0.039
  54    3     0.0020          —     0.1546          —          —          —     0.0000     0.0004 |   0.1573   0.085
  55    1     0.0000          —     0.1256          —          —          —     0.0000     0.0000 |   0.1257   0.038
  56    2     0.0011          —     0.1196          —          —          —     0.0001     0.0001 |   0.1210   0.029
  57    7     0.0163          —     0.1799          —          —          —     0.0471     0.0109 |   0.2832   0.417
  58    0     0.0009          —     0.1849          —          —          —     0.0007     0.0004 |   0.1874   0.199
  59    5     0.0000          —     0.1256          —          —          —     0.0001     0.0000 |   0.1257   0.055
  60    9     0.0000          —     0.1313          —          —          —     0.0000     0.0000 |   0.1313   0.039
  61    4     0.0000          —     0.1396          —          —          —     0.0013     0.0002 |   0.1419   0.071
  62    1     0.0000          —     0.1278          —          —          —     0.0000     0.0000 |   0.1278   0.037
  63    6     0.0011          —     0.1323          —          —          —     0.0002     0.0002 |   0.1340   0.054
  64    3     0.0007          —     0.1438          —          —          —     0.0000     0.0004 |   0.1452   0.047
  65    8     0.0000          —     0.1254          —          —          —     0.0004     0.0000 |   0.1260   0.039
  66    7     0.0218          —     0.1832          —          —          —     0.0479     0.0133 |   0.2969   0.123
  67    0     0.0042          —     0.1734          —          —          —     0.0013     0.0015 |   0.1818   0.303
  68    9     0.0001          —     0.1282          —          —          —     0.0001     0.0000 |   0.1285   0.062
  69    2     0.0006          —     0.1178          —          —          —     0.0000     0.0001 |   0.1186   0.030
  70    5     0.0001          —     0.1246          —          —          —     0.0000     0.0000 |   0.1247   0.044
  71    0     0.0081          —     0.1691          —          —          —     0.0021     0.0023 |   0.1838   0.315
  72    8     0.0001          —     0.1183          —          —          —     0.0002     0.0000 |   0.1187   0.036
  73    2     0.0008          —     0.1192          —          —          —     0.0000     0.0000 |   0.1201   0.034
  74    9     0.0000          —     0.1261          —          —          —     0.0000     0.0000 |   0.1262   0.126
  75    1     0.0000          —     0.1235          —          —          —     0.0000     0.0000 |   0.1236   0.038
  76    5     0.0000          —     0.1209          —          —          —     0.0000     0.0000 |   0.1210   0.047
  77    7     0.0059          —     0.1709          —          —          —     0.0403     0.0061 |   0.2465   0.332
  78    4     0.0003          —     0.1374          —          —          —     0.0002     0.0001 |   0.1383   0.066
  79    6     0.0003          —     0.1367          —          —          —     0.0002     0.0001 |   0.1374   0.061
  80    3     0.0001          —     0.1481          —          —          —     0.0001     0.0000 |   0.1483   0.048
  81    3     0.0005          —     0.1380          —          —          —     0.0002     0.0001 |   0.1390   0.040
  82    4     0.0004          —     0.1336          —          —          —     0.0000     0.0001 |   0.1341   0.043
  83    9     0.0000          —     0.1255          —          —          —     0.0000     0.0000 |   0.1255   0.040
  84    6     0.0039          —     0.1333          —          —          —     0.0005     0.0005 |   0.1387   0.069
  85    5     0.0001          —     0.1145          —          —          —     0.0000     0.0000 |   0.1146   0.029
  86    2     0.0012          —     0.1118          —          —          —     0.0001     0.0000 |   0.1132   0.050
  87    7     0.0168          —     0.1846          —          —          —     0.0481     0.0126 |   0.2925   0.297
  88    0     0.0222          —     0.1731          —          —          —     0.0014     0.0030 |   0.2019   0.406
  89    8     0.0000          —     0.1171          —          —          —     0.0005     0.0000 |   0.1179   0.036
  90    1     0.0000          —     0.1262          —          —          —     0.0000     0.0000 |   0.1262   0.039
  91    1     0.0000          —     0.1210          —          —          —     0.0000     0.0000 |   0.1210   0.035
  92    5     0.0000          —     0.1229          —          —          —     0.0000     0.0000 |   0.1229   0.037
  93    2     0.0013          —     0.1138          —          —          —     0.0001     0.0001 |   0.1154   0.034
  94    0     0.0014          —     0.1751          —          —          —     0.0003     0.0005 |   0.1777   0.146
  95    6     0.0015          —     0.1334          —          —          —     0.0003     0.0001 |   0.1356   0.074
  96    3     0.0001          —     0.1517          —          —          —     0.0001     0.0002 |   0.1522   0.122
  97    8     0.0000          —     0.1188          —          —          —     0.0000     0.0000 |   0.1189   0.039
  98    9     0.0001          —     0.1236          —          —          —     0.0000     0.0000 |   0.1238   0.159
  99    4     0.0010          —     0.1372          —          —          —     0.0022     0.0010 |   0.1430   0.132
 100    7     0.0053          —     0.1755          —          —          —     0.0418     0.0063 |   0.2530   0.679
   1    7     0.0027          —     0.1715          —          —          —     0.0007     0.0001 |   0.1754   0.132
   2    1     0.0008          —     0.1843          —          —          —     0.0028     0.0002 |   0.1895   0.066
   3    6     0.0001          —     0.1611          —          —          —     0.0002     0.0000 |   0.1616   0.035
   4    9     0.3241          —     0.2069          —          —          —     0.1122     0.0964 |   0.8439   1.859
   5    3     0.0015          —     0.1582          —          —          —     0.0006     0.0005 |   0.1614   0.045
   6    2     0.0000          —     0.1510          —          —          —     0.0001     0.0000 |   0.1512   0.081
   7    8     0.0000          —     0.1418          —          —          —     0.0003     0.0003 |   0.1428   0.108
   8    5     0.0000          —     0.1756          —          —          —     0.0001     0.0001 |   0.1759   0.055
   9    4     0.0041          —     0.2010          —          —          —     0.0156     0.0019 |   0.2314   0.144
  10    0     0.0015          —     0.1788          —          —          —     0.0006     0.0001 |   0.1813   0.082
  11    0     0.0062          —     0.1821          —          —          —     0.0002     0.0005 |   0.1893   0.161
  12    9     0.3768          —     0.2026          —          —          —     0.0701     0.0620 |   0.7775   3.094
  13    5     0.0000          —     0.1596          —          —          —     0.0001     0.0000 |   0.1598   0.025
  14    4     0.0007          —     0.2098          —          —          —     0.0190     0.0030 |   0.2435   0.488
  15    3     0.0005          —     0.1655          —          —          —     0.0001     0.0001 |   0.1664   0.045
  16    2     0.0001          —     0.1436          —          —          —     0.0003     0.0000 |   0.1441   0.024
  17    6     0.0001          —     0.1593          —          —          —     0.0003     0.0000 |   0.1599   0.040
  18    1     0.0004          —     0.1875          —          —          —     0.0062     0.0008 |   0.1984   0.296
  19    7     0.0032          —     0.1657          —          —          —     0.0002     0.0000 |   0.1691   0.040
  20    8     0.0005          —     0.1385          —          —          —     0.0003     0.0001 |   0.1397   0.070
  21    5     0.0000          —     0.1715          —          —          —     0.0001     0.0000 |   0.1717   0.053
  22    8     0.0001          —     0.1422          —          —          —     0.0008     0.0005 |   0.1441   0.070
  23    1     0.0012          —     0.1878          —          —          —     0.0050     0.0003 |   0.1969   0.088
  24    9     0.2459          —     0.1958          —          —          —     0.0487     0.0466 |   0.5847   6.481
  25    6     0.0000          —     0.1641          —          —          —     0.0008     0.0001 |   0.1656   0.064
  26    4     0.0055          —     0.1905          —          —          —     0.0050     0.0006 |   0.2043   0.147
  27    2     0.0001          —     0.1513          —          —          —     0.0003     0.0000 |   0.1519   0.032
  28    3     0.0007          —     0.1587          —          —          —     0.0002     0.0002 |   0.1600   0.053
  29    0     0.0122          —     0.1766          —          —          —     0.0014     0.0016 |   0.1933   0.195
  30    7     0.0004          —     0.1717          —          —          —     0.0012     0.0003 |   0.1743   0.117
  31    0     0.0118          —     0.1729          —          —          —     0.0012     0.0018 |   0.1893   0.144
  32    2     0.0001          —     0.1439          —          —          —     0.0002     0.0000 |   0.1443   0.039
  33    6     0.0000          —     0.1713          —          —          —     0.0002     0.0001 |   0.1717   0.046
  34    4     0.0000          —     0.1793          —          —          —     0.0010     0.0011 |   0.1826   0.177
  35    5     0.0000          —     0.1642          —          —          —     0.0001     0.0000 |   0.1644   0.073
  36    1     0.0027          —     0.1899          —          —          —     0.0080     0.0009 |   0.2060   0.347
  37    7     0.0001          —     0.1786          —          —          —     0.0007     0.0001 |   0.1798   0.065
  38    3     0.0009          —     0.1603          —          —          —     0.0003     0.0002 |   0.1620   0.058
  39    8     0.0002          —     0.1344          —          —          —     0.0001     0.0000 |   0.1348   0.035
  40    9     0.0226          —     0.1729          —          —          —     0.0133     0.0068 |   0.2257   0.869
  41    5     0.0000          —     0.1698          —          —          —     0.0002     0.0001 |   0.1702   0.098
  42    0     0.0071          —     0.1759          —          —          —     0.0008     0.0010 |   0.1857   0.216
  43    8     0.0001          —     0.1368          —          —          —     0.0002     0.0000 |   0.1372   0.027
  44    2     0.0001          —     0.1481          —          —          —     0.0004     0.0000 |   0.1488   0.074
  45    6     0.0000          —     0.1592          —          —          —     0.0001     0.0000 |   0.1594   0.050
  46    4     0.0004          —     0.1849          —          —          —     0.0010     0.0000 |   0.1869   0.071
  47    1     0.0004          —     0.1842          —          —          —     0.0013     0.0003 |   0.1870   0.136
  48    7     0.0011          —     0.1624          —          —          —     0.0004     0.0002 |   0.1644   0.065
  49    3     0.0010          —     0.1690          —          —          —     0.0002     0.0002 |   0.1706   0.056
  50    9     0.0211          —     0.1684          —          —          —     0.0090     0.0062 |   0.2123   0.491
  51    2     0.0000          —     0.1472          —          —          —     0.0001     0.0000 |   0.1475   0.040
  52    3     0.0011          —     0.1574          —          —          —     0.0001     0.0002 |   0.1590   0.052
  53    9     0.1910          —     0.1982          —          —          —     0.0468     0.0452 |   0.5273  10.461
  54    7     0.0007          —     0.1677          —          —          —     0.0005     0.0001 |   0.1693   0.083
  55    1     0.0001          —     0.1739          —          —          —     0.0017     0.0003 |   0.1770   0.062
  56    8     0.0001          —     0.1381          —          —          —     0.0001     0.0000 |   0.1384   0.039
  57    0     0.0055          —     0.1710          —          —          —     0.0009     0.0005 |   0.1786   0.177
  58    5     0.0000          —     0.1695          —          —          —     0.0001     0.0000 |   0.1697   0.073
  59    4     0.0002          —     0.1899          —          —          —     0.0005     0.0004 |   0.1914   0.060
  60    6     0.0006          —     0.1687          —          —          —     0.0001     0.0000 |   0.1695   0.062
  61    6     0.0001          —     0.1582          —          —          —     0.0007     0.0001 |   0.1596   0.054
  62    8     0.0001          —     0.1331          —          —          —     0.0001     0.0000 |   0.1334   0.029
  63    4     0.0008          —     0.1815          —          —          —     0.0009     0.0001 |   0.1838   0.080
  64    5     0.0001          —     0.1562          —          —          —     0.0000     0.0000 |   0.1564   0.077
  65    9     0.0282          —     0.1757          —          —          —     0.0047     0.0075 |   0.2221   0.792
  66    2     0.0000          —     0.1477          —          —          —     0.0000     0.0000 |   0.1478   0.045
  67    7     0.0006          —     0.1613          —          —          —     0.0011     0.0004 |   0.1641   0.152
  68    0     0.0034          —     0.1750          —          —          —     0.0004     0.0003 |   0.1794   0.104
  69    1     0.0049          —     0.1921          —          —          —     0.0027     0.0003 |   0.2015   0.115
  70    3     0.0005          —     0.1703          —          —          —     0.0001     0.0002 |   0.1712   0.062
  71    5     0.0000          —     0.1669          —          —          —     0.0001     0.0001 |   0.1672   0.085
  72    2     0.0000          —     0.1460          —          —          —     0.0000     0.0000 |   0.1460   0.050
  73    9     0.0659          —     0.1779          —          —          —     0.0307     0.0199 |   0.3198   1.393
  74    3     0.0000          —     0.1607          —          —          —     0.0001     0.0001 |   0.1611   0.078
  75    4     0.0011          —     0.1730          —          —          —     0.0007     0.0009 |   0.1766   0.085
  76    6     0.0000          —     0.1653          —          —          —     0.0006     0.0001 |   0.1664   0.057
  77    0     0.0052          —     0.1779          —          —          —     0.0011     0.0010 |   0.1862   0.158
  78    8     0.0001          —     0.1364          —          —          —     0.0002     0.0000 |   0.1367   0.033
  79    1     0.0000          —     0.1801          —          —          —     0.0039     0.0002 |   0.1863   0.066
  80    7     0.0033          —     0.1615          —          —          —     0.0001     0.0000 |   0.1649   0.056
  81    7     0.0001          —     0.1700          —          —          —     0.0006     0.0001 |   0.1711   0.113
  82    8     0.0000          —     0.1313          —          —          —     0.0001     0.0000 |   0.1315   0.032
  83    6     0.0000          —     0.1619          —          —          —     0.0005     0.0001 |   0.1628   0.052
  84    5     0.0001          —     0.1649          —          —          —     0.0001     0.0001 |   0.1652   0.073
  85    0     0.0001          —     0.1715          —          —          —     0.0004     0.0001 |   0.1723   0.053
  86    9     0.0086          —     0.1801          —          —          —     0.0076     0.0037 |   0.2056   0.540
  87    2     0.0000          —     0.1479          —          —          —     0.0001     0.0000 |   0.1480   0.044
  88    1     0.0001          —     0.1784          —          —          —     0.0007     0.0002 |   0.1798   0.082
  89    4     0.0022          —     0.1732          —          —          —     0.0011     0.0005 |   0.1777   0.100
  90    3     0.0009          —     0.1646          —          —          —     0.0003     0.0002 |   0.1662   0.103
  91    0     0.0025          —     0.1737          —          —          —     0.0004     0.0003 |   0.1772   0.133
  92    9     0.0523          —     0.1747          —          —          —     0.0086     0.0151 |   0.2626   1.301
  93    6     0.0002          —     0.1662          —          —          —     0.0008     0.0002 |   0.1678   0.061
  94    4     0.0011          —     0.1862          —          —          —     0.0009     0.0004 |   0.1894   0.077
  95    2     0.0000          —     0.1464          —          —          —     0.0000     0.0000 |   0.1464   0.055
  96    8     0.0002          —     0.1361          —          —          —     0.0001     0.0001 |   0.1365   0.037
  97    1     0.0002          —     0.1717          —          —          —     0.0036     0.0003 |   0.1778   0.094
  98    7     0.0004          —     0.1665          —          —          —     0.0005     0.0001 |   0.1678   0.124
  99    3     0.0002          —     0.1552          —          —          —     0.0002     0.0001 |   0.1558   0.059
 100    5     0.0003          —     0.1636          —          —          —     0.0000     0.0000 |   0.1640   0.076
   1    4     0.0001          —     0.1253          —          —          —     0.0001     0.0000 |   0.1256   0.022
   2    6     0.0000          —     0.1181          —          —          —     0.0000     0.0000 |   0.1182   0.057
   3    7     0.0000          —     0.1183          —          —          —     0.0000     0.0000 |   0.1184   0.021
   4    1     0.0003          —     0.1269          —          —          —     0.0001     0.0000 |   0.1273   0.022
   5    5     0.0002          —     0.1155          —          —          —     0.0000     0.0000 |   0.1158   0.042
   6    9     0.0002          —     0.1241          —          —          —     0.0000     0.0000 |   0.1244   0.021
   7    8     0.0000          —     0.1306          —          —          —     0.0000     0.0000 |   0.1306   0.023
   8    2     0.0002          —     0.1245          —          —          —     0.0000     0.0000 |   0.1247   0.021
   9    0     0.0001          —     0.1218          —          —          —     0.0000     0.0000 |   0.1220   0.020
  10    3     0.0001          —     0.1233          —          —          —     0.0002     0.0001 |   0.1238   0.027
  11    4     0.0003          —     0.1208          —          —          —     0.0000     0.0000 |   0.1212   0.019
  12    3     0.0000          —     0.1282          —          —          —     0.0000     0.0000 |   0.1283   0.190
  13    8     0.0000          —     0.1310          —          —          —     0.0000     0.0000 |   0.1310   0.030
  14    6     0.0000          —     0.1278          —          —          —     0.0002     0.0000 |   0.1282   0.030
  15    7     0.0001          —     0.1156          —          —          —     0.0001     0.0000 |   0.1159   0.029
  16    0     0.0004          —     0.1165          —          —          —     0.0000     0.0000 |   0.1169   0.027
  17    1     0.0001          —     0.1236          —          —          —     0.0002     0.0000 |   0.1240   0.023
  18    2     0.0002          —     0.1181          —          —          —     0.0000     0.0000 |   0.1183   0.020
  19    9     0.0001          —     0.1198          —          —          —     0.0001     0.0000 |   0.1201   0.023
  20    5     0.0000          —     0.1088          —          —          —     0.0000     0.0000 |   0.1089   0.023
  21    4     0.0004          —     0.1230          —          —          —     0.0000     0.0000 |   0.1235   0.025
  22    9     0.0003          —     0.1242          —          —          —     0.0000     0.0000 |   0.1245   0.025
  23    8     0.0000          —     0.1309          —          —          —     0.0000     0.0000 |   0.1310   0.037
  24    0     0.0000          —     0.1147          —          —          —     0.0000     0.0000 |   0.1147   0.032
  25    2     0.0001          —     0.1227          —          —          —     0.0000     0.0000 |   0.1228   0.025
  26    1     0.0000          —     0.1208          —          —          —     0.0000     0.0000 |   0.1209   0.026
  27    7     0.0000          —     0.1120          —          —          —     0.0000     0.0000 |   0.1121   0.022
  28    5     0.0000          —     0.1104          —          —          —     0.0000     0.0000 |   0.1104   0.033
  29    6     0.0000          —     0.1210          —          —          —     0.0001     0.0000 |   0.1213   0.030
  30    3     0.0001          —     0.1128          —          —          —     0.0000     0.0000 |   0.1129   0.034
  31    1     0.0000          —     0.1144          —          —          —     0.0000     0.0000 |   0.1145   0.026
  32    3     0.0001          —     0.1125          —          —          —     0.0001     0.0001 |   0.1128   0.028
  33    2     0.0002          —     0.1120          —          —          —     0.0000     0.0000 |   0.1122   0.025
  34    9     0.0002          —     0.1155          —          —          —     0.0000     0.0000 |   0.1157   0.026
  35    4     0.0002          —     0.1120          —          —          —     0.0000     0.0000 |   0.1122   0.026
  36    0     0.0001          —     0.1060          —          —          —     0.0000     0.0000 |   0.1061   0.023
  37    7     0.0000          —     0.1044          —          —          —     0.0001     0.0000 |   0.1046   0.024
  38    5     0.0000          —     0.1023          —          —          —     0.0000     0.0000 |   0.1024   0.024
  39    6     0.0000          —     0.1097          —          —          —     0.0002     0.0000 |   0.1101   0.038
  40    8     0.0001          —     0.1163          —          —          —     0.0000     0.0000 |   0.1164   0.024
  41    5     0.0000          —     0.0953          —          —          —     0.0000     0.0000 |   0.0953   0.026
  42    7     0.0000          —     0.0979          —          —          —     0.0000     0.0000 |   0.0980   0.021
  43    9     0.0001          —     0.1071          —          —          —     0.0000     0.0000 |   0.1073   0.025
  44    3     0.0001          —     0.1028          —          —          —     0.0005     0.0000 |   0.1036   0.030
  45    2     0.0000          —     0.1076          —          —          —     0.0000     0.0000 |   0.1076   0.023
  46    8     0.0000          —     0.1077          —          —          —     0.0000     0.0000 |   0.1078   0.023
  47    0     0.0000          —     0.0998          —          —          —     0.0000     0.0000 |   0.0999   0.022
  48    1     0.0000          —     0.1034          —          —          —     0.0000     0.0000 |   0.1035   0.024
  49    4     0.0002          —     0.1018          —          —          —     0.0000     0.0000 |   0.1020   0.021
  50    6     0.0000          —     0.1015          —          —          —     0.0001     0.0000 |   0.1016   0.034
  51    1     0.0000          —     0.1034          —          —          —     0.0000     0.0000 |   0.1035   0.027
  52    4     0.0000          —     0.0989          —          —          —     0.0001     0.0001 |   0.0992   0.021
  53    7     0.0000          —     0.0958          —          —          —     0.0000     0.0000 |   0.0958   0.022
  54    0     0.0000          —     0.1004          —          —          —     0.0000     0.0000 |   0.1005   0.088
  55    9     0.0000          —     0.0990          —          —          —     0.0000     0.0000 |   0.0991   0.021
  56    5     0.0000          —     0.0950          —          —          —     0.0000     0.0001 |   0.0951   0.107
  57    3     0.0001          —     0.0953          —          —          —     0.0001     0.0000 |   0.0955   0.020
  58    8     0.0000          —     0.1019          —          —          —     0.0000     0.0000 |   0.1019   0.022
  59    6     0.0000          —     0.1008          —          —          —     0.0004     0.0001 |   0.1014   0.032
  60    2     0.0001          —     0.0968          —          —          —     0.0000     0.0000 |   0.0968   0.021
  61    8     0.0001          —     0.1026          —          —          —     0.0000     0.0000 |   0.1027   0.021
  62    1     0.0000          —     0.0964          —          —          —     0.0000     0.0001 |   0.0966   0.021
  63    0     0.0000          —     0.0954          —          —          —     0.0000     0.0000 |   0.0954   0.057
  64    5     0.0000          —     0.0857          —          —          —     0.0000     0.0000 |   0.0858   0.020
  65    2     0.0001          —     0.0948          —          —          —     0.0000     0.0000 |   0.0949   0.019
  66    6     0.0000          —     0.0972          —          —          —     0.0000     0.0000 |   0.0972   0.028
  67    3     0.0000          —     0.0973          —          —          —     0.0000     0.0000 |   0.0974   0.022
  68    7     0.0000          —     0.0905          —          —          —     0.0000     0.0000 |   0.0906   0.020
  69    4     0.0002          —     0.0956          —          —          —     0.0000     0.0000 |   0.0958   0.022
  70    9     0.0001          —     0.0949          —          —          —     0.0000     0.0000 |   0.0950   0.021
  71    5     0.0000          —     0.0848          —          —          —     0.0000     0.0000 |   0.0848   0.022
  72    0     0.0001          —     0.0906          —          —          —     0.0000     0.0000 |   0.0906   0.018
  73    3     0.0000          —     0.0889          —          —          —     0.0001     0.0000 |   0.0890   0.019
  74    8     0.0000          —     0.0995          —          —          —     0.0000     0.0000 |   0.0995   0.020
  75    2     0.0001          —     0.0923          —          —          —     0.0000     0.0000 |   0.0924   0.018
  76    4     0.0001          —     0.0910          —          —          —     0.0000     0.0000 |   0.0912   0.018
  77    9     0.0001          —     0.0912          —          —          —     0.0000     0.0000 |   0.0913   0.022
  78    1     0.0000          —     0.0963          —          —          —     0.0001     0.0000 |   0.0965   0.023
  79    6     0.0000          —     0.0913          —          —          —     0.0000     0.0000 |   0.0914   0.018
  80    7     0.0000          —     0.0896          —          —          —     0.0000     0.0000 |   0.0896   0.017
  81    6     0.0001          —     0.0916          —          —          —     0.0000     0.0000 |   0.0917   0.023
  82    4     0.0001          —     0.0946          —          —          —     0.0000     0.0000 |   0.0948   0.019
  83    3     0.0000          —     0.0906          —          —          —     0.0001     0.0000 |   0.0907   0.023
  84    7     0.0000          —     0.0894          —          —          —     0.0000     0.0000 |   0.0895   0.022
  85    0     0.0000          —     0.0884          —          —          —     0.0000     0.0000 |   0.0884   0.020
  86    2     0.0000          —     0.0930          —          —          —     0.0000     0.0000 |   0.0930   0.021
  87    9     0.0001          —     0.0915          —          —          —     0.0000     0.0000 |   0.0917   0.019
  88    8     0.0000          —     0.0976          —          —          —     0.0000     0.0000 |   0.0976   0.019
  89    5     0.0000          —     0.0828          —          —          —     0.0000     0.0000 |   0.0828   0.018
  90    1     0.0001          —     0.0950          —          —          —     0.0000     0.0001 |   0.0953   0.021
  91    6     0.0000          —     0.0929          —          —          —     0.0002     0.0000 |   0.0932   0.027
  92    0     0.0000          —     0.0907          —          —          —     0.0000     0.0000 |   0.0908   0.017
  93    7     0.0001          —     0.0904          —          —          —     0.0000     0.0000 |   0.0905   0.019
  94    1     0.0000          —     0.0941          —          —          —     0.0000     0.0000 |   0.0941   0.021
  95    9     0.0000          —     0.0905          —          —          —     0.0000     0.0000 |   0.0905   0.020
  96    5     0.0000          —     0.0842          —          —          —     0.0000     0.0000 |   0.0843   0.018
  97    2     0.0000          —     0.0919          —          —          —     0.0000     0.0000 |   0.0920   0.018
  98    4     0.0001          —     0.0896          —          —          —     0.0000     0.0000 |   0.0897   0.017
  99    3     0.0000          —     0.0929          —          —          —     0.0000     0.0000 |   0.0929   0.037
 100    8     0.0000          —     0.0914          —          —          —     0.0000     0.0000 |   0.0915   0.017
   1    6     0.0001          —     0.1489          —          —          —     0.0005     0.0001 |   0.1498   0.043
   2    9     0.0000          —     0.1412          —          —          —     0.0000     0.0001 |   0.1413   0.028
   3    4     0.0000          —     0.1368          —          —          —     0.0000     0.0000 |   0.1369   0.305
   4    1     0.0002          —     0.1148          —          —          —     0.0001     0.0001 |   0.1152   0.026
   5    2     0.0000          —     0.1210          —          —          —     0.0000     0.0000 |   0.1210   0.032
   6    5     0.0004          —     0.1499          —          —          —     0.0007     0.0001 |   0.1516   0.040
   7    8     0.0002          —     0.1397          —          —          —     0.0002     0.0001 |   0.1403   0.282
   8    0     0.0000          —     0.1430          —          —          —     0.0001     0.0000 |   0.1432   0.050
   9    3     0.0002          —     0.1262          —          —          —     0.0001     0.0000 |   0.1265   0.124
  10    7     0.0003          —     0.1397          —          —          —     0.0015     0.0002 |   0.1426   0.046
  11    2     0.0001          —     0.1228          —          —          —     0.0000     0.0000 |   0.1229   0.027
  12    8     0.0000          —     0.1315          —          —          —     0.0001     0.0000 |   0.1316   0.319
  13    9     0.0015          —     0.1425          —          —          —     0.0004     0.0002 |   0.1448   0.049
  14    5     0.0016          —     0.1531          —          —          —     0.0006     0.0003 |   0.1561   0.090
  15    7     0.0030          —     0.1301          —          —          —     0.0008     0.0004 |   0.1349   0.039
  16    1     0.0004          —     0.1303          —          —          —     0.0005     0.0004 |   0.1321   0.303
  17    6     0.0010          —     0.1430          —          —          —     0.0001     0.0001 |   0.1443   0.044
  18    0     0.0001          —     0.1400          —          —          —     0.0000     0.0000 |   0.1402   0.047
  19    3     0.0000          —     0.1245          —          —          —     0.0001     0.0000 |   0.1247   0.042
  20    4     0.0001          —     0.1398          —          —          —     0.0001     0.0000 |   0.1401   0.042
  21    0     0.0008          —     0.1455          —          —          —     0.0000     0.0000 |   0.1463   0.048
  22    5     0.0009          —     0.1579          —          —          —     0.0013     0.0004 |   0.1613   0.058
  23    7     0.0022          —     0.1271          —          —          —     0.0009     0.0002 |   0.1310   0.042
  24    1     0.0001          —     0.1143          —          —          —     0.0000     0.0000 |   0.1145   0.029
  25    9     0.0001          —     0.1416          —          —          —     0.0004     0.0001 |   0.1424   0.075
  26    6     0.0006          —     0.1368          —          —          —     0.0000     0.0000 |   0.1375   0.041
  27    8     0.0000          —     0.1236          —          —          —     0.0000     0.0000 |   0.1236   0.043
  28    2     0.0000          —     0.1216          —          —          —     0.0000     0.0000 |   0.1217   0.033
  29    3     0.0000          —     0.1231          —          —          —     0.0000     0.0000 |   0.1232   0.061
  30    4     0.0000          —     0.1330          —          —          —     0.0001     0.0001 |   0.1333   0.041
  31    2     0.0000          —     0.1421          —          —          —     0.0044     0.0006 |   0.1497   0.067
  32    6     0.0005          —     0.1439          —          —          —     0.0011     0.0003 |   0.1465   0.058
  33    1     0.0001          —     0.1199          —          —          —     0.0001     0.0000 |   0.1201   0.074
  34    0     0.0004          —     0.1290          —          —          —     0.0000     0.0000 |   0.1294   0.049
  35    3     0.0001          —     0.1192          —          —          —     0.0001     0.0000 |   0.1194   0.033
  36    9     0.0004          —     0.1311          —          —          —     0.0000     0.0000 |   0.1316   0.041
  37    7     0.0015          —     0.1244          —          —          —     0.0014     0.0003 |   0.1285   0.071
  38    4     0.0000          —     0.1193          —          —          —     0.0001     0.0000 |   0.1195   0.031
  39    8     0.0000          —     0.1212          —          —          —     0.0002     0.0001 |   0.1215   0.160
  40    5     0.0007          —     0.1500          —          —          —     0.0012     0.0003 |   0.1529   0.059
  41    7     0.0080          —     0.1300          —          —          —     0.0030     0.0012 |   0.1443   0.258
  42    2     0.0001          —     0.1116          —          —          —     0.0000     0.0000 |   0.1118   0.032
  43    6     0.0000          —     0.1377          —          —          —     0.0001     0.0000 |   0.1378   0.040
  44    1     0.0000          —     0.1090          —          —          —     0.0000     0.0000 |   0.1091   0.030
  45    5     0.0009          —     0.1364          —          —          —     0.0011     0.0003 |   0.1395   0.046
  46    9     0.0004          —     0.1233          —          —          —     0.0001     0.0001 |   0.1240   0.033
  47    0     0.0001          —     0.1337          —          —          —     0.0001     0.0001 |   0.1341   0.039
  48    3     0.0000          —     0.1185          —          —          —     0.0000     0.0000 |   0.1186   0.039
  49    8     0.0000          —     0.1151          —          —          —     0.0002     0.0001 |   0.1155   0.153
  50    4     0.0000          —     0.1241          —          —          —     0.0001     0.0001 |   0.1245   0.062
  51    3     0.0000          —     0.1135          —          —          —     0.0001     0.0001 |   0.1137   0.033
  52    9     0.0002          —     0.1270          —          —          —     0.0013     0.0003 |   0.1296   0.061
  53    8     0.0000          —     0.1173          —          —          —     0.0001     0.0000 |   0.1176   0.028
  54    6     0.0000          —     0.1307          —          —          —     0.0000     0.0000 |   0.1308   0.039
  55    2     0.0001          —     0.1053          —          —          —     0.0000     0.0000 |   0.1054   0.029
  56    1     0.0000          —     0.1048          —          —          —     0.0000     0.0000 |   0.1048   0.035
  57    0     0.0001          —     0.1211          —          —          —     0.0000     0.0000 |   0.1212   0.040
  58    7     0.0000          —     0.1154          —          —          —     0.0003     0.0000 |   0.1159   0.056
  59    5     0.0004          —     0.1346          —          —          —     0.0009     0.0003 |   0.1368   0.068
  60    4     0.0000          —     0.1139          —          —          —     0.0001     0.0001 |   0.1142   0.051
  61    2     0.0001          —     0.1061          —          —          —     0.0000     0.0000 |   0.1061   0.032
  62    6     0.0000          —     0.1242          —          —          —     0.0001     0.0000 |   0.1244   0.040
  63    5     0.0000          —     0.1322          —          —          —     0.0006     0.0001 |   0.1332   0.049
  64    3     0.0000          —     0.1109          —          —          —     0.0001     0.0000 |   0.1110   0.040
  65    1     0.0000          —     0.1034          —          —          —     0.0000     0.0000 |   0.1035   0.039
  66    0     0.0000          —     0.1212          —          —          —     0.0003     0.0001 |   0.1217   0.042
  67    9     0.0000          —     0.1182          —          —          —     0.0000     0.0000 |   0.1182   0.034
  68    7     0.0007          —     0.1148          —          —          —     0.0008     0.0001 |   0.1168   0.090
  69    8     0.0000          —     0.1128          —          —          —     0.0000     0.0000 |   0.1129   0.042
  70    4     0.0000          —     0.1103          —          —          —     0.0001     0.0001 |   0.1105   0.036
  71    9     0.0000          —     0.1156          —          —          —     0.0001     0.0000 |   0.1158   0.034
  72    2     0.0000          —     0.1032          —          —          —     0.0000     0.0000 |   0.1032   0.030
  73    3     0.0001          —     0.1059          —          —          —     0.0001     0.0001 |   0.1062   0.032
  74    4     0.0001          —     0.1141          —          —          —     0.0001     0.0001 |   0.1144   0.037
  75    1     0.0001          —     0.1004          —          —          —     0.0001     0.0000 |   0.1006   0.026
  76    5     0.0015          —     0.1231          —          —          —     0.0010     0.0004 |   0.1268   0.107
  77    8     0.0000          —     0.1141          —          —          —     0.0000     0.0000 |   0.1141   0.044
  78    7     0.0005          —     0.1088          —          —          —     0.0015     0.0003 |   0.1120   0.049
  79    6     0.0000          —     0.1197          —          —          —     0.0001     0.0000 |   0.1199   0.037
  80    0     0.0000          —     0.1153          —          —          —     0.0002     0.0001 |   0.1157   0.036
  81    0     0.0000          —     0.1143          —          —          —     0.0000     0.0000 |   0.1143   0.033
  82    4     0.0000          —     0.1102          —          —          —     0.0000     0.0001 |   0.1104   0.028
  83    9     0.0002          —     0.1156          —          —          —     0.0001     0.0000 |   0.1159   0.038
  84    7     0.0011          —     0.1087          —          —          —     0.0020     0.0003 |   0.1132   0.072
  85    2     0.0000          —     0.1155          —          —          —     0.0001     0.0000 |   0.1157   0.328
  86    1     0.0002          —     0.1013          —          —          —     0.0001     0.0002 |   0.1018   0.158
  87    3     0.0000          —     0.1050          —          —          —     0.0000     0.0000 |   0.1052   0.026
  88    8     0.0000          —     0.1063          —          —          —     0.0001     0.0000 |   0.1065   0.039
  89    5     0.0000          —     0.1224          —          —          —     0.0002     0.0000 |   0.1227   0.040
  90    6     0.0002          —     0.1190          —          —          —     0.0000     0.0000 |   0.1192   0.036
  91    1     0.0000          —     0.1038          —          —          —     0.0000     0.0000 |   0.1038   0.041
  92    4     0.0000          —     0.1072          —          —          —     0.0001     0.0001 |   0.1074   0.030
  93    9     0.0001          —     0.1148          —          —          —     0.0002     0.0001 |   0.1154   0.037
  94    8     0.0000          —     0.1107          —          —          —     0.0004     0.0001 |   0.1115   0.036
  95    5     0.0002          —     0.1200          —          —          —     0.0001     0.0000 |   0.1204   0.038
  96    3     0.0000          —     0.1030          —          —          —     0.0000     0.0000 |   0.1032   0.028
  97    0     0.0002          —     0.1149          —          —          —     0.0001     0.0000 |   0.1152   0.038
  98    6     0.0001          —     0.1196          —          —          —     0.0000     0.0001 |   0.1200   0.035
  99    2     0.0001          —     0.1014          —          —          —     0.0000     0.0000 |   0.1015   0.026
 100    7     0.0009          —     0.1094          —          —          —     0.0021     0.0003 |   0.1139   0.094
   1    6     0.0000          —     0.1513          —          —          —     0.0000     0.0001 |   0.1515   0.027
   2    1     0.0001          —     0.1382          —          —          —     0.0000     0.0001 |   0.1385   0.024
   3    4     0.0000          —     0.1533          —          —          —     0.0002     0.0000 |   0.1536   0.023
   4    8     0.0009          —     0.1432          —          —          —     0.0001     0.0000 |   0.1443   0.024
   5    2     0.0000          —     0.1431          —          —          —     0.0001     0.0003 |   0.1438   0.026
   6    7     0.0003          —     0.1576          —          —          —     0.0002     0.0001 |   0.1583   0.023
   7    3     0.0010          —     0.1664          —          —          —     0.0002     0.0001 |   0.1679   0.025
   8    0     0.0002          —     0.1555          —          —          —     0.0002     0.0000 |   0.1561   0.025
   9    9     0.0000          —     0.1544          —          —          —     0.0005     0.0007 |   0.1562   0.046
  10    5     0.0001          —     0.1502          —          —          —     0.0002     0.0002 |   0.1509   0.026
  11    7     0.0008          —     0.1591          —          —          —     0.0003     0.0000 |   0.1605   0.026
  12    6     0.0002          —     0.1553          —          —          —     0.0000     0.0000 |   0.1557   0.026
  13    3     0.0020          —     0.1638          —          —          —     0.0002     0.0002 |   0.1665   0.028
  14    9     0.0002          —     0.1480          —          —          —     0.0004     0.0000 |   0.1489   0.027
  15    1     0.0001          —     0.1373          —          —          —     0.0000     0.0001 |   0.1376   0.023
  16    2     0.0001          —     0.1432          —          —          —     0.0011     0.0019 |   0.1478   0.039
  17    4     0.0000          —     0.1594          —          —          —     0.0002     0.0002 |   0.1599   0.028
  18    8     0.0003          —     0.1342          —          —          —     0.0004     0.0001 |   0.1352   0.031
  19    5     0.0002          —     0.1503          —          —          —     0.0001     0.0001 |   0.1508   0.029
  20    0     0.0002          —     0.1433          —          —          —     0.0001     0.0001 |   0.1438   0.030
  21    4     0.0000          —     0.1505          —          —          —     0.0002     0.0000 |   0.1509   0.028
  22    7     0.0006          —     0.1506          —          —          —     0.0001     0.0000 |   0.1515   0.027
  23    5     0.0007          —     0.1494          —          —          —     0.0000     0.0000 |   0.1502   0.032
  24    2     0.0004          —     0.1341          —          —          —     0.0001     0.0001 |   0.1348   0.033
  25    3     0.0015          —     0.1566          —          —          —     0.0001     0.0002 |   0.1587   0.031
  26    0     0.0000          —     0.1392          —          —          —     0.0002     0.0002 |   0.1399   0.027
  27    9     0.0000          —     0.1444          —          —          —     0.0001     0.0000 |   0.1446   0.037
  28    1     0.0000          —     0.1253          —          —          —     0.0000     0.0000 |   0.1254   0.024
  29    6     0.0006          —     0.1397          —          —          —     0.0000     0.0002 |   0.1405   0.029
  30    8     0.0000          —     0.1215          —          —          —     0.0000     0.0000 |   0.1216   0.025
  31    8     0.0001          —     0.1238          —          —          —     0.0000     0.0001 |   0.1240   0.027
  32    6     0.0000          —     0.1367          —          —          —     0.0000     0.0000 |   0.1368   0.028
  33    5     0.0004          —     0.1369          —          —          —     0.0001     0.0000 |   0.1375   0.028
  34    9     0.0001          —     0.1352          —          —          —     0.0003     0.0001 |   0.1358   0.027
  35    2     0.0004          —     0.1270          —          —          —     0.0001     0.0000 |   0.1276   0.023
  36    1     0.0004          —     0.1184          —          —          —     0.0001     0.0002 |   0.1192   0.026
  37    0     0.0009          —     0.1275          —          —          —     0.0006     0.0002 |   0.1296   0.038
  38    7     0.0003          —     0.1369          —          —          —     0.0003     0.0001 |   0.1378   0.028
  39    3     0.0012          —     0.1462          —          —          —     0.0002     0.0001 |   0.1478   0.029
  40    4     0.0002          —     0.1312          —          —          —     0.0005     0.0001 |   0.1323   0.024
  41    3     0.0005          —     0.1395          —          —          —     0.0003     0.0000 |   0.1405   0.027
  42    0     0.0008          —     0.1266          —          —          —     0.0002     0.0001 |   0.1279   0.029
  43    2     0.0003          —     0.1179          —          —          —     0.0000     0.0001 |   0.1184   0.026
  44    8     0.0004          —     0.1139          —          —          —     0.0002     0.0000 |   0.1145   0.023
  45    5     0.0001          —     0.1240          —          —          —     0.0002     0.0001 |   0.1246   0.023
  46    1     0.0000          —     0.1092          —          —          —     0.0000     0.0001 |   0.1094   0.024
  47    4     0.0000          —     0.1281          —          —          —     0.0001     0.0000 |   0.1283   0.023
  48    9     0.0001          —     0.1197          —          —          —     0.0001     0.0000 |   0.1200   0.023
  49    6     0.0001          —     0.1257          —          —          —     0.0000     0.0000 |   0.1258   0.024
  50    7     0.0000          —     0.1293          —          —          —     0.0003     0.0001 |   0.1299   0.024
  51    6     0.0011          —     0.1232          —          —          —     0.0000     0.0002 |   0.1246   0.023
  52    3     0.0006          —     0.1330          —          —          —     0.0002     0.0001 |   0.1340   0.024
  53    2     0.0001          —     0.1154          —          —          —     0.0000     0.0001 |   0.1156   0.020
  54    7     0.0001          —     0.1214          —          —          —     0.0001     0.0000 |   0.1217   0.020
  55    8     0.0000          —     0.1074          —          —          —     0.0000     0.0000 |   0.1074   0.020
  56    0     0.0000          —     0.1186          —          —          —     0.0003     0.0001 |   0.1192   0.026
  57    1     0.0001          —     0.1061          —          —          —     0.0001     0.0001 |   0.1064   0.019
  58    4     0.0001          —     0.1207          —          —          —     0.0003     0.0000 |   0.1214   0.023
  59    5     0.0000          —     0.1157          —          —          —     0.0000     0.0000 |   0.1158   0.019
  60    9     0.0000          —     0.1117          —          —          —     0.0001     0.0001 |   0.1120   0.019
  61    3     0.0004          —     0.1299          —          —          —     0.0003     0.0001 |   0.1308   0.022
  62    8     0.0002          —     0.1047          —          —          —     0.0004     0.0002 |   0.1059   0.022
  63    0     0.0000          —     0.1110          —          —          —     0.0001     0.0001 |   0.1112   0.021
  64    1     0.0001          —     0.1058          —          —          —     0.0000     0.0001 |   0.1060   0.022
  65    2     0.0004          —     0.1095          —          —          —     0.0001     0.0000 |   0.1101   0.023
  66    6     0.0002          —     0.1175          —          —          —     0.0000     0.0000 |   0.1177   0.023
  67    5     0.0007          —     0.1154          —          —          —     0.0001     0.0001 |   0.1163   0.029
  68    9     0.0000          —     0.1119          —          —          —     0.0001     0.0000 |   0.1121   0.019
  69    4     0.0000          —     0.1154          —          —          —     0.0004     0.0000 |   0.1161   0.020
  70    7     0.0001          —     0.1184          —          —          —     0.0002     0.0002 |   0.1191   0.028
  71    2     0.0002          —     0.1083          —          —          —     0.0001     0.0002 |   0.1089   0.020
  72    7     0.0001          —     0.1225          —          —          —     0.0001     0.0000 |   0.1228   0.021
  73    6     0.0003          —     0.1151          —          —          —     0.0000     0.0001 |   0.1155   0.020
  74    5     0.0000          —     0.1100          —          —          —     0.0001     0.0000 |   0.1101   0.019
  75    8     0.0001          —     0.1005          —          —          —     0.0000     0.0000 |   0.1006   0.017
  76    4     0.0001          —     0.1173          —          —          —     0.0002     0.0000 |   0.1178   0.020
  77    1     0.0006          —     0.1006          —          —          —     0.0000     0.0000 |   0.1012   0.017
  78    0     0.0006          —     0.1103          —          —          —     0.0002     0.0001 |   0.1113   0.023
  79    9     0.0000          —     0.1109          —          —          —     0.0002     0.0001 |   0.1115   0.024
  80    3     0.0001          —     0.1258          —          —          —     0.0003     0.0001 |   0.1265   0.021
  81    7     0.0000          —     0.1155          —          —          —     0.0000     0.0001 |   0.1157   0.029
  82    5     0.0000          —     0.1122          —          —          —     0.0001     0.0001 |   0.1124   0.023
  83    8     0.0000          —     0.1003          —          —          —     0.0001     0.0000 |   0.1006   0.018
  84    4     0.0000          —     0.1124          —          —          —     0.0001     0.0000 |   0.1125   0.017
  85    9     0.0000          —     0.1136          —          —          —     0.0001     0.0000 |   0.1137   0.028
  86    1     0.0003          —     0.0983          —          —          —     0.0000     0.0000 |   0.0987   0.021
  87    0     0.0001          —     0.1088          —          —          —     0.0000     0.0000 |   0.1090   0.019
  88    3     0.0001          —     0.1254          —          —          —     0.0002     0.0001 |   0.1259   0.021
  89    2     0.0000          —     0.1067          —          —          —     0.0000     0.0000 |   0.1067   0.019
  90    6     0.0001          —     0.1129          —          —          —     0.0000     0.0000 |   0.1131   0.022
  91    8     0.0000          —     0.0989          —          —          —     0.0000     0.0000 |   0.0990   0.016
  92    6     0.0001          —     0.1121          —          —          —     0.0000     0.0000 |   0.1122   0.022
  93    3     0.0003          —     0.1234          —          —          —     0.0003     0.0001 |   0.1243   0.023
  94    1     0.0001          —     0.1019          —          —          —     0.0000     0.0000 |   0.1021   0.020
  95    5     0.0002          —     0.1122          —          —          —     0.0000     0.0000 |   0.1124   0.025
  96    7     0.0000          —     0.1143          —          —          —     0.0001     0.0001 |   0.1145   0.020
  97    2     0.0003          —     0.1043          —          —          —     0.0000     0.0000 |   0.1047   0.018
  98    4     0.0001          —     0.1137          —          —          —     0.0003     0.0001 |   0.1143   0.022
  99    9     0.0002          —     0.1101          —          —          —     0.0000     0.0000 |   0.1103   0.027
 100    0     0.0002          —     0.1080          —          —          —     0.0001     0.0000 |   0.1083   0.020
   1    1     0.0001          —     0.1162          —          —          —     0.0000     0.0000 |   0.1163   0.018
   2    0     0.0001          —     0.1169          —          —          —     0.0000     0.0000 |   0.1170   0.018
   3    8     0.0000          —     0.1096          —          —          —     0.0000     0.0000 |   0.1096   0.016
   4    3     0.0000          —     0.1193          —          —          —     0.0000     0.0000 |   0.1193   0.019
   5    2     0.0000          —     0.1108          —          —          —     0.0000     0.0000 |   0.1108   0.017
   6    7     0.0001          —     0.1393          —          —          —     0.0002     0.0001 |   0.1399   0.098
   7    4     0.0002          —     0.1217          —          —          —     0.0000     0.0000 |   0.1219   0.019
   8    5     0.0002          —     0.1210          —          —          —     0.0000     0.0000 |   0.1212   0.018
   9    9     0.0000          —     0.1162          —          —          —     0.0000     0.0000 |   0.1162   0.020
  10    6     0.0000          —     0.1185          —          —          —     0.0000     0.0000 |   0.1185   0.017
  11    1     0.0000          —     0.1204          —          —          —     0.0000     0.0000 |   0.1205   0.021
  12    8     0.0000          —     0.1166          —          —          —     0.0000     0.0000 |   0.1167   0.020
  13    0     0.0001          —     0.1217          —          —          —     0.0000     0.0000 |   0.1219   0.021
  14    2     0.0000          —     0.1119          —          —          —     0.0000     0.0000 |   0.1120   0.018
  15    6     0.0000          —     0.1218          —          —          —     0.0000     0.0000 |   0.1218   0.029
  16    3     0.0000          —     0.1203          —          —          —     0.0000     0.0000 |   0.1203   0.022
  17    9     0.0000          —     0.1189          —          —          —     0.0001     0.0000 |   0.1190   0.021
  18    4     0.0001          —     0.1169          —          —          —     0.0000     0.0000 |   0.1170   0.021
  19    5     0.0001          —     0.1155          —          —          —     0.0000     0.0000 |   0.1156   0.021
  20    7     0.0000          —     0.1351          —          —          —     0.0006     0.0001 |   0.1362   0.110
  21    5     0.0001          —     0.1150          —          —          —     0.0001     0.0000 |   0.1153   0.024
  22    8     0.0000          —     0.1083          —          —          —     0.0000     0.0000 |   0.1083   0.021
  23    6     0.0000          —     0.1181          —          —          —     0.0000     0.0000 |   0.1182   0.023
  24    7     0.0001          —     0.1217          —          —          —     0.0001     0.0000 |   0.1219   0.039
  25    2     0.0000          —     0.1086          —          —          —     0.0000     0.0000 |   0.1086   0.022
  26    4     0.0000          —     0.1119          —          —          —     0.0000     0.0000 |   0.1120   0.023
  27    9     0.0000          —     0.1117          —          —          —     0.0000     0.0000 |   0.1117   0.023
  28    0     0.0001          —     0.1094          —          —          —     0.0000     0.0000 |   0.1096   0.023
  29    1     0.0000          —     0.1114          —          —          —     0.0000     0.0000 |   0.1115   0.024
  30    3     0.0000          —     0.1037          —          —          —     0.0000     0.0000 |   0.1037   0.023
  31    2     0.0000          —     0.0994          —          —          —     0.0000     0.0000 |   0.0994   0.020
  32    3     0.0000          —     0.1049          —          —          —     0.0001     0.0000 |   0.1050   0.022
  33    8     0.0000          —     0.0994          —          —          —     0.0000     0.0000 |   0.0994   0.020
  34    0     0.0001          —     0.1053          —          —          —     0.0000     0.0000 |   0.1055   0.024
  35    5     0.0000          —     0.1038          —          —          —     0.0000     0.0000 |   0.1039   0.021
  36    4     0.0002          —     0.1033          —          —          —     0.0000     0.0000 |   0.1035   0.022
  37    1     0.0000          —     0.1055          —          —          —     0.0000     0.0000 |   0.1055   0.023
  38    7     0.0001          —     0.1059          —          —          —     0.0000     0.0000 |   0.1060   0.023
  39    9     0.0000          —     0.1052          —          —          —     0.0000     0.0000 |   0.1052   0.024
  40    6     0.0000          —     0.1041          —          —          —     0.0000     0.0000 |   0.1041   0.023
  41    1     0.0000          —     0.1022          —          —          —     0.0000     0.0000 |   0.1022   0.022
  42    8     0.0000          —     0.0940          —          —          —     0.0000     0.0000 |   0.0940   0.021
  43    9     0.0000          —     0.1009          —          —          —     0.0000     0.0000 |   0.1010   0.022
  44    4     0.0000          —     0.0995          —          —          —     0.0000     0.0000 |   0.0995   0.022
  45    2     0.0000          —     0.0964          —          —          —     0.0000     0.0000 |   0.0964   0.020
  46    6     0.0000          —     0.0962          —          —          —     0.0000     0.0000 |   0.0962   0.021
  47    3     0.0000          —     0.0958          —          —          —     0.0000     0.0000 |   0.0959   0.021
  48    5     0.0000          —     0.0924          —          —          —     0.0000     0.0000 |   0.0924   0.019
  49    0     0.0000          —     0.0927          —          —          —     0.0000     0.0000 |   0.0927   0.020
  50    7     0.0001          —     0.1002          —          —          —     0.0000     0.0000 |   0.1003   0.035
  51    3     0.0000          —     0.0905          —          —          —     0.0000     0.0000 |   0.0906   0.019
  52    0     0.0000          —     0.0943          —          —          —     0.0000     0.0000 |   0.0943   0.021
  53    8     0.0000          —     0.0907          —          —          —     0.0000     0.0000 |   0.0908   0.019
  54    6     0.0000          —     0.0923          —          —          —     0.0000     0.0000 |   0.0924   0.021
  55    5     0.0000          —     0.0886          —          —          —     0.0000     0.0000 |   0.0886   0.018
  56    9     0.0000          —     0.0923          —          —          —     0.0000     0.0000 |   0.0924   0.020
  57    4     0.0001          —     0.0936          —          —          —     0.0000     0.0000 |   0.0937   0.019
  58    1     0.0000          —     0.0902          —          —          —     0.0000     0.0000 |   0.0902   0.018
  59    2     0.0000          —     0.0866          —          —          —     0.0000     0.0000 |   0.0867   0.016
  60    7     0.0000          —     0.0933          —          —          —     0.0000     0.0000 |   0.0933   0.019
  61    3     0.0000          —     0.0865          —          —          —     0.0000     0.0000 |   0.0865   0.018
  62    1     0.0000          —     0.0851          —          —          —     0.0000     0.0000 |   0.0851   0.017
  63    6     0.0000          —     0.0880          —          —          —     0.0000     0.0000 |   0.0881   0.017
  64    5     0.0000          —     0.0867          —          —          —     0.0000     0.0000 |   0.0867   0.018
  65    2     0.0000          —     0.0847          —          —          —     0.0000     0.0000 |   0.0847   0.015
  66    7     0.0000          —     0.0922          —          —          —     0.0000     0.0000 |   0.0923   0.022
  67    0     0.0000          —     0.0881          —          —          —     0.0000     0.0000 |   0.0881   0.017
  68    4     0.0001          —     0.0892          —          —          —     0.0000     0.0000 |   0.0893   0.021
  69    8     0.0000          —     0.0836          —          —          —     0.0000     0.0000 |   0.0836   0.017
  70    9     0.0000          —     0.0850          —          —          —     0.0000     0.0000 |   0.0850   0.017
  71    7     0.0000          —     0.0889          —          —          —     0.0000     0.0000 |   0.0890   0.020
  72    9     0.0000          —     0.0842          —          —          —     0.0000     0.0000 |   0.0843   0.017
  73    6     0.0001          —     0.0877          —          —          —     0.0000     0.0000 |   0.0878   0.017
  74    2     0.0000          —     0.0804          —          —          —     0.0000     0.0000 |   0.0805   0.016
  75    3     0.0000          —     0.0850          —          —          —     0.0000     0.0000 |   0.0851   0.017
  76    0     0.0000          —     0.0845          —          —          —     0.0000     0.0000 |   0.0845   0.016
  77    8     0.0000          —     0.0800          —          —          —     0.0000     0.0000 |   0.0800   0.015
  78    1     0.0000          —     0.0859          —          —          —     0.0000     0.0000 |   0.0859   0.018
  79    4     0.0001          —     0.0862          —          —          —     0.0000     0.0000 |   0.0863   0.018
  80    5     0.0000          —     0.0850          —          —          —     0.0000     0.0000 |   0.0850   0.016
  81    6     0.0000          —     0.0865          —          —          —     0.0000     0.0000 |   0.0866   0.017
  82    9     0.0000          —     0.0833          —          —          —     0.0000     0.0000 |   0.0834   0.017
  83    4     0.0001          —     0.0858          —          —          —     0.0000     0.0000 |   0.0859   0.018
  84    8     0.0000          —     0.0817          —          —          —     0.0000     0.0000 |   0.0817   0.016
  85    5     0.0000          —     0.0839          —          —          —     0.0000     0.0000 |   0.0839   0.016
  86    2     0.0000          —     0.0812          —          —          —     0.0000     0.0000 |   0.0813   0.015
  87    1     0.0000          —     0.0850          —          —          —     0.0000     0.0000 |   0.0850   0.017
  88    0     0.0001          —     0.0825          —          —          —     0.0000     0.0000 |   0.0825   0.015
  89    7     0.0000          —     0.0905          —          —          —     0.0000     0.0000 |   0.0905   0.020
  90    3     0.0000          —     0.0836          —          —          —     0.0000     0.0000 |   0.0837   0.017
  91    2     0.0000          —     0.0801          —          —          —     0.0000     0.0000 |   0.0801   0.015
  92    0     0.0000          —     0.0831          —          —          —     0.0000     0.0000 |   0.0832   0.017
  93    9     0.0000          —     0.0840          —          —          —     0.0000     0.0000 |   0.0841   0.016
  94    4     0.0001          —     0.0861          —          —          —     0.0000     0.0000 |   0.0862   0.017
  95    1     0.0000          —     0.0828          —          —          —     0.0000     0.0000 |   0.0829   0.015
  96    3     0.0000          —     0.0822          —          —          —     0.0000     0.0000 |   0.0822   0.016
  97    6     0.0000          —     0.0868          —          —          —     0.0000     0.0000 |   0.0868   0.018
  98    7     0.0000          —     0.0908          —          —          —     0.0000     0.0000 |   0.0908   0.039
  99    5     0.0000          —     0.0847          —          —          —     0.0000     0.0000 |   0.0847   0.017
 100    8     0.0000          —     0.0797          —          —          —     0.0000     0.0000 |   0.0797   0.015
   1    0     0.0019          —     0.1773          —          —          —     0.0022     0.0023 |   0.1860   0.209
   2    2     0.0141          —     0.1969          —          —          —     0.0090     0.0119 |   0.2423   0.433
   3    3     0.0075          —     0.1397          —          —          —     0.0387     0.0097 |   0.2198   1.955
   4    8     0.0000          —     0.1301          —          —          —     0.0000     0.0000 |   0.1302   0.032
   5    9     0.0013          —     0.1426          —          —          —     0.0001     0.0000 |   0.1441   0.050
   6    7     0.0173          —     0.1642          —          —          —     0.0169     0.0065 |   0.2166   0.789
   7    4     0.0260          —     0.1470          —          —          —     0.0528     0.0261 |   0.2912   0.858
   8    5     0.0044          —     0.1659          —          —          —     0.0594     0.0353 |   0.3123   0.194
   9    1     0.0150          —     0.1442          —          —          —     0.0025     0.0034 |   0.1681   0.520
  10    6     0.0136          —     0.1398          —          —          —     0.0039     0.0043 |   0.1657   0.342
  11    6     0.0107          —     0.1402          —          —          —     0.0023     0.0035 |   0.1596   0.132
  12    3     0.0220          —     0.1449          —          —          —     0.0585     0.0211 |   0.2863   0.533
  13    8     0.0000          —     0.1297          —          —          —     0.0002     0.0001 |   0.1301   0.020
  14    7     0.0001          —     0.1729          —          —          —     0.0011     0.0003 |   0.1750   0.202
  15    2     0.1023          —     0.2194          —          —          —     0.0198     0.0434 |   0.4165   2.640
  16    1     0.0046          —     0.1437          —          —          —     0.0012     0.0018 |   0.1528   0.240
  17    9     0.0017          —     0.1469          —          —          —     0.0001     0.0000 |   0.1489   0.040
  18    0     0.0002          —     0.1761          —          —          —     0.0014     0.0006 |   0.1792   0.079
  19    5     0.0069          —     0.1598          —          —          —     0.0622     0.0413 |   0.3219   0.148
  20    4     0.0058          —     0.1441          —          —          —     0.0261     0.0135 |   0.2093   0.447
  21    3     0.0304          —     0.1397          —          —          —     0.0611     0.0254 |   0.2999   0.633
  22    0     0.0005          —     0.1755          —          —          —     0.0005     0.0002 |   0.1771   0.053
  23    5     0.0033          —     0.1590          —          —          —     0.0560     0.0355 |   0.2996   0.225
  24    1     0.0003          —     0.1357          —          —          —     0.0001     0.0000 |   0.1361   0.032
  25    2     0.0020          —     0.1814          —          —          —     0.0009     0.0004 |   0.1854   0.112
  26    4     0.0068          —     0.1476          —          —          —     0.0223     0.0109 |   0.2043   0.426
  27    8     0.0000          —     0.1259          —          —          —     0.0000     0.0001 |   0.1261   0.030
  28    7     0.0344          —     0.1703          —          —          —     0.0314     0.0190 |   0.2802   1.659
  29    6     0.0193          —     0.1358          —          —          —     0.0031     0.0059 |   0.1686   0.592
  30    9     0.0018          —     0.1413          —          —          —     0.0001     0.0001 |   0.1434   0.049
  31    4     0.0057          —     0.1456          —          —          —     0.0242     0.0118 |   0.2052   0.521
  32    8     0.0001          —     0.1275          —          —          —     0.0000     0.0000 |   0.1276   0.024
  33    2     0.0001          —     0.1884          —          —          —     0.0021     0.0016 |   0.1940   0.262
  34    7     0.0134          —     0.1829          —          —          —     0.0841     0.0479 |   0.3944   0.503
  35    0     0.0089          —     0.1934          —          —          —     0.0527     0.0167 |   0.3064   2.061
  36    1     0.0040          —     0.1449          —          —          —     0.0008     0.0011 |   0.1518   0.071
  37    9     0.0019          —     0.1393          —          —          —     0.0000     0.0000 |   0.1412   0.034
  38    6     0.0099          —     0.1354          —          —          —     0.0022     0.0039 |   0.1544   0.455
  39    3     0.0020          —     0.1442          —          —          —     0.0272     0.0055 |   0.1953   0.395
  40    5     0.0000          —     0.1570          —          —          —     0.0237     0.0106 |   0.2086   0.484
  41    0     0.0003          —     0.1767          —          —          —     0.0011     0.0005 |   0.1794   0.070
  42    1     0.0001          —     0.1384          —          —          —     0.0001     0.0001 |   0.1387   0.031
  43    6     0.0247          —     0.1358          —          —          —     0.0043     0.0069 |   0.1774   0.284
  44    7     0.0487          —     0.1655          —          —          —     0.0408     0.0279 |   0.3172   0.996
  45    2     0.0561          —     0.1989          —          —          —     0.0111     0.0197 |   0.3012   2.260
  46    5     0.0078          —     0.1629          —          —          —     0.0605     0.0366 |   0.3164   0.232
  47    3     0.0029          —     0.1366          —          —          —     0.0236     0.0049 |   0.1822   0.420
  48    8     0.0000          —     0.1243          —          —          —     0.0000     0.0000 |   0.1243   0.025
  49    4     0.0071          —     0.1408          —          —          —     0.0273     0.0136 |   0.2092   0.452
  50    9     0.0018          —     0.1387          —          —          —     0.0001     0.0001 |   0.1408   0.033
  51    3     0.0002          —     0.1357          —          —          —     0.0025     0.0004 |   0.1402   0.279
  52    4     0.0000          —     0.1421          —          —          —     0.0015     0.0018 |   0.1471   0.152
  53    5     0.0096          —     0.1561          —          —          —     0.0653     0.0406 |   0.3246   0.110
  54    6     0.0001          —     0.1357          —          —          —     0.0002     0.0001 |   0.1361   0.027
  55    8     0.0000          —     0.1231          —          —          —     0.0000     0.0000 |   0.1232   0.026
  56    0     0.0083          —     0.1722          —          —          —     0.0046     0.0052 |   0.1951   0.453
  57    7     0.0024          —     0.1587          —          —          —     0.0022     0.0009 |   0.1656   0.163
  58    2     0.0000          —     0.1880          —          —          —     0.0021     0.0020 |   0.1943   0.180
  59    9     0.0006          —     0.1368          —          —          —     0.0001     0.0000 |   0.1375   0.047
  60    1     0.0327          —     0.1363          —          —          —     0.0113     0.0126 |   0.2047   0.517
  61    7     0.0001          —     0.1532          —          —          —     0.0010     0.0007 |   0.1558   0.175
  62    9     0.0009          —     0.1379          —          —          —     0.0001     0.0001 |   0.1391   0.033
  63    3     0.0017          —     0.1373          —          —          —     0.0199     0.0038 |   0.1745   0.390
  64    4     0.0023          —     0.1416          —          —          —     0.0081     0.0054 |   0.1641   0.552
  65    8     0.0004          —     0.1276          —          —          —     0.0000     0.0000 |   0.1280   0.058
  66    0     0.0571          —     0.1833          —          —          —     0.0848     0.0333 |   0.4177   0.906
  67    1     0.0166          —     0.1450          —          —          —     0.0070     0.0082 |   0.1844   0.682
  68    5     0.0000          —     0.1525          —          —          —     0.0367     0.0188 |   0.2358   2.801
  69    2     0.0001          —     0.1848          —          —          —     0.0002     0.0003 |   0.1856   0.105
  70    6     0.0000          —     0.1313          —          —          —     0.0004     0.0001 |   0.1322   0.030
  71    3     0.0040          —     0.1371          —          —          —     0.0357     0.0083 |   0.2072   0.393
  72    5     0.0019          —     0.1590          —          —          —     0.0612     0.0401 |   0.3129   0.214
  73    8     0.0000          —     0.1237          —          —          —     0.0001     0.0000 |   0.1238   0.026
  74    2     0.0077          —     0.1774          —          —          —     0.0020     0.0014 |   0.1902   0.336
  75    1     0.0002          —     0.1355          —          —          —     0.0000     0.0000 |   0.1357   0.041
  76    6     0.0041          —     0.1333          —          —          —     0.0003     0.0004 |   0.1385   0.151
  77    4     0.0007          —     0.1402          —          —          —     0.0039     0.0023 |   0.1502   0.388
  78    0     0.0589          —     0.1870          —          —          —     0.0786     0.0240 |   0.3997   1.391
  79    7     0.0237          —     0.1699          —          —          —     0.0536     0.0338 |   0.3247   0.722
  80    9     0.0005          —     0.1379          —          —          —     0.0001     0.0001 |   0.1387   0.035
  81    7     0.0003          —     0.1503          —          —          —     0.0006     0.0005 |   0.1523   0.069
  82    8     0.0002          —     0.1278          —          —          —     0.0000     0.0000 |   0.1280   0.054
  83    3     0.0010          —     0.1372          —          —          —     0.0127     0.0020 |   0.1603   0.771
  84    1     0.0000          —     0.1380          —          —          —     0.0001     0.0001 |   0.1382   0.036
  85    9     0.0012          —     0.1377          —          —          —     0.0001     0.0000 |   0.1391   0.039
  86    0     0.0043          —     0.1662          —          —          —     0.0009     0.0007 |   0.1728   0.085
  87    6     0.0346          —     0.1385          —          —          —     0.0075     0.0099 |   0.1992   0.742
  88    2     0.0003          —     0.1887          —          —          —     0.0019     0.0020 |   0.1948   0.317
  89    5     0.0002          —     0.1639          —          —          —     0.0015     0.0009 |   0.1676   0.179
  90    4     0.0013          —     0.1465          —          —          —     0.0055     0.0045 |   0.1628   0.406
  91    6     0.0001          —     0.1303          —          —          —     0.0001     0.0001 |   0.1307   0.026
  92    0     0.0116          —     0.1780          —          —          —     0.0338     0.0102 |   0.2556   1.047
  93    7     0.0131          —     0.1595          —          —          —     0.0076     0.0024 |   0.1876   0.923
  94    9     0.0009          —     0.1381          —          —          —     0.0001     0.0001 |   0.1393   0.031
  95    5     0.0000          —     0.1551          —          —          —     0.0009     0.0004 |   0.1571   0.181
  96    8     0.0000          —     0.1225          —          —          —     0.0000     0.0000 |   0.1227   0.028
  97    4     0.0042          —     0.1469          —          —          —     0.0215     0.0109 |   0.1998   0.724
  98    3     0.0002          —     0.1369          —          —          —     0.0058     0.0009 |   0.1472   0.635
  99    2     0.0057          —     0.1961          —          —          —     0.0007     0.0013 |   0.2048   0.517
 100    1     0.0029          —     0.1323          —          —          —     0.0007     0.0010 |   0.1377   0.112
   1    5     0.0005          —     0.1408          —          —          —     0.0001     0.0000 |   0.1414   0.025
   2    0     0.0006          —     0.1336          —          —          —     0.0001     0.0000 |   0.1343   0.025
   3    6     0.0017          —     0.1432          —          —          —     0.0000     0.0000 |   0.1449   0.026
   4    1     0.0010          —     0.1546          —          —          —     0.0001     0.0000 |   0.1558   0.036
   5    7     0.0005          —     0.1336          —          —          —     0.0001     0.0000 |   0.1343   0.023
   6    3     0.0009          —     0.1366          —          —          —     0.0000     0.0000 |   0.1375   0.023
   7    2     0.0007          —     0.1443          —          —          —     0.0001     0.0000 |   0.1451   0.035
   8    8     0.0005          —     0.1445          —          —          —     0.0001     0.0000 |   0.1451   0.027
   9    4     0.0012          —     0.1350          —          —          —     0.0000     0.0000 |   0.1362   0.030
  10    9     0.0007          —     0.1448          —          —          —     0.0001     0.0000 |   0.1457   0.027
  11    6     0.0011          —     0.1457          —          —          —     0.0000     0.0000 |   0.1469   0.041
  12    0     0.0005          —     0.1330          —          —          —     0.0000     0.0000 |   0.1336   0.027
  13    8     0.0003          —     0.1457          —          —          —     0.0001     0.0000 |   0.1461   0.029
  14    7     0.0010          —     0.1331          —          —          —     0.0001     0.0000 |   0.1343   0.028
  15    9     0.0005          —     0.1426          —          —          —     0.0001     0.0000 |   0.1432   0.027
  16    5     0.0004          —     0.1367          —          —          —     0.0000     0.0000 |   0.1373   0.027
  17    4     0.0007          —     0.1306          —          —          —     0.0000     0.0000 |   0.1314   0.026
  18    2     0.0009          —     0.1420          —          —          —     0.0000     0.0000 |   0.1430   0.039
  19    1     0.0009          —     0.1432          —          —          —     0.0000     0.0000 |   0.1440   0.035
  20    3     0.0007          —     0.1333          —          —          —     0.0000     0.0000 |   0.1340   0.026
  21    0     0.0007          —     0.1314          —          —          —     0.0001     0.0000 |   0.1323   0.032
  22    5     0.0000          —     0.1325          —          —          —     0.0001     0.0000 |   0.1326   0.027
  23    7     0.0007          —     0.1255          —          —          —     0.0001     0.0000 |   0.1264   0.025
  24    2     0.0009          —     0.1339          —          —          —     0.0000     0.0000 |   0.1349   0.031
  25    3     0.0007          —     0.1279          —          —          —     0.0000     0.0000 |   0.1287   0.026
  26    9     0.0004          —     0.1327          —          —          —     0.0000     0.0000 |   0.1332   0.031
  27    1     0.0007          —     0.1349          —          —          —     0.0000     0.0000 |   0.1356   0.029
  28    8     0.0002          —     0.1347          —          —          —     0.0000     0.0000 |   0.1349   0.027
  29    6     0.0008          —     0.1301          —          —          —     0.0001     0.0000 |   0.1310   0.025
  30    4     0.0007          —     0.1172          —          —          —     0.0000     0.0000 |   0.1179   0.024
  31    2     0.0005          —     0.1257          —          —          —     0.0001     0.0000 |   0.1263   0.027
  32    4     0.0011          —     0.1136          —          —          —     0.0001     0.0000 |   0.1148   0.025
  33    5     0.0003          —     0.1246          —          —          —     0.0001     0.0000 |   0.1250   0.027
  34    0     0.0004          —     0.1141          —          —          —     0.0001     0.0000 |   0.1147   0.026
  35    9     0.0002          —     0.1261          —          —          —     0.0001     0.0000 |   0.1264   0.024
  36    7     0.0002          —     0.1168          —          —          —     0.0000     0.0000 |   0.1170   0.024
  37    3     0.0002          —     0.1198          —          —          —     0.0000     0.0000 |   0.1201   0.024
  38    1     0.0001          —     0.1260          —          —          —     0.0000     0.0000 |   0.1262   0.029
  39    8     0.0001          —     0.1250          —          —          —     0.0000     0.0000 |   0.1252   0.027
  40    6     0.0001          —     0.1176          —          —          —     0.0000     0.0000 |   0.1178   0.031
  41    4     0.0006          —     0.1081          —          —          —     0.0000     0.0000 |   0.1087   0.034
  42    6     0.0001          —     0.1174          —          —          —     0.0000     0.0000 |   0.1176   0.021
  43    9     0.0000          —     0.1177          —          —          —     0.0001     0.0000 |   0.1179   0.022
  44    2     0.0001          —     0.1144          —          —          —     0.0000     0.0000 |   0.1145   0.019
  45    3     0.0000          —     0.1126          —          —          —     0.0000     0.0000 |   0.1126   0.020
  46    5     0.0000          —     0.1121          —          —          —     0.0000     0.0000 |   0.1122   0.020
  47    7     0.0000          —     0.1066          —          —          —     0.0000     0.0000 |   0.1067   0.019
  48    1     0.0000          —     0.1137          —          —          —     0.0001     0.0000 |   0.1138   0.033
  49    8     0.0001          —     0.1167          —          —          —     0.0000     0.0000 |   0.1168   0.026
  50    0     0.0001          —     0.1072          —          —          —     0.0000     0.0000 |   0.1074   0.027
  51    8     0.0000          —     0.1150          —          —          —     0.0000     0.0000 |   0.1150   0.022
  52    6     0.0001          —     0.1088          —          —          —     0.0001     0.0001 |   0.1092   0.022
  53    2     0.0001          —     0.1099          —          —          —     0.0000     0.0000 |   0.1101   0.019
  54    3     0.0000          —     0.1098          —          —          —     0.0000     0.0000 |   0.1099   0.022
  55    1     0.0000          —     0.1129          —          —          —     0.0000     0.0000 |   0.1130   0.024
  56    5     0.0000          —     0.1045          —          —          —     0.0000     0.0000 |   0.1046   0.022
  57    9     0.0000          —     0.1116          —          —          —     0.0000     0.0000 |   0.1117   0.017
  58    0     0.0001          —     0.0993          —          —          —     0.0001     0.0000 |   0.0996   0.021
  59    4     0.0003          —     0.1012          —          —          —     0.0000     0.0000 |   0.1015   0.020
  60    7     0.0000          —     0.1003          —          —          —     0.0000     0.0000 |   0.1004   0.017
  61    8     0.0000          —     0.1135          —          —          —     0.0000     0.0000 |   0.1136   0.026
  62    1     0.0001          —     0.1133          —          —          —     0.0000     0.0000 |   0.1134   0.031
  63    5     0.0000          —     0.1044          —          —          —     0.0001     0.0000 |   0.1045   0.031
  64    9     0.0000          —     0.1056          —          —          —     0.0000     0.0000 |   0.1057   0.016
  65    0     0.0001          —     0.1003          —          —          —     0.0001     0.0000 |   0.1005   0.030
  66    6     0.0000          —     0.1091          —          —          —     0.0000     0.0000 |   0.1091   0.018
  67    2     0.0000          —     0.1047          —          —          —     0.0000     0.0000 |   0.1048   0.017
  68    3     0.0000          —     0.1016          —          —          —     0.0000     0.0000 |   0.1016   0.019
  69    7     0.0000          —     0.0959          —          —          —     0.0000     0.0000 |   0.0960   0.016
  70    4     0.0002          —     0.0989          —          —          —     0.0000     0.0000 |   0.0991   0.017
  71    8     0.0001          —     0.1096          —          —          —     0.0000     0.0000 |   0.1097   0.019
  72    0     0.0000          —     0.0998          —          —          —     0.0001     0.0000 |   0.1000   0.019
  73    3     0.0000          —     0.1022          —          —          —     0.0000     0.0000 |   0.1023   0.022
  74    4     0.0002          —     0.0967          —          —          —     0.0000     0.0000 |   0.0969   0.019
  75    7     0.0000          —     0.0986          —          —          —     0.0001     0.0000 |   0.0987   0.019
  76    2     0.0000          —     0.1024          —          —          —     0.0000     0.0000 |   0.1025   0.019
  77    5     0.0000          —     0.1010          —          —          —     0.0000     0.0000 |   0.1012   0.021
  78    9     0.0000          —     0.1049          —          —          —     0.0000     0.0000 |   0.1049   0.026
  79    6     0.0000          —     0.1061          —          —          —     0.0000     0.0000 |   0.1062   0.019
  80    1     0.0000          —     0.1110          —          —          —     0.0000     0.0000 |   0.1110   0.041
  81    8     0.0000          —     0.1064          —          —          —     0.0000     0.0000 |   0.1065   0.020
  82    1     0.0000          —     0.1141          —          —          —     0.0001     0.0000 |   0.1142   0.032
  83    9     0.0000          —     0.1011          —          —          —     0.0000     0.0000 |   0.1012   0.018
  84    6     0.0000          —     0.1034          —          —          —     0.0000     0.0000 |   0.1034   0.024
  85    3     0.0000          —     0.1025          —          —          —     0.0000     0.0000 |   0.1025   0.017
  86    7     0.0000          —     0.0961          —          —          —     0.0000     0.0000 |   0.0961   0.016
  87    0     0.0000          —     0.0973          —          —          —     0.0001     0.0000 |   0.0974   0.024
  88    2     0.0000          —     0.1009          —          —          —     0.0001     0.0001 |   0.1011   0.016
  89    4     0.0001          —     0.0931          —          —          —     0.0000     0.0000 |   0.0932   0.015
  90    5     0.0000          —     0.0994          —          —          —     0.0000     0.0000 |   0.0995   0.019
  91    4     0.0002          —     0.0947          —          —          —     0.0000     0.0000 |   0.0949   0.017
  92    9     0.0000          —     0.1041          —          —          —     0.0001     0.0000 |   0.1044   0.018
  93    3     0.0000          —     0.1033          —          —          —     0.0000     0.0000 |   0.1034   0.016
  94    8     0.0000          —     0.1091          —          —          —     0.0000     0.0000 |   0.1091   0.024
  95    2     0.0000          —     0.1042          —          —          —     0.0000     0.0000 |   0.1042   0.019
  96    7     0.0000          —     0.0958          —          —          —     0.0000     0.0000 |   0.0959   0.016
  97    0     0.0000          —     0.0972          —          —          —     0.0000     0.0000 |   0.0973   0.019
  98    1     0.0000          —     0.1071          —          —          —     0.0000     0.0000 |   0.1072   0.031
  99    6     0.0000          —     0.1040          —          —          —     0.0000     0.0000 |   0.1041   0.018
 100    5     0.0000          —     0.1027          —          —          —     0.0000     0.0000 |   0.1028   0.017
